Archivo_Mesa,Ubicacion_Consulado,Cadena_Codigo_QR,Texto_Flujo_Contents,Capas_XObject
E14_PRE_01_220_000_00_00_001_2088.pdf,00,NO_DECODIFICADO,SIN_TEXTO_INTERNO,2
E14_PRE_01_220_000_00_00_002_2088.pdf,00,K0rujer49yfQnFSyYsL2NQqp20hj7GG7HEwhJ5u/z6Y=,SIN_TEXTO_INTERNO,2
E14_PRE_01_220_000_00_00_003_2088.pdf,00,2PC+jxQ9diATzwmhEQ6JahQ/1ocOjzHgRV9XFSASiHU=,SIN_TEXTO_INTERNO,2
E14_PRE_01_220_000_00_00_004_2088.pdf,00,d5X1mvgub4pP79Fv0c7gd+jwu51nF244Oc6pNlTyKw0=,SIN_TEXTO_INTERNO,2
E14_PRE_01_220_000_00_00_005_2088.pdf,00,wGo8lXljOA9JSu0anQfDljCQTE/+9kDEw69NzKr/QcU=,SIN_TEXTO_INTERNO,2
E14_PRE_01_220_000_00_00_006_2088.pdf,00,HtuW6LpNDbRv8/nAPsuQHFm5/rCUhbvlq3J2QMLUQR0=,SIN_TEXTO_INTERNO,2
E14_PRE_01_220_000_00_00_007_2088.pdf,00,xoNQQfnQD8qTzK7+wvVi3NNqzyLyAoV0Q1oMM7Hi1WM=,SIN_TEXTO_INTERNO,2
E14_PRE_01_220_000_00_00_008_2088.pdf,00,91k+S5U+SXVjvKRjb90kq2IBntFKXoDiSgRFlaiXG5E=,SIN_TEXTO_INTERNO,2
E14_PRE_01_220_000_00_00_009_2088.pdf,00,WEd3Rr5/O6XgQZyrS+2TQGTbz8XbtTNIbzKkQBsufPw=,SIN_TEXTO_INTERNO,2
E14_PRE_01_220_000_00_00_010_2088.pdf,00,ChGfk0F3QT7yhr7n0Zoid3TC85ZZostBGmRrAkWE11U=,SIN_TEXTO_INTERNO,2
E14_PRE_01_220_000_00_00_011_2088.pdf,00,pgB3NL5Tf/Fz/Yk2xGWmGnQYmacLffS9EXKKGpnz86Q=,SIN_TEXTO_INTERNO,2
E14_PRE_01_220_000_00_00_012_2088.pdf,00,NO_DECODIFICADO,SIN_TEXTO_INTERNO,2
E14_PRE_01_220_000_00_00_013_2088.pdf,00,NGURTrL4Du0cbpTuqGQev89xEwse0A3wZ/SB3RLJhMk=,SIN_TEXTO_INTERNO,2
E14_PRE_01_220_000_00_00_014_2088.pdf,00,GS/PUMxdnV+azvp7diYaxz6hAWjXMC3MVQtxGvOBDGM=,SIN_TEXTO_INTERNO,2
E14_PRE_01_220_000_00_00_015_2088.pdf,00,d7UqZ15wvKB1mBUyPiCjFZBDKaumi3OHHtqi2xMFH+M=,SIN_TEXTO_INTERNO,2
E14_PRE_01_220_000_00_00_016_2088.pdf,00,r1rA/BKsURsW6RTn/P0MwF8hkZd2VhjIwwyy7Ugwwmg=,SIN_TEXTO_INTERNO,2
E14_PRE_01_220_000_00_00_017_2088.pdf,00,9ezRM3/2mCUC2oj6UP0MBjUkd+v45TpAaMloDPIkBLA=,SIN_TEXTO_INTERNO,2
E14_PRE_01_220_000_00_00_018_2088.pdf,00,93n/UN1IvOSRwwEyKndugMAmcqIf0X7nYxk/jF5Etl8=,SIN_TEXTO_INTERNO,2
E14_PRE_01_220_000_00_00_019_2088.pdf,00,FIlh8GlBW/qPV2q7fweTp70yThYj+LxI86Vv7LeNNGo=,SIN_TEXTO_INTERNO,2
E14_PRE_01_220_000_00_00_020_2088.pdf,00,iqAcJMq0l5Qfuvc31E3amGH9gyExFeX9k7TcYcVlKoQ=,SIN_TEXTO_INTERNO,2
E14_PRE_01_220_000_00_00_021_2088.pdf,00,V6FvTb+Dg/U6E3dfJtQ3foPr57jNh2Tr4p66SvsfMu0=,SIN_TEXTO_INTERNO,2
E14_PRE_01_220_000_00_00_022_2088.pdf,00,v1ptjgEwo638lRm5BxwB5r1P2Om7M7uJnXoQLgAvesw=,SIN_TEXTO_INTERNO,2
E14_PRE_01_220_000_00_00_023_2088.pdf,00,dWNVTgmkwneMmxy7a3eD/6CDlG64wZbb02QerCcGAfA=,SIN_TEXTO_INTERNO,2
E14_PRE_01_220_000_00_00_024_2088.pdf,00,OY9eauBd8QlmanZGBCBEllzICms54f0A6PaSyo274pc=,SIN_TEXTO_INTERNO,2
E14_PRE_01_220_000_00_00_025_2088.pdf,00,NO_DECODIFICADO,SIN_TEXTO_INTERNO,2
E14_PRE_01_220_000_00_00_026_2088.pdf,00,vFkpo2rrzO7N/1tW7NQDzNPXHmnx6dN7iFudT791I3s=,SIN_TEXTO_INTERNO,2
E14_PRE_01_220_000_00_00_027_2088.pdf,00,Pvd1MIy6JA8R5UG//P6PohulF1ru1PAVMB3Uutq4Igc=,SIN_TEXTO_INTERNO,2
E14_PRE_01_220_000_00_00_028_2088.pdf,00,UG8oqShxzhWdFK+f346zILHteLpfPl304yupc0ZsMAY=,SIN_TEXTO_INTERNO,2
E14_PRE_01_220_000_00_00_029_2088.pdf,00,DAFrq2/Wyyt9yRGTf9mNSC3MNWRRGED51MYQPw5UO0g=,SIN_TEXTO_INTERNO,2
E14_PRE_01_220_000_00_00_030_2088.pdf,00,CwtIIR4atZ5rSrhw+JzBp8pqQW4lqzB0GoSozwD8XVc=,SIN_TEXTO_INTERNO,2
E14_PRE_01_220_000_00_00_031_2088.pdf,00,kO+d0GreMWNfNtaDZ+It5hUC4CPrKvHl1c7zi8eEea0=,SIN_TEXTO_INTERNO,2
E14_PRE_01_220_000_00_00_032_2088.pdf,00,/Xk/zcHAWy0mXFMvM3N7mtbanQhf6BJLusa5SpNfht4=,SIN_TEXTO_INTERNO,2
E14_PRE_01_088_001_00_01_001_5153.pdf,01,kthunYTIQv0VBcb99G4IbVHuJrkJMDMLHFDRy/BfhuQ=,SIN_TEXTO_INTERNO,2
E14_PRE_01_088_001_00_01_002_5153.pdf,01,avY/nDwGywh+zIDJq4hETWObGLiH/GwGS1seFIW6nx0=,SIN_TEXTO_INTERNO,2
E14_PRE_01_088_001_00_01_003_5153.pdf,01,vc9cS4BS31yGRAdPJSt2cYnKcuLTeHkw4uBLguR23rQ=,SIN_TEXTO_INTERNO,2
E14_PRE_01_088_001_00_01_004_5153.pdf,01,0MjHPrLereIg/0sdgw7Ey8Has5OgWvkRhyYmmYuN1c8=,SIN_TEXTO_INTERNO,2
E14_PRE_01_088_001_00_01_005_5153.pdf,01,SQEZhSdefgbV4qRfAhlq5WlDDkUY5qnZ05eP5G8gufE=,SIN_TEXTO_INTERNO,2
E14_PRE_01_088_001_00_01_006_5153.pdf,01,xUCX6p0/rJTDqbxA5JZMS4rgtvRHeg5ryQIHfChyWG8=,SIN_TEXTO_INTERNO,2
E14_PRE_01_088_001_00_01_007_5153.pdf,01,Lvn4mYNDHnJYuldCfIz79X8qWb7e99os8v09be9posY=,SIN_TEXTO_INTERNO,2
E14_PRE_01_088_001_00_01_008_5153.pdf,01,rVwpTAqorFT5tnaIMefxG2jOnn7eaK5Xb8K8RhMLwSE=,SIN_TEXTO_INTERNO,2
E14_PRE_01_088_001_00_01_009_5153.pdf,01,0JYLgcQVL4JnxHS6K/OtcO/Ye04Eph0dIUx0iiSweZA=,SIN_TEXTO_INTERNO,2
E14_PRE_01_088_001_00_01_010_5153.pdf,01,LGx+TkE1xMAxs59flIB49GoSbDJ1sHtVQbBn2fCgPIU=,SIN_TEXTO_INTERNO,2
E14_PRE_01_088_001_00_01_011_5153.pdf,01,HmdRj2ZiWrGKmIEuy3caSgUyDCjuEwytJQHj8uBUQMI=,SIN_TEXTO_INTERNO,2
E14_PRE_01_088_001_00_01_012_5153.pdf,01,yYEV0kNG3enyZ4KofgjU3S/VxTGRgt/BU/SfUUURlbw=,SIN_TEXTO_INTERNO,2
E14_PRE_01_088_001_00_01_013_5153.pdf,01,dO5UXs3RILAq23X4Uov4g3vLbWcuahzfFJknTM6xdvo=,SIN_TEXTO_INTERNO,2
E14_PRE_01_088_001_00_01_014_5153.pdf,01,f/aaX5enAhInVBd+/9tYzEmrbulRpFGdKilC7JVgc04=,SIN_TEXTO_INTERNO,2
E14_PRE_01_088_001_00_01_015_5153.pdf,01,DxLmNI0pKp27BVGI/nak6IHOp0ulp4pWnk/0f4aw5FI=,SIN_TEXTO_INTERNO,2
E14_PRE_01_088_001_00_01_016_5153.pdf,01,zoUL6mSKKeykgZrDL6b8d7rCe4CB2HcTypOWECT8Olk=,SIN_TEXTO_INTERNO,2
E14_PRE_01_088_002_00_01_001_5153.pdf,01,NO_DECODIFICADO,SIN_TEXTO_INTERNO,2
E14_PRE_01_088_002_00_01_002_5153.pdf,01,dXNCsELSYI+kdsXGCOSDCJbd/OXXc05JxqfvnRkzOP0=,SIN_TEXTO_INTERNO,2
E14_PRE_01_088_002_00_01_003_5153.pdf,01,NO_DECODIFICADO,SIN_TEXTO_INTERNO,2
E14_PRE_01_088_002_00_01_004_5153.pdf,01,NO_DECODIFICADO,SIN_TEXTO_INTERNO,2
E14_PRE_01_088_002_00_01_005_5153.pdf,01,ec/sxZZNld+Xmi9+pLE1c6t0Ow/FRBzFGLVzujKSBzA=,SIN_TEXTO_INTERNO,2
E14_PRE_01_088_002_00_01_006_5153.pdf,01,wq9w038SXTbDNbM17gY/aKw7VUjLudEDhrw+hWSoVdY=,SIN_TEXTO_INTERNO,2
E14_PRE_01_088_002_00_01_007_5153.pdf,01,NO_DECODIFICADO,SIN_TEXTO_INTERNO,2
E14_PRE_01_088_002_00_01_008_5153.pdf,01,LWnpOxWAtUtLs4m6NXrTGlG//jWnFPnQlYRhVzbP33M=,SIN_TEXTO_INTERNO,2
E14_PRE_01_088_098_00_01_001_5157.pdf,01,bPOocWKTJSDijxgMjVYWVG39DGsItto8q+K9/coFUK4=,SIN_TEXTO_INTERNO,2
E14_PRE_01_088_099_00_01_001_5157.pdf,01,GaaDT56nh5syYucOe/d3aN+5oKoKEOQpbBGSlmSpbnI=,SIN_TEXTO_INTERNO,2
E14_PRE_01_088_099_00_01_002_5157.pdf,01,ix/OEWCIrR5ILVOyk1V7Cm3on/EDAiNCyiHDM0ehGZY=,SIN_TEXTO_INTERNO,2
E14_PRE_01_220_099_00_01_001_2088.pdf,01,MVKK1QcNpo/PcQ+hPTnDifAxyVMTQTiazzyaUoUsye8=,SIN_TEXTO_INTERNO,2
E14_PRE_01_220_099_00_01_002_2088.pdf,01,+zc0tC1pDjUUgdiCXgMckYVSdN0eEezDEIOWz4zKZv8=,SIN_TEXTO_INTERNO,2
E14_PRE_01_001_018_09_02_001_5088.pdf,02,8dYH81An7lWBDlSK5MjTjqDUsczT1Qz087K+GUdnb2Q=,SIN_TEXTO_INTERNO,2
E14_PRE_01_001_018_09_02_002_5088.pdf,02,B1JxeWo4Hu5SYYXtjtUPVpUfWZlArp/pnOzewd1ZHa8=,SIN_TEXTO_INTERNO,2
E14_PRE_01_001_018_09_02_003_5088.pdf,02,NO_DECODIFICADO,SIN_TEXTO_INTERNO,2
E14_PRE_01_001_018_09_02_004_5088.pdf,02,NO_DECODIFICADO,SIN_TEXTO_INTERNO,2
E14_PRE_01_001_018_09_02_005_5088.pdf,02,NO_DECODIFICADO,SIN_TEXTO_INTERNO,2
E14_PRE_01_001_018_09_02_006_5088.pdf,02,LYTijyeDYY1lsX5OPRAhFbkQk0Bvn4dXmN/zN87FAeg=,SIN_TEXTO_INTERNO,2
E14_PRE_01_001_018_09_02_007_5088.pdf,02,TRSGkBDC+87/IZHRXHlynEdpaBEBDaq4cw8VmMJ8sbU=,SIN_TEXTO_INTERNO,2
E14_PRE_01_001_018_09_02_008_5088.pdf,02,JAvUf7TCOa0O71b4vAA/nxBySmmHFvUfTISX9Z27iq8=,SIN_TEXTO_INTERNO,2
E14_PRE_01_001_018_09_02_009_5088.pdf,02,gPbkSVhGM1MsQyCMGMmaF0YNOVQvK4MJ/6bOo1+hH0o=,SIN_TEXTO_INTERNO,2
E14_PRE_01_001_018_09_02_010_5088.pdf,02,NO_DECODIFICADO,SIN_TEXTO_INTERNO,2
E14_PRE_01_001_018_09_02_011_5088.pdf,02,NO_DECODIFICADO,SIN_TEXTO_INTERNO,2
E14_PRE_01_001_018_09_02_012_5088.pdf,02,NO_DECODIFICADO,SIN_TEXTO_INTERNO,2
E14_PRE_01_001_018_09_02_013_5088.pdf,02,KW+cp0tIjma5bM99C54gAdximOGi5ALcjdzSUo8x+Po=,SIN_TEXTO_INTERNO,2
E14_PRE_01_001_018_09_02_014_5088.pdf,02,NO_DECODIFICADO,SIN_TEXTO_INTERNO,2
E14_PRE_01_001_018_09_02_015_5088.pdf,02,NO_DECODIFICADO,SIN_TEXTO_INTERNO,2
E14_PRE_01_001_018_09_02_016_5088.pdf,02,goWFl3pjMBL9qRYoXazGGn+RCjQ/3XC+S1RW2nm+C9k=,SIN_TEXTO_INTERNO,2
E14_PRE_01_001_018_09_02_017_5088.pdf,02,NO_DECODIFICADO,SIN_TEXTO_INTERNO,2
E14_PRE_01_001_018_09_02_018_5088.pdf,02,bECJCn9RKB5MX0kH6bCvFpzNpUom4KDlWodj47QAmlE=,SIN_TEXTO_INTERNO,2
E14_PRE_01_001_018_09_02_019_5088.pdf,02,cll/kJX14k2C4uEpICIPrRgJwwouhTdRdHPwcb5Un2w=,SIN_TEXTO_INTERNO,2
E14_PRE_01_001_018_09_02_020_5088.pdf,02,NO_DECODIFICADO,SIN_TEXTO_INTERNO,2
E14_PRE_01_001_018_09_02_021_5088.pdf,02,NO_DECODIFICADO,SIN_TEXTO_INTERNO,2
E14_PRE_01_001_018_09_02_022_5088.pdf,02,NO_DECODIFICADO,SIN_TEXTO_INTERNO,2
E14_PRE_01_001_018_09_02_023_5088.pdf,02,NO_DECODIFICADO,SIN_TEXTO_INTERNO,2
E14_PRE_01_001_018_09_02_024_5088.pdf,02,NO_DECODIFICADO,SIN_TEXTO_INTERNO,2
E14_PRE_01_001_018_09_02_025_5088.pdf,02,NO_DECODIFICADO,SIN_TEXTO_INTERNO,2
E14_PRE_01_001_018_09_02_026_5088.pdf,02,rnL1WLBna/hkxIqgikmxKp5KNd44Y831GTbzqoGWSL4=,SIN_TEXTO_INTERNO,2
E14_PRE_01_001_018_09_02_027_5088.pdf,02,20qB0Bp2FsL/WZ4V00iflei/9GQj3q4+3a85/AWLXU8=,SIN_TEXTO_INTERNO,2
E14_PRE_01_001_018_09_02_028_5088.pdf,02,J1S0oylb1nMpwC9Yjmxt1xxKZLOd4Zc2jcJWk/khkbY=,SIN_TEXTO_INTERNO,2
E14_PRE_01_001_018_09_02_029_5088.pdf,02,NO_DECODIFICADO,SIN_TEXTO_INTERNO,2
E14_PRE_01_001_018_09_02_030_5088.pdf,02,NO_DECODIFICADO,SIN_TEXTO_INTERNO,2
E14_PRE_01_001_018_09_02_031_5088.pdf,02,hUQ2hzZWcB23oQLaHCNRmW1ErXxWJuaHqv4bG+CnBK8=,SIN_TEXTO_INTERNO,2
E14_PRE_01_001_018_09_02_032_5088.pdf,02,NO_DECODIFICADO,SIN_TEXTO_INTERNO,2
E14_PRE_01_001_018_09_02_033_5088.pdf,02,bwlBLKzvYQac7aFu1iBErOY1en7j9KEIYwWSiDGjFZE=,SIN_TEXTO_INTERNO,2
E14_PRE_01_001_018_09_02_034_5088.pdf,02,Wfys90gyDDX+C9bTAZ6Et0m5nXRptzeVYmTgzz5r7HM=,SIN_TEXTO_INTERNO,2
E14_PRE_01_088_001_00_02_001_5153.pdf,02,NO_DECODIFICADO,SIN_TEXTO_INTERNO,2
E14_PRE_01_088_001_00_02_002_5153.pdf,02,Sq4CeDL4nhLzpBzNORnkC9ZRdux6lXzvBHxYAs4i+4I=,SIN_TEXTO_INTERNO,2
E14_PRE_01_088_001_00_02_003_5153.pdf,02,TVBG9L6hneiPJkaZnHd4fcrBb+IMtIlVDfWml24v4Fs=,SIN_TEXTO_INTERNO,2
E14_PRE_01_088_001_00_02_004_5153.pdf,02,hL9m4u2ymeOsUJdeEu0eKAyZDenANIaxk/D2W3BBtoY=,SIN_TEXTO_INTERNO,2
E14_PRE_01_088_001_00_02_005_5153.pdf,02,UK98ibr5uKwPgUAZVUVvkf8/Dhorg90XdlpsVZVN3zA=,SIN_TEXTO_INTERNO,2
E14_PRE_01_088_001_00_02_006_5153.pdf,02,knXkwPEgpGjhJZ9LIjA7qzlQc1wSpWCtlhtomFrbUsg=,SIN_TEXTO_INTERNO,2
E14_PRE_01_088_001_00_02_007_5153.pdf,02,oB9bJUXxUtna34K8F/0LO4KLsHKt3g//hDyoV9uXrvs=,SIN_TEXTO_INTERNO,2
E14_PRE_01_088_001_00_02_008_5153.pdf,02,e5AddkZJ6sH3E0sZUOeY+d8LlOJxgz3iy4AGyjNoe0Q=,SIN_TEXTO_INTERNO,2
E14_PRE_01_088_001_00_02_009_5153.pdf,02,e/euxYQPc05PygzfzRTuik7UiukBa5dOWrD62YkTdD8=,SIN_TEXTO_INTERNO,2
E14_PRE_01_088_001_00_02_010_5153.pdf,02,qPkYdvIro72q5rExJdlBwUDxFw+WPjKY+9KGLJqw63M=,SIN_TEXTO_INTERNO,2
E14_PRE_01_088_001_00_02_011_5153.pdf,02,dALyDGonNqbjs5hTUIEajPOBen090y0wK/jjEVrW0ts=,SIN_TEXTO_INTERNO,2
E14_PRE_01_088_001_00_02_012_5153.pdf,02,HY2RGFFBVDuaUjwxscfTO8MUz4jlpcXq1SICI5/7Cpg=,SIN_TEXTO_INTERNO,2
E14_PRE_01_088_001_00_02_013_5153.pdf,02,aTdahXnv0C2WVS0i/TUpFAPe91P2/LVzcRz+/GPR/TQ=,SIN_TEXTO_INTERNO,2
E14_PRE_01_088_001_00_02_014_5153.pdf,02,NO_DECODIFICADO,SIN_TEXTO_INTERNO,2
E14_PRE_01_088_002_00_02_001_5155.pdf,02,wbvZL0CLMkwac46Mumq3tyqSMDq24wjLSGD1T3/v18Y=,SIN_TEXTO_INTERNO,2
E14_PRE_01_088_002_00_02_002_5155.pdf,02,NO_DECODIFICADO,SIN_TEXTO_INTERNO,2
E14_PRE_01_088_002_00_02_003_5155.pdf,02,NO_DECODIFICADO,SIN_TEXTO_INTERNO,2
E14_PRE_01_088_002_00_02_004_5155.pdf,02,NO_DECODIFICADO,SIN_TEXTO_INTERNO,2
E14_PRE_01_088_002_00_02_005_5155.pdf,02,Zt7lhWZqeLVhGJpgblICs55N+FbWgUww5mSxN4Y7Ig0=,SIN_TEXTO_INTERNO,2
E14_PRE_01_088_002_00_02_006_5155.pdf,02,NO_DECODIFICADO,SIN_TEXTO_INTERNO,2
E14_PRE_01_088_002_00_02_007_5155.pdf,02,NO_DECODIFICADO,SIN_TEXTO_INTERNO,2
E14_PRE_01_088_002_00_02_008_5155.pdf,02,NO_DECODIFICADO,SIN_TEXTO_INTERNO,2
E14_PRE_01_088_002_00_02_009_5155.pdf,02,0XPNOIYikDcxeiFaMxMBWFqbzDQcZHPYh5cxBSrErGE=,SIN_TEXTO_INTERNO,2
E14_PRE_01_088_002_00_02_010_5155.pdf,02,iFSSl4jZmDmzjN8e2eDjNkK5wAS7s+YCNM8NaYVvKGU=,SIN_TEXTO_INTERNO,2
E14_PRE_01_088_002_00_02_011_5155.pdf,02,NO_DECODIFICADO,SIN_TEXTO_INTERNO,2
E14_PRE_01_088_002_00_02_012_5155.pdf,02,lniYwikfHIN/E18+Og0y27QbEaWoEE/usitJFMMHV/w=,SIN_TEXTO_INTERNO,2
E14_PRE_01_088_002_00_02_013_5155.pdf,02,i3yz2yhBqXd04k7PxgfBy1YM6Eepfm0F4sg+XgcrS00=,SIN_TEXTO_INTERNO,2
E14_PRE_01_088_001_00_03_001_5153.pdf,03,TJ5lsPN7/ZLVvmUhBtbMhy5X/V3lNZhqh2r1KqnamIY=,SIN_TEXTO_INTERNO,2
E14_PRE_01_088_001_00_03_002_5153.pdf,03,Yv4umi7Sl7xB8daneWLJfbXW9qSb9mf1KBdBVUdLtbU=,SIN_TEXTO_INTERNO,2
E14_PRE_01_088_001_00_03_003_5153.pdf,03,AlACShK5PlNZnfCUFklpF0eppeuSqAg5LlOTvqbP4B8=,SIN_TEXTO_INTERNO,2
E14_PRE_01_088_001_00_03_004_5153.pdf,03,B9lAWjdko+/ncvrbR8kHM3GLAB/GbC4sNOPqYzsIrVY=,SIN_TEXTO_INTERNO,2
E14_PRE_01_088_001_00_03_005_5153.pdf,03,otkdLHi9hDGvu+xNVa3ualI1jCOGq8gyGHFBVqGY6zo=,SIN_TEXTO_INTERNO,2
E14_PRE_01_088_001_00_03_006_5153.pdf,03,YJUeLQK9CB5zBLFQF2s6qFSKvJKJ2hYNWpAJPzhvNuA=,SIN_TEXTO_INTERNO,2
E14_PRE_01_088_001_00_03_007_5153.pdf,03,CDcU31yBGcZlEREA+Y7sF9q6RwANwTdE8uK64cUuR6k=,SIN_TEXTO_INTERNO,2
E14_PRE_01_088_001_00_03_008_5153.pdf,03,1Fafv7aSLRGRtuKgK6sxOdZTro/gW5GGgktEZphGbZw=,SIN_TEXTO_INTERNO,2
E14_PRE_01_088_002_00_03_001_5155.pdf,03,Jer2Ym9siqe19PJj/aqzPacRxsfljyW7OKFpMcV+OeA=,SIN_TEXTO_INTERNO,2
E14_PRE_01_088_002_00_03_002_5155.pdf,03,WOTeBakDrVzXCt2Wd8gb24oaRj8IVwQosqxzBSs7D5U=,SIN_TEXTO_INTERNO,2
E14_PRE_01_088_002_00_03_003_5155.pdf,03,8EE6XKx9ANw8+E10FG6TMuxbwOsGVqn6ogvDz61FAvM=,SIN_TEXTO_INTERNO,2
E14_PRE_01_088_002_00_03_004_5155.pdf,03,NO_DECODIFICADO,SIN_TEXTO_INTERNO,2
E14_PRE_01_088_002_00_03_005_5155.pdf,03,NO_DECODIFICADO,SIN_TEXTO_INTERNO,2
E14_PRE_01_088_002_00_03_006_5155.pdf,03,DlXb7clPTzqfFqA8NAaCejzR2OB7VXTt+uKR3QwGzf0=,SIN_TEXTO_INTERNO,2
E14_PRE_01_088_002_00_03_007_5155.pdf,03,Lm71T8N8Pfa2K6VALdhUzIMfdOWO/eAbtpUWTdrqLqs=,SIN_TEXTO_INTERNO,2
E14_PRE_01_088_002_00_03_008_5155.pdf,03,NO_DECODIFICADO,SIN_TEXTO_INTERNO,2
E14_PRE_01_088_002_00_03_009_5155.pdf,03,NO_DECODIFICADO,SIN_TEXTO_INTERNO,2
E14_PRE_01_088_002_00_03_010_5155.pdf,03,y09KDo+X20R8n8xANLDFZESAXYQ3jeYEMHZZWCVDWJ0=,SIN_TEXTO_INTERNO,2
E14_PRE_01_088_002_00_03_011_5155.pdf,03,NO_DECODIFICADO,SIN_TEXTO_INTERNO,2
E14_PRE_01_088_002_00_03_012_5155.pdf,03,NO_DECODIFICADO,SIN_TEXTO_INTERNO,2
E14_PRE_01_088_002_00_03_013_5155.pdf,03,NO_DECODIFICADO,SIN_TEXTO_INTERNO,2
E14_PRE_01_088_002_00_03_014_5155.pdf,03,xB3wi1MYnzW3KKqJ7q1Nx1vTvSbHsXHUDz3SEA3Az7U=,SIN_TEXTO_INTERNO,2
E14_PRE_01_088_002_00_03_015_5155.pdf,03,NO_DECODIFICADO,SIN_TEXTO_INTERNO,2
E14_PRE_01_088_002_00_03_016_5155.pdf,03,jQrrlCdinBzf8LfpnPwGr5wvM2MsrsWe/C6uTNXfzyU=,SIN_TEXTO_INTERNO,2
E14_PRE_01_088_002_00_03_017_5155.pdf,03,3ZKo0qfUzzKICysh6aOVPAQ//9DM4/5Pvgp8nohxQzE=,SIN_TEXTO_INTERNO,2
E14_PRE_01_088_002_00_03_018_5155.pdf,03,NO_DECODIFICADO,SIN_TEXTO_INTERNO,2
E14_PRE_01_088_002_00_03_019_5155.pdf,03,NO_DECODIFICADO,SIN_TEXTO_INTERNO,2
E14_PRE_01_088_002_00_03_020_5155.pdf,03,BBf4eepfIC3a98O+9tkqqPUc+jjyUrE8z/ATVPXpT/o=,SIN_TEXTO_INTERNO,2
E14_PRE_01_088_002_00_03_021_5155.pdf,03,TH2fwNgichdUh1aDr9wwP72ZM05z6Cx4F0Rv1L6sALQ=,SIN_TEXTO_INTERNO,2
E14_PRE_01_088_002_00_03_022_5155.pdf,03,NO_DECODIFICADO,SIN_TEXTO_INTERNO,2
E14_PRE_01_088_002_00_03_023_5155.pdf,03,W7hd9XsEZ5MlUnd61n9QnIynl89n4exynSe4bKXShew=,SIN_TEXTO_INTERNO,2
E14_PRE_01_088_001_00_04_001_5154.pdf,04,ELJFj9YHQl2pxBgWrBjHjTnGpmAlfm7q8jnGpFDJKVE=,SIN_TEXTO_INTERNO,2
E14_PRE_01_088_001_00_04_002_5154.pdf,04,xYJ1oewylctC/pcjed53O/IvuOol51IkwbJ0y8uGuBI=,SIN_TEXTO_INTERNO,2
E14_PRE_01_088_001_00_04_003_5154.pdf,04,iZufFHxCI+ddW04ZtFiGuhUqaAslO0rsX6CVlSS/jQI=,SIN_TEXTO_INTERNO,2
E14_PRE_01_088_001_00_04_004_5154.pdf,04,3bd9lctb6Kg//4AOYWcly0jXu2F8ds3JhdYv1fCdcDw=,SIN_TEXTO_INTERNO,2
E14_PRE_01_088_001_00_04_005_5154.pdf,04,nxwQPNCHQsJWfXSeaCsnRCq96cg4fs7DVfa5CgsZKoI=,SIN_TEXTO_INTERNO,2
E14_PRE_01_088_001_00_04_006_5154.pdf,04,uRAGfF8RkcPCt/DSTykohTkDwWVE62HRpXGgWB+ogdE=,SIN_TEXTO_INTERNO,2
E14_PRE_01_088_001_00_04_007_5154.pdf,04,UwiRJmJZrHNRXjiSYyYzLTt/R28Us/lZAgRrWOrTD8k=,SIN_TEXTO_INTERNO,2
E14_PRE_01_088_001_00_04_008_5154.pdf,04,zsfblcsuGyfBNYs/KIubfwgrD89oCpOSZaxH4vgtMYI=,SIN_TEXTO_INTERNO,2
E14_PRE_01_088_001_00_04_009_5154.pdf,04,3fwUL57rMA6KOzGi+DZ+6OaHq+PKJXw9oMqdOu22gD8=,SIN_TEXTO_INTERNO,2
E14_PRE_01_088_001_00_04_010_5154.pdf,04,5goA/4G8Fs9awCXQtszSfVQJYUZSCstUpKWAWjLiGd4=,SIN_TEXTO_INTERNO,2
E14_PRE_01_088_001_00_04_011_5154.pdf,04,jGStVFJtqJQbUmYf8h99x5Qg5vzOchYrwGLhxycXNJ0=,SIN_TEXTO_INTERNO,2
E14_PRE_01_088_001_00_04_012_5154.pdf,04,bA5Q9YjyeemKeBcqLgH4uXbPrffCSBYsQbvaBOxv7qM=,SIN_TEXTO_INTERNO,2
E14_PRE_01_088_001_00_04_013_5154.pdf,04,diROGBkg5jWaWwXUp7JO6aPlyVTOEhvu1Q9/HpQ/IyM=,SIN_TEXTO_INTERNO,2
E14_PRE_01_088_001_00_04_014_5154.pdf,04,k1ljj67DJTOn1rXAcEgTNE/iwS83hhZM8CmEwqfwLWc=,SIN_TEXTO_INTERNO,2
E14_PRE_01_088_001_00_04_015_5154.pdf,04,A291Csdv9FGLYAm4nSXR2BZTMT+vbmXF/MpC07ZQXwY=,SIN_TEXTO_INTERNO,2
E14_PRE_01_088_001_00_04_016_5154.pdf,04,74JNEjVXQD0/h7rTw28ZwlO3giAhKJAPMC5ZUJMs6g4=,SIN_TEXTO_INTERNO,2
E14_PRE_01_088_001_00_04_017_5154.pdf,04,7iBzFv8Uy32BSHJv+4xLaJ8wCs6bcMlRTwLhKsl7pbM=,SIN_TEXTO_INTERNO,2
E14_PRE_01_088_001_00_04_018_5154.pdf,04,dIb+lM16WZq2vTzfhDkvnqEHkdgqcNL2euLGGiNhCWg=,SIN_TEXTO_INTERNO,2
E14_PRE_01_088_001_00_04_019_5154.pdf,04,j4QV94NXpoqUWoqTpyZI98Z4AHkxGadBMi9TfDhXMq8=,SIN_TEXTO_INTERNO,2
E14_PRE_01_088_001_00_04_020_5154.pdf,04,/RcE1P7tamBs2zwPfoVPbEye4x6o/ojeTRIoiWN32fM=,SIN_TEXTO_INTERNO,2
E14_PRE_01_088_001_00_04_021_5154.pdf,04,wfNFkwGKKELcELVjQ7Ovjqx/q3KC5GvgJ+M0+56dbok=,SIN_TEXTO_INTERNO,2
E14_PRE_01_088_001_00_04_022_5154.pdf,04,gxrUXVYHnb1oO7FiWHUu7xfGFIaZ6sOS443etUWYTwk=,SIN_TEXTO_INTERNO,2
E14_PRE_01_088_001_00_04_023_5154.pdf,04,zrfVPeWTnUVuc0TPEjZZ+H66kHppto4Tp+i2lxQd0mU=,SIN_TEXTO_INTERNO,2
E14_PRE_01_088_002_00_04_001_5156.pdf,04,2H3CRHErWO3VJBPtuzhUActHkWrYd9fK5rUX9kmS6Bg=,SIN_TEXTO_INTERNO,2
E14_PRE_01_088_002_00_04_002_5156.pdf,04,0EndnN8V1I+Zsw6YTsnhYQbd+6/r3dYfqtQH1+QSlls=,SIN_TEXTO_INTERNO,2
E14_PRE_01_088_002_00_04_003_5156.pdf,04,qYVdTqFLOfmddTOv7wzaU3k/5if6F4zK+3fztkCyTAY=,SIN_TEXTO_INTERNO,2
E14_PRE_01_088_002_00_04_004_5156.pdf,04,+YqTRdJ/pz092N4DBWtrZT1qAgygEtvOgxjqWYFYc8o=,SIN_TEXTO_INTERNO,2
E14_PRE_01_088_002_00_04_005_5156.pdf,04,aDwiBzAwhKYMNSHWUkTUfUGX+Jz92YNhDpj8M44akwk=,SIN_TEXTO_INTERNO,2
E14_PRE_01_088_002_00_04_006_5156.pdf,04,oYNYlMq9ItYbLw/qz06YYuN9X5XDimAofprgoie9z2k=,SIN_TEXTO_INTERNO,2
E14_PRE_01_088_002_00_04_007_5156.pdf,04,hC6IRj4xhqdRLAuLVriZM4g1SRfkJes1TIGbAl/SSXc=,SIN_TEXTO_INTERNO,2
E14_PRE_01_088_002_00_04_008_5156.pdf,04,NO_DECODIFICADO,SIN_TEXTO_INTERNO,2
E14_PRE_01_088_002_00_04_009_5156.pdf,04,NO_DECODIFICADO,SIN_TEXTO_INTERNO,2
E14_PRE_01_088_002_00_04_010_5156.pdf,04,NO_DECODIFICADO,SIN_TEXTO_INTERNO,2
E14_PRE_01_088_002_00_04_011_5156.pdf,04,NO_DECODIFICADO,SIN_TEXTO_INTERNO,2
E14_PRE_01_088_002_00_04_012_5156.pdf,04,NO_DECODIFICADO,SIN_TEXTO_INTERNO,2
E14_PRE_01_088_002_00_04_013_5156.pdf,04,NO_DECODIFICADO,SIN_TEXTO_INTERNO,2
E14_PRE_01_088_002_00_04_014_5156.pdf,04,NO_DECODIFICADO,SIN_TEXTO_INTERNO,2
E14_PRE_01_088_002_00_04_015_5156.pdf,04,QT84JwM2MUVZUzV1aGMt0MEzg6bXnBcHhRrZRjiDDHM=,SIN_TEXTO_INTERNO,2
E14_PRE_01_088_002_00_04_016_5156.pdf,04,bV8lGP0uXXGnfz7EvP1cvdov3haKR7DTgBb3AAAh/W4=,SIN_TEXTO_INTERNO,2
E14_PRE_01_088_002_00_04_017_5156.pdf,04,auYS/znn3SxoNqCQ2b9Aj/r+T38bOU1dvLZARIyQhfw=,SIN_TEXTO_INTERNO,2
E14_PRE_01_088_002_00_04_018_5156.pdf,04,rwvttwPrQ5nOPdj4Yxm8IPsBrD5/ToENAZ1O4fxgLCM=,SIN_TEXTO_INTERNO,2
E14_PRE_01_088_002_00_04_019_5156.pdf,04,kXSM2SkRL+I954jLWA3Hd/IVp2pK2LRSImXZo8l8NlI=,SIN_TEXTO_INTERNO,2
E14_PRE_01_088_002_00_04_020_5156.pdf,04,IxkQpiYQxsno2H3pQDgP65lmrCGhm5R6rZWZTZofoA0=,SIN_TEXTO_INTERNO,2
E14_PRE_01_088_002_00_04_021_5156.pdf,04,pbdxIjJNlE7A+yIjiWT/aX6JlUNUZNoIl1ryGmZUJHw=,SIN_TEXTO_INTERNO,2
E14_PRE_01_088_002_00_04_022_5156.pdf,04,E8zVAxSL42KGIItRbNS4QRbPuHvGCkZJrD5GWuS2atw=,SIN_TEXTO_INTERNO,2
E14_PRE_01_001_017_09_05_001_5088.pdf,05,czjSjZHFuS4seGxD0dCYDdwYhAMMPPO+F34zKakmVUo=,SIN_TEXTO_INTERNO,2
E14_PRE_01_001_017_09_05_002_5088.pdf,05,NO_DECODIFICADO,SIN_TEXTO_INTERNO,2
E14_PRE_01_001_017_09_05_003_5088.pdf,05,gdrVMG75fTeTvTtTs2dfNAs6ZrSmq9UafLsGjHUzDo8=,SIN_TEXTO_INTERNO,2
E14_PRE_01_001_017_09_05_004_5088.pdf,05,NO_DECODIFICADO,SIN_TEXTO_INTERNO,2
E14_PRE_01_001_017_09_05_005_5088.pdf,05,gylx7ZB6f3Q7ui7Be1HG9z5Cdar/yy/m0q9hGyH1s2w=,SIN_TEXTO_INTERNO,2
E14_PRE_01_001_017_09_05_006_5088.pdf,05,VrJNwJJmObKZLnRc7Jp8Xw99B8wQ52D0PiyE8OeHfzA=,SIN_TEXTO_INTERNO,2
E14_PRE_01_001_017_09_05_007_5088.pdf,05,NO_DECODIFICADO,SIN_TEXTO_INTERNO,2
E14_PRE_01_001_017_09_05_008_5088.pdf,05,s+TtfM0GfZOwiyxyNwvjPs+SZeMbQeOnZkxotl8xDe4=,SIN_TEXTO_INTERNO,2
E14_PRE_01_001_017_09_05_009_5088.pdf,05,S4zTTrXCfrqS9IILjAZU4zFCnU2wA0cXQSMDEmZJO4o=,SIN_TEXTO_INTERNO,2
E14_PRE_01_001_017_09_05_010_5088.pdf,05,DxMZEFmiN0xJewfd/SSapvTN2/Y8wdQWVsRRIpEzc+8=,SIN_TEXTO_INTERNO,2
E14_PRE_01_001_017_09_05_011_5088.pdf,05,NO_DECODIFICADO,SIN_TEXTO_INTERNO,2
E14_PRE_01_001_017_09_05_012_5088.pdf,05,NO_DECODIFICADO,SIN_TEXTO_INTERNO,2
E14_PRE_01_001_017_09_05_013_5088.pdf,05,NO_DECODIFICADO,SIN_TEXTO_INTERNO,2
E14_PRE_01_001_017_09_05_014_5088.pdf,05,NO_DECODIFICADO,SIN_TEXTO_INTERNO,2
E14_PRE_01_001_017_09_05_015_5088.pdf,05,NO_DECODIFICADO,SIN_TEXTO_INTERNO,2
E14_PRE_01_001_017_09_05_016_5088.pdf,05,NO_DECODIFICADO,SIN_TEXTO_INTERNO,2
E14_PRE_01_001_017_09_05_017_5088.pdf,05,iadUAvXnHbcEj/blzNOj6HtjsCY32nOfZLuv/+5XJAM=,SIN_TEXTO_INTERNO,2
E14_PRE_01_001_017_09_05_018_5088.pdf,05,aoXHb3qZ4RgPBN/62wDH6Ys4ywSkwnFr0284WbSZkrQ=,SIN_TEXTO_INTERNO,2
E14_PRE_01_001_017_09_05_019_5088.pdf,05,NO_DECODIFICADO,SIN_TEXTO_INTERNO,2
E14_PRE_01_001_017_09_05_020_5088.pdf,05,Z2o3HyY9Zak7UfiAFzMX61I38Cqae60FwH7k1JFSqnY=,SIN_TEXTO_INTERNO,2
E14_PRE_01_088_001_00_05_001_5154.pdf,05,1ZXS1iAAYLiwYn+cLAG+Bbm09asvSNwTOmcNdU1XFgA=,SIN_TEXTO_INTERNO,2
E14_PRE_01_088_001_00_05_002_5154.pdf,05,GH+yYJO0LFz++wYuhikSu7ZzA2Ncjl9ptMcaBGyMSzk=,SIN_TEXTO_INTERNO,2
E14_PRE_01_088_001_00_05_003_5154.pdf,05,PbGto8lYrDvhkdMqg0yZ9muh9xZRkKx/kcB3zjHafS4=,SIN_TEXTO_INTERNO,2
E14_PRE_01_088_001_00_05_004_5154.pdf,05,lwZXGp0Xiv4i8cAksahAkWnZ747/RTFY7b3ux+smlm4=,SIN_TEXTO_INTERNO,2
E14_PRE_01_088_002_00_05_001_5157.pdf,05,NO_DECODIFICADO,SIN_TEXTO_INTERNO,2
E14_PRE_01_088_002_00_05_002_5157.pdf,05,LqWe31W+eK2qtt7DwFEPENrNSsV/m5Vp3aOdDw9dVuw=,SIN_TEXTO_INTERNO,2
E14_PRE_01_088_002_00_05_003_5157.pdf,05,BxsdUL4nZIfFeSi/jTMJDayYozW5bJHLFxy+gkNudZw=,SIN_TEXTO_INTERNO,2
E14_PRE_01_088_002_00_05_004_5157.pdf,05,aQKfJ2w/RthCvurXeXah311F0k0ICp0XxofNhzhHn8w=,SIN_TEXTO_INTERNO,2
E14_PRE_01_088_002_00_05_005_5157.pdf,05,NO_DECODIFICADO,SIN_TEXTO_INTERNO,2
E14_PRE_01_088_002_00_05_006_5157.pdf,05,bvrRik5A+ukpjdomkib8nc7/X3ppebOcRk/TdJ5Y9k8=,SIN_TEXTO_INTERNO,2
E14_PRE_01_088_002_00_05_007_5157.pdf,05,NO_DECODIFICADO,SIN_TEXTO_INTERNO,2
E14_PRE_01_088_002_00_05_008_5157.pdf,05,NO_DECODIFICADO,SIN_TEXTO_INTERNO,2
E14_PRE_01_088_002_00_05_009_5157.pdf,05,NO_DECODIFICADO,SIN_TEXTO_INTERNO,2
E14_PRE_01_088_002_00_05_010_5157.pdf,05,NO_DECODIFICADO,SIN_TEXTO_INTERNO,2
E14_PRE_01_088_002_00_05_011_5157.pdf,05,NO_DECODIFICADO,SIN_TEXTO_INTERNO,2
E14_PRE_01_088_002_00_05_012_5157.pdf,05,NO_DECODIFICADO,SIN_TEXTO_INTERNO,2
E14_PRE_01_088_002_00_05_013_5157.pdf,05,NO_DECODIFICADO,SIN_TEXTO_INTERNO,2
E14_PRE_01_088_002_00_05_014_5157.pdf,05,V0fMMDxlc0TQqL8xXezPnnSHxoEGEUPC2FqBu4AZfkk=,SIN_TEXTO_INTERNO,2
E14_PRE_01_088_002_00_05_015_5157.pdf,05,NO_DECODIFICADO,SIN_TEXTO_INTERNO,2
E14_PRE_01_088_002_00_05_016_5157.pdf,05,NO_DECODIFICADO,SIN_TEXTO_INTERNO,2
E14_PRE_01_088_002_00_05_017_5157.pdf,05,IzxRetgA+ohbe5M6ar43pVrkF2eLYI998jlWEUHe+Rg=,SIN_TEXTO_INTERNO,2
E14_PRE_01_088_002_00_05_018_5157.pdf,05,NO_DECODIFICADO,SIN_TEXTO_INTERNO,2
E14_PRE_01_088_002_00_05_019_5157.pdf,05,NO_DECODIFICADO,SIN_TEXTO_INTERNO,2
E14_PRE_01_088_002_00_05_020_5157.pdf,05,OpxZxUJ28EQF9VzC8KT4vT+XlzdMDc7CbO2dPUnVauE=,SIN_TEXTO_INTERNO,2
E14_PRE_01_088_099_00_05_001_5157.pdf,05,xKgTFGshqhM/jt5MmpyqLVwUcW7Bz7myjeJpf/T8uoY=,SIN_TEXTO_INTERNO,2
E14_PRE_01_088_099_00_05_002_5157.pdf,05,TjGbLkxjgXz0nYOvBZqldAXo18ojGilAAWP5aoJjt/k=,SIN_TEXTO_INTERNO,2
E14_PRE_01_088_099_00_05_003_5157.pdf,05,C/m4fq1cq+0Mg7pVMidyqM3DO8K5zszBjlIYI8PlLso=,SIN_TEXTO_INTERNO,2
E14_PRE_01_088_099_00_05_004_5157.pdf,05,z/KS8kniuAPgFcswZOqIX+dmizX8rdcKQ8UvcYigZHc=,SIN_TEXTO_INTERNO,2
E14_PRE_01_088_099_00_05_005_5157.pdf,05,JGGzD4AOkLAVWFBub509j+1Rq/moiS5pI8+lMSSiDKs=,SIN_TEXTO_INTERNO,2
E14_PRE_01_220_099_00_05_001_2088.pdf,05,GJfBgQ5E3i1uE9EnOKp0G21MRyQFCJU073isF4aFC2Q=,SIN_TEXTO_INTERNO,2
E14_PRE_01_220_099_00_05_002_2088.pdf,05,q0Qa+T3Z6PoL1J7M0yOPhvFFgI2BBNmUFz/s5iJjqzg=,SIN_TEXTO_INTERNO,2
E14_PRE_01_220_099_00_05_003_2088.pdf,05,hY/OJnKYx4qcowwEcl88T9JnINO4BFoQi529S6b+5Ks=,SIN_TEXTO_INTERNO,2
E14_PRE_01_088_001_00_06_001_5155.pdf,06,RrXcuPpCIS/JCWXVwNafJub5LwOtx7VA3gDaRscuhQk=,SIN_TEXTO_INTERNO,2
E14_PRE_01_088_001_00_06_002_5155.pdf,06,9epLFREgkbOGwzdrs7haXITQR7X45lOYDs9I+LLspO4=,SIN_TEXTO_INTERNO,2
E14_PRE_01_088_001_00_06_003_5155.pdf,06,tJhv6Vz/YGSxRTFDdvwZF0ZQptvWxBCC94OMkdWDFqY=,SIN_TEXTO_INTERNO,2
E14_PRE_01_088_001_00_06_004_5155.pdf,06,j5UkxlFYgsZxKcOKYRZAG4Fb/nUeI/MQ6dFuH9wQFqo=,SIN_TEXTO_INTERNO,2
E14_PRE_01_088_001_00_06_005_5155.pdf,06,6xWUH8ison8fz/QjsQK+J+L5yuovTsADNAqwbJrCbGQ=,SIN_TEXTO_INTERNO,2
E14_PRE_01_088_001_00_06_006_5155.pdf,06,x0MVlscA3MccRZVAXCmunADcP6blMehnXvgyxzQvD0Y=,SIN_TEXTO_INTERNO,2
E14_PRE_01_088_001_00_06_007_5155.pdf,06,QAXxNEnSTfLFpz6lA7RoORk2bUDuWtBH385Tp8SghMw=,SIN_TEXTO_INTERNO,2
E14_PRE_01_088_001_00_06_008_5155.pdf,06,FIihYd3idqD6y9d55yoPk0KGsG37Xtm15P4e225o2dA=,SIN_TEXTO_INTERNO,2
E14_PRE_01_088_001_00_06_009_5155.pdf,06,8vvtPR1THtHi26uviD2KecbSkWexe4oZLB+B+e87NAQ=,SIN_TEXTO_INTERNO,2
E14_PRE_01_088_002_00_06_001_5156.pdf,06,NO_DECODIFICADO,SIN_TEXTO_INTERNO,2
E14_PRE_01_088_002_00_06_002_5156.pdf,06,NO_DECODIFICADO,SIN_TEXTO_INTERNO,2
E14_PRE_01_088_002_00_06_003_5156.pdf,06,NO_DECODIFICADO,SIN_TEXTO_INTERNO,2
E14_PRE_01_088_002_00_06_004_5156.pdf,06,FmkXYeljzEsMA9qdllSNgQsSi39vfFZE7SkpUZtOIDY=,SIN_TEXTO_INTERNO,2
E14_PRE_01_088_002_00_06_005_5156.pdf,06,NO_DECODIFICADO,SIN_TEXTO_INTERNO,2
E14_PRE_01_088_002_00_06_006_5156.pdf,06,WHHRDmXuEHb688fG31ANmwXKW2dLICPcmYdGGJ3JqPs=,SIN_TEXTO_INTERNO,2
E14_PRE_01_088_002_00_06_007_5156.pdf,06,NO_DECODIFICADO,SIN_TEXTO_INTERNO,2
E14_PRE_01_088_002_00_06_008_5156.pdf,06,NO_DECODIFICADO,SIN_TEXTO_INTERNO,2
E14_PRE_01_088_002_00_06_009_5156.pdf,06,NO_DECODIFICADO,SIN_TEXTO_INTERNO,2
E14_PRE_01_088_002_00_06_010_5156.pdf,06,NO_DECODIFICADO,SIN_TEXTO_INTERNO,2
E14_PRE_01_088_002_00_06_011_5156.pdf,06,NO_DECODIFICADO,SIN_TEXTO_INTERNO,2
E14_PRE_01_088_002_00_06_012_5156.pdf,06,NO_DECODIFICADO,SIN_TEXTO_INTERNO,2
E14_PRE_01_088_002_00_06_013_5156.pdf,06,NO_DECODIFICADO,SIN_TEXTO_INTERNO,2
E14_PRE_01_088_099_00_06_001_5157.pdf,06,R8oOnIfDG4W+s7N7+B4LBIjcI+x0l1dasCgD6PjKOGY=,SIN_TEXTO_INTERNO,2
E14_PRE_01_088_099_00_06_002_5157.pdf,06,2CTNHNZatk1KyTdaOPKNw8fNVRa9/inSYpwxBWz5Sqs=,SIN_TEXTO_INTERNO,2
E14_PRE_01_088_001_00_07_001_5154.pdf,07,/oSJanTViEfZKKzhL+nZmb7sNkjWj89Dwc4lAXuAH6Q=,SIN_TEXTO_INTERNO,2
E14_PRE_01_088_001_00_07_002_5154.pdf,07,RVXbUWxN2WYM4jNDAdiM+6i5WO+rQtz9rsWWi42iDPo=,SIN_TEXTO_INTERNO,2
E14_PRE_01_088_001_00_07_003_5154.pdf,07,V0EzMRCrFm1uQ5cXli0yydcmKFDvk5lC6sYxGNc4GFk=,SIN_TEXTO_INTERNO,2
E14_PRE_01_088_001_00_07_004_5154.pdf,07,h1NwM0wFuPurdvspIgBn7m8QTObwaraAcR3/LnfNd4w=,SIN_TEXTO_INTERNO,2
E14_PRE_01_088_001_00_07_005_5154.pdf,07,o7YaXb63JnHkjs/0ly+DcudJRJriiUUyuhLj4C8K760=,SIN_TEXTO_INTERNO,2
E14_PRE_01_088_001_00_07_006_5154.pdf,07,7eD9VujQo2Sbj74SVO0lwHXTaa32SGD8tJ4uKqqop2k=,SIN_TEXTO_INTERNO,2
E14_PRE_01_088_001_00_07_007_5154.pdf,07,mY+7HsjFLRSaUAIXEg7W1XS+hi3bZa3/hSkOqCFZ+h4=,SIN_TEXTO_INTERNO,2
E14_PRE_01_088_001_00_07_008_5154.pdf,07,RM0iFiDjnkK45zjSudTZlRgko5Gkk/TRCnDCKM6s4D4=,SIN_TEXTO_INTERNO,2
E14_PRE_01_088_001_00_07_009_5154.pdf,07,Vlf5lF2YaNwrLGWquqH02opxPOUvUp0zIjJyVPE3NCY=,SIN_TEXTO_INTERNO,2
E14_PRE_01_088_001_00_07_010_5154.pdf,07,r090Liv/SvXXAkHi7io07ReQvYYQLK5ABDE6kl8CFzc=,SIN_TEXTO_INTERNO,2
E14_PRE_01_088_001_00_07_011_5154.pdf,07,NO_DECODIFICADO,SIN_TEXTO_INTERNO,2
E14_PRE_01_088_001_00_07_012_5154.pdf,07,lmSMSuDoSlYePR3Z9SAA46SNcMg48LkxL/omJ1/Upz8=,SIN_TEXTO_INTERNO,2
E14_PRE_01_088_001_00_07_013_5154.pdf,07,ZsUeuC9BY2Mgz/PGHkTsa4UpbOWVsy5M5Meru1xzEMk=,SIN_TEXTO_INTERNO,2
E14_PRE_01_088_001_00_07_014_5154.pdf,07,3d9YX2CRqmk4oKVEk0WHfQQ1oxsfVpYlDSwPoiv9wVg=,SIN_TEXTO_INTERNO,2
E14_PRE_01_088_001_00_07_015_5154.pdf,07,0FZ4+MccSyTzQHjuPa3qRhRZqHhj3wMG/BfEBboGFyU=,SIN_TEXTO_INTERNO,2
E14_PRE_01_088_001_00_07_016_5154.pdf,07,V4hJ3BVL08/rPmK2156WV87o5XCiEwPceKXMNVFjzoY=,SIN_TEXTO_INTERNO,2
E14_PRE_01_088_001_00_07_017_5154.pdf,07,XGcaMcoCV96T0zvND7tyQOkP6VnWyKwNALBa5lZ05ws=,SIN_TEXTO_INTERNO,2
E14_PRE_01_088_002_00_07_001_5157.pdf,07,NO_DECODIFICADO,SIN_TEXTO_INTERNO,2
E14_PRE_01_088_002_00_07_002_5157.pdf,07,fr36jRcGropdQ831Dw6s5Ol2kmfb5JRQM1/mutUkzAQ=,SIN_TEXTO_INTERNO,2
E14_PRE_01_088_002_00_07_003_5157.pdf,07,NO_DECODIFICADO,SIN_TEXTO_INTERNO,2
E14_PRE_01_088_002_00_07_004_5157.pdf,07,NO_DECODIFICADO,SIN_TEXTO_INTERNO,2
E14_PRE_01_220_099_00_07_001_2088.pdf,07,1ovA2Xd9pFrg6c4WKlJLKqWge0BRLt3LKQbaIAPXuk0=,SIN_TEXTO_INTERNO,2
E14_PRE_01_220_099_00_07_002_2088.pdf,07,C6FrXy4evgJhrQMnoaXEDGm6Yki5laFzdc3+HOtLoOA=,SIN_TEXTO_INTERNO,2
E14_PRE_01_088_001_00_08_001_5155.pdf,08,GWG8PdFtSCt37KZ4BwOmrXQ9h94peNA2z2YFi2XY2/8=,SIN_TEXTO_INTERNO,2
E14_PRE_01_088_001_00_08_002_5155.pdf,08,ocSn/Yn3iUBPQvFc5/SIqtaV5tT7kxtxTZqQcFAAAqM=,SIN_TEXTO_INTERNO,2
E14_PRE_01_088_002_00_08_001_5156.pdf,08,lFfzh1jLI4AtCc+/Cn0eXv1opTY5oS2qR6wacS3Bj6k=,SIN_TEXTO_INTERNO,2
E14_PRE_01_088_002_00_08_002_5156.pdf,08,NO_DECODIFICADO,SIN_TEXTO_INTERNO,2
E14_PRE_01_088_002_00_08_003_5156.pdf,08,i6lKj8Nmoj4PCkm4817lApFs513DZZzMrSO215igwWc=,SIN_TEXTO_INTERNO,2
E14_PRE_01_088_002_00_08_004_5156.pdf,08,NO_DECODIFICADO,SIN_TEXTO_INTERNO,2
E14_PRE_01_088_002_00_08_005_5156.pdf,08,NO_DECODIFICADO,SIN_TEXTO_INTERNO,2
E14_PRE_01_088_002_00_08_006_5156.pdf,08,OGzX+o5JlkloreCj1nFh2LdqLuzh/DbpFrGKxzbmJyI=,SIN_TEXTO_INTERNO,2
E14_PRE_01_088_002_00_08_007_5156.pdf,08,NO_DECODIFICADO,SIN_TEXTO_INTERNO,2
E14_PRE_01_088_002_00_08_008_5156.pdf,08,NO_DECODIFICADO,SIN_TEXTO_INTERNO,2
E14_PRE_01_088_002_00_08_009_5156.pdf,08,NO_DECODIFICADO,SIN_TEXTO_INTERNO,2
E14_PRE_01_088_002_00_08_010_5156.pdf,08,NO_DECODIFICADO,SIN_TEXTO_INTERNO,2
E14_PRE_01_088_002_00_08_011_5156.pdf,08,Ovo9QvJnt88iCSEf1YfqCc4f6pQykgMT7aL8bYi7y0U=,SIN_TEXTO_INTERNO,2
E14_PRE_01_088_002_00_08_012_5156.pdf,08,AbhdAO7imonjUsXquLOI/L55CbU4F9mVujIwD6/JZBE=,SIN_TEXTO_INTERNO,2
E14_PRE_01_220_099_00_09_001_2088.pdf,09,kj8DJcVfJuaAID0PNKD3eInaqwesb6Weu4uRalEkl/g=,SIN_TEXTO_INTERNO,2
E14_PRE_01_220_099_00_09_002_2088.pdf,09,xKbmQrKMBNmU8KL144/ZqPX+gbJ1LvhOdjvgUaCSOa4=,SIN_TEXTO_INTERNO,2
E14_PRE_01_088_099_00_10_001_5157.pdf,10,4EJXmnGDjOOol7r79diXJ5K7ASffxUDp/5EhIqwVFU4=,SIN_TEXTO_INTERNO,2
E14_PRE_01_088_099_00_17_001_5157.pdf,17,NO_DECODIFICADO,SIN_TEXTO_INTERNO,2
E14_PRE_01_088_099_00_17_002_5157.pdf,17,25LmDVb5vhL5Ugs71+nMp1GwfdfJn2ee7kYwwFT1QWE=,SIN_TEXTO_INTERNO,2
E14_PRE_01_088_099_00_17_003_5157.pdf,17,4QtM61QWtay4Afyax1BxgJ4BR3+nISOL3PP85zACkJw=,SIN_TEXTO_INTERNO,2
E14_PRE_01_088_099_00_25_001_5157.pdf,25,F6Z7EUpeTnkdmA0I2ze8j5uUOg3JYDXF2iNqmoytZoo=,SIN_TEXTO_INTERNO,2
E14_PRE_01_088_099_00_27_001_5157.pdf,27,mEwREiRfYspzYrn4thE1CN5W1i4h+G0HovIVlmfTAnQ=,SIN_TEXTO_INTERNO,2
E14_PRE_01_088_099_00_28_001_5157.pdf,28,TzbT9KHw7lQZCLYml3Ha/qdNa7kGOvIhnhghLv0FJ/U=,SIN_TEXTO_INTERNO,2
E14_PRE_01_088_099_00_28_002_5157.pdf,28,B5lTrOP2FCN2PH9DnOvxEfvVeA2Lo3qn02b5hehbMOE=,SIN_TEXTO_INTERNO,2
E14_PRE_01_088_099_00_40_001_5157.pdf,40,IH4LUIsYu0fMtAUdjLF51Rr14yzJV1j4zYtzIYaKbpM=,SIN_TEXTO_INTERNO,2
E14_PRE_01_088_099_00_40_002_5157.pdf,40,7keYzvQ7eR9D2V2XC4wMJWZm9ycZxGCYU/6yNmtr53c=,SIN_TEXTO_INTERNO,2
E14_PRE_01_088_099_00_40_003_5157.pdf,40,OPUuO3t5gTuyGO/iB+vUAJJnbPv5lH7B2yci/O8wL4g=,SIN_TEXTO_INTERNO,2
E14_PRE_01_088_099_00_60_001_5157.pdf,60,DYAJ2a5YqqWodGEEJs+P21SdNqQJbKC7WfU91rHNROo=,SIN_TEXTO_INTERNO,2
E14_PRE_01_088_099_00_60_002_5157.pdf,60,c1IIoxt2QuDS9w/KLR/le+l5rRoSUXUyGYTT/lPrarY=,SIN_TEXTO_INTERNO,2
E14_PRE_01_088_099_00_70_001_5157.pdf,70,eGU6loKHaXaggMBRfepEyRNClgsBF0r8UTyjnaCIq5g=,SIN_TEXTO_INTERNO,2
E14_PRE_01_220_099_00_70_001_2088.pdf,70,YmSLRt4u0toP4iJlEdEuFc/JWJa8UifNY3mSeQezS/I=,SIN_TEXTO_INTERNO,2
E14_PRE_01_220_099_00_70_002_2088.pdf,70,64m+C3YONfAjXS6+YV2ibKzwjcmy6atPl9wOZnDxHN0=,SIN_TEXTO_INTERNO,2
E14_PRE_23_088_099_00_40_001_2694_Mesa_1.pdf,ALTO ESTERO,nPRvGeFuLPCvMkqXXD+2NwHQqf/3BLa9IOK/4YjjWmY=,SIN_TEXTO_INTERNO,2
E14_PRE_11_088_099_00_02_001_5611_Mesa_1.pdf,ALTO SAN JOSE,NO_DECODIFICADO,SIN_TEXTO_INTERNO,2
E14_PRE_11_088_099_00_02_002_5611_Mesa_2.pdf,ALTO SAN JOSE,NO_DECODIFICADO,SIN_TEXTO_INTERNO,2
E14_PRE_11_088_099_00_02_003_5611_Mesa_3.pdf,ALTO SAN JOSE,NO_DECODIFICADO,SIN_TEXTO_INTERNO,2
E14_PRE_25_088_099_00_01_001_2769_Mesa_1.pdf,BABEGA,bk+pdhpz3D+Iq3cphmXz97qcchUQRvYr963nvBhVRa8=,SIN_TEXTO_INTERNO,2
E14_PRE_25_088_099_00_01_002_2769_Mesa_2.pdf,BABEGA,82zcGN8oPi+0QWQeVXswLm9nCQD5LN4o2O5ZxDwDltk=,SIN_TEXTO_INTERNO,2
E14_PRE_25_088_099_00_01_003_2769_Mesa_3.pdf,BABEGA,mKWhZB9y0OpKLqhoEK/XZ33UFWb++r13Keo8kC2rrVg=,SIN_TEXTO_INTERNO,2
E14_PRE_07_088_099_00_07_001_2229_Mesa_1.pdf,BARATOA,NO_DECODIFICADO,SIN_TEXTO_INTERNO,2
E14_PRE_25_088_099_00_03_001_2769_Mesa_1.pdf,BELEN,GHKzeocoaQAD+3jWamzFr2Z6gXNVQk2xbxvRvD5/QPQ=,SIN_TEXTO_INTERNO,2
E14_PRE_15_160_002_00_06_001_5799_Mesa_1.pdf,BLOQUE 2 - COLEGIO TECNOLOGICO,NO_DECODIFICADO,SIN_TEXTO_INTERNO,2
E14_PRE_15_160_002_00_06_002_5799_Mesa_2.pdf,BLOQUE 2 - COLEGIO TECNOLOGICO,NO_DECODIFICADO,SIN_TEXTO_INTERNO,2
E14_PRE_15_160_002_00_06_003_5799_Mesa_3.pdf,BLOQUE 2 - COLEGIO TECNOLOGICO,NO_DECODIFICADO,SIN_TEXTO_INTERNO,2
E14_PRE_15_160_002_00_06_004_5799_Mesa_4.pdf,BLOQUE 2 - COLEGIO TECNOLOGICO,NO_DECODIFICADO,SIN_TEXTO_INTERNO,2
E14_PRE_15_160_002_00_06_005_5799_Mesa_5.pdf,BLOQUE 2 - COLEGIO TECNOLOGICO,NO_DECODIFICADO,SIN_TEXTO_INTERNO,2
E14_PRE_15_160_002_00_06_006_5799_Mesa_6.pdf,BLOQUE 2 - COLEGIO TECNOLOGICO,NO_DECODIFICADO,SIN_TEXTO_INTERNO,2
E14_PRE_15_160_002_00_06_007_5799_Mesa_7.pdf,BLOQUE 2 - COLEGIO TECNOLOGICO,ylQ1ul8D+i2PlylHoZKE963F8daf/hkACgCZTV0j4kk=,SIN_TEXTO_INTERNO,2
E14_PRE_15_160_002_00_06_008_5799_Mesa_8.pdf,BLOQUE 2 - COLEGIO TECNOLOGICO,NO_DECODIFICADO,SIN_TEXTO_INTERNO,2
E14_PRE_15_160_002_00_06_009_5799_Mesa_9.pdf,BLOQUE 2 - COLEGIO TECNOLOGICO,NO_DECODIFICADO,SIN_TEXTO_INTERNO,2
E14_PRE_15_160_002_00_06_010_5799_Mesa_10.pdf,BLOQUE 2 - COLEGIO TECNOLOGICO,NO_DECODIFICADO,SIN_TEXTO_INTERNO,2
E14_PRE_15_160_002_00_06_011_5799_Mesa_11.pdf,BLOQUE 2 - COLEGIO TECNOLOGICO,NO_DECODIFICADO,SIN_TEXTO_INTERNO,2
E14_PRE_15_160_002_00_06_012_5799_Mesa_12.pdf,BLOQUE 2 - COLEGIO TECNOLOGICO,NO_DECODIFICADO,SIN_TEXTO_INTERNO,2
E14_PRE_15_160_002_00_06_013_5799_Mesa_13.pdf,BLOQUE 2 - COLEGIO TECNOLOGICO,NO_DECODIFICADO,SIN_TEXTO_INTERNO,2
E14_PRE_15_160_002_00_06_014_5799_Mesa_14.pdf,BLOQUE 2 - COLEGIO TECNOLOGICO,NO_DECODIFICADO,SIN_TEXTO_INTERNO,2
E14_PRE_15_160_002_00_06_015_5799_Mesa_15.pdf,BLOQUE 2 - COLEGIO TECNOLOGICO,rxOkWpMp3HRCHH9+kwvczzLNLyRa6Lf5WGN+4NW2WlE=,SIN_TEXTO_INTERNO,2
E14_PRE_23_088_099_00_01_001_2694_Mesa_1.pdf,BOLIVAR,RvgAH2UBSGufmdweoObLDYbP7LlscAdJYdObvJFazfI=,SIN_TEXTO_INTERNO,2
E14_PRE_23_088_099_00_02_001_2694_Mesa_1.pdf,BRISAS DE HAMBURGO,NO_DECODIFICADO,SIN_TEXTO_INTERNO,2
E14_PRE_01_220_099_00_09_001_2088_Mesa_1.pdf,C. E. R. CARLOS VIECO ORTIZ,kj8DJcVfJuaAID0PNKD3eInaqwesb6Weu4uRalEkl/g=,SIN_TEXTO_INTERNO,2
E14_PRE_01_220_099_00_09_002_2088_Mesa_2.pdf,C. E. R. CARLOS VIECO ORTIZ,NO_DECODIFICADO,SIN_TEXTO_INTERNO,2
E14_PRE_01_220_099_00_70_001_2088_Mesa_1.pdf,C. E. R. PEÑALISA,NO_DECODIFICADO,SIN_TEXTO_INTERNO,2
E14_PRE_01_220_099_00_70_002_2088_Mesa_2.pdf,C. E. R. PEÑALISA,NO_DECODIFICADO,SIN_TEXTO_INTERNO,2
E14_PRE_01_088_099_00_70_001_5157_Mesa_1.pdf,C.E.R SANTA ROSITA,NO_DECODIFICADO,SIN_TEXTO_INTERNO,2
E14_PRE_11_088_099_00_01_001_5611_Mesa_1.pdf,CAMPOSANO,NO_DECODIFICADO,SIN_TEXTO_INTERNO,2
E14_PRE_11_088_099_00_01_002_5611_Mesa_2.pdf,CAMPOSANO,NO_DECODIFICADO,SIN_TEXTO_INTERNO,2
E14_PRE_11_088_099_00_01_003_5611_Mesa_3.pdf,CAMPOSANO,NO_DECODIFICADO,SIN_TEXTO_INTERNO,2
E14_PRE_01_088_098_00_01_001_5157_Mesa_1.pdf,CARCEL,NO_DECODIFICADO,SIN_TEXTO_INTERNO,2
E14_PRE_15_088_098_00_01_001_5776_Mesa_1.pdf,CARCEL MUNICIPAL FUNZA,NO_DECODIFICADO,SIN_TEXTO_INTERNO,2
E14_PRE_01_220_099_00_01_001_2088_Mesa_1.pdf,CASETA COMUNAL EL CONCILIO,NO_DECODIFICADO,SIN_TEXTO_INTERNO,2
E14_PRE_01_220_099_00_01_002_2088_Mesa_2.pdf,CASETA COMUNAL EL CONCILIO,NO_DECODIFICADO,SIN_TEXTO_INTERNO,2
E14_PRE_01_220_099_00_07_001_2088_Mesa_1.pdf,CASETA COMUNAL LA GULUNGA ALTA,NO_DECODIFICADO,SIN_TEXTO_INTERNO,2
E14_PRE_01_220_099_00_07_002_2088_Mesa_2.pdf,CASETA COMUNAL LA GULUNGA ALTA,NO_DECODIFICADO,SIN_TEXTO_INTERNO,2
E14_PRE_16_001_018_18_62_001_6088_Mesa_1.pdf,CENTRO COMUNITARIO CHAMPAGNAT,NO_DECODIFICADO,SIN_TEXTO_INTERNO,2
E14_PRE_16_001_016_16_44_001_6078_Mesa_1.pdf,CENTRO EDUCATIVO DISTRITAL ESPAÑA,NO_DECODIFICADO,SIN_TEXTO_INTERNO,2
E14_PRE_16_001_016_16_44_002_6078_Mesa_2.pdf,CENTRO EDUCATIVO DISTRITAL ESPAÑA,NO_DECODIFICADO,SIN_TEXTO_INTERNO,2
E14_PRE_01_088_099_00_06_001_5157_Mesa_1.pdf,CER NO HAY COMO DIOS - SEDE SANTA ELENA,NO_DECODIFICADO,SIN_TEXTO_INTERNO,2
E14_PRE_01_088_099_00_06_002_5157_Mesa_2.pdf,CER NO HAY COMO DIOS - SEDE SANTA ELENA,NO_DECODIFICADO,SIN_TEXTO_INTERNO,2
E14_PRE_01_088_099_00_28_001_5157_Mesa_1.pdf,CER RIVERAS DEL CAUCA - SANTIAGO CASTILL,NO_DECODIFICADO,SIN_TEXTO_INTERNO,2
E14_PRE_01_088_099_00_28_002_5157_Mesa_2.pdf,CER RIVERAS DEL CAUCA - SANTIAGO CASTILL,NO_DECODIFICADO,SIN_TEXTO_INTERNO,2
E14_PRE_01_088_099_00_27_001_5157_Mesa_1.pdf,CER VILLA FATIMA - SEDE VEINTE DE JULIO,NO_DECODIFICADO,SIN_TEXTO_INTERNO,2
E14_PRE_15_088_002_00_10_001_5775_Mesa_1.pdf,COL BICENTENARIO,kuZMzNRHXOvN6nmUYmsTxFAW2EsBzRRxMiYf4dr8yLg=,SIN_TEXTO_INTERNO,2
E14_PRE_15_088_002_00_10_002_5775_Mesa_2.pdf,COL BICENTENARIO,NO_DECODIFICADO,SIN_TEXTO_INTERNO,2
E14_PRE_15_088_002_00_10_003_5775_Mesa_3.pdf,COL BICENTENARIO,NO_DECODIFICADO,SIN_TEXTO_INTERNO,2
E14_PRE_15_088_002_00_10_004_5775_Mesa_4.pdf,COL BICENTENARIO,bgB4UtMlfZVfgZiQsjofktY2MaVkYb88KoQPF2cCafA=,SIN_TEXTO_INTERNO,2
E14_PRE_15_088_002_00_10_005_5775_Mesa_5.pdf,COL BICENTENARIO,NO_DECODIFICADO,SIN_TEXTO_INTERNO,2
E14_PRE_15_088_002_00_10_006_5775_Mesa_6.pdf,COL BICENTENARIO,NO_DECODIFICADO,SIN_TEXTO_INTERNO,2
E14_PRE_15_088_002_00_10_007_5775_Mesa_7.pdf,COL BICENTENARIO,FpiI0TyK7t8NsRwHkLpMIAG4v9w6gfS822LmAIt8YPQ=,SIN_TEXTO_INTERNO,2
E14_PRE_15_088_002_00_10_008_5775_Mesa_8.pdf,COL BICENTENARIO,NO_DECODIFICADO,SIN_TEXTO_INTERNO,2
E14_PRE_15_088_002_00_10_009_5775_Mesa_9.pdf,COL BICENTENARIO,NO_DECODIFICADO,SIN_TEXTO_INTERNO,2
E14_PRE_15_088_002_00_10_010_5775_Mesa_10.pdf,COL BICENTENARIO,NO_DECODIFICADO,SIN_TEXTO_INTERNO,2
E14_PRE_15_088_002_00_10_011_5775_Mesa_11.pdf,COL BICENTENARIO,NO_DECODIFICADO,SIN_TEXTO_INTERNO,2
E14_PRE_15_088_002_00_10_012_5775_Mesa_12.pdf,COL BICENTENARIO,NO_DECODIFICADO,SIN_TEXTO_INTERNO,2
E14_PRE_15_088_002_00_10_013_5775_Mesa_13.pdf,COL BICENTENARIO,NO_DECODIFICADO,SIN_TEXTO_INTERNO,2
E14_PRE_15_088_002_00_10_014_5775_Mesa_14.pdf,COL BICENTENARIO,NO_DECODIFICADO,SIN_TEXTO_INTERNO,2
E14_PRE_15_088_002_00_10_015_5775_Mesa_15.pdf,COL BICENTENARIO,NO_DECODIFICADO,SIN_TEXTO_INTERNO,2
E14_PRE_15_088_002_00_10_016_5775_Mesa_16.pdf,COL BICENTENARIO,NO_DECODIFICADO,SIN_TEXTO_INTERNO,2
E14_PRE_15_088_002_00_10_017_5775_Mesa_17.pdf,COL BICENTENARIO,jpBDLWDKxohHrdzLf8o3DEAm6RhcTJ1pJ3/zB/YQx08=,SIN_TEXTO_INTERNO,2
E14_PRE_15_088_002_00_10_018_5775_Mesa_18.pdf,COL BICENTENARIO,NO_DECODIFICADO,SIN_TEXTO_INTERNO,2
E14_PRE_15_088_002_00_10_019_5775_Mesa_19.pdf,COL BICENTENARIO,NO_DECODIFICADO,SIN_TEXTO_INTERNO,2
E14_PRE_15_088_002_00_07_001_5774_Mesa_1.pdf,COL COOPERATIVO COMUNAL,NO_DECODIFICADO,SIN_TEXTO_INTERNO,2
E14_PRE_15_088_002_00_07_002_5774_Mesa_2.pdf,COL COOPERATIVO COMUNAL,NO_DECODIFICADO,SIN_TEXTO_INTERNO,2
E14_PRE_15_088_002_00_07_003_5774_Mesa_3.pdf,COL COOPERATIVO COMUNAL,NO_DECODIFICADO,SIN_TEXTO_INTERNO,2
E14_PRE_15_088_002_00_07_004_5774_Mesa_4.pdf,COL COOPERATIVO COMUNAL,NO_DECODIFICADO,SIN_TEXTO_INTERNO,2
E14_PRE_15_088_002_00_07_005_5774_Mesa_5.pdf,COL COOPERATIVO COMUNAL,NO_DECODIFICADO,SIN_TEXTO_INTERNO,2
E14_PRE_15_088_002_00_07_006_5774_Mesa_6.pdf,COL COOPERATIVO COMUNAL,NO_DECODIFICADO,SIN_TEXTO_INTERNO,2
E14_PRE_15_088_002_00_07_007_5774_Mesa_7.pdf,COL COOPERATIVO COMUNAL,NO_DECODIFICADO,SIN_TEXTO_INTERNO,2
E14_PRE_15_088_002_00_07_008_5774_Mesa_8.pdf,COL COOPERATIVO COMUNAL,NO_DECODIFICADO,SIN_TEXTO_INTERNO,2
E14_PRE_15_088_002_00_07_009_5774_Mesa_9.pdf,COL COOPERATIVO COMUNAL,NO_DECODIFICADO,SIN_TEXTO_INTERNO,2
E14_PRE_15_088_002_00_07_010_5774_Mesa_10.pdf,COL COOPERATIVO COMUNAL,NO_DECODIFICADO,SIN_TEXTO_INTERNO,2
E14_PRE_15_088_002_00_07_011_5774_Mesa_11.pdf,COL COOPERATIVO COMUNAL,NO_DECODIFICADO,SIN_TEXTO_INTERNO,2
E14_PRE_15_088_002_00_07_012_5774_Mesa_12.pdf,COL COOPERATIVO COMUNAL,NO_DECODIFICADO,SIN_TEXTO_INTERNO,2
E14_PRE_15_088_002_00_07_013_5774_Mesa_13.pdf,COL COOPERATIVO COMUNAL,NO_DECODIFICADO,SIN_TEXTO_INTERNO,2
E14_PRE_15_088_002_00_07_014_5774_Mesa_14.pdf,COL COOPERATIVO COMUNAL,NO_DECODIFICADO,SIN_TEXTO_INTERNO,2
E14_PRE_15_088_002_00_07_015_5774_Mesa_15.pdf,COL COOPERATIVO COMUNAL,NO_DECODIFICADO,SIN_TEXTO_INTERNO,2
E14_PRE_15_088_002_00_07_016_5774_Mesa_16.pdf,COL COOPERATIVO COMUNAL,NO_DECODIFICADO,SIN_TEXTO_INTERNO,2
E14_PRE_15_088_002_00_07_017_5774_Mesa_17.pdf,COL COOPERATIVO COMUNAL,NO_DECODIFICADO,SIN_TEXTO_INTERNO,2
E14_PRE_15_088_002_00_07_018_5774_Mesa_18.pdf,COL COOPERATIVO COMUNAL,NO_DECODIFICADO,SIN_TEXTO_INTERNO,2
E14_PRE_15_088_002_00_07_019_5774_Mesa_19.pdf,COL COOPERATIVO COMUNAL,NO_DECODIFICADO,SIN_TEXTO_INTERNO,2
E14_PRE_15_088_002_00_07_020_5774_Mesa_20.pdf,COL COOPERATIVO COMUNAL,NO_DECODIFICADO,SIN_TEXTO_INTERNO,2
E14_PRE_15_088_002_00_05_001_5775_Mesa_1.pdf,COL CRISTIANO INTEGRAL,NO_DECODIFICADO,SIN_TEXTO_INTERNO,2
E14_PRE_15_088_002_00_05_002_5775_Mesa_2.pdf,COL CRISTIANO INTEGRAL,NO_DECODIFICADO,SIN_TEXTO_INTERNO,2
E14_PRE_15_088_002_00_05_003_5775_Mesa_3.pdf,COL CRISTIANO INTEGRAL,NO_DECODIFICADO,SIN_TEXTO_INTERNO,2
E14_PRE_15_088_002_00_05_004_5775_Mesa_4.pdf,COL CRISTIANO INTEGRAL,NO_DECODIFICADO,SIN_TEXTO_INTERNO,2
E14_PRE_15_088_002_00_05_005_5775_Mesa_5.pdf,COL CRISTIANO INTEGRAL,NO_DECODIFICADO,SIN_TEXTO_INTERNO,2
E14_PRE_15_088_002_00_05_006_5775_Mesa_6.pdf,COL CRISTIANO INTEGRAL,NO_DECODIFICADO,SIN_TEXTO_INTERNO,2
E14_PRE_15_088_002_00_05_007_5775_Mesa_7.pdf,COL CRISTIANO INTEGRAL,NO_DECODIFICADO,SIN_TEXTO_INTERNO,2
E14_PRE_15_088_002_00_05_008_5775_Mesa_8.pdf,COL CRISTIANO INTEGRAL,NO_DECODIFICADO,SIN_TEXTO_INTERNO,2
E14_PRE_15_088_002_00_05_009_5775_Mesa_9.pdf,COL CRISTIANO INTEGRAL,NO_DECODIFICADO,SIN_TEXTO_INTERNO,2
E14_PRE_15_088_002_00_05_010_5775_Mesa_10.pdf,COL CRISTIANO INTEGRAL,NO_DECODIFICADO,SIN_TEXTO_INTERNO,2
E14_PRE_15_088_002_00_05_011_5775_Mesa_11.pdf,COL CRISTIANO INTEGRAL,NO_DECODIFICADO,SIN_TEXTO_INTERNO,2
E14_PRE_15_088_002_00_05_012_5775_Mesa_12.pdf,COL CRISTIANO INTEGRAL,NO_DECODIFICADO,SIN_TEXTO_INTERNO,2
E14_PRE_15_088_001_00_05_001_5775_Mesa_1.pdf,COL FURATENA,NO_DECODIFICADO,SIN_TEXTO_INTERNO,2
E14_PRE_15_088_001_00_05_002_5775_Mesa_2.pdf,COL FURATENA,IwWxjrQOMa/e8nvqV/BRVa2jvO84LN1TZGqvgZgLZ4U=,SIN_TEXTO_INTERNO,2
E14_PRE_15_088_001_00_05_003_5775_Mesa_3.pdf,COL FURATENA,NO_DECODIFICADO,SIN_TEXTO_INTERNO,2
E14_PRE_15_088_001_00_05_004_5775_Mesa_4.pdf,COL FURATENA,IdOF3S/UVYqUEXpW3iMvZ9X91VPbqv6vkJps/vRLLT8=,SIN_TEXTO_INTERNO,2
E14_PRE_15_088_001_00_05_005_5775_Mesa_5.pdf,COL FURATENA,NO_DECODIFICADO,SIN_TEXTO_INTERNO,2
E14_PRE_15_088_001_00_05_006_5775_Mesa_6.pdf,COL FURATENA,NO_DECODIFICADO,SIN_TEXTO_INTERNO,2
E14_PRE_15_088_001_00_05_007_5775_Mesa_7.pdf,COL FURATENA,NO_DECODIFICADO,SIN_TEXTO_INTERNO,2
E14_PRE_15_088_001_00_05_008_5775_Mesa_8.pdf,COL FURATENA,NO_DECODIFICADO,SIN_TEXTO_INTERNO,2
E14_PRE_15_088_001_00_05_009_5775_Mesa_9.pdf,COL FURATENA,NO_DECODIFICADO,SIN_TEXTO_INTERNO,2
E14_PRE_15_088_001_00_05_010_5775_Mesa_10.pdf,COL FURATENA,NO_DECODIFICADO,SIN_TEXTO_INTERNO,2
E14_PRE_15_088_001_00_05_011_5775_Mesa_11.pdf,COL FURATENA,NO_DECODIFICADO,SIN_TEXTO_INTERNO,2
E14_PRE_15_088_001_00_05_012_5775_Mesa_12.pdf,COL FURATENA,NO_DECODIFICADO,SIN_TEXTO_INTERNO,2
E14_PRE_15_088_001_00_05_013_5775_Mesa_13.pdf,COL FURATENA,NO_DECODIFICADO,SIN_TEXTO_INTERNO,2
E14_PRE_15_088_002_00_08_001_5776_Mesa_1.pdf,COL LA UNIDAD BASICA,0qTbfKX/JFzVel2r1jZoZJgXwBmi9Xfxq8QgEdcqnYU=,SIN_TEXTO_INTERNO,2
E14_PRE_15_088_002_00_08_002_5776_Mesa_2.pdf,COL LA UNIDAD BASICA,Duc9uSPAhKd/30FMUqmO+KBPGzJCNOAneh7PCjwwcYI=,SIN_TEXTO_INTERNO,2
E14_PRE_15_088_002_00_08_003_5776_Mesa_3.pdf,COL LA UNIDAD BASICA,NO_DECODIFICADO,SIN_TEXTO_INTERNO,2
E14_PRE_15_088_002_00_08_004_5776_Mesa_4.pdf,COL LA UNIDAD BASICA,NO_DECODIFICADO,SIN_TEXTO_INTERNO,2
E14_PRE_15_088_002_00_08_005_5776_Mesa_5.pdf,COL LA UNIDAD BASICA,NO_DECODIFICADO,SIN_TEXTO_INTERNO,2
E14_PRE_15_088_002_00_08_006_5776_Mesa_6.pdf,COL LA UNIDAD BASICA,90YfnS2Q/H9rfVKZAD63ERHNQCE1raSRs64RxX0ITJ0=,SIN_TEXTO_INTERNO,2
E14_PRE_15_088_002_00_08_007_5776_Mesa_7.pdf,COL LA UNIDAD BASICA,NO_DECODIFICADO,SIN_TEXTO_INTERNO,2
E14_PRE_15_088_002_00_08_008_5776_Mesa_8.pdf,COL LA UNIDAD BASICA,NO_DECODIFICADO,SIN_TEXTO_INTERNO,2
E14_PRE_15_088_002_00_08_009_5776_Mesa_9.pdf,COL LA UNIDAD BASICA,NO_DECODIFICADO,SIN_TEXTO_INTERNO,2
E14_PRE_15_088_002_00_08_010_5776_Mesa_10.pdf,COL LA UNIDAD BASICA,W8Jk8rdsMbHVJM2LBSuaAF71B/SyQHhQqcJtln4GSq8=,SIN_TEXTO_INTERNO,2
E14_PRE_15_088_002_00_08_011_5776_Mesa_11.pdf,COL LA UNIDAD BASICA,AGCXH03MRFoNMTjdfSCUEsiyYlSZFk+140lY47uHK4Y=,SIN_TEXTO_INTERNO,2
E14_PRE_15_088_002_00_08_012_5776_Mesa_12.pdf,COL LA UNIDAD BASICA,NO_DECODIFICADO,SIN_TEXTO_INTERNO,2
E14_PRE_15_088_002_00_08_013_5776_Mesa_13.pdf,COL LA UNIDAD BASICA,NO_DECODIFICADO,SIN_TEXTO_INTERNO,2
E14_PRE_15_088_002_00_08_014_5776_Mesa_14.pdf,COL LA UNIDAD BASICA,NO_DECODIFICADO,SIN_TEXTO_INTERNO,2
E14_PRE_15_088_002_00_08_015_5776_Mesa_15.pdf,COL LA UNIDAD BASICA,rl11zqKtSbNH6rq+H09/TDzd0Boxq0Q7qB8uo1DJ3+g=,SIN_TEXTO_INTERNO,2
E14_PRE_15_088_002_00_08_016_5776_Mesa_16.pdf,COL LA UNIDAD BASICA,NO_DECODIFICADO,SIN_TEXTO_INTERNO,2
E14_PRE_15_088_002_00_08_017_5776_Mesa_17.pdf,COL LA UNIDAD BASICA,NO_DECODIFICADO,SIN_TEXTO_INTERNO,2
E14_PRE_15_088_001_00_04_001_5773_Mesa_1.pdf,COL MIGUEL ANTONIO CARO,5SqxVMxoZu1pXS29Ar0ltL2X+dO6xD6sWBGbmAMCUZ4=,SIN_TEXTO_INTERNO,2
E14_PRE_15_088_001_00_04_002_5773_Mesa_2.pdf,COL MIGUEL ANTONIO CARO,NO_DECODIFICADO,SIN_TEXTO_INTERNO,2
E14_PRE_15_088_001_00_04_003_5773_Mesa_3.pdf,COL MIGUEL ANTONIO CARO,NO_DECODIFICADO,SIN_TEXTO_INTERNO,2
E14_PRE_15_088_001_00_04_004_5773_Mesa_4.pdf,COL MIGUEL ANTONIO CARO,NpTY3yfFudG7yLDtNZKEQm7nEQecgDjYhY7vAO5n+eg=,SIN_TEXTO_INTERNO,2
E14_PRE_15_088_001_00_04_005_5773_Mesa_5.pdf,COL MIGUEL ANTONIO CARO,7iMKQgDsg99BqmASCM+L8mm+TopuPYEEJntARZtZlnM=,SIN_TEXTO_INTERNO,2
E14_PRE_15_088_001_00_04_006_5773_Mesa_6.pdf,COL MIGUEL ANTONIO CARO,NO_DECODIFICADO,SIN_TEXTO_INTERNO,2
E14_PRE_15_088_001_00_04_007_5773_Mesa_7.pdf,COL MIGUEL ANTONIO CARO,NO_DECODIFICADO,SIN_TEXTO_INTERNO,2
E14_PRE_15_088_001_00_04_008_5773_Mesa_8.pdf,COL MIGUEL ANTONIO CARO,NO_DECODIFICADO,SIN_TEXTO_INTERNO,2
E14_PRE_15_088_001_00_04_009_5773_Mesa_9.pdf,COL MIGUEL ANTONIO CARO,NO_DECODIFICADO,SIN_TEXTO_INTERNO,2
E14_PRE_15_088_001_00_04_010_5773_Mesa_10.pdf,COL MIGUEL ANTONIO CARO,NO_DECODIFICADO,SIN_TEXTO_INTERNO,2
E14_PRE_15_088_001_00_04_011_5773_Mesa_11.pdf,COL MIGUEL ANTONIO CARO,NO_DECODIFICADO,SIN_TEXTO_INTERNO,2
E14_PRE_15_088_001_00_04_012_5773_Mesa_12.pdf,COL MIGUEL ANTONIO CARO,f+RwQX5cUmA5pUzeZgVgZniFgo5GQfKzH2vcBmbZUmM=,SIN_TEXTO_INTERNO,2
E14_PRE_15_088_001_00_04_013_5773_Mesa_13.pdf,COL MIGUEL ANTONIO CARO,NO_DECODIFICADO,SIN_TEXTO_INTERNO,2
E14_PRE_15_088_001_00_04_014_5773_Mesa_14.pdf,COL MIGUEL ANTONIO CARO,NO_DECODIFICADO,SIN_TEXTO_INTERNO,2
E14_PRE_15_088_001_00_04_015_5773_Mesa_15.pdf,COL MIGUEL ANTONIO CARO,i7M6IzGHgohTG1gfbk7BWrL117aWZx9OazS6VScbB7k=,SIN_TEXTO_INTERNO,2
E14_PRE_15_088_001_00_04_016_5773_Mesa_16.pdf,COL MIGUEL ANTONIO CARO,NO_DECODIFICADO,SIN_TEXTO_INTERNO,2
E14_PRE_15_088_001_00_04_017_5773_Mesa_17.pdf,COL MIGUEL ANTONIO CARO,NO_DECODIFICADO,SIN_TEXTO_INTERNO,2
E14_PRE_15_088_001_00_04_018_5773_Mesa_18.pdf,COL MIGUEL ANTONIO CARO,NO_DECODIFICADO,SIN_TEXTO_INTERNO,2
E14_PRE_15_088_001_00_04_019_5773_Mesa_19.pdf,COL MIGUEL ANTONIO CARO,NO_DECODIFICADO,SIN_TEXTO_INTERNO,2
E14_PRE_15_088_001_00_04_020_5773_Mesa_20.pdf,COL MIGUEL ANTONIO CARO,NO_DECODIFICADO,SIN_TEXTO_INTERNO,2
E14_PRE_15_088_001_00_04_021_5773_Mesa_21.pdf,COL MIGUEL ANTONIO CARO,NO_DECODIFICADO,SIN_TEXTO_INTERNO,2
E14_PRE_15_088_001_00_04_022_5773_Mesa_22.pdf,COL MIGUEL ANTONIO CARO,NO_DECODIFICADO,SIN_TEXTO_INTERNO,2
E14_PRE_15_088_001_00_01_001_5772_Mesa_1.pdf,COL MIL CNEL JUAN JOSE RONDON,NO_DECODIFICADO,SIN_TEXTO_INTERNO,2
E14_PRE_15_088_001_00_01_002_5772_Mesa_2.pdf,COL MIL CNEL JUAN JOSE RONDON,NO_DECODIFICADO,SIN_TEXTO_INTERNO,2
E14_PRE_15_088_001_00_01_003_5772_Mesa_3.pdf,COL MIL CNEL JUAN JOSE RONDON,SnqBqwVYX91qKQnvN5r38lLeSGDGRbly+OI0JB6iidQ=,SIN_TEXTO_INTERNO,2
E14_PRE_15_088_001_00_01_004_5772_Mesa_4.pdf,COL MIL CNEL JUAN JOSE RONDON,NO_DECODIFICADO,SIN_TEXTO_INTERNO,2
E14_PRE_15_088_001_00_01_005_5772_Mesa_5.pdf,COL MIL CNEL JUAN JOSE RONDON,NO_DECODIFICADO,SIN_TEXTO_INTERNO,2
E14_PRE_15_088_001_00_01_006_5772_Mesa_6.pdf,COL MIL CNEL JUAN JOSE RONDON,NO_DECODIFICADO,SIN_TEXTO_INTERNO,2
E14_PRE_15_088_001_00_01_007_5772_Mesa_7.pdf,COL MIL CNEL JUAN JOSE RONDON,NO_DECODIFICADO,SIN_TEXTO_INTERNO,2
E14_PRE_15_088_001_00_01_008_5772_Mesa_8.pdf,COL MIL CNEL JUAN JOSE RONDON,NO_DECODIFICADO,SIN_TEXTO_INTERNO,2
E14_PRE_15_088_001_00_01_009_5772_Mesa_9.pdf,COL MIL CNEL JUAN JOSE RONDON,NO_DECODIFICADO,SIN_TEXTO_INTERNO,2
E14_PRE_15_088_001_00_01_010_5772_Mesa_10.pdf,COL MIL CNEL JUAN JOSE RONDON,NO_DECODIFICADO,SIN_TEXTO_INTERNO,2
E14_PRE_15_088_001_00_01_011_5772_Mesa_11.pdf,COL MIL CNEL JUAN JOSE RONDON,NO_DECODIFICADO,SIN_TEXTO_INTERNO,2
E14_PRE_15_088_001_00_01_012_5772_Mesa_12.pdf,COL MIL CNEL JUAN JOSE RONDON,NO_DECODIFICADO,SIN_TEXTO_INTERNO,2
E14_PRE_15_088_001_00_01_013_5772_Mesa_13.pdf,COL MIL CNEL JUAN JOSE RONDON,NO_DECODIFICADO,SIN_TEXTO_INTERNO,2
E14_PRE_15_088_001_00_01_014_5772_Mesa_14.pdf,COL MIL CNEL JUAN JOSE RONDON,NO_DECODIFICADO,SIN_TEXTO_INTERNO,2
E14_PRE_15_088_001_00_01_015_5772_Mesa_15.pdf,COL MIL CNEL JUAN JOSE RONDON,NO_DECODIFICADO,SIN_TEXTO_INTERNO,2
E14_PRE_15_088_001_00_01_016_5772_Mesa_16.pdf,COL MIL CNEL JUAN JOSE RONDON,NO_DECODIFICADO,SIN_TEXTO_INTERNO,2
E14_PRE_15_088_001_00_01_017_5772_Mesa_17.pdf,COL MIL CNEL JUAN JOSE RONDON,NO_DECODIFICADO,SIN_TEXTO_INTERNO,2
E14_PRE_15_088_001_00_01_018_5772_Mesa_18.pdf,COL MIL CNEL JUAN JOSE RONDON,NO_DECODIFICADO,SIN_TEXTO_INTERNO,2
E14_PRE_15_088_001_00_01_019_5772_Mesa_19.pdf,COL MIL CNEL JUAN JOSE RONDON,NO_DECODIFICADO,SIN_TEXTO_INTERNO,2
E14_PRE_15_088_001_00_01_020_5772_Mesa_20.pdf,COL MIL CNEL JUAN JOSE RONDON,NO_DECODIFICADO,SIN_TEXTO_INTERNO,2
E14_PRE_15_088_001_00_01_021_5772_Mesa_21.pdf,COL MIL CNEL JUAN JOSE RONDON,NO_DECODIFICADO,SIN_TEXTO_INTERNO,2
E14_PRE_15_088_001_00_01_022_5772_Mesa_22.pdf,COL MIL CNEL JUAN JOSE RONDON,NO_DECODIFICADO,SIN_TEXTO_INTERNO,2
E14_PRE_15_088_001_00_01_023_5772_Mesa_23.pdf,COL MIL CNEL JUAN JOSE RONDON,NO_DECODIFICADO,SIN_TEXTO_INTERNO,2
E14_PRE_15_088_001_00_01_024_5772_Mesa_24.pdf,COL MIL CNEL JUAN JOSE RONDON,NO_DECODIFICADO,SIN_TEXTO_INTERNO,2
E14_PRE_01_088_002_00_02_001_5155_Mesa_1.pdf,COL MIL EL TESORO DEL SABER,NO_DECODIFICADO,SIN_TEXTO_INTERNO,2
E14_PRE_01_088_002_00_02_002_5155_Mesa_2.pdf,COL MIL EL TESORO DEL SABER,NO_DECODIFICADO,SIN_TEXTO_INTERNO,2
E14_PRE_01_088_002_00_02_003_5155_Mesa_3.pdf,COL MIL EL TESORO DEL SABER,NO_DECODIFICADO,SIN_TEXTO_INTERNO,2
E14_PRE_01_088_002_00_02_004_5155_Mesa_4.pdf,COL MIL EL TESORO DEL SABER,NO_DECODIFICADO,SIN_TEXTO_INTERNO,2
E14_PRE_01_088_002_00_02_005_5155_Mesa_5.pdf,COL MIL EL TESORO DEL SABER,NO_DECODIFICADO,SIN_TEXTO_INTERNO,2
E14_PRE_01_088_002_00_02_006_5155_Mesa_6.pdf,COL MIL EL TESORO DEL SABER,NO_DECODIFICADO,SIN_TEXTO_INTERNO,2
E14_PRE_01_088_002_00_02_007_5155_Mesa_7.pdf,COL MIL EL TESORO DEL SABER,NO_DECODIFICADO,SIN_TEXTO_INTERNO,2
E14_PRE_01_088_002_00_02_008_5155_Mesa_8.pdf,COL MIL EL TESORO DEL SABER,NO_DECODIFICADO,SIN_TEXTO_INTERNO,2
E14_PRE_01_088_002_00_02_009_5155_Mesa_9.pdf,COL MIL EL TESORO DEL SABER,NO_DECODIFICADO,SIN_TEXTO_INTERNO,2
E14_PRE_01_088_002_00_02_010_5155_Mesa_10.pdf,COL MIL EL TESORO DEL SABER,NO_DECODIFICADO,SIN_TEXTO_INTERNO,2
E14_PRE_01_088_002_00_02_011_5155_Mesa_11.pdf,COL MIL EL TESORO DEL SABER,dL69+h5kTRKUszTrkSZXuyXHo//dcCA4rwdbZB2O+5k=,SIN_TEXTO_INTERNO,2
E14_PRE_01_088_002_00_02_012_5155_Mesa_12.pdf,COL MIL EL TESORO DEL SABER,NO_DECODIFICADO,SIN_TEXTO_INTERNO,2
E14_PRE_01_088_002_00_02_013_5155_Mesa_13.pdf,COL MIL EL TESORO DEL SABER,NO_DECODIFICADO,SIN_TEXTO_INTERNO,2
E14_PRE_15_088_002_00_02_001_5776_Mesa_1.pdf,COL NUESTRA SEÑORA DEL ROSARIO,NO_DECODIFICADO,SIN_TEXTO_INTERNO,2
E14_PRE_15_088_002_00_02_002_5776_Mesa_2.pdf,COL NUESTRA SEÑORA DEL ROSARIO,NO_DECODIFICADO,SIN_TEXTO_INTERNO,2
E14_PRE_15_088_002_00_02_003_5776_Mesa_3.pdf,COL NUESTRA SEÑORA DEL ROSARIO,NO_DECODIFICADO,SIN_TEXTO_INTERNO,2
E14_PRE_15_088_002_00_02_004_5776_Mesa_4.pdf,COL NUESTRA SEÑORA DEL ROSARIO,NO_DECODIFICADO,SIN_TEXTO_INTERNO,2
E14_PRE_15_088_002_00_02_005_5776_Mesa_5.pdf,COL NUESTRA SEÑORA DEL ROSARIO,NO_DECODIFICADO,SIN_TEXTO_INTERNO,2
E14_PRE_15_088_002_00_02_006_5776_Mesa_6.pdf,COL NUESTRA SEÑORA DEL ROSARIO,NO_DECODIFICADO,SIN_TEXTO_INTERNO,2
E14_PRE_15_088_002_00_02_007_5776_Mesa_7.pdf,COL NUESTRA SEÑORA DEL ROSARIO,NO_DECODIFICADO,SIN_TEXTO_INTERNO,2
E14_PRE_15_088_002_00_02_008_5776_Mesa_8.pdf,COL NUESTRA SEÑORA DEL ROSARIO,sRJ/uCg2QcLiazdPfApugWFlGiJ/vxCjEr9UtLigzEs=,SIN_TEXTO_INTERNO,2
E14_PRE_15_088_002_00_02_009_5776_Mesa_9.pdf,COL NUESTRA SEÑORA DEL ROSARIO,NO_DECODIFICADO,SIN_TEXTO_INTERNO,2
E14_PRE_15_088_002_00_04_001_5776_Mesa_1.pdf,COL PARROQUIAL SANTIAGO APOSTOL,NO_DECODIFICADO,SIN_TEXTO_INTERNO,2
E14_PRE_15_088_002_00_04_002_5776_Mesa_2.pdf,COL PARROQUIAL SANTIAGO APOSTOL,NO_DECODIFICADO,SIN_TEXTO_INTERNO,2
E14_PRE_15_088_002_00_04_003_5776_Mesa_3.pdf,COL PARROQUIAL SANTIAGO APOSTOL,NO_DECODIFICADO,SIN_TEXTO_INTERNO,2
E14_PRE_15_088_002_00_04_004_5776_Mesa_4.pdf,COL PARROQUIAL SANTIAGO APOSTOL,NO_DECODIFICADO,SIN_TEXTO_INTERNO,2
E14_PRE_15_088_002_00_04_005_5776_Mesa_5.pdf,COL PARROQUIAL SANTIAGO APOSTOL,NO_DECODIFICADO,SIN_TEXTO_INTERNO,2
E14_PRE_15_088_002_00_01_001_5774_Mesa_1.pdf,COL SAN JOSE,NO_DECODIFICADO,SIN_TEXTO_INTERNO,2
E14_PRE_15_088_002_00_01_002_5774_Mesa_2.pdf,COL SAN JOSE,NO_DECODIFICADO,SIN_TEXTO_INTERNO,2
E14_PRE_15_088_002_00_01_003_5774_Mesa_3.pdf,COL SAN JOSE,NO_DECODIFICADO,SIN_TEXTO_INTERNO,2
E14_PRE_15_088_002_00_01_004_5774_Mesa_4.pdf,COL SAN JOSE,NO_DECODIFICADO,SIN_TEXTO_INTERNO,2
E14_PRE_15_088_002_00_01_005_5774_Mesa_5.pdf,COL SAN JOSE,NO_DECODIFICADO,SIN_TEXTO_INTERNO,2
E14_PRE_15_088_002_00_01_006_5774_Mesa_6.pdf,COL SAN JOSE,NO_DECODIFICADO,SIN_TEXTO_INTERNO,2
E14_PRE_15_088_002_00_01_007_5774_Mesa_7.pdf,COL SAN JOSE,NO_DECODIFICADO,SIN_TEXTO_INTERNO,2
E14_PRE_15_088_002_00_01_008_5774_Mesa_8.pdf,COL SAN JOSE,s0H6TWI9eA5mavazr6DpWtPAOUFVnEsrKn43j8N6qpU=,SIN_TEXTO_INTERNO,2
E14_PRE_15_088_002_00_01_009_5774_Mesa_9.pdf,COL SAN JOSE,NO_DECODIFICADO,SIN_TEXTO_INTERNO,2
E14_PRE_15_088_002_00_01_010_5774_Mesa_10.pdf,COL SAN JOSE,NO_DECODIFICADO,SIN_TEXTO_INTERNO,2
E14_PRE_15_088_002_00_01_011_5774_Mesa_11.pdf,COL SAN JOSE,NO_DECODIFICADO,SIN_TEXTO_INTERNO,2
E14_PRE_15_088_002_00_01_012_5774_Mesa_12.pdf,COL SAN JOSE,NO_DECODIFICADO,SIN_TEXTO_INTERNO,2
E14_PRE_15_088_002_00_01_013_5774_Mesa_13.pdf,COL SAN JOSE,NO_DECODIFICADO,SIN_TEXTO_INTERNO,2
E14_PRE_15_088_002_00_01_014_5774_Mesa_14.pdf,COL SAN JOSE,NO_DECODIFICADO,SIN_TEXTO_INTERNO,2
E14_PRE_15_088_002_00_01_015_5774_Mesa_15.pdf,COL SAN JOSE,NO_DECODIFICADO,SIN_TEXTO_INTERNO,2
E14_PRE_15_088_002_00_01_016_5774_Mesa_16.pdf,COL SAN JOSE,NO_DECODIFICADO,SIN_TEXTO_INTERNO,2
E14_PRE_15_088_002_00_03_001_5773_Mesa_1.pdf,COL SANTANA,aFyDOhDk3nIQKXwC09BHlW/vJx/NCK7PPYZwPX57ik0=,SIN_TEXTO_INTERNO,2
E14_PRE_15_088_002_00_03_002_5773_Mesa_2.pdf,COL SANTANA,NO_DECODIFICADO,SIN_TEXTO_INTERNO,2
E14_PRE_15_088_002_00_03_003_5773_Mesa_3.pdf,COL SANTANA,NO_DECODIFICADO,SIN_TEXTO_INTERNO,2
E14_PRE_15_088_002_00_03_004_5773_Mesa_4.pdf,COL SANTANA,NO_DECODIFICADO,SIN_TEXTO_INTERNO,2
E14_PRE_15_088_002_00_03_005_5773_Mesa_5.pdf,COL SANTANA,NO_DECODIFICADO,SIN_TEXTO_INTERNO,2
E14_PRE_15_088_002_00_03_006_5773_Mesa_6.pdf,COL SANTANA,NO_DECODIFICADO,SIN_TEXTO_INTERNO,2
E14_PRE_15_088_001_00_02_001_5774_Mesa_1.pdf,COL TEC IND CORAZON DE MARIA,NO_DECODIFICADO,SIN_TEXTO_INTERNO,2
E14_PRE_15_088_001_00_02_002_5774_Mesa_2.pdf,COL TEC IND CORAZON DE MARIA,NO_DECODIFICADO,SIN_TEXTO_INTERNO,2
E14_PRE_15_088_001_00_02_003_5774_Mesa_3.pdf,COL TEC IND CORAZON DE MARIA,NO_DECODIFICADO,SIN_TEXTO_INTERNO,2
E14_PRE_15_088_001_00_02_004_5774_Mesa_4.pdf,COL TEC IND CORAZON DE MARIA,7dkpMY/fu0c/SS5MbCMQ+auLJ0yPo4uAWt6n6soNnjM=,SIN_TEXTO_INTERNO,2
E14_PRE_15_088_001_00_02_005_5774_Mesa_5.pdf,COL TEC IND CORAZON DE MARIA,NO_DECODIFICADO,SIN_TEXTO_INTERNO,2
E14_PRE_15_088_001_00_02_006_5774_Mesa_6.pdf,COL TEC IND CORAZON DE MARIA,NO_DECODIFICADO,SIN_TEXTO_INTERNO,2
E14_PRE_15_088_001_00_02_007_5774_Mesa_7.pdf,COL TEC IND CORAZON DE MARIA,NO_DECODIFICADO,SIN_TEXTO_INTERNO,2
E14_PRE_15_088_001_00_02_008_5774_Mesa_8.pdf,COL TEC IND CORAZON DE MARIA,NO_DECODIFICADO,SIN_TEXTO_INTERNO,2
E14_PRE_15_088_001_00_02_009_5774_Mesa_9.pdf,COL TEC IND CORAZON DE MARIA,NO_DECODIFICADO,SIN_TEXTO_INTERNO,2
E14_PRE_15_088_001_00_02_010_5774_Mesa_10.pdf,COL TEC IND CORAZON DE MARIA,NO_DECODIFICADO,SIN_TEXTO_INTERNO,2
E14_PRE_15_160_002_00_05_001_5799_Mesa_1.pdf,COLEGIO  SAN  JOSE,NO_DECODIFICADO,SIN_TEXTO_INTERNO,2
E14_PRE_15_160_002_00_05_002_5799_Mesa_2.pdf,COLEGIO  SAN  JOSE,qMgf1tE3GNT8dNm8o/O71/IqgB7acJaskDHU/DahjGc= | 16972545,SIN_TEXTO_INTERNO,2
E14_PRE_15_160_002_00_05_003_5799_Mesa_3.pdf,COLEGIO  SAN  JOSE,NO_DECODIFICADO,SIN_TEXTO_INTERNO,2
E14_PRE_15_160_002_00_05_004_5799_Mesa_4.pdf,COLEGIO  SAN  JOSE,NO_DECODIFICADO,SIN_TEXTO_INTERNO,2
E14_PRE_15_160_002_00_05_005_5799_Mesa_5.pdf,COLEGIO  SAN  JOSE,9wfqc16tb+QLgTavHyTy4Mhe95adT0IEZJrur0VIHkg=,SIN_TEXTO_INTERNO,2
E14_PRE_15_160_002_00_05_006_5799_Mesa_6.pdf,COLEGIO  SAN  JOSE,NO_DECODIFICADO,SIN_TEXTO_INTERNO,2
E14_PRE_15_160_002_00_05_007_5799_Mesa_7.pdf,COLEGIO  SAN  JOSE,NO_DECODIFICADO,SIN_TEXTO_INTERNO,2
E14_PRE_15_160_002_00_05_008_5799_Mesa_8.pdf,COLEGIO  SAN  JOSE,NO_DECODIFICADO,SIN_TEXTO_INTERNO,2
E14_PRE_15_160_002_00_05_009_5799_Mesa_9.pdf,COLEGIO  SAN  JOSE,NO_DECODIFICADO,SIN_TEXTO_INTERNO,2
E14_PRE_15_160_002_00_05_010_5799_Mesa_10.pdf,COLEGIO  SAN  JOSE,NO_DECODIFICADO,SIN_TEXTO_INTERNO,2
E14_PRE_15_160_002_00_05_011_5799_Mesa_11.pdf,COLEGIO  SAN  JOSE,NO_DECODIFICADO,SIN_TEXTO_INTERNO,2
E14_PRE_15_160_002_00_05_012_5799_Mesa_12.pdf,COLEGIO  SAN  JOSE,AZ036se/NDmBWOyty0tyc82vY1bod8I03RQgqpGeScA=,SIN_TEXTO_INTERNO,2
E14_PRE_15_160_002_00_05_013_5799_Mesa_13.pdf,COLEGIO  SAN  JOSE,NO_DECODIFICADO,SIN_TEXTO_INTERNO,2
E14_PRE_15_160_002_00_05_014_5799_Mesa_14.pdf,COLEGIO  SAN  JOSE,NO_DECODIFICADO,SIN_TEXTO_INTERNO,2
E14_PRE_15_160_002_00_05_015_5799_Mesa_15.pdf,COLEGIO  SAN  JOSE,NO_DECODIFICADO,SIN_TEXTO_INTERNO,2
E14_PRE_15_160_002_00_01_001_5796_Mesa_1.pdf,COLEGIO DEPTAL SERREZUELA,NO_DECODIFICADO,SIN_TEXTO_INTERNO,2
E14_PRE_15_160_002_00_01_002_5796_Mesa_2.pdf,COLEGIO DEPTAL SERREZUELA,NO_DECODIFICADO,SIN_TEXTO_INTERNO,2
E14_PRE_15_160_002_00_01_003_5796_Mesa_3.pdf,COLEGIO DEPTAL SERREZUELA,NO_DECODIFICADO,SIN_TEXTO_INTERNO,2
E14_PRE_15_160_002_00_01_004_5796_Mesa_4.pdf,COLEGIO DEPTAL SERREZUELA,NO_DECODIFICADO,SIN_TEXTO_INTERNO,2
E14_PRE_15_160_002_00_01_005_5796_Mesa_5.pdf,COLEGIO DEPTAL SERREZUELA,NO_DECODIFICADO,SIN_TEXTO_INTERNO,2
E14_PRE_15_160_002_00_01_006_5796_Mesa_6.pdf,COLEGIO DEPTAL SERREZUELA,NO_DECODIFICADO,SIN_TEXTO_INTERNO,2
E14_PRE_15_160_002_00_01_007_5796_Mesa_7.pdf,COLEGIO DEPTAL SERREZUELA,NO_DECODIFICADO,SIN_TEXTO_INTERNO,2
E14_PRE_15_160_002_00_01_008_5796_Mesa_8.pdf,COLEGIO DEPTAL SERREZUELA,NO_DECODIFICADO,SIN_TEXTO_INTERNO,2
E14_PRE_15_160_002_00_01_009_5796_Mesa_9.pdf,COLEGIO DEPTAL SERREZUELA,NO_DECODIFICADO,SIN_TEXTO_INTERNO,2
E14_PRE_15_160_002_00_01_010_5796_Mesa_10.pdf,COLEGIO DEPTAL SERREZUELA,NO_DECODIFICADO,SIN_TEXTO_INTERNO,2
E14_PRE_15_160_002_00_01_011_5796_Mesa_11.pdf,COLEGIO DEPTAL SERREZUELA,NO_DECODIFICADO,SIN_TEXTO_INTERNO,2
E14_PRE_15_160_002_00_01_012_5796_Mesa_12.pdf,COLEGIO DEPTAL SERREZUELA,NO_DECODIFICADO,SIN_TEXTO_INTERNO,2
E14_PRE_15_160_002_00_01_013_5796_Mesa_13.pdf,COLEGIO DEPTAL SERREZUELA,NO_DECODIFICADO,SIN_TEXTO_INTERNO,2
E14_PRE_15_160_002_00_01_014_5796_Mesa_14.pdf,COLEGIO DEPTAL SERREZUELA,NO_DECODIFICADO,SIN_TEXTO_INTERNO,2
E14_PRE_15_160_002_00_01_015_5796_Mesa_15.pdf,COLEGIO DEPTAL SERREZUELA,T4F5I1SzFEq9uphrK4kbvRHk7l6eVZuvzkTJSSoyyZY=,SIN_TEXTO_INTERNO,2
E14_PRE_15_160_002_00_01_016_5796_Mesa_16.pdf,COLEGIO DEPTAL SERREZUELA,x2zfcM78VJV5zuPh/2MX54Qt4QlR5Qh4Gd3wUcbgj0A=,SIN_TEXTO_INTERNO,2
E14_PRE_15_160_002_00_01_017_5796_Mesa_17.pdf,COLEGIO DEPTAL SERREZUELA,NO_DECODIFICADO,SIN_TEXTO_INTERNO,2
E14_PRE_15_160_002_00_01_018_5796_Mesa_18.pdf,COLEGIO DEPTAL SERREZUELA,NO_DECODIFICADO,SIN_TEXTO_INTERNO,2
E14_PRE_15_160_002_00_01_019_5796_Mesa_19.pdf,COLEGIO DEPTAL SERREZUELA,NO_DECODIFICADO,SIN_TEXTO_INTERNO,2
E14_PRE_15_160_002_00_01_020_5796_Mesa_20.pdf,COLEGIO DEPTAL SERREZUELA,NO_DECODIFICADO,SIN_TEXTO_INTERNO,2
E14_PRE_01_001_017_09_05_001_5088_Mesa_1.pdf,COLEGIO EUCARISTICO,NO_DECODIFICADO,SIN_TEXTO_INTERNO,2
E14_PRE_01_001_017_09_05_002_5088_Mesa_2.pdf,COLEGIO EUCARISTICO,NO_DECODIFICADO,SIN_TEXTO_INTERNO,2
E14_PRE_01_001_017_09_05_003_5088_Mesa_3.pdf,COLEGIO EUCARISTICO,NO_DECODIFICADO,SIN_TEXTO_INTERNO,2
E14_PRE_01_001_017_09_05_004_5088_Mesa_4.pdf,COLEGIO EUCARISTICO,NO_DECODIFICADO,SIN_TEXTO_INTERNO,2
E14_PRE_01_001_017_09_05_005_5088_Mesa_5.pdf,COLEGIO EUCARISTICO,NO_DECODIFICADO,SIN_TEXTO_INTERNO,2
E14_PRE_01_001_017_09_05_006_5088_Mesa_6.pdf,COLEGIO EUCARISTICO,NO_DECODIFICADO,SIN_TEXTO_INTERNO,2
E14_PRE_01_001_017_09_05_007_5088_Mesa_7.pdf,COLEGIO EUCARISTICO,NO_DECODIFICADO,SIN_TEXTO_INTERNO,2
E14_PRE_01_001_017_09_05_008_5088_Mesa_8.pdf,COLEGIO EUCARISTICO,NO_DECODIFICADO,SIN_TEXTO_INTERNO,2
E14_PRE_01_001_017_09_05_009_5088_Mesa_9.pdf,COLEGIO EUCARISTICO,NO_DECODIFICADO,SIN_TEXTO_INTERNO,2
E14_PRE_01_001_017_09_05_010_5088_Mesa_10.pdf,COLEGIO EUCARISTICO,NO_DECODIFICADO,SIN_TEXTO_INTERNO,2
E14_PRE_01_001_017_09_05_011_5088_Mesa_11.pdf,COLEGIO EUCARISTICO,NO_DECODIFICADO,SIN_TEXTO_INTERNO,2
E14_PRE_01_001_017_09_05_012_5088_Mesa_12.pdf,COLEGIO EUCARISTICO,NO_DECODIFICADO,SIN_TEXTO_INTERNO,2
E14_PRE_01_001_017_09_05_013_5088_Mesa_13.pdf,COLEGIO EUCARISTICO,NO_DECODIFICADO,SIN_TEXTO_INTERNO,2
E14_PRE_01_001_017_09_05_014_5088_Mesa_14.pdf,COLEGIO EUCARISTICO,NO_DECODIFICADO,SIN_TEXTO_INTERNO,2
E14_PRE_01_001_017_09_05_015_5088_Mesa_15.pdf,COLEGIO EUCARISTICO,NO_DECODIFICADO,SIN_TEXTO_INTERNO,2
E14_PRE_01_001_017_09_05_016_5088_Mesa_16.pdf,COLEGIO EUCARISTICO,NO_DECODIFICADO,SIN_TEXTO_INTERNO,2
E14_PRE_01_001_017_09_05_017_5088_Mesa_17.pdf,COLEGIO EUCARISTICO,NO_DECODIFICADO,SIN_TEXTO_INTERNO,2
E14_PRE_01_001_017_09_05_018_5088_Mesa_18.pdf,COLEGIO EUCARISTICO,NO_DECODIFICADO,SIN_TEXTO_INTERNO,2
E14_PRE_01_001_017_09_05_019_5088_Mesa_19.pdf,COLEGIO EUCARISTICO,NO_DECODIFICADO,SIN_TEXTO_INTERNO,2
E14_PRE_01_001_017_09_05_020_5088_Mesa_20.pdf,COLEGIO EUCARISTICO,NO_DECODIFICADO,SIN_TEXTO_INTERNO,2
E14_PRE_15_160_001_00_11_001_5797_Mesa_1.pdf,COLEGIO GABRIEL ECHAVARRIA,NO_DECODIFICADO,SIN_TEXTO_INTERNO,2
E14_PRE_15_160_001_00_11_002_5797_Mesa_2.pdf,COLEGIO GABRIEL ECHAVARRIA,UJUTEpsURS7YAfdVLJj5thZOCyrC8TIL7RJdtHJ9SKg=,SIN_TEXTO_INTERNO,2
E14_PRE_15_160_001_00_11_003_5797_Mesa_3.pdf,COLEGIO GABRIEL ECHAVARRIA,NO_DECODIFICADO,SIN_TEXTO_INTERNO,2
E14_PRE_15_160_001_00_11_004_5797_Mesa_4.pdf,COLEGIO GABRIEL ECHAVARRIA,MPM641W1GuR7kUXWQQY+DrKHA2JpqxvnjlycRVd6EU8=,SIN_TEXTO_INTERNO,2
E14_PRE_15_160_001_00_11_005_5797_Mesa_5.pdf,COLEGIO GABRIEL ECHAVARRIA,NO_DECODIFICADO,SIN_TEXTO_INTERNO,2
E14_PRE_15_160_001_00_11_006_5797_Mesa_6.pdf,COLEGIO GABRIEL ECHAVARRIA,NO_DECODIFICADO,SIN_TEXTO_INTERNO,2
E14_PRE_15_160_001_00_11_007_5797_Mesa_7.pdf,COLEGIO GABRIEL ECHAVARRIA,NO_DECODIFICADO,SIN_TEXTO_INTERNO,2
E14_PRE_15_160_001_00_11_008_5797_Mesa_8.pdf,COLEGIO GABRIEL ECHAVARRIA,9HFeBg9LbeLixcrOJpmGH55NNa3rZ2MVZ5nd9T3iWVU=,SIN_TEXTO_INTERNO,2
E14_PRE_15_160_001_00_11_009_5797_Mesa_9.pdf,COLEGIO GABRIEL ECHAVARRIA,NO_DECODIFICADO,SIN_TEXTO_INTERNO,2
E14_PRE_15_160_001_00_11_010_5797_Mesa_10.pdf,COLEGIO GABRIEL ECHAVARRIA,NO_DECODIFICADO,SIN_TEXTO_INTERNO,2
E14_PRE_15_160_001_00_11_011_5797_Mesa_11.pdf,COLEGIO GABRIEL ECHAVARRIA,N32FJ8E1DNadh+q0QCHJNpk9c80jVZiv7g8kvYgAj3U=,SIN_TEXTO_INTERNO,2
E14_PRE_15_160_001_00_11_012_5797_Mesa_12.pdf,COLEGIO GABRIEL ECHAVARRIA,NO_DECODIFICADO,SIN_TEXTO_INTERNO,2
E14_PRE_15_160_001_00_04_001_5796_Mesa_1.pdf,COLEGIO LA MAGNOLIA,NO_DECODIFICADO,SIN_TEXTO_INTERNO,2
E14_PRE_15_160_001_00_04_002_5796_Mesa_2.pdf,COLEGIO LA MAGNOLIA,iSssOy8QZUSOO3XCBEtNFL4Y3MIY4y/egKucTaHqC2k=,SIN_TEXTO_INTERNO,2
E14_PRE_15_160_001_00_04_003_5796_Mesa_3.pdf,COLEGIO LA MAGNOLIA,NO_DECODIFICADO,SIN_TEXTO_INTERNO,2
E14_PRE_15_160_001_00_04_004_5796_Mesa_4.pdf,COLEGIO LA MAGNOLIA,NO_DECODIFICADO,SIN_TEXTO_INTERNO,2
E14_PRE_15_160_001_00_04_005_5796_Mesa_5.pdf,COLEGIO LA MAGNOLIA,fS221+2OQHrUaP0T+xiN36k1pZCzBuU/1GHQuSrH3BU=,SIN_TEXTO_INTERNO,2
E14_PRE_15_160_001_00_04_006_5796_Mesa_6.pdf,COLEGIO LA MAGNOLIA,NO_DECODIFICADO,SIN_TEXTO_INTERNO,2
E14_PRE_15_160_001_00_04_007_5796_Mesa_7.pdf,COLEGIO LA MAGNOLIA,NO_DECODIFICADO,SIN_TEXTO_INTERNO,2
E14_PRE_15_160_001_00_04_008_5796_Mesa_8.pdf,COLEGIO LA MAGNOLIA,NO_DECODIFICADO,SIN_TEXTO_INTERNO,2
E14_PRE_15_160_002_00_08_002_5798_Mesa_2.pdf,COLEGIO LA PROSPERIDAD,NO_DECODIFICADO,SIN_TEXTO_INTERNO,2
E14_PRE_15_160_002_00_08_003_5798_Mesa_3.pdf,COLEGIO LA PROSPERIDAD,NO_DECODIFICADO,SIN_TEXTO_INTERNO,2
E14_PRE_15_160_002_00_08_004_5798_Mesa_4.pdf,COLEGIO LA PROSPERIDAD,NO_DECODIFICADO,SIN_TEXTO_INTERNO,2
E14_PRE_15_160_002_00_08_005_5798_Mesa_5.pdf,COLEGIO LA PROSPERIDAD,NO_DECODIFICADO,SIN_TEXTO_INTERNO,2
E14_PRE_15_160_002_00_08_006_5798_Mesa_6.pdf,COLEGIO LA PROSPERIDAD,NO_DECODIFICADO,SIN_TEXTO_INTERNO,2
E14_PRE_15_160_002_00_08_007_5798_Mesa_7.pdf,COLEGIO LA PROSPERIDAD,NO_DECODIFICADO,SIN_TEXTO_INTERNO,2
E14_PRE_15_160_002_00_08_008_5798_Mesa_8.pdf,COLEGIO LA PROSPERIDAD,NO_DECODIFICADO,SIN_TEXTO_INTERNO,2
E14_PRE_15_160_002_00_08_009_5798_Mesa_9.pdf,COLEGIO LA PROSPERIDAD,NO_DECODIFICADO,SIN_TEXTO_INTERNO,2
E14_PRE_15_160_002_00_08_010_5798_Mesa_10.pdf,COLEGIO LA PROSPERIDAD,NO_DECODIFICADO,SIN_TEXTO_INTERNO,2
E14_PRE_15_160_002_00_08_011_5798_Mesa_11.pdf,COLEGIO LA PROSPERIDAD,NO_DECODIFICADO,SIN_TEXTO_INTERNO,2
E14_PRE_15_160_002_00_08_012_5798_Mesa_12.pdf,COLEGIO LA PROSPERIDAD,GiCCbgtvBZqpokKNvHlTEgxj0XllyLDZVMpEIhc0NsE=,SIN_TEXTO_INTERNO,2
E14_PRE_15_160_002_00_08_013_5798_Mesa_13.pdf,COLEGIO LA PROSPERIDAD,FZGtzBKzZAQZVFwzG77u7smpqe+Y+lfRkKXSzYuxgoo=,SIN_TEXTO_INTERNO,2
E14_PRE_15_160_002_00_08_014_5798_Mesa_14.pdf,COLEGIO LA PROSPERIDAD,NO_DECODIFICADO,SIN_TEXTO_INTERNO,2
E14_PRE_15_160_002_00_08_015_5798_Mesa_15.pdf,COLEGIO LA PROSPERIDAD,NO_DECODIFICADO,SIN_TEXTO_INTERNO,2
E14_PRE_15_160_002_00_08_016_5798_Mesa_16.pdf,COLEGIO LA PROSPERIDAD,NO_DECODIFICADO,SIN_TEXTO_INTERNO,2
E14_PRE_15_160_002_00_08_017_5798_Mesa_17.pdf,COLEGIO LA PROSPERIDAD,NO_DECODIFICADO,SIN_TEXTO_INTERNO,2
E14_PRE_15_160_002_00_08_018_5798_Mesa_18.pdf,COLEGIO LA PROSPERIDAD,NO_DECODIFICADO,SIN_TEXTO_INTERNO,2
E14_PRE_15_160_002_00_08_019_5798_Mesa_19.pdf,COLEGIO LA PROSPERIDAD,NO_DECODIFICADO,SIN_TEXTO_INTERNO,2
E14_PRE_15_160_002_00_08_020_5798_Mesa_20.pdf,COLEGIO LA PROSPERIDAD,NO_DECODIFICADO,SIN_TEXTO_INTERNO,2
E14_PRE_15_160_002_00_08_021_5798_Mesa_21.pdf,COLEGIO LA PROSPERIDAD,z3M3W4tRAdWHbnhOtc2kVn4HNN4TYBPk6ieCquGnVCU=,SIN_TEXTO_INTERNO,2
E14_PRE_15_160_002_00_04_001_5798_Mesa_1.pdf,COLEGIO MARIA TERESA ORTIZ,NO_DECODIFICADO,SIN_TEXTO_INTERNO,2
E14_PRE_15_160_002_00_04_002_5798_Mesa_2.pdf,COLEGIO MARIA TERESA ORTIZ,NO_DECODIFICADO,SIN_TEXTO_INTERNO,2
E14_PRE_15_160_002_00_04_003_5798_Mesa_3.pdf,COLEGIO MARIA TERESA ORTIZ,NO_DECODIFICADO,SIN_TEXTO_INTERNO,2
E14_PRE_15_160_002_00_04_004_5798_Mesa_4.pdf,COLEGIO MARIA TERESA ORTIZ,NO_DECODIFICADO,SIN_TEXTO_INTERNO,2
E14_PRE_15_160_002_00_04_005_5798_Mesa_5.pdf,COLEGIO MARIA TERESA ORTIZ,NO_DECODIFICADO,SIN_TEXTO_INTERNO,2
E14_PRE_15_160_002_00_04_006_5798_Mesa_6.pdf,COLEGIO MARIA TERESA ORTIZ,NO_DECODIFICADO,SIN_TEXTO_INTERNO,2
E14_PRE_15_160_002_00_04_007_5798_Mesa_7.pdf,COLEGIO MARIA TERESA ORTIZ,NO_DECODIFICADO,SIN_TEXTO_INTERNO,2
E14_PRE_15_160_002_00_04_008_5798_Mesa_8.pdf,COLEGIO MARIA TERESA ORTIZ,NO_DECODIFICADO,SIN_TEXTO_INTERNO,2
E14_PRE_15_160_002_00_04_009_5798_Mesa_9.pdf,COLEGIO MARIA TERESA ORTIZ,NO_DECODIFICADO,SIN_TEXTO_INTERNO,2
E14_PRE_15_160_002_00_04_010_5798_Mesa_10.pdf,COLEGIO MARIA TERESA ORTIZ,NO_DECODIFICADO,SIN_TEXTO_INTERNO,2
E14_PRE_15_160_002_00_04_011_5798_Mesa_11.pdf,COLEGIO MARIA TERESA ORTIZ,NO_DECODIFICADO,SIN_TEXTO_INTERNO,2
E14_PRE_15_160_002_00_04_012_5798_Mesa_12.pdf,COLEGIO MARIA TERESA ORTIZ,NO_DECODIFICADO,SIN_TEXTO_INTERNO,2
E14_PRE_15_160_002_00_04_013_5798_Mesa_13.pdf,COLEGIO MARIA TERESA ORTIZ,NO_DECODIFICADO,SIN_TEXTO_INTERNO,2
E14_PRE_15_160_002_00_04_014_5798_Mesa_14.pdf,COLEGIO MARIA TERESA ORTIZ,NO_DECODIFICADO,SIN_TEXTO_INTERNO,2
E14_PRE_15_160_002_00_04_015_5798_Mesa_15.pdf,COLEGIO MARIA TERESA ORTIZ,NO_DECODIFICADO,SIN_TEXTO_INTERNO,2
E14_PRE_15_160_002_00_04_016_5798_Mesa_16.pdf,COLEGIO MARIA TERESA ORTIZ,NO_DECODIFICADO,SIN_TEXTO_INTERNO,2
E14_PRE_15_160_002_00_04_017_5798_Mesa_17.pdf,COLEGIO MARIA TERESA ORTIZ,ixPb7Bc4hZk42qsSksBtrstrJNSumtoSrkHAHcx2EBI=,SIN_TEXTO_INTERNO,2
E14_PRE_15_160_002_00_04_018_5798_Mesa_18.pdf,COLEGIO MARIA TERESA ORTIZ,NO_DECODIFICADO,SIN_TEXTO_INTERNO,2
E14_PRE_15_160_001_00_07_001_5797_Mesa_1.pdf,COLEGIO PEDAGOGICO INGLES,NO_DECODIFICADO,SIN_TEXTO_INTERNO,2
E14_PRE_15_160_001_00_07_002_5797_Mesa_2.pdf,COLEGIO PEDAGOGICO INGLES,NO_DECODIFICADO,SIN_TEXTO_INTERNO,2
E14_PRE_15_160_001_00_07_003_5797_Mesa_3.pdf,COLEGIO PEDAGOGICO INGLES,NO_DECODIFICADO,SIN_TEXTO_INTERNO,2
E14_PRE_15_160_001_00_07_004_5797_Mesa_4.pdf,COLEGIO PEDAGOGICO INGLES,NO_DECODIFICADO,SIN_TEXTO_INTERNO,2
E14_PRE_15_160_001_00_07_005_5797_Mesa_5.pdf,COLEGIO PEDAGOGICO INGLES,NO_DECODIFICADO,SIN_TEXTO_INTERNO,2
E14_PRE_15_160_001_00_07_006_5797_Mesa_6.pdf,COLEGIO PEDAGOGICO INGLES,NO_DECODIFICADO,SIN_TEXTO_INTERNO,2
E14_PRE_15_160_001_00_07_007_5797_Mesa_7.pdf,COLEGIO PEDAGOGICO INGLES,WvqKSnobgNizBPB8hi6knktSGPrNe2eKNk4oz3kOqNY=,SIN_TEXTO_INTERNO,2
E14_PRE_15_160_001_00_07_008_5797_Mesa_8.pdf,COLEGIO PEDAGOGICO INGLES,NO_DECODIFICADO,SIN_TEXTO_INTERNO,2
E14_PRE_15_160_001_00_07_009_5797_Mesa_9.pdf,COLEGIO PEDAGOGICO INGLES,qyjA/gnKa5lq66vtfuyQobIHN9F9cUuZlWpu/cjryiA=,SIN_TEXTO_INTERNO,2
E14_PRE_15_160_001_00_02_001_5795_Mesa_1.pdf,COLEGIO SAN PEDRO,NO_DECODIFICADO,SIN_TEXTO_INTERNO,2
E14_PRE_15_160_001_00_02_002_5795_Mesa_2.pdf,COLEGIO SAN PEDRO,NO_DECODIFICADO,SIN_TEXTO_INTERNO,2
E14_PRE_15_160_001_00_02_003_5795_Mesa_3.pdf,COLEGIO SAN PEDRO,NO_DECODIFICADO,SIN_TEXTO_INTERNO,2
E14_PRE_15_160_001_00_02_004_5795_Mesa_4.pdf,COLEGIO SAN PEDRO,NO_DECODIFICADO,SIN_TEXTO_INTERNO,2
E14_PRE_15_160_001_00_02_005_5795_Mesa_5.pdf,COLEGIO SAN PEDRO,NO_DECODIFICADO,SIN_TEXTO_INTERNO,2
E14_PRE_15_160_001_00_02_006_5795_Mesa_6.pdf,COLEGIO SAN PEDRO,NO_DECODIFICADO,SIN_TEXTO_INTERNO,2
E14_PRE_15_160_001_00_02_007_5795_Mesa_7.pdf,COLEGIO SAN PEDRO,jqT1dQIBgHT814+owy9Qfzy6pZFOGyVmuoHARg8LSEM=,SIN_TEXTO_INTERNO,2
E14_PRE_15_160_001_00_02_008_5795_Mesa_8.pdf,COLEGIO SAN PEDRO,NO_DECODIFICADO,SIN_TEXTO_INTERNO,2
E14_PRE_15_160_001_00_02_009_5795_Mesa_9.pdf,COLEGIO SAN PEDRO,I12fBT/fHkLZHeAGe7KREWBVcFjk9S2IU5ufP7ONWnY=,SIN_TEXTO_INTERNO,2
E14_PRE_15_160_001_00_02_010_5795_Mesa_10.pdf,COLEGIO SAN PEDRO,NO_DECODIFICADO,SIN_TEXTO_INTERNO,2
E14_PRE_15_160_001_00_02_011_5795_Mesa_11.pdf,COLEGIO SAN PEDRO,NO_DECODIFICADO,SIN_TEXTO_INTERNO,2
E14_PRE_15_160_001_00_02_012_5795_Mesa_12.pdf,COLEGIO SAN PEDRO,NO_DECODIFICADO,SIN_TEXTO_INTERNO,2
E14_PRE_15_160_001_00_02_013_5795_Mesa_13.pdf,COLEGIO SAN PEDRO,NO_DECODIFICADO,SIN_TEXTO_INTERNO,2
E14_PRE_15_160_001_00_02_014_5795_Mesa_14.pdf,COLEGIO SAN PEDRO,NO_DECODIFICADO,SIN_TEXTO_INTERNO,2
E14_PRE_15_160_001_00_02_015_5795_Mesa_15.pdf,COLEGIO SAN PEDRO,NO_DECODIFICADO,SIN_TEXTO_INTERNO,2
E14_PRE_15_160_001_00_02_016_5795_Mesa_16.pdf,COLEGIO SAN PEDRO,NO_DECODIFICADO,SIN_TEXTO_INTERNO,2
E14_PRE_15_160_002_00_07_001_5798_Mesa_1.pdf,COLEGIO SANTO TOMAS,NO_DECODIFICADO,SIN_TEXTO_INTERNO,2
E14_PRE_15_160_002_00_07_002_5798_Mesa_2.pdf,COLEGIO SANTO TOMAS,NO_DECODIFICADO,SIN_TEXTO_INTERNO,2
E14_PRE_15_160_002_00_07_003_5798_Mesa_3.pdf,COLEGIO SANTO TOMAS,NO_DECODIFICADO,SIN_TEXTO_INTERNO,2
E14_PRE_15_160_002_00_07_004_5798_Mesa_4.pdf,COLEGIO SANTO TOMAS,NO_DECODIFICADO,SIN_TEXTO_INTERNO,2
E14_PRE_15_160_002_00_07_005_5798_Mesa_5.pdf,COLEGIO SANTO TOMAS,NO_DECODIFICADO,SIN_TEXTO_INTERNO,2
E14_PRE_15_160_002_00_07_006_5798_Mesa_6.pdf,COLEGIO SANTO TOMAS,NO_DECODIFICADO,SIN_TEXTO_INTERNO,2
E14_PRE_15_160_002_00_07_007_5798_Mesa_7.pdf,COLEGIO SANTO TOMAS,NO_DECODIFICADO,SIN_TEXTO_INTERNO,2
E14_PRE_15_160_002_00_07_008_5798_Mesa_8.pdf,COLEGIO SANTO TOMAS,NO_DECODIFICADO,SIN_TEXTO_INTERNO,2
E14_PRE_15_160_002_00_07_009_5798_Mesa_9.pdf,COLEGIO SANTO TOMAS,NO_DECODIFICADO,SIN_TEXTO_INTERNO,2
E14_PRE_15_160_002_00_07_010_5798_Mesa_10.pdf,COLEGIO SANTO TOMAS,NO_DECODIFICADO,SIN_TEXTO_INTERNO,2
E14_PRE_15_160_002_00_02_001_5799_Mesa_1.pdf,COLEGIO TECNOLOGICO DE MADRID,NO_DECODIFICADO,SIN_TEXTO_INTERNO,2
E14_PRE_15_160_002_00_02_002_5799_Mesa_2.pdf,COLEGIO TECNOLOGICO DE MADRID,NO_DECODIFICADO,SIN_TEXTO_INTERNO,2
E14_PRE_15_160_002_00_02_003_5799_Mesa_3.pdf,COLEGIO TECNOLOGICO DE MADRID,NO_DECODIFICADO,SIN_TEXTO_INTERNO,2
E14_PRE_15_160_002_00_02_004_5799_Mesa_4.pdf,COLEGIO TECNOLOGICO DE MADRID,NO_DECODIFICADO,SIN_TEXTO_INTERNO,2
E14_PRE_15_160_002_00_02_005_5799_Mesa_5.pdf,COLEGIO TECNOLOGICO DE MADRID,NO_DECODIFICADO,SIN_TEXTO_INTERNO,2
E14_PRE_15_160_002_00_02_006_5799_Mesa_6.pdf,COLEGIO TECNOLOGICO DE MADRID,NO_DECODIFICADO,SIN_TEXTO_INTERNO,2
E14_PRE_15_160_002_00_02_007_5799_Mesa_7.pdf,COLEGIO TECNOLOGICO DE MADRID,NO_DECODIFICADO,SIN_TEXTO_INTERNO,2
E14_PRE_15_160_002_00_02_008_5799_Mesa_8.pdf,COLEGIO TECNOLOGICO DE MADRID,NO_DECODIFICADO,SIN_TEXTO_INTERNO,2
E14_PRE_15_160_002_00_02_009_5799_Mesa_9.pdf,COLEGIO TECNOLOGICO DE MADRID,NO_DECODIFICADO,SIN_TEXTO_INTERNO,2
E14_PRE_15_160_002_00_02_010_5799_Mesa_10.pdf,COLEGIO TECNOLOGICO DE MADRID,NO_DECODIFICADO,SIN_TEXTO_INTERNO,2
E14_PRE_15_160_002_00_02_011_5799_Mesa_11.pdf,COLEGIO TECNOLOGICO DE MADRID,NO_DECODIFICADO,SIN_TEXTO_INTERNO,2
E14_PRE_15_160_002_00_02_012_5799_Mesa_12.pdf,COLEGIO TECNOLOGICO DE MADRID,06YAIhwTtMkFZKQU0iV4bIGsNMEtkpLCFjusFBReg0A=,SIN_TEXTO_INTERNO,2
E14_PRE_15_160_001_00_06_001_5797_Mesa_1.pdf,COLEGIO TIBAITATA,NO_DECODIFICADO,SIN_TEXTO_INTERNO,2
E14_PRE_15_160_001_00_06_002_5797_Mesa_2.pdf,COLEGIO TIBAITATA,NO_DECODIFICADO,SIN_TEXTO_INTERNO,2
E14_PRE_15_160_001_00_06_003_5797_Mesa_3.pdf,COLEGIO TIBAITATA,NO_DECODIFICADO,SIN_TEXTO_INTERNO,2
E14_PRE_15_160_001_00_06_004_5797_Mesa_4.pdf,COLEGIO TIBAITATA,NO_DECODIFICADO,SIN_TEXTO_INTERNO,2
E14_PRE_15_160_001_00_06_005_5797_Mesa_5.pdf,COLEGIO TIBAITATA,NO_DECODIFICADO,SIN_TEXTO_INTERNO,2
E14_PRE_15_160_001_00_06_006_5797_Mesa_6.pdf,COLEGIO TIBAITATA,ViyR9GGDiFVBQ705Zd3yWfWA+h/pj4y1ulwg0hDPoqg=,SIN_TEXTO_INTERNO,2
E14_PRE_15_160_001_00_06_007_5797_Mesa_7.pdf,COLEGIO TIBAITATA,NO_DECODIFICADO,SIN_TEXTO_INTERNO,2
E14_PRE_15_160_001_00_06_008_5797_Mesa_8.pdf,COLEGIO TIBAITATA,NO_DECODIFICADO,SIN_TEXTO_INTERNO,2
E14_PRE_15_160_001_00_06_009_5797_Mesa_9.pdf,COLEGIO TIBAITATA,NO_DECODIFICADO,SIN_TEXTO_INTERNO,2
E14_PRE_15_160_001_00_06_010_5797_Mesa_10.pdf,COLEGIO TIBAITATA,NO_DECODIFICADO,SIN_TEXTO_INTERNO,2
E14_PRE_15_160_001_00_06_011_5797_Mesa_11.pdf,COLEGIO TIBAITATA,NO_DECODIFICADO,SIN_TEXTO_INTERNO,2
E14_PRE_15_160_001_00_06_012_5797_Mesa_12.pdf,COLEGIO TIBAITATA,NO_DECODIFICADO,SIN_TEXTO_INTERNO,2
E14_PRE_15_160_001_00_06_013_5797_Mesa_13.pdf,COLEGIO TIBAITATA,NO_DECODIFICADO,SIN_TEXTO_INTERNO,2
E14_PRE_15_160_001_00_06_014_5797_Mesa_14.pdf,COLEGIO TIBAITATA,NO_DECODIFICADO,SIN_TEXTO_INTERNO,2
E14_PRE_15_160_001_00_06_015_5797_Mesa_15.pdf,COLEGIO TIBAITATA,NO_DECODIFICADO,SIN_TEXTO_INTERNO,2
E14_PRE_15_160_001_00_06_016_5797_Mesa_16.pdf,COLEGIO TIBAITATA,NO_DECODIFICADO,SIN_TEXTO_INTERNO,2
E14_PRE_15_160_001_00_06_017_5797_Mesa_17.pdf,COLEGIO TIBAITATA,NO_DECODIFICADO,SIN_TEXTO_INTERNO,2
E14_PRE_15_160_001_00_06_018_5797_Mesa_18.pdf,COLEGIO TIBAITATA,NO_DECODIFICADO,SIN_TEXTO_INTERNO,2
E14_PRE_15_160_001_00_06_019_5797_Mesa_19.pdf,COLEGIO TIBAITATA,NO_DECODIFICADO,SIN_TEXTO_INTERNO,2
E14_PRE_15_160_001_00_06_020_5797_Mesa_20.pdf,COLEGIO TIBAITATA,NO_DECODIFICADO,SIN_TEXTO_INTERNO,2
E14_PRE_15_160_001_00_06_021_5797_Mesa_21.pdf,COLEGIO TIBAITATA,PazMpHyNppUjnTJoRUPlDyKphkPQb0F5LsrUVYdE1qI=,SIN_TEXTO_INTERNO,2
E14_PRE_15_160_001_00_06_022_5797_Mesa_22.pdf,COLEGIO TIBAITATA,NO_DECODIFICADO,SIN_TEXTO_INTERNO,2
E14_PRE_15_160_001_00_06_023_5797_Mesa_23.pdf,COLEGIO TIBAITATA,NO_DECODIFICADO,SIN_TEXTO_INTERNO,2
E14_PRE_15_160_001_00_01_001_5795_Mesa_1.pdf,COLISEO  CUBIERTO MUNICIPAL,NO_DECODIFICADO,SIN_TEXTO_INTERNO,2
E14_PRE_15_160_001_00_01_002_5795_Mesa_2.pdf,COLISEO  CUBIERTO MUNICIPAL,NO_DECODIFICADO,SIN_TEXTO_INTERNO,2
E14_PRE_15_160_001_00_01_003_5795_Mesa_3.pdf,COLISEO  CUBIERTO MUNICIPAL,NO_DECODIFICADO,SIN_TEXTO_INTERNO,2
E14_PRE_15_160_001_00_01_004_5795_Mesa_4.pdf,COLISEO  CUBIERTO MUNICIPAL,NO_DECODIFICADO,SIN_TEXTO_INTERNO,2
E14_PRE_15_160_001_00_01_005_5795_Mesa_5.pdf,COLISEO  CUBIERTO MUNICIPAL,Ps62VRp7LguqfG/g+NM7bUMbiQ8ocgadpRh0z0O+fkQ=,SIN_TEXTO_INTERNO,2
E14_PRE_15_160_001_00_01_006_5795_Mesa_6.pdf,COLISEO  CUBIERTO MUNICIPAL,NO_DECODIFICADO,SIN_TEXTO_INTERNO,2
E14_PRE_15_160_001_00_01_007_5795_Mesa_7.pdf,COLISEO  CUBIERTO MUNICIPAL,NO_DECODIFICADO,SIN_TEXTO_INTERNO,2
E14_PRE_15_160_001_00_01_008_5795_Mesa_8.pdf,COLISEO  CUBIERTO MUNICIPAL,NO_DECODIFICADO,SIN_TEXTO_INTERNO,2
E14_PRE_15_160_001_00_01_009_5795_Mesa_9.pdf,COLISEO  CUBIERTO MUNICIPAL,NO_DECODIFICADO,SIN_TEXTO_INTERNO,2
E14_PRE_15_160_001_00_01_010_5795_Mesa_10.pdf,COLISEO  CUBIERTO MUNICIPAL,NO_DECODIFICADO,SIN_TEXTO_INTERNO,2
E14_PRE_15_160_001_00_01_011_5795_Mesa_11.pdf,COLISEO  CUBIERTO MUNICIPAL,NO_DECODIFICADO,SIN_TEXTO_INTERNO,2
E14_PRE_15_160_001_00_01_012_5795_Mesa_12.pdf,COLISEO  CUBIERTO MUNICIPAL,NO_DECODIFICADO,SIN_TEXTO_INTERNO,2
E14_PRE_15_160_001_00_01_013_5795_Mesa_13.pdf,COLISEO  CUBIERTO MUNICIPAL,NO_DECODIFICADO,SIN_TEXTO_INTERNO,2
E14_PRE_15_160_001_00_01_014_5795_Mesa_14.pdf,COLISEO  CUBIERTO MUNICIPAL,NO_DECODIFICADO,SIN_TEXTO_INTERNO,2
E14_PRE_15_160_001_00_01_015_5795_Mesa_15.pdf,COLISEO  CUBIERTO MUNICIPAL,NO_DECODIFICADO,SIN_TEXTO_INTERNO,2
E14_PRE_15_160_001_00_01_016_5795_Mesa_16.pdf,COLISEO  CUBIERTO MUNICIPAL,NO_DECODIFICADO,SIN_TEXTO_INTERNO,2
E14_PRE_15_160_001_00_01_017_5795_Mesa_17.pdf,COLISEO  CUBIERTO MUNICIPAL,NO_DECODIFICADO,SIN_TEXTO_INTERNO,2
E14_PRE_15_160_001_00_01_018_5795_Mesa_18.pdf,COLISEO  CUBIERTO MUNICIPAL,NO_DECODIFICADO,SIN_TEXTO_INTERNO,2
E14_PRE_15_160_001_00_01_019_5795_Mesa_19.pdf,COLISEO  CUBIERTO MUNICIPAL,1bg1THW9aQdcAeCwgylrNiExln0UbVF4ahww/oXiXmA=,SIN_TEXTO_INTERNO,2
E14_PRE_15_160_001_00_01_020_5795_Mesa_20.pdf,COLISEO  CUBIERTO MUNICIPAL,NO_DECODIFICADO,SIN_TEXTO_INTERNO,2
E14_PRE_15_088_001_00_06_001_5773_Mesa_1.pdf,COLISEO MUNICIPAL,NO_DECODIFICADO,SIN_TEXTO_INTERNO,2
E14_PRE_15_088_001_00_06_002_5773_Mesa_2.pdf,COLISEO MUNICIPAL,NO_DECODIFICADO,SIN_TEXTO_INTERNO,2
E14_PRE_15_088_001_00_06_003_5773_Mesa_3.pdf,COLISEO MUNICIPAL,NO_DECODIFICADO,SIN_TEXTO_INTERNO,2
E14_PRE_15_088_001_00_06_004_5773_Mesa_4.pdf,COLISEO MUNICIPAL,NO_DECODIFICADO,SIN_TEXTO_INTERNO,2
E14_PRE_15_088_001_00_06_005_5773_Mesa_5.pdf,COLISEO MUNICIPAL,NO_DECODIFICADO,SIN_TEXTO_INTERNO,2
E14_PRE_15_088_001_00_06_006_5773_Mesa_6.pdf,COLISEO MUNICIPAL,NO_DECODIFICADO,SIN_TEXTO_INTERNO,2
E14_PRE_15_088_001_00_06_007_5773_Mesa_7.pdf,COLISEO MUNICIPAL,NO_DECODIFICADO,SIN_TEXTO_INTERNO,2
E14_PRE_15_088_001_00_06_008_5773_Mesa_8.pdf,COLISEO MUNICIPAL,NO_DECODIFICADO,SIN_TEXTO_INTERNO,2
E14_PRE_15_088_001_00_06_009_5773_Mesa_9.pdf,COLISEO MUNICIPAL,Qqrqn2bHxSIbpCuKXs0h0t4qaxHzU8UAUorgnFxvVt8=,SIN_TEXTO_INTERNO,2
E14_PRE_15_088_001_00_06_010_5773_Mesa_10.pdf,COLISEO MUNICIPAL,NO_DECODIFICADO,SIN_TEXTO_INTERNO,2
E14_PRE_15_088_001_00_06_011_5773_Mesa_11.pdf,COLISEO MUNICIPAL,NO_DECODIFICADO,SIN_TEXTO_INTERNO,2
E14_PRE_15_088_001_00_06_012_5773_Mesa_12.pdf,COLISEO MUNICIPAL,NO_DECODIFICADO,SIN_TEXTO_INTERNO,2
E14_PRE_15_088_001_00_06_013_5773_Mesa_13.pdf,COLISEO MUNICIPAL,NO_DECODIFICADO,SIN_TEXTO_INTERNO,2
E14_PRE_15_160_002_00_09_001_5796_Mesa_1.pdf,CONCENTRACION URBANA ANTONIO NARIÑO,NO_DECODIFICADO,SIN_TEXTO_INTERNO,2
E14_PRE_15_160_002_00_09_002_5796_Mesa_2.pdf,CONCENTRACION URBANA ANTONIO NARIÑO,NO_DECODIFICADO,SIN_TEXTO_INTERNO,2
E14_PRE_15_160_002_00_09_003_5796_Mesa_3.pdf,CONCENTRACION URBANA ANTONIO NARIÑO,NO_DECODIFICADO,SIN_TEXTO_INTERNO,2
E14_PRE_15_160_002_00_09_004_5796_Mesa_4.pdf,CONCENTRACION URBANA ANTONIO NARIÑO,NO_DECODIFICADO,SIN_TEXTO_INTERNO,2
E14_PRE_15_160_001_00_10_002_5797_Mesa_2.pdf,CONCENTRACION URBANA EL CORTIJO,NO_DECODIFICADO,SIN_TEXTO_INTERNO,2
E14_PRE_15_160_001_00_10_003_5797_Mesa_3.pdf,CONCENTRACION URBANA EL CORTIJO,NO_DECODIFICADO,SIN_TEXTO_INTERNO,2
E14_PRE_15_160_001_00_10_004_5797_Mesa_4.pdf,CONCENTRACION URBANA EL CORTIJO,NO_DECODIFICADO,SIN_TEXTO_INTERNO,2
E14_PRE_15_160_001_00_10_005_5797_Mesa_5.pdf,CONCENTRACION URBANA EL CORTIJO,NO_DECODIFICADO,SIN_TEXTO_INTERNO,2
E14_PRE_15_160_001_00_10_006_5797_Mesa_6.pdf,CONCENTRACION URBANA EL CORTIJO,NO_DECODIFICADO,SIN_TEXTO_INTERNO,2
E14_PRE_15_160_001_00_10_007_5797_Mesa_7.pdf,CONCENTRACION URBANA EL CORTIJO,NO_DECODIFICADO,SIN_TEXTO_INTERNO,2
E14_PRE_15_160_001_00_10_008_5797_Mesa_8.pdf,CONCENTRACION URBANA EL CORTIJO,NO_DECODIFICADO,SIN_TEXTO_INTERNO,2
E14_PRE_15_160_001_00_10_009_5797_Mesa_9.pdf,CONCENTRACION URBANA EL CORTIJO,NO_DECODIFICADO,SIN_TEXTO_INTERNO,2
E14_PRE_15_160_001_00_10_010_5797_Mesa_10.pdf,CONCENTRACION URBANA EL CORTIJO,PjWS7yrJyF755seYKiXzvz3RQtGIJlWCYI+ptt/4IWo=,SIN_TEXTO_INTERNO,2
E14_PRE_23_088_099_00_03_001_2694_Mesa_1.pdf,CONCORDIA,NO_DECODIFICADO,SIN_TEXTO_INTERNO,2
E14_PRE_27_088_099_00_03_001_2821_Mesa_1.pdf,CORONTUNJO,jSPtDKGK/kPAWhGmpP2y0UUgvKJZujChxUfq/X0Y8pw=,SIN_TEXTO_INTERNO,2
E14_PRE_27_088_099_01_05_001_2821_Mesa_1.pdf,CORREG. LA PALMA,mul3yY15NvMj6BVg/2Y8wwGFORoBvrkjwONujEnm2/o=,SIN_TEXTO_INTERNO,2
E14_PRE_27_088_099_01_05_002_2821_Mesa_2.pdf,CORREG. LA PALMA,A0VZfRT6RL3yi17AnD6r85pw7yd5yIoLJAoK0VMtyjs=,SIN_TEXTO_INTERNO,2
E14_PRE_12_750_099_00_30_001_2406_Mesa_1.pdf,CORREGIMIENTO DE LOS ANGELES,NO_DECODIFICADO,SIN_TEXTO_INTERNO,2
E14_PRE_12_750_099_00_30_002_2406_Mesa_2.pdf,CORREGIMIENTO DE LOS ANGELES,NO_DECODIFICADO,SIN_TEXTO_INTERNO,2
E14_PRE_12_750_099_00_30_003_2406_Mesa_3.pdf,CORREGIMIENTO DE LOS ANGELES,NO_DECODIFICADO,SIN_TEXTO_INTERNO,2
E14_PRE_12_750_099_00_30_004_2406_Mesa_4.pdf,CORREGIMIENTO DE LOS ANGELES,NO_DECODIFICADO,SIN_TEXTO_INTERNO,2
E14_PRE_19_088_099_00_13_001_2624_Mesa_1.pdf,COSANZA,NO_DECODIFICADO,SIN_TEXTO_INTERNO,2
E14_PRE_19_088_099_00_13_002_2624_Mesa_2.pdf,COSANZA,h4YYKrHUHIRncDJ4xjUJP+ihrsd6Y86z3Kv28mj1FJA=,SIN_TEXTO_INTERNO,2
E14_PRE_16_001_018_18_14_001_6088_Mesa_1.pdf,COUNTRY SUR,NO_DECODIFICADO,SIN_TEXTO_INTERNO,2
E14_PRE_16_001_018_18_14_002_6088_Mesa_2.pdf,COUNTRY SUR,NO_DECODIFICADO,SIN_TEXTO_INTERNO,2
E14_PRE_16_001_018_18_14_003_6088_Mesa_3.pdf,COUNTRY SUR,NO_DECODIFICADO,SIN_TEXTO_INTERNO,2
E14_PRE_16_001_018_18_14_004_6088_Mesa_4.pdf,COUNTRY SUR,NO_DECODIFICADO,SIN_TEXTO_INTERNO,2
E14_PRE_16_001_018_18_14_005_6088_Mesa_5.pdf,COUNTRY SUR,NO_DECODIFICADO,SIN_TEXTO_INTERNO,2
E14_PRE_16_001_018_18_14_006_6088_Mesa_6.pdf,COUNTRY SUR,NO_DECODIFICADO,SIN_TEXTO_INTERNO,2
E14_PRE_16_001_018_18_14_007_6088_Mesa_7.pdf,COUNTRY SUR,NO_DECODIFICADO,SIN_TEXTO_INTERNO,2
E14_PRE_16_001_018_18_14_008_6088_Mesa_8.pdf,COUNTRY SUR,NO_DECODIFICADO,SIN_TEXTO_INTERNO,2
E14_PRE_16_001_018_18_14_009_6088_Mesa_9.pdf,COUNTRY SUR,NO_DECODIFICADO,SIN_TEXTO_INTERNO,2
E14_PRE_16_001_018_18_14_010_6088_Mesa_10.pdf,COUNTRY SUR,NO_DECODIFICADO,SIN_TEXTO_INTERNO,2
E14_PRE_16_001_018_18_14_011_6088_Mesa_11.pdf,COUNTRY SUR,NO_DECODIFICADO,SIN_TEXTO_INTERNO,2
E14_PRE_16_001_018_18_14_012_6088_Mesa_12.pdf,COUNTRY SUR,NO_DECODIFICADO,SIN_TEXTO_INTERNO,2
E14_PRE_16_001_018_18_14_013_6088_Mesa_13.pdf,COUNTRY SUR,NO_DECODIFICADO,SIN_TEXTO_INTERNO,2
E14_PRE_16_001_018_18_14_014_6088_Mesa_14.pdf,COUNTRY SUR,NO_DECODIFICADO,SIN_TEXTO_INTERNO,2
E14_PRE_16_001_018_18_14_015_6088_Mesa_15.pdf,COUNTRY SUR,NO_DECODIFICADO,SIN_TEXTO_INTERNO,2
E14_PRE_16_001_018_18_14_016_6088_Mesa_16.pdf,COUNTRY SUR,zJh1hq2IqcncAqFBvjYqu2aQCCR0z6pMV7e+Nqb0nr0=,SIN_TEXTO_INTERNO,2
E14_PRE_16_001_018_18_14_017_6088_Mesa_17.pdf,COUNTRY SUR,NO_DECODIFICADO,SIN_TEXTO_INTERNO,2
E14_PRE_16_001_018_18_14_018_6088_Mesa_18.pdf,COUNTRY SUR,NO_DECODIFICADO,SIN_TEXTO_INTERNO,2
E14_PRE_16_001_018_18_14_019_6088_Mesa_19.pdf,COUNTRY SUR,NO_DECODIFICADO,SIN_TEXTO_INTERNO,2
E14_PRE_16_001_018_18_14_020_6088_Mesa_20.pdf,COUNTRY SUR,NO_DECODIFICADO,SIN_TEXTO_INTERNO,2
E14_PRE_16_001_018_18_14_021_6088_Mesa_21.pdf,COUNTRY SUR,NO_DECODIFICADO,SIN_TEXTO_INTERNO,2
E14_PRE_16_001_018_18_14_022_6088_Mesa_22.pdf,COUNTRY SUR,NO_DECODIFICADO,SIN_TEXTO_INTERNO,2
E14_PRE_16_001_018_18_14_023_6088_Mesa_23.pdf,COUNTRY SUR,NO_DECODIFICADO,SIN_TEXTO_INTERNO,2
E14_PRE_16_001_018_18_14_024_6088_Mesa_24.pdf,COUNTRY SUR,NO_DECODIFICADO,SIN_TEXTO_INTERNO,2
E14_PRE_16_001_018_18_14_025_6088_Mesa_25.pdf,COUNTRY SUR,NO_DECODIFICADO,SIN_TEXTO_INTERNO,2
E14_PRE_16_001_018_18_14_026_6088_Mesa_26.pdf,COUNTRY SUR,NO_DECODIFICADO,SIN_TEXTO_INTERNO,2
E14_PRE_16_001_018_18_14_027_6088_Mesa_27.pdf,COUNTRY SUR,NO_DECODIFICADO,SIN_TEXTO_INTERNO,2
E14_PRE_16_001_018_18_14_028_6088_Mesa_28.pdf,COUNTRY SUR,NO_DECODIFICADO,SIN_TEXTO_INTERNO,2
E14_PRE_16_001_018_18_14_029_6088_Mesa_29.pdf,COUNTRY SUR,NO_DECODIFICADO,SIN_TEXTO_INTERNO,2
E14_PRE_16_001_018_18_14_030_6088_Mesa_30.pdf,COUNTRY SUR,NO_DECODIFICADO,SIN_TEXTO_INTERNO,2
E14_PRE_16_001_018_18_14_031_6088_Mesa_31.pdf,COUNTRY SUR,NO_DECODIFICADO,SIN_TEXTO_INTERNO,2
E14_PRE_16_001_018_18_14_032_6088_Mesa_32.pdf,COUNTRY SUR,v8gjqmONZ0N+Rdeev3glc6Snuj7hrpvobu8BX4II6ug=,SIN_TEXTO_INTERNO,2
E14_PRE_16_001_018_18_14_033_6088_Mesa_33.pdf,COUNTRY SUR,NO_DECODIFICADO,SIN_TEXTO_INTERNO,2
E14_PRE_16_001_018_18_14_034_6088_Mesa_34.pdf,COUNTRY SUR,NO_DECODIFICADO,SIN_TEXTO_INTERNO,2
E14_PRE_16_001_018_18_14_035_6088_Mesa_35.pdf,COUNTRY SUR,NO_DECODIFICADO,SIN_TEXTO_INTERNO,2
E14_PRE_16_001_018_18_14_036_6088_Mesa_36.pdf,COUNTRY SUR,NO_DECODIFICADO,SIN_TEXTO_INTERNO,2
E14_PRE_16_001_018_18_14_037_6088_Mesa_37.pdf,COUNTRY SUR,NO_DECODIFICADO,SIN_TEXTO_INTERNO,2
E14_PRE_23_088_099_00_45_001_2694_Mesa_1.pdf,CUALALA,NO_DECODIFICADO,SIN_TEXTO_INTERNO,2
E14_PRE_11_088_099_00_23_001_5612_Mesa_1.pdf,CUEVITAS (LAS YESCAS),hA2yO0PQoDeuaQg4G66D+3+uXY02sR54ws0YT7P5k6U=,SIN_TEXTO_INTERNO,2
E14_PRE_07_088_099_00_13_001_2229_Mesa_1.pdf,DIRAVITA ALTO,NO_DECODIFICADO,SIN_TEXTO_INTERNO,2
E14_PRE_29_088_099_00_01_001_2931_Mesa_1.pdf,DOIMA,NO_DECODIFICADO,SIN_TEXTO_INTERNO,2
E14_PRE_29_088_099_00_01_002_2931_Mesa_2.pdf,DOIMA,geDq1cSG2/TBhKTvGqkA2NkiDlpBxzLUnaZg6CwHWr4=,SIN_TEXTO_INTERNO,2
E14_PRE_29_088_099_00_01_003_2931_Mesa_3.pdf,DOIMA,NO_DECODIFICADO,SIN_TEXTO_INTERNO,2
E14_PRE_29_088_099_00_01_004_2931_Mesa_4.pdf,DOIMA,oSVccSfJlPN5E9GsPcDD9QQkh9cA+rhLNjHTVPMVw50=,SIN_TEXTO_INTERNO,2
E14_PRE_29_088_099_00_01_005_2931_Mesa_5.pdf,DOIMA,vJ/QgRe45Pru6fWlyBaqF9WaEJNgaKKG/cYaiUetGik=,SIN_TEXTO_INTERNO,2
E14_PRE_29_088_099_00_01_006_2931_Mesa_6.pdf,DOIMA,nmImJENgZeo26Mw81CSMukqaWMoj5Mfsbh1sgE/q94M=,SIN_TEXTO_INTERNO,2
E14_PRE_11_088_099_00_07_001_5611_Mesa_1.pdf,EL GUAYABAL,NO_DECODIFICADO,SIN_TEXTO_INTERNO,2
E14_PRE_11_088_099_00_07_002_5611_Mesa_2.pdf,EL GUAYABAL,NO_DECODIFICADO,SIN_TEXTO_INTERNO,2
E14_PRE_11_088_099_00_03_001_5611_Mesa_1.pdf,EL HATO,NO_DECODIFICADO,SIN_TEXTO_INTERNO,2
E14_PRE_11_088_099_00_03_002_5611_Mesa_2.pdf,EL HATO,NO_DECODIFICADO,SIN_TEXTO_INTERNO,2
E14_PRE_27_088_099_00_07_001_2821_Mesa_1.pdf,EL PALMAR,BCP1ZtBMhRt5vjdG/mQc7M32kICThw34X/ivPW5FS24=,SIN_TEXTO_INTERNO,2
E14_PRE_31_088_099_00_01_001_2976_Mesa_1.pdf,EL RUBI,YdHy2Ix+6pYGIXHCLqQoHoPWSXL4mrHMV/TGtkm4YQw=,SIN_TEXTO_INTERNO,2
E14_PRE_31_088_099_00_01_002_2976_Mesa_2.pdf,EL RUBI,JFvrSbo01cQxjxVviE3b7eIp8Dad494l63wAML3DEXs=,SIN_TEXTO_INTERNO,2
E14_PRE_23_088_099_00_04_001_2694_Mesa_1.pdf,EL TRUENO,eVtHc7PabsNPDD7ZtjXZFaO1RJRLw06rxSnP19aqcok=,SIN_TEXTO_INTERNO,2
E14_PRE_31_091_002_00_03_001_6787_Mesa_1.pdf,ESC NOR. SUP. JORGE ISAAC SD L.MADRID,NO_DECODIFICADO,SIN_TEXTO_INTERNO,2
E14_PRE_31_091_002_00_03_002_6787_Mesa_2.pdf,ESC NOR. SUP. JORGE ISAAC SD L.MADRID,NO_DECODIFICADO,SIN_TEXTO_INTERNO,2
E14_PRE_31_091_002_00_03_003_6787_Mesa_3.pdf,ESC NOR. SUP. JORGE ISAAC SD L.MADRID,NO_DECODIFICADO,SIN_TEXTO_INTERNO,2
E14_PRE_31_091_002_00_03_004_6787_Mesa_4.pdf,ESC NOR. SUP. JORGE ISAAC SD L.MADRID,NO_DECODIFICADO,SIN_TEXTO_INTERNO,2
E14_PRE_31_091_002_00_03_005_6787_Mesa_5.pdf,ESC NOR. SUP. JORGE ISAAC SD L.MADRID,NO_DECODIFICADO,SIN_TEXTO_INTERNO,2
E14_PRE_31_091_002_00_03_006_6787_Mesa_6.pdf,ESC NOR. SUP. JORGE ISAAC SD L.MADRID,NO_DECODIFICADO,SIN_TEXTO_INTERNO,2
E14_PRE_31_091_002_00_03_007_6787_Mesa_7.pdf,ESC NOR. SUP. JORGE ISAAC SD L.MADRID,HLjqbpqlH/XGlmiEiyrqw6OR5XWYgOaVWBzGevB2o7w=,SIN_TEXTO_INTERNO,2
E14_PRE_31_091_002_00_03_008_6787_Mesa_8.pdf,ESC NOR. SUP. JORGE ISAAC SD L.MADRID,NO_DECODIFICADO,SIN_TEXTO_INTERNO,2
E14_PRE_31_091_002_00_03_009_6787_Mesa_9.pdf,ESC NOR. SUP. JORGE ISAAC SD L.MADRID,NO_DECODIFICADO,SIN_TEXTO_INTERNO,2
E14_PRE_31_091_002_00_03_010_6787_Mesa_10.pdf,ESC NOR. SUP. JORGE ISAAC SD L.MADRID,rHY7o/FOyuXBDYnC1/dobaDFcAReXO5s4UFUCAoajWA=,SIN_TEXTO_INTERNO,2
E14_PRE_31_091_002_00_03_011_6787_Mesa_11.pdf,ESC NOR. SUP. JORGE ISAAC SD L.MADRID,b+p5Mz68liHRzTK7ie4bXYLo/0NiJrN4lUx8LLFzjiQ=,SIN_TEXTO_INTERNO,2
E14_PRE_31_091_002_00_03_012_6787_Mesa_12.pdf,ESC NOR. SUP. JORGE ISAAC SD L.MADRID,NO_DECODIFICADO,SIN_TEXTO_INTERNO,2
E14_PRE_15_088_002_00_06_001_5772_Mesa_1.pdf,ESC SAN ANDRES,NO_DECODIFICADO,SIN_TEXTO_INTERNO,2
E14_PRE_15_088_002_00_06_002_5772_Mesa_2.pdf,ESC SAN ANDRES,JCwyIiZsX2hjc/DLDwOCJ5eAEHA5DZxZcgSpuPyaoFM=,SIN_TEXTO_INTERNO,2
E14_PRE_15_088_002_00_06_003_5772_Mesa_3.pdf,ESC SAN ANDRES,NO_DECODIFICADO,SIN_TEXTO_INTERNO,2
E14_PRE_15_088_002_00_06_004_5772_Mesa_4.pdf,ESC SAN ANDRES,NO_DECODIFICADO,SIN_TEXTO_INTERNO,2
E14_PRE_15_088_002_00_06_005_5772_Mesa_5.pdf,ESC SAN ANDRES,NO_DECODIFICADO,SIN_TEXTO_INTERNO,2
E14_PRE_15_088_002_00_06_006_5772_Mesa_6.pdf,ESC SAN ANDRES,NO_DECODIFICADO,SIN_TEXTO_INTERNO,2
E14_PRE_15_088_002_00_06_007_5772_Mesa_7.pdf,ESC SAN ANDRES,NO_DECODIFICADO,SIN_TEXTO_INTERNO,2
E14_PRE_12_180_099_00_60_001_2391_Mesa_1.pdf,ESTADOS UNIDOS,NO_DECODIFICADO,SIN_TEXTO_INTERNO,2
E14_PRE_12_180_099_00_60_002_2391_Mesa_2.pdf,ESTADOS UNIDOS,NO_DECODIFICADO,SIN_TEXTO_INTERNO,2
E14_PRE_12_180_099_00_60_003_2391_Mesa_3.pdf,ESTADOS UNIDOS,NO_DECODIFICADO,SIN_TEXTO_INTERNO,2
E14_PRE_16_001_018_18_51_001_6096_Mesa_1.pdf,ESTADOS UNIDOS DE AMERICA,NO_DECODIFICADO,SIN_TEXTO_INTERNO,2
E14_PRE_16_001_018_18_51_002_6096_Mesa_2.pdf,ESTADOS UNIDOS DE AMERICA,NO_DECODIFICADO,SIN_TEXTO_INTERNO,2
E14_PRE_16_001_018_18_51_003_6096_Mesa_3.pdf,ESTADOS UNIDOS DE AMERICA,NO_DECODIFICADO,SIN_TEXTO_INTERNO,2
E14_PRE_16_001_018_18_51_004_6096_Mesa_4.pdf,ESTADOS UNIDOS DE AMERICA,NO_DECODIFICADO,SIN_TEXTO_INTERNO,2
E14_PRE_16_001_018_18_51_005_6096_Mesa_5.pdf,ESTADOS UNIDOS DE AMERICA,NO_DECODIFICADO,SIN_TEXTO_INTERNO,2
E14_PRE_16_001_018_18_51_006_6096_Mesa_6.pdf,ESTADOS UNIDOS DE AMERICA,NO_DECODIFICADO,SIN_TEXTO_INTERNO,2
E14_PRE_31_088_099_00_05_001_2976_Mesa_1.pdf,FENICIA,H2zRv7lD3SSFXPplNbYsLhWOnjMH600FlmX9PzrebFY=,SIN_TEXTO_INTERNO,2
E14_PRE_31_088_099_00_05_002_2976_Mesa_2.pdf,FENICIA,9cRAi59Hztt1FWydAHWvDLZcT+Mp1NHYs5CPRh3VzVQ=,SIN_TEXTO_INTERNO,2
E14_PRE_31_088_099_00_05_003_2976_Mesa_3.pdf,FENICIA,bNu1MfApHfDpYGA54dCurvqdaHrnouZESdk1tKZ7kXo=,SIN_TEXTO_INTERNO,2
E14_PRE_31_088_099_00_05_004_2976_Mesa_4.pdf,FENICIA,JlN3Lw0AFhmRej91CX3fQxW30LoVHrRWB6jBK/Vnc2s=,SIN_TEXTO_INTERNO,2
E14_PRE_31_088_099_00_05_005_2976_Mesa_5.pdf,FENICIA,t7wPZTQwimivxOKMp1IQOkaEcdG7Q68dvincnO8R82o=,SIN_TEXTO_INTERNO,2
E14_PRE_29_088_099_00_15_001_2931_Mesa_1.pdf,GUATAQUISITO,YCrAdWJiTaVFlGbn/C2+zREVCAoPYVZxF14C4XoB/f0=,SIN_TEXTO_INTERNO,2
E14_PRE_15_088_001_00_08_001_5773_Mesa_1.pdf,I E EL HATO,NO_DECODIFICADO,SIN_TEXTO_INTERNO,2
E14_PRE_15_088_001_00_08_002_5773_Mesa_2.pdf,I E EL HATO,gEPgy0ig+P4iEVy5cRLesEmrDUMqQEJCjouyMsywKNE=,SIN_TEXTO_INTERNO,2
E14_PRE_15_088_001_00_08_003_5773_Mesa_3.pdf,I E EL HATO,NO_DECODIFICADO,SIN_TEXTO_INTERNO,2
E14_PRE_15_088_001_00_08_004_5773_Mesa_4.pdf,I E EL HATO,giNgTqbPRDUUzgdRoX21DZzwwh4IgE20mbE5rIenZtE=,SIN_TEXTO_INTERNO,2
E14_PRE_15_088_001_00_08_005_5773_Mesa_5.pdf,I E EL HATO,NO_DECODIFICADO,SIN_TEXTO_INTERNO,2
E14_PRE_15_088_002_00_09_001_5775_Mesa_1.pdf,I E SAN MARCOS,NO_DECODIFICADO,SIN_TEXTO_INTERNO,2
E14_PRE_15_088_002_00_09_002_5775_Mesa_2.pdf,I E SAN MARCOS,Zii6XFI3uoaPqxPZqjoct+pO4Bq0PJlWhpYXV/ALoyE=,SIN_TEXTO_INTERNO,2
E14_PRE_15_088_002_00_09_003_5775_Mesa_3.pdf,I E SAN MARCOS,NO_DECODIFICADO,SIN_TEXTO_INTERNO,2
E14_PRE_15_088_002_00_09_004_5775_Mesa_4.pdf,I E SAN MARCOS,NO_DECODIFICADO,SIN_TEXTO_INTERNO,2
E14_PRE_15_088_001_00_07_001_5776_Mesa_1.pdf,I E SERREZUELITA,NO_DECODIFICADO,SIN_TEXTO_INTERNO,2
E14_PRE_15_088_001_00_07_002_5776_Mesa_2.pdf,I E SERREZUELITA,NO_DECODIFICADO,SIN_TEXTO_INTERNO,2
E14_PRE_15_088_001_00_07_003_5776_Mesa_3.pdf,I E SERREZUELITA,NO_DECODIFICADO,SIN_TEXTO_INTERNO,2
E14_PRE_15_088_001_00_07_004_5776_Mesa_4.pdf,I E SERREZUELITA,NO_DECODIFICADO,SIN_TEXTO_INTERNO,2
E14_PRE_15_088_001_00_07_005_5776_Mesa_5.pdf,I E SERREZUELITA,NO_DECODIFICADO,SIN_TEXTO_INTERNO,2
E14_PRE_15_088_001_00_07_006_5776_Mesa_6.pdf,I E SERREZUELITA,NO_DECODIFICADO,SIN_TEXTO_INTERNO,2
E14_PRE_15_088_001_00_07_007_5776_Mesa_7.pdf,I E SERREZUELITA,NO_DECODIFICADO,SIN_TEXTO_INTERNO,2
E14_PRE_15_088_001_00_07_008_5776_Mesa_8.pdf,I E SERREZUELITA,NO_DECODIFICADO,SIN_TEXTO_INTERNO,2
E14_PRE_15_088_001_00_07_009_5776_Mesa_9.pdf,I E SERREZUELITA,NO_DECODIFICADO,SIN_TEXTO_INTERNO,2
E14_PRE_15_088_001_00_07_010_5776_Mesa_10.pdf,I E SERREZUELITA,NO_DECODIFICADO,SIN_TEXTO_INTERNO,2
E14_PRE_01_022_099_00_01_001_2007_Mesa_1.pdf,I.E  LOS ANGELES,NO_DECODIFICADO,SIN_TEXTO_INTERNO,2
E14_PRE_01_022_099_00_01_002_2007_Mesa_2.pdf,I.E  LOS ANGELES,NO_DECODIFICADO,SIN_TEXTO_INTERNO,2
E14_PRE_01_022_099_00_01_003_2007_Mesa_3.pdf,I.E  LOS ANGELES,NO_DECODIFICADO,SIN_TEXTO_INTERNO,2
E14_PRE_01_088_001_00_08_001_5155_Mesa_1.pdf,I.E. ANTIOQUIA LA GRANDE,NO_DECODIFICADO,SIN_TEXTO_INTERNO,2
E14_PRE_01_088_001_00_08_002_5155_Mesa_2.pdf,I.E. ANTIOQUIA LA GRANDE,NO_DECODIFICADO,SIN_TEXTO_INTERNO,2
E14_PRE_11_088_001_00_02_001_5611_Mesa_1.pdf,I.E. COLEGIO SAN CAYETANO,NO_DECODIFICADO,SIN_TEXTO_INTERNO,2
E14_PRE_11_088_001_00_02_002_5611_Mesa_2.pdf,I.E. COLEGIO SAN CAYETANO,NO_DECODIFICADO,SIN_TEXTO_INTERNO,2
E14_PRE_11_088_001_00_02_003_5611_Mesa_3.pdf,I.E. COLEGIO SAN CAYETANO,SvN2C1rmU3z8aa7RaUA6c7TSp+aVlZ5hBqGIcC4IXak=,SIN_TEXTO_INTERNO,2
E14_PRE_11_088_001_00_02_004_5611_Mesa_4.pdf,I.E. COLEGIO SAN CAYETANO,NO_DECODIFICADO,SIN_TEXTO_INTERNO,2
E14_PRE_11_088_001_00_02_005_5611_Mesa_5.pdf,I.E. COLEGIO SAN CAYETANO,NO_DECODIFICADO,SIN_TEXTO_INTERNO,2
E14_PRE_11_088_001_00_02_006_5611_Mesa_6.pdf,I.E. COLEGIO SAN CAYETANO,NO_DECODIFICADO,SIN_TEXTO_INTERNO,2
E14_PRE_11_088_001_00_02_007_5611_Mesa_7.pdf,I.E. COLEGIO SAN CAYETANO,NO_DECODIFICADO,SIN_TEXTO_INTERNO,2
E14_PRE_11_088_001_00_02_008_5611_Mesa_8.pdf,I.E. COLEGIO SAN CAYETANO,NO_DECODIFICADO,SIN_TEXTO_INTERNO,2
E14_PRE_11_088_001_00_02_009_5611_Mesa_9.pdf,I.E. COLEGIO SAN CAYETANO,NO_DECODIFICADO,SIN_TEXTO_INTERNO,2
E14_PRE_11_088_001_00_02_010_5611_Mesa_10.pdf,I.E. COLEGIO SAN CAYETANO,NO_DECODIFICADO,SIN_TEXTO_INTERNO,2
E14_PRE_11_088_001_00_02_011_5611_Mesa_11.pdf,I.E. COLEGIO SAN CAYETANO,NO_DECODIFICADO,SIN_TEXTO_INTERNO,2
E14_PRE_01_088_002_00_05_001_5157_Mesa_1.pdf,I.E. DIVINO NIÑO PRINCIPAL,NO_DECODIFICADO,SIN_TEXTO_INTERNO,2
E14_PRE_01_088_002_00_05_002_5157_Mesa_2.pdf,I.E. DIVINO NIÑO PRINCIPAL,NO_DECODIFICADO,SIN_TEXTO_INTERNO,2
E14_PRE_01_088_002_00_05_003_5157_Mesa_3.pdf,I.E. DIVINO NIÑO PRINCIPAL,NO_DECODIFICADO,SIN_TEXTO_INTERNO,2
E14_PRE_01_088_002_00_05_004_5157_Mesa_4.pdf,I.E. DIVINO NIÑO PRINCIPAL,NO_DECODIFICADO,SIN_TEXTO_INTERNO,2
E14_PRE_01_088_002_00_05_005_5157_Mesa_5.pdf,I.E. DIVINO NIÑO PRINCIPAL,NO_DECODIFICADO,SIN_TEXTO_INTERNO,2
E14_PRE_01_088_002_00_05_006_5157_Mesa_6.pdf,I.E. DIVINO NIÑO PRINCIPAL,NO_DECODIFICADO,SIN_TEXTO_INTERNO,2
E14_PRE_01_088_002_00_05_007_5157_Mesa_7.pdf,I.E. DIVINO NIÑO PRINCIPAL,NO_DECODIFICADO,SIN_TEXTO_INTERNO,2
E14_PRE_01_088_002_00_05_008_5157_Mesa_8.pdf,I.E. DIVINO NIÑO PRINCIPAL,NO_DECODIFICADO,SIN_TEXTO_INTERNO,2
E14_PRE_01_088_002_00_05_010_5157_Mesa_10.pdf,I.E. DIVINO NIÑO PRINCIPAL,NO_DECODIFICADO,SIN_TEXTO_INTERNO,2
E14_PRE_01_088_002_00_05_011_5157_Mesa_11.pdf,I.E. DIVINO NIÑO PRINCIPAL,NO_DECODIFICADO,SIN_TEXTO_INTERNO,2
E14_PRE_01_088_002_00_05_012_5157_Mesa_12.pdf,I.E. DIVINO NIÑO PRINCIPAL,NO_DECODIFICADO,SIN_TEXTO_INTERNO,2
E14_PRE_01_088_002_00_05_013_5157_Mesa_13.pdf,I.E. DIVINO NIÑO PRINCIPAL,NO_DECODIFICADO,SIN_TEXTO_INTERNO,2
E14_PRE_01_088_002_00_05_014_5157_Mesa_14.pdf,I.E. DIVINO NIÑO PRINCIPAL,NO_DECODIFICADO,SIN_TEXTO_INTERNO,2
E14_PRE_01_088_002_00_05_015_5157_Mesa_15.pdf,I.E. DIVINO NIÑO PRINCIPAL,NO_DECODIFICADO,SIN_TEXTO_INTERNO,2
E14_PRE_01_088_002_00_05_016_5157_Mesa_16.pdf,I.E. DIVINO NIÑO PRINCIPAL,NO_DECODIFICADO,SIN_TEXTO_INTERNO,2
E14_PRE_01_088_002_00_05_017_5157_Mesa_17.pdf,I.E. DIVINO NIÑO PRINCIPAL,NO_DECODIFICADO,SIN_TEXTO_INTERNO,2
E14_PRE_01_088_002_00_05_018_5157_Mesa_18.pdf,I.E. DIVINO NIÑO PRINCIPAL,NO_DECODIFICADO,SIN_TEXTO_INTERNO,2
E14_PRE_01_088_002_00_05_019_5157_Mesa_19.pdf,I.E. DIVINO NIÑO PRINCIPAL,NO_DECODIFICADO,SIN_TEXTO_INTERNO,2
E14_PRE_01_088_002_00_05_020_5157_Mesa_20.pdf,I.E. DIVINO NIÑO PRINCIPAL,NO_DECODIFICADO,SIN_TEXTO_INTERNO,2
E14_PRE_01_088_002_00_03_001_5155_Mesa_1.pdf,I.E. LA MISERICORDIA PPAL,NO_DECODIFICADO,SIN_TEXTO_INTERNO,2
E14_PRE_01_088_002_00_03_002_5155_Mesa_2.pdf,I.E. LA MISERICORDIA PPAL,NO_DECODIFICADO,SIN_TEXTO_INTERNO,2
E14_PRE_01_088_002_00_03_003_5155_Mesa_3.pdf,I.E. LA MISERICORDIA PPAL,NO_DECODIFICADO,SIN_TEXTO_INTERNO,2
E14_PRE_01_088_002_00_03_004_5155_Mesa_4.pdf,I.E. LA MISERICORDIA PPAL,NO_DECODIFICADO,SIN_TEXTO_INTERNO,2
E14_PRE_01_088_002_00_03_005_5155_Mesa_5.pdf,I.E. LA MISERICORDIA PPAL,NO_DECODIFICADO,SIN_TEXTO_INTERNO,2
E14_PRE_01_088_002_00_03_006_5155_Mesa_6.pdf,I.E. LA MISERICORDIA PPAL,NO_DECODIFICADO,SIN_TEXTO_INTERNO,2
E14_PRE_01_088_002_00_03_007_5155_Mesa_7.pdf,I.E. LA MISERICORDIA PPAL,NO_DECODIFICADO,SIN_TEXTO_INTERNO,2
E14_PRE_01_088_002_00_03_008_5155_Mesa_8.pdf,I.E. LA MISERICORDIA PPAL,NO_DECODIFICADO,SIN_TEXTO_INTERNO,2
E14_PRE_01_088_002_00_03_009_5155_Mesa_9.pdf,I.E. LA MISERICORDIA PPAL,NO_DECODIFICADO,SIN_TEXTO_INTERNO,2
E14_PRE_01_088_002_00_03_010_5155_Mesa_10.pdf,I.E. LA MISERICORDIA PPAL,NO_DECODIFICADO,SIN_TEXTO_INTERNO,2
E14_PRE_01_088_002_00_03_011_5155_Mesa_11.pdf,I.E. LA MISERICORDIA PPAL,NO_DECODIFICADO,SIN_TEXTO_INTERNO,2
E14_PRE_01_088_002_00_03_012_5155_Mesa_12.pdf,I.E. LA MISERICORDIA PPAL,NO_DECODIFICADO,SIN_TEXTO_INTERNO,2
E14_PRE_01_088_002_00_03_013_5155_Mesa_13.pdf,I.E. LA MISERICORDIA PPAL,NO_DECODIFICADO,SIN_TEXTO_INTERNO,2
E14_PRE_01_088_002_00_03_014_5155_Mesa_14.pdf,I.E. LA MISERICORDIA PPAL,NO_DECODIFICADO,SIN_TEXTO_INTERNO,2
E14_PRE_01_088_002_00_03_015_5155_Mesa_15.pdf,I.E. LA MISERICORDIA PPAL,NO_DECODIFICADO,SIN_TEXTO_INTERNO,2
E14_PRE_01_088_002_00_03_016_5155_Mesa_16.pdf,I.E. LA MISERICORDIA PPAL,NO_DECODIFICADO,SIN_TEXTO_INTERNO,2
E14_PRE_01_088_002_00_03_017_5155_Mesa_17.pdf,I.E. LA MISERICORDIA PPAL,NO_DECODIFICADO,SIN_TEXTO_INTERNO,2
E14_PRE_01_088_002_00_03_018_5155_Mesa_18.pdf,I.E. LA MISERICORDIA PPAL,NO_DECODIFICADO,SIN_TEXTO_INTERNO,2
E14_PRE_01_088_002_00_03_019_5155_Mesa_19.pdf,I.E. LA MISERICORDIA PPAL,NO_DECODIFICADO,SIN_TEXTO_INTERNO,2
E14_PRE_01_088_002_00_03_020_5155_Mesa_20.pdf,I.E. LA MISERICORDIA PPAL,NO_DECODIFICADO,SIN_TEXTO_INTERNO,2
E14_PRE_01_088_002_00_03_021_5155_Mesa_21.pdf,I.E. LA MISERICORDIA PPAL,NO_DECODIFICADO,SIN_TEXTO_INTERNO,2
E14_PRE_01_088_002_00_03_022_5155_Mesa_22.pdf,I.E. LA MISERICORDIA PPAL,w1TWWDWGGmL4PV3cnjKpn9YDYRd59KCs1BMRuCfYKJk=,SIN_TEXTO_INTERNO,2
E14_PRE_01_088_002_00_03_023_5155_Mesa_23.pdf,I.E. LA MISERICORDIA PPAL,NO_DECODIFICADO,SIN_TEXTO_INTERNO,2
E14_PRE_01_088_002_00_01_001_5153_Mesa_1.pdf,I.E. LA MISERICORDIA SAN RAFAEL,NO_DECODIFICADO,SIN_TEXTO_INTERNO,2
E14_PRE_01_088_002_00_01_002_5153_Mesa_2.pdf,I.E. LA MISERICORDIA SAN RAFAEL,NO_DECODIFICADO,SIN_TEXTO_INTERNO,2
E14_PRE_01_088_002_00_01_003_5153_Mesa_3.pdf,I.E. LA MISERICORDIA SAN RAFAEL,NO_DECODIFICADO,SIN_TEXTO_INTERNO,2
E14_PRE_01_088_002_00_01_004_5153_Mesa_4.pdf,I.E. LA MISERICORDIA SAN RAFAEL,NO_DECODIFICADO,SIN_TEXTO_INTERNO,2
E14_PRE_01_088_002_00_01_005_5153_Mesa_5.pdf,I.E. LA MISERICORDIA SAN RAFAEL,NO_DECODIFICADO,SIN_TEXTO_INTERNO,2
E14_PRE_01_088_002_00_01_006_5153_Mesa_6.pdf,I.E. LA MISERICORDIA SAN RAFAEL,NO_DECODIFICADO,SIN_TEXTO_INTERNO,2
E14_PRE_01_088_002_00_01_007_5153_Mesa_7.pdf,I.E. LA MISERICORDIA SAN RAFAEL,NO_DECODIFICADO,SIN_TEXTO_INTERNO,2
E14_PRE_01_088_002_00_01_008_5153_Mesa_8.pdf,I.E. LA MISERICORDIA SAN RAFAEL,NO_DECODIFICADO,SIN_TEXTO_INTERNO,2
E14_PRE_01_088_002_00_08_001_5156_Mesa_1.pdf,I.E. LAS MALVINAS,NO_DECODIFICADO,SIN_TEXTO_INTERNO,2
E14_PRE_01_088_002_00_08_002_5156_Mesa_2.pdf,I.E. LAS MALVINAS,NO_DECODIFICADO,SIN_TEXTO_INTERNO,2
E14_PRE_01_088_002_00_08_003_5156_Mesa_3.pdf,I.E. LAS MALVINAS,NO_DECODIFICADO,SIN_TEXTO_INTERNO,2
E14_PRE_01_088_002_00_08_004_5156_Mesa_4.pdf,I.E. LAS MALVINAS,NO_DECODIFICADO,SIN_TEXTO_INTERNO,2
E14_PRE_01_088_002_00_08_005_5156_Mesa_5.pdf,I.E. LAS MALVINAS,NO_DECODIFICADO,SIN_TEXTO_INTERNO,2
E14_PRE_01_088_002_00_08_006_5156_Mesa_6.pdf,I.E. LAS MALVINAS,NO_DECODIFICADO,SIN_TEXTO_INTERNO,2
E14_PRE_01_088_002_00_08_007_5156_Mesa_7.pdf,I.E. LAS MALVINAS,7dbSZwIpjIgrn6UwQu2Md7jWI5C0eOZyns3InzIdHxE=,SIN_TEXTO_INTERNO,2
E14_PRE_01_088_002_00_08_008_5156_Mesa_8.pdf,I.E. LAS MALVINAS,NO_DECODIFICADO,SIN_TEXTO_INTERNO,2
E14_PRE_01_088_002_00_08_009_5156_Mesa_9.pdf,I.E. LAS MALVINAS,NO_DECODIFICADO,SIN_TEXTO_INTERNO,2
E14_PRE_01_088_002_00_08_010_5156_Mesa_10.pdf,I.E. LAS MALVINAS,NO_DECODIFICADO,SIN_TEXTO_INTERNO,2
E14_PRE_01_088_002_00_08_011_5156_Mesa_11.pdf,I.E. LAS MALVINAS,NO_DECODIFICADO,SIN_TEXTO_INTERNO,2
E14_PRE_01_088_002_00_08_012_5156_Mesa_12.pdf,I.E. LAS MALVINAS,NO_DECODIFICADO,SIN_TEXTO_INTERNO,2
E14_PRE_01_088_001_00_04_001_5154_Mesa_1.pdf,I.E. LICEO CAUCASIA,NO_DECODIFICADO,SIN_TEXTO_INTERNO,2
E14_PRE_01_088_001_00_04_002_5154_Mesa_2.pdf,I.E. LICEO CAUCASIA,NO_DECODIFICADO,SIN_TEXTO_INTERNO,2
E14_PRE_01_088_001_00_04_003_5154_Mesa_3.pdf,I.E. LICEO CAUCASIA,NO_DECODIFICADO,SIN_TEXTO_INTERNO,2
E14_PRE_01_088_001_00_04_004_5154_Mesa_4.pdf,I.E. LICEO CAUCASIA,NO_DECODIFICADO,SIN_TEXTO_INTERNO,2
E14_PRE_01_088_001_00_04_005_5154_Mesa_5.pdf,I.E. LICEO CAUCASIA,nxwQPNCHQsJWfXSeaCsnRCq96cg4fs7DVfa5CgsZKoI=,SIN_TEXTO_INTERNO,2
E14_PRE_01_088_001_00_04_006_5154_Mesa_6.pdf,I.E. LICEO CAUCASIA,NO_DECODIFICADO,SIN_TEXTO_INTERNO,2
E14_PRE_01_088_001_00_04_007_5154_Mesa_7.pdf,I.E. LICEO CAUCASIA,NO_DECODIFICADO,SIN_TEXTO_INTERNO,2
E14_PRE_01_088_001_00_04_008_5154_Mesa_8.pdf,I.E. LICEO CAUCASIA,NO_DECODIFICADO,SIN_TEXTO_INTERNO,2
E14_PRE_01_088_001_00_04_009_5154_Mesa_9.pdf,I.E. LICEO CAUCASIA,NO_DECODIFICADO,SIN_TEXTO_INTERNO,2
E14_PRE_01_088_001_00_04_010_5154_Mesa_10.pdf,I.E. LICEO CAUCASIA,NO_DECODIFICADO,SIN_TEXTO_INTERNO,2
E14_PRE_01_088_001_00_04_011_5154_Mesa_11.pdf,I.E. LICEO CAUCASIA,NO_DECODIFICADO,SIN_TEXTO_INTERNO,2
E14_PRE_01_088_001_00_04_012_5154_Mesa_12.pdf,I.E. LICEO CAUCASIA,NO_DECODIFICADO,SIN_TEXTO_INTERNO,2
E14_PRE_01_088_001_00_04_013_5154_Mesa_13.pdf,I.E. LICEO CAUCASIA,NO_DECODIFICADO,SIN_TEXTO_INTERNO,2
E14_PRE_01_088_001_00_04_014_5154_Mesa_14.pdf,I.E. LICEO CAUCASIA,NO_DECODIFICADO,SIN_TEXTO_INTERNO,2
E14_PRE_01_088_001_00_04_015_5154_Mesa_15.pdf,I.E. LICEO CAUCASIA,NO_DECODIFICADO,SIN_TEXTO_INTERNO,2
E14_PRE_01_088_001_00_04_016_5154_Mesa_16.pdf,I.E. LICEO CAUCASIA,NO_DECODIFICADO,SIN_TEXTO_INTERNO,2
E14_PRE_01_088_001_00_04_017_5154_Mesa_17.pdf,I.E. LICEO CAUCASIA,NO_DECODIFICADO,SIN_TEXTO_INTERNO,2
E14_PRE_01_088_001_00_04_018_5154_Mesa_18.pdf,I.E. LICEO CAUCASIA,NO_DECODIFICADO,SIN_TEXTO_INTERNO,2
E14_PRE_01_088_001_00_04_019_5154_Mesa_19.pdf,I.E. LICEO CAUCASIA,NO_DECODIFICADO,SIN_TEXTO_INTERNO,2
E14_PRE_01_088_001_00_04_020_5154_Mesa_20.pdf,I.E. LICEO CAUCASIA,NO_DECODIFICADO,SIN_TEXTO_INTERNO,2
E14_PRE_01_088_001_00_04_021_5154_Mesa_21.pdf,I.E. LICEO CAUCASIA,NO_DECODIFICADO,SIN_TEXTO_INTERNO,2
E14_PRE_01_088_001_00_04_022_5154_Mesa_22.pdf,I.E. LICEO CAUCASIA,NO_DECODIFICADO,SIN_TEXTO_INTERNO,2
E14_PRE_01_088_001_00_04_023_5154_Mesa_23.pdf,I.E. LICEO CAUCASIA,NO_DECODIFICADO,SIN_TEXTO_INTERNO,2
E14_PRE_01_088_001_00_03_001_5153_Mesa_1.pdf,I.E. LICEO CAUCASIA STA HELENA,NO_DECODIFICADO,SIN_TEXTO_INTERNO,2
E14_PRE_01_088_001_00_03_002_5153_Mesa_2.pdf,I.E. LICEO CAUCASIA STA HELENA,NO_DECODIFICADO,SIN_TEXTO_INTERNO,2
E14_PRE_01_088_001_00_03_003_5153_Mesa_3.pdf,I.E. LICEO CAUCASIA STA HELENA,NO_DECODIFICADO,SIN_TEXTO_INTERNO,2
E14_PRE_01_088_001_00_03_004_5153_Mesa_4.pdf,I.E. LICEO CAUCASIA STA HELENA,NO_DECODIFICADO,SIN_TEXTO_INTERNO,2
E14_PRE_01_088_001_00_03_005_5153_Mesa_5.pdf,I.E. LICEO CAUCASIA STA HELENA,NO_DECODIFICADO,SIN_TEXTO_INTERNO,2
E14_PRE_01_088_001_00_03_006_5153_Mesa_6.pdf,I.E. LICEO CAUCASIA STA HELENA,NO_DECODIFICADO,SIN_TEXTO_INTERNO,2
E14_PRE_01_088_001_00_03_007_5153_Mesa_7.pdf,I.E. LICEO CAUCASIA STA HELENA,NO_DECODIFICADO,SIN_TEXTO_INTERNO,2
E14_PRE_01_088_001_00_03_008_5153_Mesa_8.pdf,I.E. LICEO CAUCASIA STA HELENA,1Fafv7aSLRGRtuKgK6sxOdZTro/gW5GGgktEZphGbZw=,SIN_TEXTO_INTERNO,2
E14_PRE_01_088_001_00_05_001_5154_Mesa_1.pdf,I.E. LICEO CONCEJO MUNICIPAL,NO_DECODIFICADO,SIN_TEXTO_INTERNO,2
E14_PRE_01_088_001_00_05_002_5154_Mesa_2.pdf,I.E. LICEO CONCEJO MUNICIPAL,NO_DECODIFICADO,SIN_TEXTO_INTERNO,2
E14_PRE_01_088_001_00_05_003_5154_Mesa_3.pdf,I.E. LICEO CONCEJO MUNICIPAL,NO_DECODIFICADO,SIN_TEXTO_INTERNO,2
E14_PRE_01_088_001_00_05_004_5154_Mesa_4.pdf,I.E. LICEO CONCEJO MUNICIPAL,NO_DECODIFICADO,SIN_TEXTO_INTERNO,2
E14_PRE_01_088_002_00_04_001_5156_Mesa_1.pdf,I.E. MARCO FIDEL SUAREZ,NO_DECODIFICADO,SIN_TEXTO_INTERNO,2
E14_PRE_01_088_002_00_04_002_5156_Mesa_2.pdf,I.E. MARCO FIDEL SUAREZ,0EndnN8V1I+Zsw6YTsnhYQbd+6/r3dYfqtQH1+QSlls=,SIN_TEXTO_INTERNO,2
E14_PRE_01_088_002_00_04_003_5156_Mesa_3.pdf,I.E. MARCO FIDEL SUAREZ,NO_DECODIFICADO,SIN_TEXTO_INTERNO,2
E14_PRE_01_088_002_00_04_004_5156_Mesa_4.pdf,I.E. MARCO FIDEL SUAREZ,NO_DECODIFICADO,SIN_TEXTO_INTERNO,2
E14_PRE_01_088_002_00_04_005_5156_Mesa_5.pdf,I.E. MARCO FIDEL SUAREZ,aDwiBzAwhKYMNSHWUkTUfUGX+Jz92YNhDpj8M44akwk=,SIN_TEXTO_INTERNO,2
E14_PRE_01_088_002_00_04_006_5156_Mesa_6.pdf,I.E. MARCO FIDEL SUAREZ,NO_DECODIFICADO,SIN_TEXTO_INTERNO,2
E14_PRE_01_088_002_00_04_007_5156_Mesa_7.pdf,I.E. MARCO FIDEL SUAREZ,NO_DECODIFICADO,SIN_TEXTO_INTERNO,2
E14_PRE_01_088_002_00_04_008_5156_Mesa_8.pdf,I.E. MARCO FIDEL SUAREZ,NO_DECODIFICADO,SIN_TEXTO_INTERNO,2
E14_PRE_01_088_002_00_04_009_5156_Mesa_9.pdf,I.E. MARCO FIDEL SUAREZ,71ZZTsZ2aWTX+Gs691frAOQE0fV1f4cZQfRYLTG5jGE=,SIN_TEXTO_INTERNO,2
E14_PRE_01_088_002_00_04_010_5156_Mesa_10.pdf,I.E. MARCO FIDEL SUAREZ,NO_DECODIFICADO,SIN_TEXTO_INTERNO,2
E14_PRE_01_088_002_00_04_011_5156_Mesa_11.pdf,I.E. MARCO FIDEL SUAREZ,NO_DECODIFICADO,SIN_TEXTO_INTERNO,2
E14_PRE_01_088_002_00_04_012_5156_Mesa_12.pdf,I.E. MARCO FIDEL SUAREZ,NO_DECODIFICADO,SIN_TEXTO_INTERNO,2
E14_PRE_01_088_002_00_04_013_5156_Mesa_13.pdf,I.E. MARCO FIDEL SUAREZ,NO_DECODIFICADO,SIN_TEXTO_INTERNO,2
E14_PRE_01_088_002_00_04_014_5156_Mesa_14.pdf,I.E. MARCO FIDEL SUAREZ,NO_DECODIFICADO,SIN_TEXTO_INTERNO,2
E14_PRE_01_088_002_00_04_015_5156_Mesa_15.pdf,I.E. MARCO FIDEL SUAREZ,NO_DECODIFICADO,SIN_TEXTO_INTERNO,2
E14_PRE_01_088_002_00_04_016_5156_Mesa_16.pdf,I.E. MARCO FIDEL SUAREZ,NO_DECODIFICADO,SIN_TEXTO_INTERNO,2
E14_PRE_01_088_002_00_04_017_5156_Mesa_17.pdf,I.E. MARCO FIDEL SUAREZ,NO_DECODIFICADO,SIN_TEXTO_INTERNO,2
E14_PRE_01_088_002_00_04_018_5156_Mesa_18.pdf,I.E. MARCO FIDEL SUAREZ,NO_DECODIFICADO,SIN_TEXTO_INTERNO,2
E14_PRE_01_088_002_00_04_019_5156_Mesa_19.pdf,I.E. MARCO FIDEL SUAREZ,NO_DECODIFICADO,SIN_TEXTO_INTERNO,2
E14_PRE_01_088_002_00_04_020_5156_Mesa_20.pdf,I.E. MARCO FIDEL SUAREZ,NO_DECODIFICADO,SIN_TEXTO_INTERNO,2
E14_PRE_01_088_002_00_04_021_5156_Mesa_21.pdf,I.E. MARCO FIDEL SUAREZ,NO_DECODIFICADO,SIN_TEXTO_INTERNO,2
E14_PRE_01_088_002_00_04_022_5156_Mesa_22.pdf,I.E. MARCO FIDEL SUAREZ,NO_DECODIFICADO,SIN_TEXTO_INTERNO,2
E14_PRE_19_088_099_00_51_001_2624_Mesa_1.pdf,I.E. PANTANOS,NoCTVfeHGuwF/jqLqEKaDfn5WUBXo4Yi3I8/BHu0RUc=,SIN_TEXTO_INTERNO,2
E14_PRE_19_088_099_00_51_002_2624_Mesa_2.pdf,I.E. PANTANOS,E/G52C36QDwj0FUBSGdzpwPZTLH1yeNxqTPBFXdijHQ=,SIN_TEXTO_INTERNO,2
E14_PRE_01_088_001_00_01_001_5153_Mesa_1.pdf,I.E. SANTO DOMINGO,NO_DECODIFICADO,SIN_TEXTO_INTERNO,2
E14_PRE_01_088_001_00_01_002_5153_Mesa_2.pdf,I.E. SANTO DOMINGO,NO_DECODIFICADO,SIN_TEXTO_INTERNO,2
E14_PRE_01_088_001_00_01_003_5153_Mesa_3.pdf,I.E. SANTO DOMINGO,NO_DECODIFICADO,SIN_TEXTO_INTERNO,2
E14_PRE_01_088_001_00_01_004_5153_Mesa_4.pdf,I.E. SANTO DOMINGO,NO_DECODIFICADO,SIN_TEXTO_INTERNO,2
E14_PRE_01_088_001_00_01_005_5153_Mesa_5.pdf,I.E. SANTO DOMINGO,NO_DECODIFICADO,SIN_TEXTO_INTERNO,2
E14_PRE_01_088_001_00_01_006_5153_Mesa_6.pdf,I.E. SANTO DOMINGO,NO_DECODIFICADO,SIN_TEXTO_INTERNO,2
E14_PRE_01_088_001_00_01_007_5153_Mesa_7.pdf,I.E. SANTO DOMINGO,NO_DECODIFICADO,SIN_TEXTO_INTERNO,2
E14_PRE_01_088_001_00_01_008_5153_Mesa_8.pdf,I.E. SANTO DOMINGO,NO_DECODIFICADO,SIN_TEXTO_INTERNO,2
E14_PRE_01_088_001_00_01_009_5153_Mesa_9.pdf,I.E. SANTO DOMINGO,NO_DECODIFICADO,SIN_TEXTO_INTERNO,2
E14_PRE_01_088_001_00_01_010_5153_Mesa_10.pdf,I.E. SANTO DOMINGO,NO_DECODIFICADO,SIN_TEXTO_INTERNO,2
E14_PRE_01_088_001_00_01_011_5153_Mesa_11.pdf,I.E. SANTO DOMINGO,NO_DECODIFICADO,SIN_TEXTO_INTERNO,2
E14_PRE_01_088_001_00_01_012_5153_Mesa_12.pdf,I.E. SANTO DOMINGO,yYEV0kNG3enyZ4KofgjU3S/VxTGRgt/BU/SfUUURlbw=,SIN_TEXTO_INTERNO,2
E14_PRE_01_088_001_00_01_013_5153_Mesa_13.pdf,I.E. SANTO DOMINGO,NO_DECODIFICADO,SIN_TEXTO_INTERNO,2
E14_PRE_01_088_001_00_01_014_5153_Mesa_14.pdf,I.E. SANTO DOMINGO,NO_DECODIFICADO,SIN_TEXTO_INTERNO,2
E14_PRE_01_088_001_00_01_015_5153_Mesa_15.pdf,I.E. SANTO DOMINGO,NO_DECODIFICADO,SIN_TEXTO_INTERNO,2
E14_PRE_01_088_001_00_01_016_5153_Mesa_16.pdf,I.E. SANTO DOMINGO,NO_DECODIFICADO,SIN_TEXTO_INTERNO,2
E14_PRE_01_088_001_00_02_001_5153_Mesa_1.pdf,I.E. SANTO DOMINGO NUEVA SANTA H,EXxU2TfVNzkF3gB052wQI3FT9ibgTUc2qKzgrgRvm9E=,SIN_TEXTO_INTERNO,2
E14_PRE_01_088_001_00_02_002_5153_Mesa_2.pdf,I.E. SANTO DOMINGO NUEVA SANTA H,NO_DECODIFICADO,SIN_TEXTO_INTERNO,2
E14_PRE_01_088_001_00_02_003_5153_Mesa_3.pdf,I.E. SANTO DOMINGO NUEVA SANTA H,TVBG9L6hneiPJkaZnHd4fcrBb+IMtIlVDfWml24v4Fs=,SIN_TEXTO_INTERNO,2
E14_PRE_01_088_001_00_02_004_5153_Mesa_4.pdf,I.E. SANTO DOMINGO NUEVA SANTA H,NO_DECODIFICADO,SIN_TEXTO_INTERNO,2
E14_PRE_01_088_001_00_02_005_5153_Mesa_5.pdf,I.E. SANTO DOMINGO NUEVA SANTA H,NO_DECODIFICADO,SIN_TEXTO_INTERNO,2
E14_PRE_01_088_001_00_02_006_5153_Mesa_6.pdf,I.E. SANTO DOMINGO NUEVA SANTA H,NO_DECODIFICADO,SIN_TEXTO_INTERNO,2
E14_PRE_01_088_001_00_02_007_5153_Mesa_7.pdf,I.E. SANTO DOMINGO NUEVA SANTA H,NO_DECODIFICADO,SIN_TEXTO_INTERNO,2
E14_PRE_01_088_001_00_02_008_5153_Mesa_8.pdf,I.E. SANTO DOMINGO NUEVA SANTA H,NO_DECODIFICADO,SIN_TEXTO_INTERNO,2
E14_PRE_01_088_001_00_02_009_5153_Mesa_9.pdf,I.E. SANTO DOMINGO NUEVA SANTA H,NO_DECODIFICADO,SIN_TEXTO_INTERNO,2
E14_PRE_01_088_001_00_02_010_5153_Mesa_10.pdf,I.E. SANTO DOMINGO NUEVA SANTA H,NO_DECODIFICADO,SIN_TEXTO_INTERNO,2
E14_PRE_01_088_001_00_02_011_5153_Mesa_11.pdf,I.E. SANTO DOMINGO NUEVA SANTA H,NO_DECODIFICADO,SIN_TEXTO_INTERNO,2
E14_PRE_01_088_001_00_02_012_5153_Mesa_12.pdf,I.E. SANTO DOMINGO NUEVA SANTA H,NO_DECODIFICADO,SIN_TEXTO_INTERNO,2
E14_PRE_01_088_001_00_02_013_5153_Mesa_13.pdf,I.E. SANTO DOMINGO NUEVA SANTA H,NO_DECODIFICADO,SIN_TEXTO_INTERNO,2
E14_PRE_01_088_001_00_02_014_5153_Mesa_14.pdf,I.E. SANTO DOMINGO NUEVA SANTA H,NO_DECODIFICADO,SIN_TEXTO_INTERNO,2
E14_PRE_01_088_001_00_07_001_5154_Mesa_1.pdf,I.E. STA TERESITA CENTRO,NO_DECODIFICADO,SIN_TEXTO_INTERNO,2
E14_PRE_01_088_001_00_07_002_5154_Mesa_2.pdf,I.E. STA TERESITA CENTRO,RVXbUWxN2WYM4jNDAdiM+6i5WO+rQtz9rsWWi42iDPo=,SIN_TEXTO_INTERNO,2
E14_PRE_01_088_001_00_07_003_5154_Mesa_3.pdf,I.E. STA TERESITA CENTRO,V0EzMRCrFm1uQ5cXli0yydcmKFDvk5lC6sYxGNc4GFk=,SIN_TEXTO_INTERNO,2
E14_PRE_01_088_001_00_07_004_5154_Mesa_4.pdf,I.E. STA TERESITA CENTRO,NO_DECODIFICADO,SIN_TEXTO_INTERNO,2
E14_PRE_01_088_001_00_07_005_5154_Mesa_5.pdf,I.E. STA TERESITA CENTRO,NO_DECODIFICADO,SIN_TEXTO_INTERNO,2
E14_PRE_01_088_001_00_07_006_5154_Mesa_6.pdf,I.E. STA TERESITA CENTRO,NO_DECODIFICADO,SIN_TEXTO_INTERNO,2
E14_PRE_01_088_001_00_07_007_5154_Mesa_7.pdf,I.E. STA TERESITA CENTRO,mY+7HsjFLRSaUAIXEg7W1XS+hi3bZa3/hSkOqCFZ+h4=,SIN_TEXTO_INTERNO,2
E14_PRE_01_088_001_00_07_008_5154_Mesa_8.pdf,I.E. STA TERESITA CENTRO,NO_DECODIFICADO,SIN_TEXTO_INTERNO,2
E14_PRE_01_088_001_00_07_009_5154_Mesa_9.pdf,I.E. STA TERESITA CENTRO,NO_DECODIFICADO,SIN_TEXTO_INTERNO,2
E14_PRE_01_088_001_00_07_010_5154_Mesa_10.pdf,I.E. STA TERESITA CENTRO,NO_DECODIFICADO,SIN_TEXTO_INTERNO,2
E14_PRE_01_088_001_00_07_011_5154_Mesa_11.pdf,I.E. STA TERESITA CENTRO,NO_DECODIFICADO,SIN_TEXTO_INTERNO,2
E14_PRE_01_088_001_00_07_012_5154_Mesa_12.pdf,I.E. STA TERESITA CENTRO,NO_DECODIFICADO,SIN_TEXTO_INTERNO,2
E14_PRE_01_088_001_00_07_013_5154_Mesa_13.pdf,I.E. STA TERESITA CENTRO,NO_DECODIFICADO,SIN_TEXTO_INTERNO,2
E14_PRE_01_088_001_00_07_014_5154_Mesa_14.pdf,I.E. STA TERESITA CENTRO,NO_DECODIFICADO,SIN_TEXTO_INTERNO,2
E14_PRE_01_088_001_00_07_015_5154_Mesa_15.pdf,I.E. STA TERESITA CENTRO,NO_DECODIFICADO,SIN_TEXTO_INTERNO,2
E14_PRE_01_088_001_00_07_016_5154_Mesa_16.pdf,I.E. STA TERESITA CENTRO,NO_DECODIFICADO,SIN_TEXTO_INTERNO,2
E14_PRE_01_088_001_00_07_017_5154_Mesa_17.pdf,I.E. STA TERESITA CENTRO,XGcaMcoCV96T0zvND7tyQOkP6VnWyKwNALBa5lZ05ws=,SIN_TEXTO_INTERNO,2
E14_PRE_01_088_001_00_06_001_5155_Mesa_1.pdf,I.E. STA TERESITA LOMA FRESCA,NO_DECODIFICADO,SIN_TEXTO_INTERNO,2
E14_PRE_01_088_001_00_06_002_5155_Mesa_2.pdf,I.E. STA TERESITA LOMA FRESCA,NO_DECODIFICADO,SIN_TEXTO_INTERNO,2
E14_PRE_01_088_001_00_06_003_5155_Mesa_3.pdf,I.E. STA TERESITA LOMA FRESCA,NO_DECODIFICADO,SIN_TEXTO_INTERNO,2
E14_PRE_01_088_001_00_06_004_5155_Mesa_4.pdf,I.E. STA TERESITA LOMA FRESCA,NO_DECODIFICADO,SIN_TEXTO_INTERNO,2
E14_PRE_01_088_001_00_06_005_5155_Mesa_5.pdf,I.E. STA TERESITA LOMA FRESCA,NO_DECODIFICADO,SIN_TEXTO_INTERNO,2
E14_PRE_01_088_001_00_06_006_5155_Mesa_6.pdf,I.E. STA TERESITA LOMA FRESCA,NO_DECODIFICADO,SIN_TEXTO_INTERNO,2
E14_PRE_01_088_001_00_06_007_5155_Mesa_7.pdf,I.E. STA TERESITA LOMA FRESCA,NO_DECODIFICADO,SIN_TEXTO_INTERNO,2
E14_PRE_01_088_001_00_06_008_5155_Mesa_8.pdf,I.E. STA TERESITA LOMA FRESCA,NO_DECODIFICADO,SIN_TEXTO_INTERNO,2
E14_PRE_01_088_001_00_06_009_5155_Mesa_9.pdf,I.E. STA TERESITA LOMA FRESCA,NO_DECODIFICADO,SIN_TEXTO_INTERNO,2
E14_PRE_01_088_099_00_01_001_5157_Mesa_1.pdf,I.E. VILLA DEL SOCORRO,GaaDT56nh5syYucOe/d3aN+5oKoKEOQpbBGSlmSpbnI=,SIN_TEXTO_INTERNO,2
E14_PRE_01_088_099_00_01_002_5157_Mesa_2.pdf,I.E. VILLA DEL SOCORRO,NO_DECODIFICADO,SIN_TEXTO_INTERNO,2
E14_PRE_15_160_002_00_03_001_5795_Mesa_1.pdf,I.E.NUESTA SRA DEL LORETO,NO_DECODIFICADO,SIN_TEXTO_INTERNO,2
E14_PRE_15_160_002_00_03_002_5795_Mesa_2.pdf,I.E.NUESTA SRA DEL LORETO,NO_DECODIFICADO,SIN_TEXTO_INTERNO,2
E14_PRE_15_160_002_00_03_003_5795_Mesa_3.pdf,I.E.NUESTA SRA DEL LORETO,NO_DECODIFICADO,SIN_TEXTO_INTERNO,2
E14_PRE_15_160_002_00_03_004_5795_Mesa_4.pdf,I.E.NUESTA SRA DEL LORETO,NO_DECODIFICADO,SIN_TEXTO_INTERNO,2
E14_PRE_15_160_002_00_03_005_5795_Mesa_5.pdf,I.E.NUESTA SRA DEL LORETO,NO_DECODIFICADO,SIN_TEXTO_INTERNO,2
E14_PRE_15_160_002_00_03_006_5795_Mesa_6.pdf,I.E.NUESTA SRA DEL LORETO,NO_DECODIFICADO,SIN_TEXTO_INTERNO,2
E14_PRE_15_160_002_00_03_007_5795_Mesa_7.pdf,I.E.NUESTA SRA DEL LORETO,NO_DECODIFICADO,SIN_TEXTO_INTERNO,2
E14_PRE_15_160_002_00_03_008_5795_Mesa_8.pdf,I.E.NUESTA SRA DEL LORETO,NO_DECODIFICADO,SIN_TEXTO_INTERNO,2
E14_PRE_15_160_002_00_03_009_5795_Mesa_9.pdf,I.E.NUESTA SRA DEL LORETO,NO_DECODIFICADO,SIN_TEXTO_INTERNO,2
E14_PRE_15_160_002_00_03_010_5795_Mesa_10.pdf,I.E.NUESTA SRA DEL LORETO,NO_DECODIFICADO,SIN_TEXTO_INTERNO,2
E14_PRE_15_160_002_00_03_011_5795_Mesa_11.pdf,I.E.NUESTA SRA DEL LORETO,3CUITqcSG0CGoHMTXHKCHFyDwPEPs5a55XzMgNLcdKI=,SIN_TEXTO_INTERNO,2
E14_PRE_01_088_099_00_17_001_5157_Mesa_1.pdf,I.E.R MARGENTO - SEDE MARGENTO,C4mUuzIN49QOCC6vHZMYnBzfVaxxy+Q155Q04C2cbgc=,SIN_TEXTO_INTERNO,2
E14_PRE_01_088_099_00_17_002_5157_Mesa_2.pdf,I.E.R MARGENTO - SEDE MARGENTO,NO_DECODIFICADO,SIN_TEXTO_INTERNO,2
E14_PRE_01_088_099_00_17_003_5157_Mesa_3.pdf,I.E.R MARGENTO - SEDE MARGENTO,NO_DECODIFICADO,SIN_TEXTO_INTERNO,2
E14_PRE_01_220_099_00_05_001_2088_Mesa_1.pdf,I.E.R. ABELARDO OCHOA,NO_DECODIFICADO,SIN_TEXTO_INTERNO,2
E14_PRE_01_220_099_00_05_002_2088_Mesa_2.pdf,I.E.R. ABELARDO OCHOA,NO_DECODIFICADO,SIN_TEXTO_INTERNO,2
E14_PRE_01_220_099_00_05_003_2088_Mesa_3.pdf,I.E.R. ABELARDO OCHOA,NO_DECODIFICADO,SIN_TEXTO_INTERNO,2
E14_PRE_01_088_099_00_05_001_5157_Mesa_1.pdf,I.E.R. CUTURU - SEDE CUTURU,NO_DECODIFICADO,SIN_TEXTO_INTERNO,2
E14_PRE_01_088_099_00_05_002_5157_Mesa_2.pdf,I.E.R. CUTURU - SEDE CUTURU,NO_DECODIFICADO,SIN_TEXTO_INTERNO,2
E14_PRE_01_088_099_00_05_003_5157_Mesa_3.pdf,I.E.R. CUTURU - SEDE CUTURU,NO_DECODIFICADO,SIN_TEXTO_INTERNO,2
E14_PRE_01_088_099_00_05_004_5157_Mesa_4.pdf,I.E.R. CUTURU - SEDE CUTURU,NO_DECODIFICADO,SIN_TEXTO_INTERNO,2
E14_PRE_01_088_099_00_05_005_5157_Mesa_5.pdf,I.E.R. CUTURU - SEDE CUTURU,NO_DECODIFICADO,SIN_TEXTO_INTERNO,2
E14_PRE_27_001_001_01_03_001_6419_Mesa_1.pdf,IE CAFÉ MADRID,s/O3gznEMbLDG2lECqa5tRMEuz5C3hrFDbMyijIHlDo=,SIN_TEXTO_INTERNO,2
E14_PRE_27_001_001_01_03_002_6419_Mesa_2.pdf,IE CAFÉ MADRID,DU4R+G8J9/2ciAMW/LER8aUY2Pmh5x7ZF94qk65NY68=,SIN_TEXTO_INTERNO,2
E14_PRE_27_001_001_01_03_003_6419_Mesa_3.pdf,IE CAFÉ MADRID,m9Q0qPf6xvn3n0WnKp3NEB/CTJJqgpYjvWMA27cwLqo=,SIN_TEXTO_INTERNO,2
E14_PRE_27_001_001_01_03_004_6419_Mesa_4.pdf,IE CAFÉ MADRID,pd6qqTlJuFWoXfHZMy85KMKDEFIqNKspis77HICtTN0=,SIN_TEXTO_INTERNO,2
E14_PRE_27_001_001_01_03_005_6419_Mesa_5.pdf,IE CAFÉ MADRID,ChixJnLw4QiiJuT/jl864dW2yMLUHd/amKhqAC4q6/8=,SIN_TEXTO_INTERNO,2
E14_PRE_27_001_001_01_03_006_6419_Mesa_6.pdf,IE CAFÉ MADRID,NO_DECODIFICADO,SIN_TEXTO_INTERNO,2
E14_PRE_27_001_001_01_03_007_6419_Mesa_7.pdf,IE CAFÉ MADRID,jzoQHyRTg4HlHwzawL8RZaIsu/YLa3dsUgk8jiga/Js=,SIN_TEXTO_INTERNO,2
E14_PRE_27_001_001_01_03_008_6419_Mesa_8.pdf,IE CAFÉ MADRID,/a43HgVZvCu1TB6dtqXUzq2wd1SSfSDYUbidV7WIUPg=,SIN_TEXTO_INTERNO,2
E14_PRE_27_001_001_01_03_009_6419_Mesa_9.pdf,IE CAFÉ MADRID,p2KLDhtQHiGcx4/VMzoBpYQKWLXz4DZTCYKsx39iFRg=,SIN_TEXTO_INTERNO,2
E14_PRE_27_001_001_01_03_010_6419_Mesa_10.pdf,IE CAFÉ MADRID,X4rqXiOoL6gv7r8BmcnNKlcxmrV1EHIubFGbmEvhWqI=,SIN_TEXTO_INTERNO,2
E14_PRE_27_001_001_01_03_011_6419_Mesa_11.pdf,IE CAFÉ MADRID,zjO0Eh5Ijgii17P7konPu4oBhWgd7RzBhPYILVSyXlQ=,SIN_TEXTO_INTERNO,2
E14_PRE_27_001_001_01_03_012_6419_Mesa_12.pdf,IE CAFÉ MADRID,FKqaCPq4Ybejy0GqgdJuxhAXaaCtTg7ECp0nZo8fTx8=,SIN_TEXTO_INTERNO,2
E14_PRE_27_001_001_01_03_013_6419_Mesa_13.pdf,IE CAFÉ MADRID,z19GR3BA8K3AFULEhd6r76rrndZPKgn8HPNwSv11XAE=,SIN_TEXTO_INTERNO,2
E14_PRE_27_001_001_01_03_014_6419_Mesa_14.pdf,IE CAFÉ MADRID,n6yHv5wLfYp7zoDy7REZJHU+c4OMcKVfb1fPPWJLXQw=,SIN_TEXTO_INTERNO,2
E14_PRE_27_001_001_01_03_015_6419_Mesa_15.pdf,IE CAFÉ MADRID,CbQgAV6dJyuWKBK5Ad4XcrbejvYXuJvZZ1BqKiDuQQU=,SIN_TEXTO_INTERNO,2
E14_PRE_27_001_001_01_03_016_6419_Mesa_16.pdf,IE CAFÉ MADRID,tVY9DMkU1tLRgu5uaIrw3/9phzG/4j6c4Y8NrKqpQug=,SIN_TEXTO_INTERNO,2
E14_PRE_27_001_001_01_03_017_6419_Mesa_17.pdf,IE CAFÉ MADRID,baBOE81GMhBWUcX4WQgW6a5ONl+YhV8GUzdX+ml6kzo=,SIN_TEXTO_INTERNO,2
E14_PRE_27_001_001_01_03_018_6419_Mesa_18.pdf,IE CAFÉ MADRID,FZMtCY0JPD2N8+i4mPHzBifNRQZmPKELg99MG654PdU=,SIN_TEXTO_INTERNO,2
E14_PRE_27_001_001_01_03_019_6419_Mesa_19.pdf,IE CAFÉ MADRID,sW4WF8eY8a88+vvSulS0RPCEH0nRKu7PgvZqHfre0B8=,SIN_TEXTO_INTERNO,2
E14_PRE_27_001_001_01_03_020_6419_Mesa_20.pdf,IE CAFÉ MADRID,FG29tEvQKBHqY1CnFG25T6y4Tf7IABA94hHmuzDH3yM=,SIN_TEXTO_INTERNO,2
E14_PRE_27_001_001_01_03_021_6419_Mesa_21.pdf,IE CAFÉ MADRID,09npWbMdtXYP7AycKa38yeSxLLVHoNPwQ3nXN9n5oIo=,SIN_TEXTO_INTERNO,2
E14_PRE_27_001_001_01_03_022_6419_Mesa_22.pdf,IE CAFÉ MADRID,w815EH1bfEAoDJuG3x9WkROASp5NrhK3M+ntss03AJ4=,SIN_TEXTO_INTERNO,2
E14_PRE_27_001_001_01_03_023_6419_Mesa_23.pdf,IE CAFÉ MADRID,hLcqSsVSLFTscNQotnIuk5AEe5aQWcbjE//W9vE2kC8=,SIN_TEXTO_INTERNO,2
E14_PRE_27_001_001_01_03_024_6419_Mesa_24.pdf,IE CAFÉ MADRID,4elVWJkb9h/VkdVWVJ2Z1MvtDtrYQJ7WNpQ85WIWtpE=,SIN_TEXTO_INTERNO,2
E14_PRE_27_001_001_01_03_025_6419_Mesa_25.pdf,IE CAFÉ MADRID,mmIhFE+BiYPANJN71wHBz0AhF1gx6jayscj/Yd5Z994=,SIN_TEXTO_INTERNO,2
E14_PRE_27_001_001_01_03_026_6419_Mesa_26.pdf,IE CAFÉ MADRID,HT/Wsu/umSYXLWEbMhUnvNhkJzDXJyPqD+AxESi5McA=,SIN_TEXTO_INTERNO,2
E14_PRE_27_001_001_01_03_027_6419_Mesa_27.pdf,IE CAFÉ MADRID,RH5boKwbaX9oEbVzzF2aAAkxkFlhGsZOmHSghi0baD4=,SIN_TEXTO_INTERNO,2
E14_PRE_27_001_001_01_03_028_6419_Mesa_28.pdf,IE CAFÉ MADRID,WPMXTvDKJVY7g5plSL3Nehglx3vrMWsa4Lk8CIU468A=,SIN_TEXTO_INTERNO,2
E14_PRE_27_001_001_01_03_029_6419_Mesa_29.pdf,IE CAFÉ MADRID,BT528W3/xXJ60c/cepUewAjZEbEQP4ic5aISQNTGZlA=,SIN_TEXTO_INTERNO,2
E14_PRE_27_001_001_01_03_030_6419_Mesa_30.pdf,IE CAFÉ MADRID,fBhOA1soJGA9E08nXknVzWqLyp5QBIfjrCzDoxuqGaQ=,SIN_TEXTO_INTERNO,2
E14_PRE_27_001_001_01_03_031_6419_Mesa_31.pdf,IE CAFÉ MADRID,NO_DECODIFICADO,SIN_TEXTO_INTERNO,2
E14_PRE_11_088_099_00_05_001_5611_Mesa_1.pdf,IE CINCO DIAS,NO_DECODIFICADO,SIN_TEXTO_INTERNO,2
E14_PRE_11_088_099_00_05_002_5611_Mesa_2.pdf,IE CINCO DIAS,NO_DECODIFICADO,SIN_TEXTO_INTERNO,2
E14_PRE_11_088_099_00_05_003_5611_Mesa_3.pdf,IE CINCO DIAS,NO_DECODIFICADO,SIN_TEXTO_INTERNO,2
E14_PRE_11_088_099_00_05_004_5611_Mesa_4.pdf,IE CINCO DIAS,NO_DECODIFICADO,SIN_TEXTO_INTERNO,2
E14_PRE_11_088_002_00_02_001_5612_Mesa_1.pdf,IE COLEGIO CAMILO TORRES,NO_DECODIFICADO,SIN_TEXTO_INTERNO,2
E14_PRE_11_088_002_00_02_002_5612_Mesa_2.pdf,IE COLEGIO CAMILO TORRES,NO_DECODIFICADO,SIN_TEXTO_INTERNO,2
E14_PRE_11_088_002_00_02_003_5612_Mesa_3.pdf,IE COLEGIO CAMILO TORRES,NO_DECODIFICADO,SIN_TEXTO_INTERNO,2
E14_PRE_11_088_002_00_02_004_5612_Mesa_4.pdf,IE COLEGIO CAMILO TORRES,NO_DECODIFICADO,SIN_TEXTO_INTERNO,2
E14_PRE_11_088_002_00_02_005_5612_Mesa_5.pdf,IE COLEGIO CAMILO TORRES,NO_DECODIFICADO,SIN_TEXTO_INTERNO,2
E14_PRE_11_088_002_00_02_006_5612_Mesa_6.pdf,IE COLEGIO CAMILO TORRES,NO_DECODIFICADO,SIN_TEXTO_INTERNO,2
E14_PRE_11_088_002_00_02_007_5612_Mesa_7.pdf,IE COLEGIO CAMILO TORRES,NO_DECODIFICADO,SIN_TEXTO_INTERNO,2
E14_PRE_15_088_001_00_09_001_5776_Mesa_1.pdf,IE DEPARTAMENTAL DE FUNZA,NO_DECODIFICADO,SIN_TEXTO_INTERNO,2
E14_PRE_15_088_001_00_09_002_5776_Mesa_2.pdf,IE DEPARTAMENTAL DE FUNZA,NO_DECODIFICADO,SIN_TEXTO_INTERNO,2
E14_PRE_15_088_001_00_09_003_5776_Mesa_3.pdf,IE DEPARTAMENTAL DE FUNZA,NO_DECODIFICADO,SIN_TEXTO_INTERNO,2
E14_PRE_15_160_099_00_01_001_5798_Mesa_1.pdf,IE DEPTAL SAN PATRICIO PUENTE DE  PIEDRA,NO_DECODIFICADO,SIN_TEXTO_INTERNO,2
E14_PRE_15_160_099_00_01_002_5798_Mesa_2.pdf,IE DEPTAL SAN PATRICIO PUENTE DE  PIEDRA,NO_DECODIFICADO,SIN_TEXTO_INTERNO,2
E14_PRE_15_160_099_00_01_003_5798_Mesa_3.pdf,IE DEPTAL SAN PATRICIO PUENTE DE  PIEDRA,NO_DECODIFICADO,SIN_TEXTO_INTERNO,2
E14_PRE_15_160_099_00_01_004_5798_Mesa_4.pdf,IE DEPTAL SAN PATRICIO PUENTE DE  PIEDRA,NO_DECODIFICADO,SIN_TEXTO_INTERNO,2
E14_PRE_15_160_099_00_01_005_5798_Mesa_5.pdf,IE DEPTAL SAN PATRICIO PUENTE DE  PIEDRA,NO_DECODIFICADO,SIN_TEXTO_INTERNO,2
E14_PRE_15_160_099_00_01_006_5798_Mesa_6.pdf,IE DEPTAL SAN PATRICIO PUENTE DE  PIEDRA,NO_DECODIFICADO,SIN_TEXTO_INTERNO,2
E14_PRE_15_160_099_00_01_007_5798_Mesa_7.pdf,IE DEPTAL SAN PATRICIO PUENTE DE  PIEDRA,NO_DECODIFICADO,SIN_TEXTO_INTERNO,2
E14_PRE_15_160_099_00_01_008_5798_Mesa_8.pdf,IE DEPTAL SAN PATRICIO PUENTE DE  PIEDRA,NO_DECODIFICADO,SIN_TEXTO_INTERNO,2
E14_PRE_15_160_099_00_01_009_5798_Mesa_9.pdf,IE DEPTAL SAN PATRICIO PUENTE DE  PIEDRA,NO_DECODIFICADO,SIN_TEXTO_INTERNO,2
E14_PRE_15_160_099_00_01_010_5798_Mesa_10.pdf,IE DEPTAL SAN PATRICIO PUENTE DE  PIEDRA,NO_DECODIFICADO,SIN_TEXTO_INTERNO,2
E14_PRE_31_064_003_00_02_001_6761_Mesa_1.pdf,IE ESPAÑA,zBQ38XSh1QrLsL1qXsyaykM2jv0mhGHUucwUD7Rl8OU=,SIN_TEXTO_INTERNO,2
E14_PRE_31_064_003_00_02_002_6761_Mesa_2.pdf,IE ESPAÑA,NO_DECODIFICADO,SIN_TEXTO_INTERNO,2
E14_PRE_31_064_003_00_02_003_6761_Mesa_3.pdf,IE ESPAÑA,svc9kmwRZAIwJhtCBreqW83sePugjywV2ssDfer3rNI=,SIN_TEXTO_INTERNO,2
E14_PRE_31_064_003_00_02_004_6761_Mesa_4.pdf,IE ESPAÑA,lnHBf8c/FkBYNqnKFJ8bGcpvBZMLfir+FaX2lNvq97M=,SIN_TEXTO_INTERNO,2
E14_PRE_31_064_003_00_02_005_6761_Mesa_5.pdf,IE ESPAÑA,QSjPS1oH9bYXWMGehajiHJFw/N5+i3IlyQKuT/eepa8=,SIN_TEXTO_INTERNO,2
E14_PRE_31_064_003_00_02_006_6761_Mesa_6.pdf,IE ESPAÑA,1QVMxMmoxXxbxGEjTkAescPmkxWmu+DAbSvMUoanImI=,SIN_TEXTO_INTERNO,2
E14_PRE_31_064_003_00_02_007_6761_Mesa_7.pdf,IE ESPAÑA,VU0G4Jn95V4uvsHFK56AF5knp9/+0V/IeTw0UUfqo5s=,SIN_TEXTO_INTERNO,2
E14_PRE_31_064_003_00_02_008_6761_Mesa_8.pdf,IE ESPAÑA,r4Ctt2RnDsYKl9QubzMukeHvKQSCB/UC2mJijzbIIWk=,SIN_TEXTO_INTERNO,2
E14_PRE_31_064_003_00_02_009_6761_Mesa_9.pdf,IE ESPAÑA,nsB7itGOzm+Adks4XEabvmX0IUHqO1mRgV3EyzlyONQ=,SIN_TEXTO_INTERNO,2
E14_PRE_31_064_003_00_02_010_6761_Mesa_10.pdf,IE ESPAÑA,21Cpur6GbDX0Xc6BeDfKeG3X+lNkcwD/VYSlO29N64s=,SIN_TEXTO_INTERNO,2
E14_PRE_31_064_003_00_02_011_6761_Mesa_11.pdf,IE ESPAÑA,2fWz0+F3UHDoe2mfvEv6sV8tkpEmI2yRzTXkELEJevc=,SIN_TEXTO_INTERNO,2
E14_PRE_31_064_003_00_02_012_6761_Mesa_12.pdf,IE ESPAÑA,Xyxdk2RVvvx4/+JcfIwbojoNJgnIJBprfVWegcz7hAo=,SIN_TEXTO_INTERNO,2
E14_PRE_31_064_003_00_02_013_6761_Mesa_13.pdf,IE ESPAÑA,7AfTNFo/vmbYvAwu17HA/6YP1xSK8cCZ/nwJXLoLNwY=,SIN_TEXTO_INTERNO,2
E14_PRE_31_064_003_00_02_014_6761_Mesa_14.pdf,IE ESPAÑA,aKyrAvwJeVSuslgCXtiewHqx/8KzO09rriOyLmlGV8k=,SIN_TEXTO_INTERNO,2
E14_PRE_31_064_003_00_02_015_6761_Mesa_15.pdf,IE ESPAÑA,UlXXAyouaqu9t3v3dH2DemfSUy1mugysVcWhi5D6USQ=,SIN_TEXTO_INTERNO,2
E14_PRE_31_064_003_00_02_016_6761_Mesa_16.pdf,IE ESPAÑA,JjH8H/6LZXJGws0bdD1zV9hMA5CResB4frWWLB+ND9I=,SIN_TEXTO_INTERNO,2
E14_PRE_31_064_003_00_02_017_6761_Mesa_17.pdf,IE ESPAÑA,CKmZ7nGb/S9Vem5Rinp92b1pMhtIjz5sezvsaW5d7KE=,SIN_TEXTO_INTERNO,2
E14_PRE_31_064_003_00_02_018_6761_Mesa_18.pdf,IE ESPAÑA,XCrEPUN3mEmresBKfclFcnpZzKGGgsbhgfkkH2WwS1Y=,SIN_TEXTO_INTERNO,2
E14_PRE_31_064_003_00_02_019_6761_Mesa_19.pdf,IE ESPAÑA,4W4nW8R4WBor4UK6Jm4hf6bw8NBvNgtl+JHFluH67W4=,SIN_TEXTO_INTERNO,2
E14_PRE_31_064_003_00_02_020_6761_Mesa_20.pdf,IE ESPAÑA,UVv26R/7DQeDtOy/Wp8MPnuBnuJw0DmRKPR5rvNUJGU=,SIN_TEXTO_INTERNO,2
E14_PRE_31_064_003_00_02_021_6761_Mesa_21.pdf,IE ESPAÑA,PK0oh4ZxdKgY+ZEiCIku9f+rQ6xao/im+qnv3mgm5Gc=,SIN_TEXTO_INTERNO,2
E14_PRE_31_064_003_00_02_022_6761_Mesa_22.pdf,IE ESPAÑA,9jh1qgogiO5/9jC8M4wXQYE6hW0W/1QIrvZJ46LOr+Q=,SIN_TEXTO_INTERNO,2
E14_PRE_31_064_003_00_02_023_6761_Mesa_23.pdf,IE ESPAÑA,jymtElwQ17Y/S6ZMdF2ANsbt0//fynxQ4EOxihyDcys=,SIN_TEXTO_INTERNO,2
E14_PRE_31_064_003_00_02_024_6761_Mesa_24.pdf,IE ESPAÑA,F0tQGlfDDvq+ErZgR5ScEk/zsa5w+XOwoT21nJY96kQ=,SIN_TEXTO_INTERNO,2
E14_PRE_31_064_003_00_02_025_6761_Mesa_25.pdf,IE ESPAÑA,Aqu6j/coBcoXTnnI7QCtu8S1F/yo7qloQmdyW/01eZk=,SIN_TEXTO_INTERNO,2
E14_PRE_01_001_018_09_02_001_5088_Mesa_1.pdf,IE FEDERICO OZANAM,NO_DECODIFICADO,SIN_TEXTO_INTERNO,2
E14_PRE_01_001_018_09_02_002_5088_Mesa_2.pdf,IE FEDERICO OZANAM,NO_DECODIFICADO,SIN_TEXTO_INTERNO,2
E14_PRE_01_001_018_09_02_003_5088_Mesa_3.pdf,IE FEDERICO OZANAM,NO_DECODIFICADO,SIN_TEXTO_INTERNO,2
E14_PRE_01_001_018_09_02_004_5088_Mesa_4.pdf,IE FEDERICO OZANAM,NO_DECODIFICADO,SIN_TEXTO_INTERNO,2
E14_PRE_01_001_018_09_02_005_5088_Mesa_5.pdf,IE FEDERICO OZANAM,NO_DECODIFICADO,SIN_TEXTO_INTERNO,2
E14_PRE_01_001_018_09_02_006_5088_Mesa_6.pdf,IE FEDERICO OZANAM,NO_DECODIFICADO,SIN_TEXTO_INTERNO,2
E14_PRE_01_001_018_09_02_007_5088_Mesa_7.pdf,IE FEDERICO OZANAM,NO_DECODIFICADO,SIN_TEXTO_INTERNO,2
E14_PRE_01_001_018_09_02_008_5088_Mesa_8.pdf,IE FEDERICO OZANAM,NO_DECODIFICADO,SIN_TEXTO_INTERNO,2
E14_PRE_01_001_018_09_02_009_5088_Mesa_9.pdf,IE FEDERICO OZANAM,NO_DECODIFICADO,SIN_TEXTO_INTERNO,2
E14_PRE_01_001_018_09_02_010_5088_Mesa_10.pdf,IE FEDERICO OZANAM,NO_DECODIFICADO,SIN_TEXTO_INTERNO,2
E14_PRE_01_001_018_09_02_011_5088_Mesa_11.pdf,IE FEDERICO OZANAM,NO_DECODIFICADO,SIN_TEXTO_INTERNO,2
E14_PRE_01_001_018_09_02_012_5088_Mesa_12.pdf,IE FEDERICO OZANAM,NO_DECODIFICADO,SIN_TEXTO_INTERNO,2
E14_PRE_01_001_018_09_02_013_5088_Mesa_13.pdf,IE FEDERICO OZANAM,NO_DECODIFICADO,SIN_TEXTO_INTERNO,2
E14_PRE_01_001_018_09_02_014_5088_Mesa_14.pdf,IE FEDERICO OZANAM,NO_DECODIFICADO,SIN_TEXTO_INTERNO,2
E14_PRE_01_001_018_09_02_015_5088_Mesa_15.pdf,IE FEDERICO OZANAM,NO_DECODIFICADO,SIN_TEXTO_INTERNO,2
E14_PRE_01_001_018_09_02_016_5088_Mesa_16.pdf,IE FEDERICO OZANAM,NO_DECODIFICADO,SIN_TEXTO_INTERNO,2
E14_PRE_01_001_018_09_02_017_5088_Mesa_17.pdf,IE FEDERICO OZANAM,NO_DECODIFICADO,SIN_TEXTO_INTERNO,2
E14_PRE_01_001_018_09_02_018_5088_Mesa_18.pdf,IE FEDERICO OZANAM,NO_DECODIFICADO,SIN_TEXTO_INTERNO,2
E14_PRE_01_001_018_09_02_019_5088_Mesa_19.pdf,IE FEDERICO OZANAM,NO_DECODIFICADO,SIN_TEXTO_INTERNO,2
E14_PRE_01_001_018_09_02_020_5088_Mesa_20.pdf,IE FEDERICO OZANAM,NO_DECODIFICADO,SIN_TEXTO_INTERNO,2
E14_PRE_01_001_018_09_02_021_5088_Mesa_21.pdf,IE FEDERICO OZANAM,NO_DECODIFICADO,SIN_TEXTO_INTERNO,2
E14_PRE_01_001_018_09_02_022_5088_Mesa_22.pdf,IE FEDERICO OZANAM,NO_DECODIFICADO,SIN_TEXTO_INTERNO,2
E14_PRE_01_001_018_09_02_023_5088_Mesa_23.pdf,IE FEDERICO OZANAM,NO_DECODIFICADO,SIN_TEXTO_INTERNO,2
E14_PRE_01_001_018_09_02_024_5088_Mesa_24.pdf,IE FEDERICO OZANAM,TNmhd6FhFjWlp2gXrg5clE/HfSXcyZ2VQlXiKocKHcc=,SIN_TEXTO_INTERNO,2
E14_PRE_01_001_018_09_02_025_5088_Mesa_25.pdf,IE FEDERICO OZANAM,NO_DECODIFICADO,SIN_TEXTO_INTERNO,2
E14_PRE_01_001_018_09_02_026_5088_Mesa_26.pdf,IE FEDERICO OZANAM,NO_DECODIFICADO,SIN_TEXTO_INTERNO,2
E14_PRE_01_001_018_09_02_027_5088_Mesa_27.pdf,IE FEDERICO OZANAM,NO_DECODIFICADO,SIN_TEXTO_INTERNO,2
E14_PRE_01_001_018_09_02_028_5088_Mesa_28.pdf,IE FEDERICO OZANAM,NO_DECODIFICADO,SIN_TEXTO_INTERNO,2
E14_PRE_01_001_018_09_02_029_5088_Mesa_29.pdf,IE FEDERICO OZANAM,NO_DECODIFICADO,SIN_TEXTO_INTERNO,2
E14_PRE_01_001_018_09_02_030_5088_Mesa_30.pdf,IE FEDERICO OZANAM,NO_DECODIFICADO,SIN_TEXTO_INTERNO,2
E14_PRE_01_001_018_09_02_031_5088_Mesa_31.pdf,IE FEDERICO OZANAM,NO_DECODIFICADO,SIN_TEXTO_INTERNO,2
E14_PRE_01_001_018_09_02_032_5088_Mesa_32.pdf,IE FEDERICO OZANAM,NO_DECODIFICADO,SIN_TEXTO_INTERNO,2
E14_PRE_01_001_018_09_02_033_5088_Mesa_33.pdf,IE FEDERICO OZANAM,NO_DECODIFICADO,SIN_TEXTO_INTERNO,2
E14_PRE_01_001_018_09_02_034_5088_Mesa_34.pdf,IE FEDERICO OZANAM,NO_DECODIFICADO,SIN_TEXTO_INTERNO,2
E14_PRE_11_088_002_00_01_001_5612_Mesa_1.pdf,IE GUILLERMO VALENCIA,NO_DECODIFICADO,SIN_TEXTO_INTERNO,2
E14_PRE_11_088_002_00_01_002_5612_Mesa_2.pdf,IE GUILLERMO VALENCIA,NO_DECODIFICADO,SIN_TEXTO_INTERNO,2
E14_PRE_11_088_002_00_01_003_5612_Mesa_3.pdf,IE GUILLERMO VALENCIA,NO_DECODIFICADO,SIN_TEXTO_INTERNO,2
E14_PRE_11_088_002_00_01_004_5612_Mesa_4.pdf,IE GUILLERMO VALENCIA,NO_DECODIFICADO,SIN_TEXTO_INTERNO,2
E14_PRE_11_088_002_00_01_005_5612_Mesa_5.pdf,IE GUILLERMO VALENCIA,NO_DECODIFICADO,SIN_TEXTO_INTERNO,2
E14_PRE_11_088_002_00_01_006_5612_Mesa_6.pdf,IE GUILLERMO VALENCIA,NO_DECODIFICADO,SIN_TEXTO_INTERNO,2
E14_PRE_11_088_002_00_01_007_5612_Mesa_7.pdf,IE GUILLERMO VALENCIA,NO_DECODIFICADO,SIN_TEXTO_INTERNO,2
E14_PRE_11_088_002_00_01_008_5612_Mesa_8.pdf,IE GUILLERMO VALENCIA,NO_DECODIFICADO,SIN_TEXTO_INTERNO,2
E14_PRE_11_088_002_00_01_009_5612_Mesa_9.pdf,IE GUILLERMO VALENCIA,NO_DECODIFICADO,SIN_TEXTO_INTERNO,2
E14_PRE_11_088_002_00_01_010_5612_Mesa_10.pdf,IE GUILLERMO VALENCIA,NO_DECODIFICADO,SIN_TEXTO_INTERNO,2
E14_PRE_11_088_002_00_01_011_5612_Mesa_11.pdf,IE GUILLERMO VALENCIA,NO_DECODIFICADO,SIN_TEXTO_INTERNO,2
E14_PRE_11_088_002_00_01_012_5612_Mesa_12.pdf,IE GUILLERMO VALENCIA,NO_DECODIFICADO,SIN_TEXTO_INTERNO,2
E14_PRE_11_088_002_00_01_013_5612_Mesa_13.pdf,IE GUILLERMO VALENCIA,5KsCD53MDbnzgqSudP0qql1NrRQwppPbNydrBItQf0M=,SIN_TEXTO_INTERNO,2
E14_PRE_11_088_002_00_01_014_5612_Mesa_14.pdf,IE GUILLERMO VALENCIA,NO_DECODIFICADO,SIN_TEXTO_INTERNO,2
E14_PRE_11_088_002_00_01_015_5612_Mesa_15.pdf,IE GUILLERMO VALENCIA,NO_DECODIFICADO,SIN_TEXTO_INTERNO,2
E14_PRE_11_088_002_00_01_016_5612_Mesa_16.pdf,IE GUILLERMO VALENCIA,NO_DECODIFICADO,SIN_TEXTO_INTERNO,2
E14_PRE_11_088_002_00_01_017_5612_Mesa_17.pdf,IE GUILLERMO VALENCIA,g8U5fVNc1QVtwGADm4jV568nXNhoTkVub3cv2v/G8nk=,SIN_TEXTO_INTERNO,2
E14_PRE_11_088_002_00_01_018_5612_Mesa_18.pdf,IE GUILLERMO VALENCIA,NO_DECODIFICADO,SIN_TEXTO_INTERNO,2
E14_PRE_11_088_002_00_01_019_5612_Mesa_19.pdf,IE GUILLERMO VALENCIA,NO_DECODIFICADO,SIN_TEXTO_INTERNO,2
E14_PRE_11_088_002_00_01_020_5612_Mesa_20.pdf,IE GUILLERMO VALENCIA,XbOaYuaBwtEW/HMwoYgzIsnQY6GZOmcjI9jQQ0uYn3M=,SIN_TEXTO_INTERNO,2
E14_PRE_13_001_005_06_07_001_5675_Mesa_1.pdf,IE JOSE MARIA CORDOBA SD CAMILO LAMADRID,NO_DECODIFICADO,SIN_TEXTO_INTERNO,2
E14_PRE_13_001_005_06_07_002_5675_Mesa_2.pdf,IE JOSE MARIA CORDOBA SD CAMILO LAMADRID,NO_DECODIFICADO,SIN_TEXTO_INTERNO,2
E14_PRE_01_220_000_00_00_001_2088_Mesa_1.pdf,IE JULIO RESTREPO,NO_DECODIFICADO,SIN_TEXTO_INTERNO,2
E14_PRE_01_220_000_00_00_002_2088_Mesa_2.pdf,IE JULIO RESTREPO,NO_DECODIFICADO,SIN_TEXTO_INTERNO,2
E14_PRE_01_220_000_00_00_003_2088_Mesa_3.pdf,IE JULIO RESTREPO,NO_DECODIFICADO,SIN_TEXTO_INTERNO,2
E14_PRE_01_220_000_00_00_004_2088_Mesa_4.pdf,IE JULIO RESTREPO,NO_DECODIFICADO,SIN_TEXTO_INTERNO,2
E14_PRE_01_220_000_00_00_005_2088_Mesa_5.pdf,IE JULIO RESTREPO,NO_DECODIFICADO,SIN_TEXTO_INTERNO,2
E14_PRE_01_220_000_00_00_006_2088_Mesa_6.pdf,IE JULIO RESTREPO,NO_DECODIFICADO,SIN_TEXTO_INTERNO,2
E14_PRE_01_220_000_00_00_007_2088_Mesa_7.pdf,IE JULIO RESTREPO,xoNQQfnQD8qTzK7+wvVi3NNqzyLyAoV0Q1oMM7Hi1WM=,SIN_TEXTO_INTERNO,2
E14_PRE_01_220_000_00_00_008_2088_Mesa_8.pdf,IE JULIO RESTREPO,NO_DECODIFICADO,SIN_TEXTO_INTERNO,2
E14_PRE_01_220_000_00_00_009_2088_Mesa_9.pdf,IE JULIO RESTREPO,NO_DECODIFICADO,SIN_TEXTO_INTERNO,2
E14_PRE_01_220_000_00_00_010_2088_Mesa_10.pdf,IE JULIO RESTREPO,NO_DECODIFICADO,SIN_TEXTO_INTERNO,2
E14_PRE_01_220_000_00_00_011_2088_Mesa_11.pdf,IE JULIO RESTREPO,NO_DECODIFICADO,SIN_TEXTO_INTERNO,2
E14_PRE_01_220_000_00_00_012_2088_Mesa_12.pdf,IE JULIO RESTREPO,NO_DECODIFICADO,SIN_TEXTO_INTERNO,2
E14_PRE_01_220_000_00_00_013_2088_Mesa_13.pdf,IE JULIO RESTREPO,NO_DECODIFICADO,SIN_TEXTO_INTERNO,2
E14_PRE_01_220_000_00_00_014_2088_Mesa_14.pdf,IE JULIO RESTREPO,NO_DECODIFICADO,SIN_TEXTO_INTERNO,2
E14_PRE_01_220_000_00_00_015_2088_Mesa_15.pdf,IE JULIO RESTREPO,NO_DECODIFICADO,SIN_TEXTO_INTERNO,2
E14_PRE_01_220_000_00_00_016_2088_Mesa_16.pdf,IE JULIO RESTREPO,NO_DECODIFICADO,SIN_TEXTO_INTERNO,2
E14_PRE_01_220_000_00_00_017_2088_Mesa_17.pdf,IE JULIO RESTREPO,NO_DECODIFICADO,SIN_TEXTO_INTERNO,2
E14_PRE_01_220_000_00_00_018_2088_Mesa_18.pdf,IE JULIO RESTREPO,NO_DECODIFICADO,SIN_TEXTO_INTERNO,2
E14_PRE_01_220_000_00_00_019_2088_Mesa_19.pdf,IE JULIO RESTREPO,NO_DECODIFICADO,SIN_TEXTO_INTERNO,2
E14_PRE_01_220_000_00_00_020_2088_Mesa_20.pdf,IE JULIO RESTREPO,NO_DECODIFICADO,SIN_TEXTO_INTERNO,2
E14_PRE_01_220_000_00_00_021_2088_Mesa_21.pdf,IE JULIO RESTREPO,NO_DECODIFICADO,SIN_TEXTO_INTERNO,2
E14_PRE_01_220_000_00_00_022_2088_Mesa_22.pdf,IE JULIO RESTREPO,NO_DECODIFICADO,SIN_TEXTO_INTERNO,2
E14_PRE_01_220_000_00_00_023_2088_Mesa_23.pdf,IE JULIO RESTREPO,NO_DECODIFICADO,SIN_TEXTO_INTERNO,2
E14_PRE_01_220_000_00_00_024_2088_Mesa_24.pdf,IE JULIO RESTREPO,NO_DECODIFICADO,SIN_TEXTO_INTERNO,2
E14_PRE_01_220_000_00_00_025_2088_Mesa_25.pdf,IE JULIO RESTREPO,NO_DECODIFICADO,SIN_TEXTO_INTERNO,2
E14_PRE_01_220_000_00_00_026_2088_Mesa_26.pdf,IE JULIO RESTREPO,NO_DECODIFICADO,SIN_TEXTO_INTERNO,2
E14_PRE_01_220_000_00_00_027_2088_Mesa_27.pdf,IE JULIO RESTREPO,NO_DECODIFICADO,SIN_TEXTO_INTERNO,2
E14_PRE_01_220_000_00_00_028_2088_Mesa_28.pdf,IE JULIO RESTREPO,NO_DECODIFICADO,SIN_TEXTO_INTERNO,2
E14_PRE_01_220_000_00_00_029_2088_Mesa_29.pdf,IE JULIO RESTREPO,NO_DECODIFICADO,SIN_TEXTO_INTERNO,2
E14_PRE_01_220_000_00_00_030_2088_Mesa_30.pdf,IE JULIO RESTREPO,NO_DECODIFICADO,SIN_TEXTO_INTERNO,2
E14_PRE_01_220_000_00_00_031_2088_Mesa_31.pdf,IE JULIO RESTREPO,NO_DECODIFICADO,SIN_TEXTO_INTERNO,2
E14_PRE_01_220_000_00_00_032_2088_Mesa_32.pdf,IE JULIO RESTREPO,NO_DECODIFICADO,SIN_TEXTO_INTERNO,2
E14_PRE_52_001_017_09_03_001_6920_Mesa_1.pdf,IE LA MADRID,T1BJIVPnHgDCCGoImP1tZQQfsGEUKtBGSukI7X2HH+k=,SIN_TEXTO_INTERNO,2
E14_PRE_52_001_017_09_03_002_6920_Mesa_2.pdf,IE LA MADRID,sDfsP8uzOKEVvTDBxMjIeB4No0b9F41gWMZVUriKCyo=,SIN_TEXTO_INTERNO,2
E14_PRE_52_001_017_09_03_003_6920_Mesa_3.pdf,IE LA MADRID,+1tqMgJgq2yl1oCn2I2UjPVZGornjKoHYDSzFRBOsgQ=,SIN_TEXTO_INTERNO,2
E14_PRE_52_001_017_09_03_004_6920_Mesa_4.pdf,IE LA MADRID,KC26IaOALASpOZvcQzAUTYwQH5P2xlgbuKvVdsZNbPo=,SIN_TEXTO_INTERNO,2
E14_PRE_52_001_017_09_03_005_6920_Mesa_5.pdf,IE LA MADRID,DIxyWH1gjuH4MRlKUxMz6LOjxMyBY2B4qcXPyuNTcQE=,SIN_TEXTO_INTERNO,2
E14_PRE_52_001_017_09_03_006_6920_Mesa_6.pdf,IE LA MADRID,IurKd4ybTbQ6LlOrLS/JMAOlI0UVKpMJxLL3i5SL6nY=,SIN_TEXTO_INTERNO,2
E14_PRE_52_001_017_09_03_007_6920_Mesa_7.pdf,IE LA MADRID,5GxWoMgfeSs9kcqndsC0G8SxozXC/UCvER8UfwQ5rlw=,SIN_TEXTO_INTERNO,2
E14_PRE_52_001_017_09_03_008_6920_Mesa_8.pdf,IE LA MADRID,fNosmxtpbNv2fM48DH/yyT0oESeF2t9+YbeX8DDH2EE= | 16972545,SIN_TEXTO_INTERNO,2
E14_PRE_52_001_017_09_03_009_6920_Mesa_9.pdf,IE LA MADRID,DCZh5IXptTFKNPYOhB/lcD/Pej+baEWoH3uxZjpvZEo=,SIN_TEXTO_INTERNO,2
E14_PRE_52_001_017_09_03_010_6920_Mesa_10.pdf,IE LA MADRID,oU4dFlQtnuyyNxkZAYYhE5k2HVBaWZyFg2XUsLWwCCU=,SIN_TEXTO_INTERNO,2
E14_PRE_52_001_017_09_03_011_6920_Mesa_11.pdf,IE LA MADRID,FSKSTRDwhgTcePptpjRL3ArTddGeT4qEKwmNEBMFKZQ=,SIN_TEXTO_INTERNO,2
E14_PRE_52_001_017_09_03_012_6920_Mesa_12.pdf,IE LA MADRID,1V/C7PNJ7tbg+EfBODvCOg3yOoNTPaGw7z/A47xcwi4=,SIN_TEXTO_INTERNO,2
E14_PRE_52_001_017_09_03_013_6920_Mesa_13.pdf,IE LA MADRID,L0SHJ+5KKNIh9YVDQyAc7VFS+D9Kdaag+VjRjRH1xOg=,SIN_TEXTO_INTERNO,2
E14_PRE_52_001_017_09_03_014_6920_Mesa_14.pdf,IE LA MADRID,R/tSn3Cyt5PpmQzgRLfrcCtedd4xEB/Pbm5V+Z7uaZM=,SIN_TEXTO_INTERNO,2
E14_PRE_52_001_017_09_03_015_6920_Mesa_15.pdf,IE LA MADRID,D2VAsLyOh4aHZdZVM9A7wfSTCDyY1dOI+j357RnuM1o=,SIN_TEXTO_INTERNO,2
E14_PRE_52_001_017_09_03_016_6920_Mesa_16.pdf,IE LA MADRID,QV1yyP8m2W7O5w5oHCnFpc4b/yfiZ5MkIvyZK5JtLyU=,SIN_TEXTO_INTERNO,2
E14_PRE_01_001_001_01_03_001_5003_Mesa_1.pdf,IE MARIA DE LOS ANGELES CANO MARQUEZ,NO_DECODIFICADO,SIN_TEXTO_INTERNO,2
E14_PRE_01_001_001_01_03_002_5003_Mesa_2.pdf,IE MARIA DE LOS ANGELES CANO MARQUEZ,NO_DECODIFICADO,SIN_TEXTO_INTERNO,2
E14_PRE_01_001_001_01_03_003_5003_Mesa_3.pdf,IE MARIA DE LOS ANGELES CANO MARQUEZ,NO_DECODIFICADO,SIN_TEXTO_INTERNO,2
E14_PRE_01_001_001_01_03_004_5003_Mesa_4.pdf,IE MARIA DE LOS ANGELES CANO MARQUEZ,NO_DECODIFICADO,SIN_TEXTO_INTERNO,2
E14_PRE_01_001_001_01_03_005_5003_Mesa_5.pdf,IE MARIA DE LOS ANGELES CANO MARQUEZ,NO_DECODIFICADO,SIN_TEXTO_INTERNO,2
E14_PRE_01_001_001_01_03_006_5003_Mesa_6.pdf,IE MARIA DE LOS ANGELES CANO MARQUEZ,NO_DECODIFICADO,SIN_TEXTO_INTERNO,2
E14_PRE_01_001_001_01_03_007_5003_Mesa_7.pdf,IE MARIA DE LOS ANGELES CANO MARQUEZ,NO_DECODIFICADO,SIN_TEXTO_INTERNO,2
E14_PRE_01_001_001_01_03_008_5003_Mesa_8.pdf,IE MARIA DE LOS ANGELES CANO MARQUEZ,NO_DECODIFICADO,SIN_TEXTO_INTERNO,2
E14_PRE_01_001_001_01_03_009_5003_Mesa_9.pdf,IE MARIA DE LOS ANGELES CANO MARQUEZ,NO_DECODIFICADO,SIN_TEXTO_INTERNO,2
E14_PRE_01_001_001_01_03_010_5003_Mesa_10.pdf,IE MARIA DE LOS ANGELES CANO MARQUEZ,NO_DECODIFICADO,SIN_TEXTO_INTERNO,2
E14_PRE_01_001_001_01_03_011_5003_Mesa_11.pdf,IE MARIA DE LOS ANGELES CANO MARQUEZ,NO_DECODIFICADO,SIN_TEXTO_INTERNO,2
E14_PRE_01_001_001_01_03_012_5003_Mesa_12.pdf,IE MARIA DE LOS ANGELES CANO MARQUEZ,igSINeUXTCIzIdmDm9Vm23Eh1L7WR+51bJIirfFNckM=,SIN_TEXTO_INTERNO,2
E14_PRE_01_001_001_01_03_013_5003_Mesa_13.pdf,IE MARIA DE LOS ANGELES CANO MARQUEZ,rU5/UZsAzo8zRfA0sgxHlhQeXgb2FEFxcnxY6v10qVs=,SIN_TEXTO_INTERNO,2
E14_PRE_01_001_001_01_03_014_5003_Mesa_14.pdf,IE MARIA DE LOS ANGELES CANO MARQUEZ,NO_DECODIFICADO,SIN_TEXTO_INTERNO,2
E14_PRE_01_001_001_01_03_015_5003_Mesa_15.pdf,IE MARIA DE LOS ANGELES CANO MARQUEZ,NO_DECODIFICADO,SIN_TEXTO_INTERNO,2
E14_PRE_01_001_001_01_03_016_5003_Mesa_16.pdf,IE MARIA DE LOS ANGELES CANO MARQUEZ,NO_DECODIFICADO,SIN_TEXTO_INTERNO,2
E14_PRE_01_001_001_01_03_017_5003_Mesa_17.pdf,IE MARIA DE LOS ANGELES CANO MARQUEZ,NO_DECODIFICADO,SIN_TEXTO_INTERNO,2
E14_PRE_01_001_001_01_03_018_5003_Mesa_18.pdf,IE MARIA DE LOS ANGELES CANO MARQUEZ,NO_DECODIFICADO,SIN_TEXTO_INTERNO,2
E14_PRE_01_001_001_01_03_019_5003_Mesa_19.pdf,IE MARIA DE LOS ANGELES CANO MARQUEZ,NO_DECODIFICADO,SIN_TEXTO_INTERNO,2
E14_PRE_01_001_001_01_03_020_5003_Mesa_20.pdf,IE MARIA DE LOS ANGELES CANO MARQUEZ,NO_DECODIFICADO,SIN_TEXTO_INTERNO,2
E14_PRE_01_001_001_01_03_021_5003_Mesa_21.pdf,IE MARIA DE LOS ANGELES CANO MARQUEZ,NO_DECODIFICADO,SIN_TEXTO_INTERNO,2
E14_PRE_01_001_001_01_03_022_5003_Mesa_22.pdf,IE MARIA DE LOS ANGELES CANO MARQUEZ,xNOq3HTqgH3yaxeA3aU8PUNk6ISE63NLlKuL0dOHjo4=,SIN_TEXTO_INTERNO,2
E14_PRE_01_001_001_01_03_023_5003_Mesa_23.pdf,IE MARIA DE LOS ANGELES CANO MARQUEZ,NO_DECODIFICADO,SIN_TEXTO_INTERNO,2
E14_PRE_01_001_001_01_03_024_5003_Mesa_24.pdf,IE MARIA DE LOS ANGELES CANO MARQUEZ,NO_DECODIFICADO,SIN_TEXTO_INTERNO,2
E14_PRE_01_001_001_01_03_025_5003_Mesa_25.pdf,IE MARIA DE LOS ANGELES CANO MARQUEZ,NO_DECODIFICADO,SIN_TEXTO_INTERNO,2
E14_PRE_15_088_002_00_13_001_5772_Mesa_1.pdf,IE MARIA INMACULADA,BojMfGhYbGHW0sxMCPtal2GD6e+JImMxvTlbEigzLgo=,SIN_TEXTO_INTERNO,2
E14_PRE_15_088_002_00_13_002_5772_Mesa_2.pdf,IE MARIA INMACULADA,NO_DECODIFICADO,SIN_TEXTO_INTERNO,2
E14_PRE_15_088_002_00_13_003_5772_Mesa_3.pdf,IE MARIA INMACULADA,NO_DECODIFICADO,SIN_TEXTO_INTERNO,2
E14_PRE_15_088_002_00_13_004_5772_Mesa_4.pdf,IE MARIA INMACULADA,NO_DECODIFICADO,SIN_TEXTO_INTERNO,2
E14_PRE_15_088_002_00_13_005_5772_Mesa_5.pdf,IE MARIA INMACULADA,NO_DECODIFICADO,SIN_TEXTO_INTERNO,2
E14_PRE_15_088_002_00_13_006_5772_Mesa_6.pdf,IE MARIA INMACULADA,NO_DECODIFICADO,SIN_TEXTO_INTERNO,2
E14_PRE_15_088_002_00_13_007_5772_Mesa_7.pdf,IE MARIA INMACULADA,NO_DECODIFICADO,SIN_TEXTO_INTERNO,2
E14_PRE_15_088_002_00_13_008_5772_Mesa_8.pdf,IE MARIA INMACULADA,NO_DECODIFICADO,SIN_TEXTO_INTERNO,2
E14_PRE_15_088_002_00_13_009_5772_Mesa_9.pdf,IE MARIA INMACULADA,NO_DECODIFICADO,SIN_TEXTO_INTERNO,2
E14_PRE_15_088_002_00_13_010_5772_Mesa_10.pdf,IE MARIA INMACULADA,NO_DECODIFICADO,SIN_TEXTO_INTERNO,2
E14_PRE_01_292_099_00_05_001_2120_Mesa_1.pdf,IE ORLANDO VELASQUEZ - ESCUELA PRIMARIA,NO_DECODIFICADO,SIN_TEXTO_INTERNO,2
E14_PRE_01_292_099_00_05_002_2120_Mesa_2.pdf,IE ORLANDO VELASQUEZ - ESCUELA PRIMARIA,NO_DECODIFICADO,SIN_TEXTO_INTERNO,2
E14_PRE_01_292_099_00_05_003_2120_Mesa_3.pdf,IE ORLANDO VELASQUEZ - ESCUELA PRIMARIA,NO_DECODIFICADO,SIN_TEXTO_INTERNO,2
E14_PRE_01_292_099_00_05_004_2120_Mesa_4.pdf,IE ORLANDO VELASQUEZ - ESCUELA PRIMARIA,NO_DECODIFICADO,SIN_TEXTO_INTERNO,2
E14_PRE_01_292_099_00_05_005_2120_Mesa_5.pdf,IE ORLANDO VELASQUEZ - ESCUELA PRIMARIA,9jWxqRhaokgp5Rd7c33xg3heqRFashFcBYwc5JeBYNU=,SIN_TEXTO_INTERNO,2
E14_PRE_01_292_099_00_05_006_2120_Mesa_6.pdf,IE ORLANDO VELASQUEZ - ESCUELA PRIMARIA,NO_DECODIFICADO,SIN_TEXTO_INTERNO,2
E14_PRE_15_247_006_06_11_001_5818_Mesa_1.pdf,IE RICAURTE SEDE ESPAÑA,NO_DECODIFICADO,SIN_TEXTO_INTERNO,2
E14_PRE_15_247_006_06_11_002_5818_Mesa_2.pdf,IE RICAURTE SEDE ESPAÑA,NO_DECODIFICADO,SIN_TEXTO_INTERNO,2
E14_PRE_15_247_006_06_11_003_5818_Mesa_3.pdf,IE RICAURTE SEDE ESPAÑA,NO_DECODIFICADO,SIN_TEXTO_INTERNO,2
E14_PRE_15_247_006_06_11_004_5818_Mesa_4.pdf,IE RICAURTE SEDE ESPAÑA,NO_DECODIFICADO,SIN_TEXTO_INTERNO,2
E14_PRE_15_247_006_06_11_005_5818_Mesa_5.pdf,IE RICAURTE SEDE ESPAÑA,NO_DECODIFICADO,SIN_TEXTO_INTERNO,2
E14_PRE_15_247_006_06_11_006_5818_Mesa_6.pdf,IE RICAURTE SEDE ESPAÑA,NO_DECODIFICADO,SIN_TEXTO_INTERNO,2
E14_PRE_15_247_006_06_11_007_5818_Mesa_7.pdf,IE RICAURTE SEDE ESPAÑA,NO_DECODIFICADO,SIN_TEXTO_INTERNO,2
E14_PRE_15_247_006_06_11_008_5818_Mesa_8.pdf,IE RICAURTE SEDE ESPAÑA,NO_DECODIFICADO,SIN_TEXTO_INTERNO,2
E14_PRE_15_247_006_06_11_009_5818_Mesa_9.pdf,IE RICAURTE SEDE ESPAÑA,NO_DECODIFICADO,SIN_TEXTO_INTERNO,2
E14_PRE_15_247_006_06_11_010_5818_Mesa_10.pdf,IE RICAURTE SEDE ESPAÑA,NO_DECODIFICADO,SIN_TEXTO_INTERNO,2
E14_PRE_15_247_006_06_11_011_5818_Mesa_11.pdf,IE RICAURTE SEDE ESPAÑA,mYeVvRw9wOD7DvfOiVsKf5aPCHM32sMYm4g9dm5C9cE=,SIN_TEXTO_INTERNO,2
E14_PRE_13_052_099_00_21_001_2437_Mesa_1.pdf,IE SAGRADO CORAZON DE JESUS - SEDE MIAMI,NO_DECODIFICADO,SIN_TEXTO_INTERNO,2
E14_PRE_11_088_001_00_01_001_5611_Mesa_1.pdf,IE SAN ANTONIO DE PADUA,NO_DECODIFICADO,SIN_TEXTO_INTERNO,2
E14_PRE_11_088_001_00_01_002_5611_Mesa_2.pdf,IE SAN ANTONIO DE PADUA,NO_DECODIFICADO,SIN_TEXTO_INTERNO,2
E14_PRE_11_088_001_00_01_003_5611_Mesa_3.pdf,IE SAN ANTONIO DE PADUA,NO_DECODIFICADO,SIN_TEXTO_INTERNO,2
E14_PRE_11_088_001_00_01_004_5611_Mesa_4.pdf,IE SAN ANTONIO DE PADUA,KaMgDspvOqobdU9dNVvq44ZqCLUxp9xZ8C//4c/nVQ8=,SIN_TEXTO_INTERNO,2
E14_PRE_11_088_001_00_01_005_5611_Mesa_5.pdf,IE SAN ANTONIO DE PADUA,NO_DECODIFICADO,SIN_TEXTO_INTERNO,2
E14_PRE_11_088_001_00_01_006_5611_Mesa_6.pdf,IE SAN ANTONIO DE PADUA,NO_DECODIFICADO,SIN_TEXTO_INTERNO,2
E14_PRE_11_088_001_00_01_007_5611_Mesa_7.pdf,IE SAN ANTONIO DE PADUA,NO_DECODIFICADO,SIN_TEXTO_INTERNO,2
E14_PRE_11_088_001_00_01_008_5611_Mesa_8.pdf,IE SAN ANTONIO DE PADUA,NO_DECODIFICADO,SIN_TEXTO_INTERNO,2
E14_PRE_11_088_001_00_01_009_5611_Mesa_9.pdf,IE SAN ANTONIO DE PADUA,rAkfcONSf9TErSIIY5/0sznKqcJk1zET5rcC+QFPttw=,SIN_TEXTO_INTERNO,2
E14_PRE_11_088_001_00_01_010_5611_Mesa_10.pdf,IE SAN ANTONIO DE PADUA,NO_DECODIFICADO,SIN_TEXTO_INTERNO,2
E14_PRE_11_088_001_00_01_011_5611_Mesa_11.pdf,IE SAN ANTONIO DE PADUA,NO_DECODIFICADO,SIN_TEXTO_INTERNO,2
E14_PRE_11_088_001_00_01_012_5611_Mesa_12.pdf,IE SAN ANTONIO DE PADUA,NO_DECODIFICADO,SIN_TEXTO_INTERNO,2
E14_PRE_11_088_001_00_01_013_5611_Mesa_13.pdf,IE SAN ANTONIO DE PADUA,NO_DECODIFICADO,SIN_TEXTO_INTERNO,2
E14_PRE_11_088_001_00_01_014_5611_Mesa_14.pdf,IE SAN ANTONIO DE PADUA,NO_DECODIFICADO,SIN_TEXTO_INTERNO,2
E14_PRE_11_088_001_00_01_015_5611_Mesa_15.pdf,IE SAN ANTONIO DE PADUA,NO_DECODIFICADO,SIN_TEXTO_INTERNO,2
E14_PRE_11_088_001_00_01_016_5611_Mesa_16.pdf,IE SAN ANTONIO DE PADUA,NO_DECODIFICADO,SIN_TEXTO_INTERNO,2
E14_PRE_11_088_001_00_01_017_5611_Mesa_17.pdf,IE SAN ANTONIO DE PADUA,NO_DECODIFICADO,SIN_TEXTO_INTERNO,2
E14_PRE_11_088_001_00_01_018_5611_Mesa_18.pdf,IE SAN ANTONIO DE PADUA,NO_DECODIFICADO,SIN_TEXTO_INTERNO,2
E14_PRE_11_088_001_00_01_019_5611_Mesa_19.pdf,IE SAN ANTONIO DE PADUA,NO_DECODIFICADO,SIN_TEXTO_INTERNO,2
E14_PRE_15_088_001_00_03_001_5772_Mesa_1.pdf,IED JARDIN SOCIAL SERREZUELITA,NO_DECODIFICADO,SIN_TEXTO_INTERNO,2
E14_PRE_15_088_001_00_03_002_5772_Mesa_2.pdf,IED JARDIN SOCIAL SERREZUELITA,NO_DECODIFICADO,SIN_TEXTO_INTERNO,2
E14_PRE_15_088_001_00_03_003_5772_Mesa_3.pdf,IED JARDIN SOCIAL SERREZUELITA,NO_DECODIFICADO,SIN_TEXTO_INTERNO,2
E14_PRE_15_088_001_00_03_004_5772_Mesa_4.pdf,IED JARDIN SOCIAL SERREZUELITA,NO_DECODIFICADO,SIN_TEXTO_INTERNO,2
E14_PRE_15_088_001_00_03_005_5772_Mesa_5.pdf,IED JARDIN SOCIAL SERREZUELITA,NO_DECODIFICADO,SIN_TEXTO_INTERNO,2
E14_PRE_15_088_001_00_03_006_5772_Mesa_6.pdf,IED JARDIN SOCIAL SERREZUELITA,NO_DECODIFICADO,SIN_TEXTO_INTERNO,2
E14_PRE_15_088_001_00_03_007_5772_Mesa_7.pdf,IED JARDIN SOCIAL SERREZUELITA,NO_DECODIFICADO,SIN_TEXTO_INTERNO,2
E14_PRE_15_088_001_00_03_008_5772_Mesa_8.pdf,IED JARDIN SOCIAL SERREZUELITA,NO_DECODIFICADO,SIN_TEXTO_INTERNO,2
E14_PRE_16_001_018_18_61_001_6088_Mesa_1.pdf,INSTITUTO SAN ANTONIO DE PADUA,NO_DECODIFICADO,SIN_TEXTO_INTERNO,2
E14_PRE_15_160_001_00_08_001_5796_Mesa_1.pdf,JARDIN INFANTIL CAMPO DE ILUSIONES,NO_DECODIFICADO,SIN_TEXTO_INTERNO,2
E14_PRE_15_160_001_00_08_002_5796_Mesa_2.pdf,JARDIN INFANTIL CAMPO DE ILUSIONES,6oAzc6OvkMWRewFYbZqslEeYyHX4M8GNeI9c7XMu+Zw=,SIN_TEXTO_INTERNO,2
E14_PRE_15_160_001_00_08_003_5796_Mesa_3.pdf,JARDIN INFANTIL CAMPO DE ILUSIONES,NO_DECODIFICADO,SIN_TEXTO_INTERNO,2
E14_PRE_15_160_001_00_08_004_5796_Mesa_4.pdf,JARDIN INFANTIL CAMPO DE ILUSIONES,NO_DECODIFICADO,SIN_TEXTO_INTERNO,2
E14_PRE_15_160_001_00_08_005_5796_Mesa_5.pdf,JARDIN INFANTIL CAMPO DE ILUSIONES,NO_DECODIFICADO,SIN_TEXTO_INTERNO,2
E14_PRE_15_160_001_00_08_006_5796_Mesa_6.pdf,JARDIN INFANTIL CAMPO DE ILUSIONES,m7/ha+rZJhN8i0yvUqD5Pe59S61ioSud/w/aLOufPH8=,SIN_TEXTO_INTERNO,2
E14_PRE_15_088_002_00_12_001_5776_Mesa_1.pdf,JARDIN INFANTIL LA AURORA,n6N64BtsMk7xpgJkXpfgSOlk90rqEd+CJc2q688kylU=,SIN_TEXTO_INTERNO,2
E14_PRE_15_088_002_00_12_002_5776_Mesa_2.pdf,JARDIN INFANTIL LA AURORA,NO_DECODIFICADO,SIN_TEXTO_INTERNO,2
E14_PRE_15_088_002_00_12_003_5776_Mesa_3.pdf,JARDIN INFANTIL LA AURORA,NO_DECODIFICADO,SIN_TEXTO_INTERNO,2
E14_PRE_15_088_002_00_11_001_5776_Mesa_1.pdf,JARDIN INFANTIL VILLA PAUL,NO_DECODIFICADO,SIN_TEXTO_INTERNO,2
E14_PRE_15_088_002_00_11_002_5776_Mesa_2.pdf,JARDIN INFANTIL VILLA PAUL,NO_DECODIFICADO,SIN_TEXTO_INTERNO,2
E14_PRE_15_088_002_00_11_003_5776_Mesa_3.pdf,JARDIN INFANTIL VILLA PAUL,NO_DECODIFICADO,SIN_TEXTO_INTERNO,2
E14_PRE_15_088_002_00_11_004_5776_Mesa_4.pdf,JARDIN INFANTIL VILLA PAUL,NO_DECODIFICADO,SIN_TEXTO_INTERNO,2
E14_PRE_15_088_002_00_11_005_5776_Mesa_5.pdf,JARDIN INFANTIL VILLA PAUL,NO_DECODIFICADO,SIN_TEXTO_INTERNO,2
E14_PRE_11_088_099_00_09_001_5611_Mesa_1.pdf,LA CABAÑA,NO_DECODIFICADO,SIN_TEXTO_INTERNO,2
E14_PRE_11_088_099_00_09_002_5611_Mesa_2.pdf,LA CABAÑA,NO_DECODIFICADO,SIN_TEXTO_INTERNO,2
E14_PRE_11_088_099_00_09_003_5611_Mesa_3.pdf,LA CABAÑA,NO_DECODIFICADO,SIN_TEXTO_INTERNO,2
E14_PRE_11_088_099_00_21_001_5612_Mesa_1.pdf,LA CHORRERA (LAS PIEDRAS),NO_DECODIFICADO,SIN_TEXTO_INTERNO,2
E14_PRE_11_088_099_00_21_002_5612_Mesa_2.pdf,LA CHORRERA (LAS PIEDRAS),NO_DECODIFICADO,SIN_TEXTO_INTERNO,2
E14_PRE_11_088_099_00_21_003_5612_Mesa_3.pdf,LA CHORRERA (LAS PIEDRAS),NO_DECODIFICADO,SIN_TEXTO_INTERNO,2
E14_PRE_31_088_099_00_06_001_2976_Mesa_1.pdf,LA CUCHILLA,MI+SZBEiN7mrAXioSM1bXrEttcFGRNR3WXBF3jyn/xQ=,SIN_TEXTO_INTERNO,2
E14_PRE_31_088_099_00_06_002_2976_Mesa_2.pdf,LA CUCHILLA,lIRA3QVkQe3jkVdn41CGlT4w/6VeWiV9TMW9i1WK2Qs=,SIN_TEXTO_INTERNO,2
E14_PRE_25_088_099_00_20_001_2769_Mesa_1.pdf,LA LAGUNA,dfC1yPXBmHgN+6oFpt4cqQGxcrx9YIQMLjFV5TnKhHs=,SIN_TEXTO_INTERNO,2
E14_PRE_25_088_099_00_20_002_2769_Mesa_2.pdf,LA LAGUNA,ioKHm/7cvI1/bJRT+1vJPEjRtDVR+wRUvduMJGzaj34=,SIN_TEXTO_INTERNO,2
E14_PRE_23_088_099_00_60_001_2694_Mesa_1.pdf,LA LOMA,NO_DECODIFICADO,SIN_TEXTO_INTERNO,2
E14_PRE_31_088_099_00_08_001_2976_Mesa_1.pdf,LA ZULIA,l38DH+liUq+q2kTGMzEenD7ZtBjUO65G1fY3OLp5PIU=,SIN_TEXTO_INTERNO,2
E14_PRE_31_088_099_00_08_002_2976_Mesa_2.pdf,LA ZULIA,XSucReV9RgmYl6FyDDPq9Q1NSzGjDYutHdff8j54Z0Y=,SIN_TEXTO_INTERNO,2
E14_PRE_11_088_099_00_17_001_5612_Mesa_1.pdf,LAS CRUCES,NO_DECODIFICADO,SIN_TEXTO_INTERNO,2
E14_PRE_11_088_099_00_17_002_5612_Mesa_2.pdf,LAS CRUCES,NO_DECODIFICADO,SIN_TEXTO_INTERNO,2
E14_PRE_11_088_099_00_17_003_5612_Mesa_3.pdf,LAS CRUCES,NO_DECODIFICADO,SIN_TEXTO_INTERNO,2
E14_PRE_23_088_099_00_07_001_2694_Mesa_1.pdf,LAS LAJAS,w5r7p7Z/UZVxGzPHFC0XXNGuokkVa8p8n+GCvxinUws=,SIN_TEXTO_INTERNO,2
E14_PRE_23_088_099_00_07_002_2694_Mesa_2.pdf,LAS LAJAS,/mTCRkMJ0IWda+ht4dh5Nszh2taneLq7HI/T6naODLg=,SIN_TEXTO_INTERNO,2
E14_PRE_11_088_099_00_18_001_5612_Mesa_1.pdf,LAS PIEDRAS,NO_DECODIFICADO,SIN_TEXTO_INTERNO,2
E14_PRE_11_088_099_00_18_002_5612_Mesa_2.pdf,LAS PIEDRAS,NO_DECODIFICADO,SIN_TEXTO_INTERNO,2
E14_PRE_15_160_001_00_05_001_5796_Mesa_1.pdf,LICEO HACIENDA CASABLANCA,NO_DECODIFICADO,SIN_TEXTO_INTERNO,2
E14_PRE_15_160_001_00_05_002_5796_Mesa_2.pdf,LICEO HACIENDA CASABLANCA,NO_DECODIFICADO,SIN_TEXTO_INTERNO,2
E14_PRE_15_160_001_00_05_003_5796_Mesa_3.pdf,LICEO HACIENDA CASABLANCA,NO_DECODIFICADO,SIN_TEXTO_INTERNO,2
E14_PRE_15_160_001_00_05_004_5796_Mesa_4.pdf,LICEO HACIENDA CASABLANCA,NO_DECODIFICADO,SIN_TEXTO_INTERNO,2
E14_PRE_15_160_001_00_05_005_5796_Mesa_5.pdf,LICEO HACIENDA CASABLANCA,NO_DECODIFICADO,SIN_TEXTO_INTERNO,2
E14_PRE_15_160_001_00_05_006_5796_Mesa_6.pdf,LICEO HACIENDA CASABLANCA,NO_DECODIFICADO,SIN_TEXTO_INTERNO,2
E14_PRE_15_160_001_00_05_007_5796_Mesa_7.pdf,LICEO HACIENDA CASABLANCA,UpscQ3a4ey9h1IDMRuFw0T6okUn2uTO6HpNun65Aa3w=,SIN_TEXTO_INTERNO,2
E14_PRE_15_160_001_00_05_008_5796_Mesa_8.pdf,LICEO HACIENDA CASABLANCA,NO_DECODIFICADO,SIN_TEXTO_INTERNO,2
E14_PRE_15_160_001_00_05_009_5796_Mesa_9.pdf,LICEO HACIENDA CASABLANCA,NO_DECODIFICADO,SIN_TEXTO_INTERNO,2
E14_PRE_15_160_001_00_05_010_5796_Mesa_10.pdf,LICEO HACIENDA CASABLANCA,NO_DECODIFICADO,SIN_TEXTO_INTERNO,2
E14_PRE_15_160_001_00_05_011_5796_Mesa_11.pdf,LICEO HACIENDA CASABLANCA,NO_DECODIFICADO,SIN_TEXTO_INTERNO,2
E14_PRE_15_160_001_00_05_012_5796_Mesa_12.pdf,LICEO HACIENDA CASABLANCA,NO_DECODIFICADO,SIN_TEXTO_INTERNO,2
E14_PRE_15_160_001_00_05_013_5796_Mesa_13.pdf,LICEO HACIENDA CASABLANCA,NO_DECODIFICADO,SIN_TEXTO_INTERNO,2
E14_PRE_15_160_001_00_05_014_5796_Mesa_14.pdf,LICEO HACIENDA CASABLANCA,xBHmLhSro6dI8YtUls1G8J89UHwSP4rwoRrxHgaaOpY=,SIN_TEXTO_INTERNO,2
E14_PRE_15_160_001_00_05_015_5796_Mesa_15.pdf,LICEO HACIENDA CASABLANCA,NO_DECODIFICADO,SIN_TEXTO_INTERNO,2
E14_PRE_15_160_001_00_05_016_5796_Mesa_16.pdf,LICEO HACIENDA CASABLANCA,NO_DECODIFICADO,SIN_TEXTO_INTERNO,2
E14_PRE_15_160_001_00_05_017_5796_Mesa_17.pdf,LICEO HACIENDA CASABLANCA,NO_DECODIFICADO,SIN_TEXTO_INTERNO,2
E14_PRE_21_001_005_02_01_001_6180_Mesa_1.pdf,LICEO SAMARIO SD.2 BAV.BOSTON,jkL+eA4ifwsr8DDCkvJX/Tw2nzDmyIq3noavbGpa6Ck=,SIN_TEXTO_INTERNO,2
E14_PRE_21_001_005_02_01_002_6180_Mesa_2.pdf,LICEO SAMARIO SD.2 BAV.BOSTON,iB+sX0fvRU9qe8CiOA1cCv6kTA52xUYvr2A1QXO1pdY= | 16972545,SIN_TEXTO_INTERNO,2
E14_PRE_21_001_005_02_01_003_6180_Mesa_3.pdf,LICEO SAMARIO SD.2 BAV.BOSTON,juMXkLhGPupBIdUdftlpKZ3UPLe8TbTYCVClmBVIVA8=,SIN_TEXTO_INTERNO,2
E14_PRE_21_001_005_02_01_004_6180_Mesa_4.pdf,LICEO SAMARIO SD.2 BAV.BOSTON,BzyqBtDpPU6Wz0WRcu+7Wk1IclyztSdNhpJH34hq1jU=,SIN_TEXTO_INTERNO,2
E14_PRE_21_001_005_02_01_005_6180_Mesa_5.pdf,LICEO SAMARIO SD.2 BAV.BOSTON,P00OoYLjyU369ssOW5wnl+5+WZ/Djw2Ip9XPrP7IzYg=,SIN_TEXTO_INTERNO,2
E14_PRE_21_001_005_02_01_006_6180_Mesa_6.pdf,LICEO SAMARIO SD.2 BAV.BOSTON,pQnCZ3vAMI4A88pdnlOy6A+jsIrv2reZ9ekFcVNEU4I=,SIN_TEXTO_INTERNO,2
E14_PRE_21_001_005_02_01_007_6180_Mesa_7.pdf,LICEO SAMARIO SD.2 BAV.BOSTON,ShvPwUpNjLa4/XiKvKvgl7KjMBdJkHggoYLn4aUjhEs=,SIN_TEXTO_INTERNO,2
E14_PRE_21_001_005_02_01_008_6180_Mesa_8.pdf,LICEO SAMARIO SD.2 BAV.BOSTON,Y/FRBR7oM5KjiFGZ0RxVeVMN6xXIjFQAB4JbCcPXk2s=,SIN_TEXTO_INTERNO,2
E14_PRE_21_001_005_02_01_009_6180_Mesa_9.pdf,LICEO SAMARIO SD.2 BAV.BOSTON,3NjoBNzCp2JCst9xHnCT5R2KzNxjTK5R37X66hYPQR8=,SIN_TEXTO_INTERNO,2
E14_PRE_21_001_005_02_01_010_6180_Mesa_10.pdf,LICEO SAMARIO SD.2 BAV.BOSTON,J3T8z+hOGrUAapqZH88k2u9siqrZVK+0Ol17Asto484=,SIN_TEXTO_INTERNO,2
E14_PRE_21_001_005_02_01_011_6180_Mesa_11.pdf,LICEO SAMARIO SD.2 BAV.BOSTON,sxAKaDJUPygKNN2SL+FIWaqE+SWTtFMmtO1PO1Giuzg=,SIN_TEXTO_INTERNO,2
E14_PRE_21_001_005_02_01_012_6180_Mesa_12.pdf,LICEO SAMARIO SD.2 BAV.BOSTON,vh2De2vwAhfvnFZOesZqVe4RxWvjDLm3U3Uhp/AUY9k=,SIN_TEXTO_INTERNO,2
E14_PRE_21_001_005_02_01_013_6180_Mesa_13.pdf,LICEO SAMARIO SD.2 BAV.BOSTON,PUW4SNZyG1X0eRfTWBt0PW+GrE/rNI6BuTsH+QOVu0M=,SIN_TEXTO_INTERNO,2
E14_PRE_21_001_005_02_01_014_6180_Mesa_14.pdf,LICEO SAMARIO SD.2 BAV.BOSTON,NO_DECODIFICADO,SIN_TEXTO_INTERNO,2
E14_PRE_21_001_005_02_01_015_6180_Mesa_15.pdf,LICEO SAMARIO SD.2 BAV.BOSTON,e9+YcyYS3DisdaDdxzyVq7tpwCDCYG8Li5gs5pg6DFc=,SIN_TEXTO_INTERNO,2
E14_PRE_21_001_005_02_01_016_6180_Mesa_16.pdf,LICEO SAMARIO SD.2 BAV.BOSTON,4truMf/me1KWNLOyRYbb8F/fFEVqmApyIGtNWRKfHdk=,SIN_TEXTO_INTERNO,2
E14_PRE_11_025_099_00_44_001_5582_Mesa_1.pdf,LOS ANGELES,VTaxEBnDW43U1Pv3tY/0UCc6QT4UFGlXrFcpmyIgQ0M=,SIN_TEXTO_INTERNO,2
E14_PRE_11_025_099_00_44_002_5582_Mesa_2.pdf,LOS ANGELES,NO_DECODIFICADO,SIN_TEXTO_INTERNO,2
E14_PRE_11_025_099_00_44_003_5582_Mesa_3.pdf,LOS ANGELES,NO_DECODIFICADO,SIN_TEXTO_INTERNO,2
E14_PRE_13_019_099_00_19_001_5702_Mesa_1.pdf,LOS ANGELES,NO_DECODIFICADO,SIN_TEXTO_INTERNO,2
E14_PRE_13_019_099_00_19_002_5702_Mesa_2.pdf,LOS ANGELES,JSa2io5uaSVColRvjL9nMWgnY+j4ntpo+r4SjxUSAo0=,SIN_TEXTO_INTERNO,2
E14_PRE_16_001_016_16_39_001_6079_Mesa_1.pdf,LOS ANGELES,NO_DECODIFICADO,SIN_TEXTO_INTERNO,2
E14_PRE_16_001_016_16_39_002_6079_Mesa_2.pdf,LOS ANGELES,NO_DECODIFICADO,SIN_TEXTO_INTERNO,2
E14_PRE_16_001_016_16_39_003_6079_Mesa_3.pdf,LOS ANGELES,NO_DECODIFICADO,SIN_TEXTO_INTERNO,2
E14_PRE_16_001_016_16_39_004_6079_Mesa_4.pdf,LOS ANGELES,NO_DECODIFICADO,SIN_TEXTO_INTERNO,2
E14_PRE_16_001_016_16_39_005_6079_Mesa_5.pdf,LOS ANGELES,NO_DECODIFICADO,SIN_TEXTO_INTERNO,2
E14_PRE_23_001_099_18_16_001_6244_Mesa_1.pdf,LOS ANGELES,NO_DECODIFICADO,SIN_TEXTO_INTERNO,2
E14_PRE_23_001_099_18_16_002_6244_Mesa_2.pdf,LOS ANGELES,27l+bGFw94TH7qu0CVJmh+sB/QPDUDf2NIuQXjE79Hw=,SIN_TEXTO_INTERNO,2
E14_PRE_28_180_099_00_48_001_6532_Mesa_1.pdf,LOS ANGELES (CORRAL VIEJO),HLnO+7CEEs3klh8JyOuB89qFNHFdQF7Wn3gsR4AOLcY=,SIN_TEXTO_INTERNO,2
E14_PRE_28_180_099_00_48_002_6532_Mesa_2.pdf,LOS ANGELES (CORRAL VIEJO),kF5SVo7/vZDZcEa/W9Rjw3i1uwRdtV3cIbd2DHGgrA0=,SIN_TEXTO_INTERNO,2
E14_PRE_25_088_099_00_25_001_2769_Mesa_1.pdf,LOS RINCON,9hYvu90mPTZe86xXzdnkxOlIptrloKjA1pxJJUM9sZo=,SIN_TEXTO_INTERNO,2
E14_PRE_25_088_099_00_25_002_2769_Mesa_2.pdf,LOS RINCON,sj+NoDe/wjhRhWubXiQof2WUIi+jrJ5zrejd3Lrrtlk=,SIN_TEXTO_INTERNO,2
E14_PRE_05_028_099_21_41_001_5461_Mesa_1.pdf,MADRID,NO_DECODIFICADO,SIN_TEXTO_INTERNO,2
E14_PRE_05_028_099_21_41_002_5461_Mesa_2.pdf,MADRID,NO_DECODIFICADO,SIN_TEXTO_INTERNO,2
E14_PRE_05_028_099_21_41_003_5461_Mesa_3.pdf,MADRID,NO_DECODIFICADO,SIN_TEXTO_INTERNO,2
E14_PRE_05_028_099_21_41_004_5461_Mesa_4.pdf,MADRID,NO_DECODIFICADO,SIN_TEXTO_INTERNO,2
E14_PRE_31_088_099_00_09_001_2976_Mesa_1.pdf,MADRIGAL,NO_DECODIFICADO,SIN_TEXTO_INTERNO,2
E14_PRE_23_088_099_00_05_001_2694_Mesa_1.pdf,NANSALVI,arZxvgsuxF//4bmg8uwtakgNCaE4ZJqR+zSaVC6B0Q0=,SIN_TEXTO_INTERNO,2
E14_PRE_23_088_099_00_05_002_2694_Mesa_2.pdf,NANSALVI,ZkdwdpDCKQcATUok7j1Vh5gFnZhWVmodkHXoyJaKspM=,SIN_TEXTO_INTERNO,2
E14_PRE_19_088_099_00_50_001_2624_Mesa_1.pdf,NARANJAL,3cUZsN5wKvVNWMbYeMAKNApQ9gBrIqULOhlBP6I2LQ8=,SIN_TEXTO_INTERNO,2
E14_PRE_19_088_099_00_50_002_2624_Mesa_2.pdf,NARANJAL,Zs/J/LjAVucuyypULrCnF01yOyPV1aer8nllLnBwsCA=,SIN_TEXTO_INTERNO,2
E14_PRE_19_088_099_00_50_003_2624_Mesa_3.pdf,NARANJAL,fQsVhNCJ3hlLzusm0M03w4NEPSUzyU4cLnCA3cAVY1U=,SIN_TEXTO_INTERNO,2
E14_PRE_19_088_099_00_50_004_2624_Mesa_4.pdf,NARANJAL,Weu7oq4KNPar2zvNab/u7wKbW9mYDIc9Ked3n1NOllI=,SIN_TEXTO_INTERNO,2
E14_PRE_19_088_099_00_50_005_2624_Mesa_5.pdf,NARANJAL,eQluJ+14Hbe7/tS1vpj0GruY6suEcQ5ZkyEio1BJQZI=,SIN_TEXTO_INTERNO,2
E14_PRE_16_001_007_07_11_001_5924_Mesa_1.pdf,ORLANDO HIGUITA,NO_DECODIFICADO,SIN_TEXTO_INTERNO,2
E14_PRE_16_001_007_07_11_002_5924_Mesa_2.pdf,ORLANDO HIGUITA,NO_DECODIFICADO,SIN_TEXTO_INTERNO,2
E14_PRE_16_001_007_07_11_003_5924_Mesa_3.pdf,ORLANDO HIGUITA,NO_DECODIFICADO,SIN_TEXTO_INTERNO,2
E14_PRE_16_001_007_07_11_004_5924_Mesa_4.pdf,ORLANDO HIGUITA,NO_DECODIFICADO,SIN_TEXTO_INTERNO,2
E14_PRE_16_001_007_07_11_005_5924_Mesa_5.pdf,ORLANDO HIGUITA,NO_DECODIFICADO,SIN_TEXTO_INTERNO,2
E14_PRE_16_001_007_07_11_006_5924_Mesa_6.pdf,ORLANDO HIGUITA,G40ZrH4jpUjh0Z0KABnZLnw385WhaZB5mM/UDfjZgv8=,SIN_TEXTO_INTERNO,2
E14_PRE_16_001_007_07_11_007_5924_Mesa_7.pdf,ORLANDO HIGUITA,NO_DECODIFICADO,SIN_TEXTO_INTERNO,2
E14_PRE_16_001_007_07_11_008_5924_Mesa_8.pdf,ORLANDO HIGUITA,NO_DECODIFICADO,SIN_TEXTO_INTERNO,2
E14_PRE_16_001_007_07_11_009_5924_Mesa_9.pdf,ORLANDO HIGUITA,NO_DECODIFICADO,SIN_TEXTO_INTERNO,2
E14_PRE_16_001_007_07_11_010_5924_Mesa_10.pdf,ORLANDO HIGUITA,NO_DECODIFICADO,SIN_TEXTO_INTERNO,2
E14_PRE_16_001_007_07_11_011_5924_Mesa_11.pdf,ORLANDO HIGUITA,NO_DECODIFICADO,SIN_TEXTO_INTERNO,2
E14_PRE_16_001_007_07_11_012_5924_Mesa_12.pdf,ORLANDO HIGUITA,DQsGm6VAV8AQ9rlveWHag1NXtkMnBGQtQslqxE5m8SQ=,SIN_TEXTO_INTERNO,2
E14_PRE_16_001_007_07_11_013_5924_Mesa_13.pdf,ORLANDO HIGUITA,AnJkGOrXIMVNa90NfntA+cx2Bxl9wA7bzo96I9aPXCU=,SIN_TEXTO_INTERNO,2
E14_PRE_16_001_007_07_11_014_5924_Mesa_14.pdf,ORLANDO HIGUITA,p/2GKo4JnfP6VjT47hUou1swOi31Q2cKF84ETuX9fyk=,SIN_TEXTO_INTERNO,2
E14_PRE_16_001_007_07_11_015_5924_Mesa_15.pdf,ORLANDO HIGUITA,NO_DECODIFICADO,SIN_TEXTO_INTERNO,2
E14_PRE_16_001_007_07_11_016_5924_Mesa_16.pdf,ORLANDO HIGUITA,mOw/FY6xf4NC81GRrutBIzlCD00bO21KW6+Ykh16qWQ=,SIN_TEXTO_INTERNO,2
E14_PRE_16_001_007_07_11_017_5924_Mesa_17.pdf,ORLANDO HIGUITA,NO_DECODIFICADO,SIN_TEXTO_INTERNO,2
E14_PRE_16_001_007_07_11_018_5924_Mesa_18.pdf,ORLANDO HIGUITA,NO_DECODIFICADO,SIN_TEXTO_INTERNO,2
E14_PRE_16_001_007_07_11_019_5924_Mesa_19.pdf,ORLANDO HIGUITA,nVWki8z72LoQGbhf6xkjSpouPTtTNFjl/TmDg5cE5E0=,SIN_TEXTO_INTERNO,2
E14_PRE_16_001_007_07_11_020_5924_Mesa_20.pdf,ORLANDO HIGUITA,2qAaOZrs3tT8GeC5nvMEsT92GIv7bae7SCSTsMXOYpI=,SIN_TEXTO_INTERNO,2
E14_PRE_16_001_007_07_11_021_5924_Mesa_21.pdf,ORLANDO HIGUITA,NO_DECODIFICADO,SIN_TEXTO_INTERNO,2
E14_PRE_16_001_007_07_11_022_5924_Mesa_22.pdf,ORLANDO HIGUITA,NO_DECODIFICADO,SIN_TEXTO_INTERNO,2
E14_PRE_16_001_007_07_11_023_5924_Mesa_23.pdf,ORLANDO HIGUITA,NO_DECODIFICADO,SIN_TEXTO_INTERNO,2
E14_PRE_16_001_007_07_11_024_5924_Mesa_24.pdf,ORLANDO HIGUITA,NO_DECODIFICADO,SIN_TEXTO_INTERNO,2
E14_PRE_16_001_007_07_11_025_5924_Mesa_25.pdf,ORLANDO HIGUITA,NO_DECODIFICADO,SIN_TEXTO_INTERNO,2
E14_PRE_16_001_007_07_11_026_5924_Mesa_26.pdf,ORLANDO HIGUITA,NO_DECODIFICADO,SIN_TEXTO_INTERNO,2
E14_PRE_16_001_007_07_11_027_5924_Mesa_27.pdf,ORLANDO HIGUITA,NO_DECODIFICADO,SIN_TEXTO_INTERNO,2
E14_PRE_16_001_007_07_11_028_5924_Mesa_28.pdf,ORLANDO HIGUITA,NO_DECODIFICADO,SIN_TEXTO_INTERNO,2
E14_PRE_16_001_007_07_11_029_5924_Mesa_29.pdf,ORLANDO HIGUITA,NO_DECODIFICADO,SIN_TEXTO_INTERNO,2
E14_PRE_16_001_007_07_11_030_5924_Mesa_30.pdf,ORLANDO HIGUITA,NO_DECODIFICADO,SIN_TEXTO_INTERNO,2
E14_PRE_16_001_007_07_11_031_5924_Mesa_31.pdf,ORLANDO HIGUITA,NO_DECODIFICADO,SIN_TEXTO_INTERNO,2
E14_PRE_23_088_099_00_14_001_2694_Mesa_1.pdf,PAMPETA PIRAGUA,RFkGaEcrgjOkHEai9x0cgC6znug4EmgpVa69YJsWZy8=,SIN_TEXTO_INTERNO,2
E14_PRE_29_088_099_00_23_001_2931_Mesa_1.pdf,PARADERO CHIPALO,L2Abs4HZYCWv9GUddozcb2hgQ1a9NZspq0CRpLJJcDI=,SIN_TEXTO_INTERNO,2
E14_PRE_29_088_099_00_23_002_2931_Mesa_2.pdf,PARADERO CHIPALO,+VgNVXfD/Gu5zuO4Wy04y4EsR7P57XbTDb3VZr0EvPw=,SIN_TEXTO_INTERNO,2
E14_PRE_15_160_001_00_09_001_5795_Mesa_1.pdf,PARQUE DE LAS FLORES,NO_DECODIFICADO,SIN_TEXTO_INTERNO,2
E14_PRE_15_160_001_00_09_002_5795_Mesa_2.pdf,PARQUE DE LAS FLORES,NO_DECODIFICADO,SIN_TEXTO_INTERNO,2
E14_PRE_15_160_001_00_09_003_5795_Mesa_3.pdf,PARQUE DE LAS FLORES,NO_DECODIFICADO,SIN_TEXTO_INTERNO,2
E14_PRE_15_160_001_00_09_004_5795_Mesa_4.pdf,PARQUE DE LAS FLORES,NO_DECODIFICADO,SIN_TEXTO_INTERNO,2
E14_PRE_15_160_001_00_09_005_5795_Mesa_5.pdf,PARQUE DE LAS FLORES,NO_DECODIFICADO,SIN_TEXTO_INTERNO,2
E14_PRE_15_160_001_00_09_006_5795_Mesa_6.pdf,PARQUE DE LAS FLORES,E1fT/HL7AZniSZuNj98mOvoiUwMIv/D/H50pNzdryJc=,SIN_TEXTO_INTERNO,2
E14_PRE_15_160_001_00_09_007_5795_Mesa_7.pdf,PARQUE DE LAS FLORES,NO_DECODIFICADO,SIN_TEXTO_INTERNO,2
E14_PRE_15_160_001_00_09_008_5795_Mesa_8.pdf,PARQUE DE LAS FLORES,NO_DECODIFICADO,SIN_TEXTO_INTERNO,2
E14_PRE_15_160_001_00_09_009_5795_Mesa_9.pdf,PARQUE DE LAS FLORES,NO_DECODIFICADO,SIN_TEXTO_INTERNO,2
E14_PRE_31_088_099_00_13_001_2976_Mesa_1.pdf,PIEDRAS,nvANfuTifpVZaWhFvAtW2gyAkpJgIEpcHM2WkKGoB04=,SIN_TEXTO_INTERNO,2
E14_PRE_23_088_099_00_09_001_2694_Mesa_1.pdf,PIRAGUA,XChIJ9QmiaV/z5xTeVKjI54OGEHTwOGYYXf5EAu7edY=,SIN_TEXTO_INTERNO,2
E14_PRE_23_088_099_00_10_001_2694_Mesa_1.pdf,PLAYON,UgMzJJyyz6R7LIM5cMDDq88U2KaKCUUizQMft3nxnCQ=,SIN_TEXTO_INTERNO,2
E14_PRE_31_088_099_00_15_001_2976_Mesa_1.pdf,PORTUGAL,IAS8w06HeIi5m1s22puBWouuPwKkYQxD8Inb3DLM0o0=,SIN_TEXTO_INTERNO,2
E14_PRE_31_088_099_00_15_002_2976_Mesa_2.pdf,PORTUGAL,NeR/izHcXLd7okRxx5/BLJnyLdMLj2iBZ83lAlyRbZg=,SIN_TEXTO_INTERNO,2
E14_PRE_05_041_099_00_42_001_2169_Mesa_1.pdf,PUERTO ESPAÑA,NO_DECODIFICADO,SIN_TEXTO_INTERNO,2
E14_PRE_31_019_099_15_13_001_6717_Mesa_1.pdf,PUERTO ESPAÑA,qrvCyUPN6U4EwIT71/3co1WhP7lIRVtmSmKWEpb3IIw=,SIN_TEXTO_INTERNO,2
E14_PRE_07_088_000_00_00_001_2229_Mesa_1.pdf,PUESTO CABECERA MUNICIPAL,NO_DECODIFICADO,SIN_TEXTO_INTERNO,2
E14_PRE_07_088_000_00_00_002_2229_Mesa_2.pdf,PUESTO CABECERA MUNICIPAL,NO_DECODIFICADO,SIN_TEXTO_INTERNO,2
E14_PRE_07_088_000_00_00_003_2229_Mesa_3.pdf,PUESTO CABECERA MUNICIPAL,NO_DECODIFICADO,SIN_TEXTO_INTERNO,2
E14_PRE_07_088_000_00_00_004_2229_Mesa_4.pdf,PUESTO CABECERA MUNICIPAL,F7atZb9KJjE29VEh9zG9UMIiRk3RcIlml3CvH/7s6Qc=,SIN_TEXTO_INTERNO,2
E14_PRE_07_088_000_00_00_005_2229_Mesa_5.pdf,PUESTO CABECERA MUNICIPAL,NO_DECODIFICADO,SIN_TEXTO_INTERNO,2
E14_PRE_07_088_000_00_00_006_2229_Mesa_6.pdf,PUESTO CABECERA MUNICIPAL,NO_DECODIFICADO,SIN_TEXTO_INTERNO,2
E14_PRE_07_088_000_00_00_007_2229_Mesa_7.pdf,PUESTO CABECERA MUNICIPAL,NO_DECODIFICADO,SIN_TEXTO_INTERNO,2
E14_PRE_07_088_000_00_00_008_2229_Mesa_8.pdf,PUESTO CABECERA MUNICIPAL,Neu/Pmcu/EMyk+TGbegoSYvpRLkfFx4rXFvBkQqJk/k=,SIN_TEXTO_INTERNO,2
E14_PRE_07_088_000_00_00_009_2229_Mesa_9.pdf,PUESTO CABECERA MUNICIPAL,NO_DECODIFICADO,SIN_TEXTO_INTERNO,2
E14_PRE_07_088_000_00_00_010_2229_Mesa_10.pdf,PUESTO CABECERA MUNICIPAL,eCExLFSrh8UuXJ0QL2u1noNLELge+do6pi8hIxJeIac=,SIN_TEXTO_INTERNO,2
E14_PRE_07_088_000_00_00_011_2229_Mesa_11.pdf,PUESTO CABECERA MUNICIPAL,NO_DECODIFICADO,SIN_TEXTO_INTERNO,2
E14_PRE_07_088_000_00_00_012_2229_Mesa_12.pdf,PUESTO CABECERA MUNICIPAL,NO_DECODIFICADO,SIN_TEXTO_INTERNO,2
E14_PRE_07_088_000_00_00_013_2229_Mesa_13.pdf,PUESTO CABECERA MUNICIPAL,NO_DECODIFICADO,SIN_TEXTO_INTERNO,2
E14_PRE_07_088_000_00_00_014_2229_Mesa_14.pdf,PUESTO CABECERA MUNICIPAL,NO_DECODIFICADO,SIN_TEXTO_INTERNO,2
E14_PRE_07_088_000_00_00_016_2229_Mesa_16.pdf,PUESTO CABECERA MUNICIPAL,NO_DECODIFICADO,SIN_TEXTO_INTERNO,2
E14_PRE_07_088_000_00_00_017_2229_Mesa_17.pdf,PUESTO CABECERA MUNICIPAL,NO_DECODIFICADO,SIN_TEXTO_INTERNO,2
E14_PRE_19_088_000_00_00_001_2624_Mesa_1.pdf,PUESTO CABECERA MUNICIPAL,uW2XxQA4p+ZRg5yqqSOKpExXqMvarIUpxJa4paZWo2k=,SIN_TEXTO_INTERNO,2
E14_PRE_19_088_000_00_00_002_2624_Mesa_2.pdf,PUESTO CABECERA MUNICIPAL,NO_DECODIFICADO,SIN_TEXTO_INTERNO,2
E14_PRE_19_088_000_00_00_003_2624_Mesa_3.pdf,PUESTO CABECERA MUNICIPAL,NO_DECODIFICADO,SIN_TEXTO_INTERNO,2
E14_PRE_19_088_000_00_00_004_2624_Mesa_4.pdf,PUESTO CABECERA MUNICIPAL,8BWTrgNZNAhmXFC+vzcUjD5IdgLyGeGJxR3xHAtvhCk=,SIN_TEXTO_INTERNO,2
E14_PRE_19_088_000_00_00_005_2624_Mesa_5.pdf,PUESTO CABECERA MUNICIPAL,NO_DECODIFICADO,SIN_TEXTO_INTERNO,2
E14_PRE_19_088_000_00_00_006_2624_Mesa_6.pdf,PUESTO CABECERA MUNICIPAL,c67FUCMPdMpkHPhgIPhOLxILmVr7jIuBHIcarAaaQ9Q=,SIN_TEXTO_INTERNO,2
E14_PRE_19_088_000_00_00_007_2624_Mesa_7.pdf,PUESTO CABECERA MUNICIPAL,NO_DECODIFICADO,SIN_TEXTO_INTERNO,2
E14_PRE_19_088_000_00_00_008_2624_Mesa_8.pdf,PUESTO CABECERA MUNICIPAL,NO_DECODIFICADO,SIN_TEXTO_INTERNO,2
E14_PRE_19_088_000_00_00_009_2624_Mesa_9.pdf,PUESTO CABECERA MUNICIPAL,NO_DECODIFICADO,SIN_TEXTO_INTERNO,2
E14_PRE_19_088_000_00_00_010_2624_Mesa_10.pdf,PUESTO CABECERA MUNICIPAL,1/3FFOb66uQGjEPcgExoco9EqNDWuHda4E/HTkh43GI=,SIN_TEXTO_INTERNO,2
E14_PRE_19_088_000_00_00_011_2624_Mesa_11.pdf,PUESTO CABECERA MUNICIPAL,NO_DECODIFICADO,SIN_TEXTO_INTERNO,2
E14_PRE_19_088_000_00_00_012_2624_Mesa_12.pdf,PUESTO CABECERA MUNICIPAL,NO_DECODIFICADO,SIN_TEXTO_INTERNO,2
E14_PRE_19_088_000_00_00_013_2624_Mesa_13.pdf,PUESTO CABECERA MUNICIPAL,xbNp4x4HCUYC2jRv7CtvZQcUDFPW1o+7l5mAa1iYWBM=,SIN_TEXTO_INTERNO,2
E14_PRE_19_088_000_00_00_014_2624_Mesa_14.pdf,PUESTO CABECERA MUNICIPAL,NO_DECODIFICADO,SIN_TEXTO_INTERNO,2
E14_PRE_19_088_000_00_00_015_2624_Mesa_15.pdf,PUESTO CABECERA MUNICIPAL,NO_DECODIFICADO,SIN_TEXTO_INTERNO,2
E14_PRE_19_088_000_00_00_016_2624_Mesa_16.pdf,PUESTO CABECERA MUNICIPAL,NO_DECODIFICADO,SIN_TEXTO_INTERNO,2
E14_PRE_19_088_000_00_00_017_2624_Mesa_17.pdf,PUESTO CABECERA MUNICIPAL,1ywlw+S5P8hsn8JNY/PNmHooMs2Dm2Ie3m9PRpsj+G8=,SIN_TEXTO_INTERNO,2
E14_PRE_19_088_000_00_00_018_2624_Mesa_18.pdf,PUESTO CABECERA MUNICIPAL,oe0qv0kQuLdlsuZy2ujOg45mPLmQ3FHauuOs7OTCKIU=,SIN_TEXTO_INTERNO,2
E14_PRE_19_088_000_00_00_019_2624_Mesa_19.pdf,PUESTO CABECERA MUNICIPAL,ZIOaIbJGtVXbw9cikvjZO0RibcUPC7hywPfFwzFk6mA=,SIN_TEXTO_INTERNO,2
E14_PRE_19_088_000_00_00_020_2624_Mesa_20.pdf,PUESTO CABECERA MUNICIPAL,NO_DECODIFICADO,SIN_TEXTO_INTERNO,2
E14_PRE_19_088_000_00_00_021_2624_Mesa_21.pdf,PUESTO CABECERA MUNICIPAL,NO_DECODIFICADO,SIN_TEXTO_INTERNO,2
E14_PRE_19_088_000_00_00_022_2624_Mesa_22.pdf,PUESTO CABECERA MUNICIPAL,NO_DECODIFICADO,SIN_TEXTO_INTERNO,2
E14_PRE_19_088_000_00_00_023_2624_Mesa_23.pdf,PUESTO CABECERA MUNICIPAL,NO_DECODIFICADO,SIN_TEXTO_INTERNO,2
E14_PRE_19_088_000_00_00_024_2624_Mesa_24.pdf,PUESTO CABECERA MUNICIPAL,NO_DECODIFICADO,SIN_TEXTO_INTERNO,2
E14_PRE_19_088_000_00_00_025_2624_Mesa_25.pdf,PUESTO CABECERA MUNICIPAL,6zLsDMHnEzYMmGCjR4bSGBPvZxkGHYK54UZSEvyjJAQ=,SIN_TEXTO_INTERNO,2
E14_PRE_19_088_000_00_00_026_2624_Mesa_26.pdf,PUESTO CABECERA MUNICIPAL,NO_DECODIFICADO,SIN_TEXTO_INTERNO,2
E14_PRE_19_088_000_00_00_027_2624_Mesa_27.pdf,PUESTO CABECERA MUNICIPAL,NO_DECODIFICADO,SIN_TEXTO_INTERNO,2
E14_PRE_19_088_000_00_00_028_2624_Mesa_28.pdf,PUESTO CABECERA MUNICIPAL,NO_DECODIFICADO,SIN_TEXTO_INTERNO,2
E14_PRE_19_088_000_00_00_029_2624_Mesa_29.pdf,PUESTO CABECERA MUNICIPAL,NO_DECODIFICADO,SIN_TEXTO_INTERNO,2
E14_PRE_19_088_000_00_00_030_2624_Mesa_30.pdf,PUESTO CABECERA MUNICIPAL,NO_DECODIFICADO,SIN_TEXTO_INTERNO,2
E14_PRE_19_088_000_00_00_031_2624_Mesa_31.pdf,PUESTO CABECERA MUNICIPAL,NO_DECODIFICADO,SIN_TEXTO_INTERNO,2
E14_PRE_19_088_000_00_00_032_2624_Mesa_32.pdf,PUESTO CABECERA MUNICIPAL,NO_DECODIFICADO,SIN_TEXTO_INTERNO,2
E14_PRE_19_088_000_00_00_033_2624_Mesa_33.pdf,PUESTO CABECERA MUNICIPAL,NO_DECODIFICADO,SIN_TEXTO_INTERNO,2
E14_PRE_19_088_000_00_00_034_2624_Mesa_34.pdf,PUESTO CABECERA MUNICIPAL,NO_DECODIFICADO,SIN_TEXTO_INTERNO,2
E14_PRE_19_088_000_00_00_035_2624_Mesa_35.pdf,PUESTO CABECERA MUNICIPAL,NO_DECODIFICADO,SIN_TEXTO_INTERNO,2
E14_PRE_19_088_000_00_00_036_2624_Mesa_36.pdf,PUESTO CABECERA MUNICIPAL,NO_DECODIFICADO,SIN_TEXTO_INTERNO,2
E14_PRE_19_088_000_00_00_037_2624_Mesa_37.pdf,PUESTO CABECERA MUNICIPAL,NO_DECODIFICADO,SIN_TEXTO_INTERNO,2
E14_PRE_19_088_000_00_00_038_2624_Mesa_38.pdf,PUESTO CABECERA MUNICIPAL,aRApStnBlQ8WR3iY4jC7wEu2xQ4GTCxzQTLez9OG8J8=,SIN_TEXTO_INTERNO,2
E14_PRE_19_088_000_00_00_039_2624_Mesa_39.pdf,PUESTO CABECERA MUNICIPAL,NO_DECODIFICADO,SIN_TEXTO_INTERNO,2
E14_PRE_19_088_000_00_00_040_2624_Mesa_40.pdf,PUESTO CABECERA MUNICIPAL,NO_DECODIFICADO,SIN_TEXTO_INTERNO,2
E14_PRE_19_088_000_00_00_041_2624_Mesa_41.pdf,PUESTO CABECERA MUNICIPAL,NO_DECODIFICADO,SIN_TEXTO_INTERNO,2
E14_PRE_19_088_000_00_00_042_2624_Mesa_42.pdf,PUESTO CABECERA MUNICIPAL,Fzy4PD8sg9oLEORI+nKEI2SkfQ0l2VLmiNRycDqwKT0=,SIN_TEXTO_INTERNO,2
E14_PRE_23_088_000_00_00_001_2694_Mesa_1.pdf,PUESTO CABECERA MUNICIPAL,7mashARUq9rs6oCdd7zJ7GEVhWPakwScY8k51ihx2hQ=,SIN_TEXTO_INTERNO,2
E14_PRE_23_088_000_00_00_002_2694_Mesa_2.pdf,PUESTO CABECERA MUNICIPAL,upEjHJn/O/142Kr66YqgvzJ7furapysD4LZtHT8CS6A=,SIN_TEXTO_INTERNO,2
E14_PRE_23_088_000_00_00_003_2694_Mesa_3.pdf,PUESTO CABECERA MUNICIPAL,ueL7S0BoP3FBar8M3FwuKGbgPelPhbE/T4D6lAUK3io=,SIN_TEXTO_INTERNO,2
E14_PRE_23_088_000_00_00_004_2694_Mesa_4.pdf,PUESTO CABECERA MUNICIPAL,NO_DECODIFICADO,SIN_TEXTO_INTERNO,2
E14_PRE_23_088_000_00_00_005_2694_Mesa_5.pdf,PUESTO CABECERA MUNICIPAL,NO_DECODIFICADO,SIN_TEXTO_INTERNO,2
E14_PRE_23_088_000_00_00_006_2694_Mesa_6.pdf,PUESTO CABECERA MUNICIPAL,NO_DECODIFICADO,SIN_TEXTO_INTERNO,2
E14_PRE_23_088_000_00_00_007_2694_Mesa_7.pdf,PUESTO CABECERA MUNICIPAL,Nw9xq1BAr7a6ouE5wsjbMXxMI+qkDY64V42MCyPH5pw=,SIN_TEXTO_INTERNO,2
E14_PRE_23_088_000_00_00_008_2694_Mesa_8.pdf,PUESTO CABECERA MUNICIPAL,6yIpXmUvp4gj+U/XgfpPhpk8GyFYGXBR0b2kbA3VviM=,SIN_TEXTO_INTERNO,2
E14_PRE_23_088_000_00_00_009_2694_Mesa_9.pdf,PUESTO CABECERA MUNICIPAL,NO_DECODIFICADO,SIN_TEXTO_INTERNO,2
E14_PRE_23_088_000_00_00_010_2694_Mesa_10.pdf,PUESTO CABECERA MUNICIPAL,SMmi3hw/wnAHcOC7TpJACoU/rDnNxI7m9X85hdnpc3A=,SIN_TEXTO_INTERNO,2
E14_PRE_23_088_000_00_00_011_2694_Mesa_11.pdf,PUESTO CABECERA MUNICIPAL,NO_DECODIFICADO,SIN_TEXTO_INTERNO,2
E14_PRE_25_088_000_00_00_001_2769_Mesa_1.pdf,PUESTO CABECERA MUNICIPAL,kkNalYAyouOD3HthItcCtoxjYFCInWnZfhGg7AL6XxU=,SIN_TEXTO_INTERNO,2
E14_PRE_25_088_000_00_00_002_2769_Mesa_2.pdf,PUESTO CABECERA MUNICIPAL,KvLt57ggqOClt3HDppLydL8IoP8r4CuIBD3r6pAVLRI=,SIN_TEXTO_INTERNO,2
E14_PRE_25_088_000_00_00_003_2769_Mesa_3.pdf,PUESTO CABECERA MUNICIPAL,oqHbWvo4fSTQTvAu85vsUIBaqVy3ylWp/sANhG3Nh4A=,SIN_TEXTO_INTERNO,2
E14_PRE_25_088_000_00_00_004_2769_Mesa_4.pdf,PUESTO CABECERA MUNICIPAL,sKNykGoCXublFwkgavsIqtz+7pAGhwgEiO7KnXeF0sk=,SIN_TEXTO_INTERNO,2
E14_PRE_25_088_000_00_00_005_2769_Mesa_5.pdf,PUESTO CABECERA MUNICIPAL,T9k0OH4sgMtXm1EzUY+GXfSSBM/ecS1sHay/ZOfa+lQ=,SIN_TEXTO_INTERNO,2
E14_PRE_25_088_000_00_00_006_2769_Mesa_6.pdf,PUESTO CABECERA MUNICIPAL,LokqSWC/z7tPzm23m4cV8D1AqOAqa+b0G47qxI1xk8w=,SIN_TEXTO_INTERNO,2
E14_PRE_25_088_000_00_00_007_2769_Mesa_7.pdf,PUESTO CABECERA MUNICIPAL,GaXmgcG5v4JlFX2pl1x/kRJQu9UZ6f9uTjxV7b6sXlc=,SIN_TEXTO_INTERNO,2
E14_PRE_25_088_000_00_00_008_2769_Mesa_8.pdf,PUESTO CABECERA MUNICIPAL,PdfqQsxSfWzRRun/BxxLhTGDSDK3O0d5DINZTKOqhpQ=,SIN_TEXTO_INTERNO,2
E14_PRE_27_088_000_00_00_001_2821_Mesa_1.pdf,PUESTO CABECERA MUNICIPAL,VYTyYj5HfeMSzbDy9pHo+UnKNa0gplTPsivRByShMUY=,SIN_TEXTO_INTERNO,2
E14_PRE_27_088_000_00_00_002_2821_Mesa_2.pdf,PUESTO CABECERA MUNICIPAL,BV2cBZ5JJwh1xZo79/2X6meQc7eTN4rrY7FrnwUY/Co=,SIN_TEXTO_INTERNO,2
E14_PRE_27_088_000_00_00_003_2821_Mesa_3.pdf,PUESTO CABECERA MUNICIPAL,pfmZ9ftLy4vC+QuZQ7kV0L0mef15ZbHW3ogk/J3N/ZQ=,SIN_TEXTO_INTERNO,2
E14_PRE_27_088_000_00_00_004_2821_Mesa_4.pdf,PUESTO CABECERA MUNICIPAL,LE/vXhqMDeJq812XVwlnpAfsAZcXPTCerY32/DEIPJg=,SIN_TEXTO_INTERNO,2
E14_PRE_27_088_000_00_00_005_2821_Mesa_5.pdf,PUESTO CABECERA MUNICIPAL,Za2DM27IyCeuXNGuDmbvvc5+1v3u7RDhpHgCaapUDmE=,SIN_TEXTO_INTERNO,2
E14_PRE_27_088_000_00_00_006_2821_Mesa_6.pdf,PUESTO CABECERA MUNICIPAL,YX7Rv9SsLzpJxirwTqPFfC0F++vhBoKRPVJgV+twPjQ=,SIN_TEXTO_INTERNO,2
E14_PRE_27_088_000_00_00_007_2821_Mesa_7.pdf,PUESTO CABECERA MUNICIPAL,8Lza7gSFEswRxVKIRPoC9MJziGoZux6j2V8QXWtW1BA=,SIN_TEXTO_INTERNO,2
E14_PRE_27_088_000_00_00_008_2821_Mesa_8.pdf,PUESTO CABECERA MUNICIPAL,5BKe1gKMNRCfHFyrJSkGP7cwndWL2CLq/2xnajDIGec=,SIN_TEXTO_INTERNO,2
E14_PRE_29_088_000_00_00_001_2931_Mesa_1.pdf,PUESTO CABECERA MUNICIPAL,RCjaCTiWWO0c1UvpmBB9DBJ2AOvdHvejeMD30NUGEsE=,SIN_TEXTO_INTERNO,2
E14_PRE_29_088_000_00_00_002_2931_Mesa_2.pdf,PUESTO CABECERA MUNICIPAL,NO_DECODIFICADO,SIN_TEXTO_INTERNO,2
E14_PRE_29_088_000_00_00_003_2931_Mesa_3.pdf,PUESTO CABECERA MUNICIPAL,0fTgXQ6B4ZNpunvuTJE9bPvDOcvR8ScdJ0MnIg9x1ms=,SIN_TEXTO_INTERNO,2
E14_PRE_29_088_000_00_00_004_2931_Mesa_4.pdf,PUESTO CABECERA MUNICIPAL,7lVMgh8IYWCIU8Jfyf3Gzb55+nvP4fEUn00IQvsqxhY=,SIN_TEXTO_INTERNO,2
E14_PRE_29_088_000_00_00_005_2931_Mesa_5.pdf,PUESTO CABECERA MUNICIPAL,TTYcXpVcxB0qjaKVPmOyKmYmJGy5ZgTSX/de2UWWEcA=,SIN_TEXTO_INTERNO,2
E14_PRE_29_088_000_00_00_006_2931_Mesa_6.pdf,PUESTO CABECERA MUNICIPAL,TGPs4hRc422bmqc6lyLe2/sGiuMWGYU5ghQmvpDHIrk=,SIN_TEXTO_INTERNO,2
E14_PRE_29_088_000_00_00_007_2931_Mesa_7.pdf,PUESTO CABECERA MUNICIPAL,WNliskYriOCYgtkev/EbXk2iolVKBL909A1a/sInyZU=,SIN_TEXTO_INTERNO,2
E14_PRE_29_088_000_00_00_008_2931_Mesa_8.pdf,PUESTO CABECERA MUNICIPAL,fQyXQb/IewXl8hTlZUIat8vLXVd8dT7G5jLTyLoGQoc=,SIN_TEXTO_INTERNO,2
E14_PRE_29_088_000_00_00_009_2931_Mesa_9.pdf,PUESTO CABECERA MUNICIPAL,uAmiT6qrRTnUA34GNm/zL4p9ahq1noSddzIpfAmXp8Q=,SIN_TEXTO_INTERNO,2
E14_PRE_31_088_000_00_00_001_2976_Mesa_1.pdf,PUESTO CABECERA MUNICIPAL,NO_DECODIFICADO,SIN_TEXTO_INTERNO,2
E14_PRE_31_088_000_00_00_002_2976_Mesa_2.pdf,PUESTO CABECERA MUNICIPAL,NO_DECODIFICADO,SIN_TEXTO_INTERNO,2
E14_PRE_31_088_000_00_00_003_2976_Mesa_3.pdf,PUESTO CABECERA MUNICIPAL,cdM4g9xURKVGv0EVbH4AWw13rwN4XVQ7Ksp5YV5Iusg=,SIN_TEXTO_INTERNO,2
E14_PRE_31_088_000_00_00_004_2976_Mesa_4.pdf,PUESTO CABECERA MUNICIPAL,NO_DECODIFICADO,SIN_TEXTO_INTERNO,2
E14_PRE_31_088_000_00_00_005_2976_Mesa_5.pdf,PUESTO CABECERA MUNICIPAL,NO_DECODIFICADO,SIN_TEXTO_INTERNO,2
E14_PRE_31_088_000_00_00_006_2976_Mesa_6.pdf,PUESTO CABECERA MUNICIPAL,NO_DECODIFICADO,SIN_TEXTO_INTERNO,2
E14_PRE_31_088_000_00_00_007_2976_Mesa_7.pdf,PUESTO CABECERA MUNICIPAL,7pQe7oILdaOCWw/+HKXHWBPLP+j/q3mXR5CLSsPZJEk=,SIN_TEXTO_INTERNO,2
E14_PRE_31_088_000_00_00_008_2976_Mesa_8.pdf,PUESTO CABECERA MUNICIPAL,ryVSa1FqDSSQ/jaDHQAAbvTlwPavRTq72Sug2VY4TBU=,SIN_TEXTO_INTERNO,2
E14_PRE_31_088_000_00_00_009_2976_Mesa_9.pdf,PUESTO CABECERA MUNICIPAL,NO_DECODIFICADO,SIN_TEXTO_INTERNO,2
E14_PRE_31_088_000_00_00_010_2976_Mesa_10.pdf,PUESTO CABECERA MUNICIPAL,Cj3g3oax2QEpQ9S87Af4uE2TIC+A/QgcOMDMjbkX3Ak=,SIN_TEXTO_INTERNO,2
E14_PRE_31_088_000_00_00_011_2976_Mesa_11.pdf,PUESTO CABECERA MUNICIPAL,moMPFMIkXmNfFtCi40FYvLiZ+SdHiQRXpKCpSyDi6oE=,SIN_TEXTO_INTERNO,2
E14_PRE_31_088_000_00_00_012_2976_Mesa_12.pdf,PUESTO CABECERA MUNICIPAL,T3eiun6ok3v+J3wQz5/JsNG+ZT/Jyj3saCAh+rdGVrQ=,SIN_TEXTO_INTERNO,2
E14_PRE_31_088_000_00_00_013_2976_Mesa_13.pdf,PUESTO CABECERA MUNICIPAL,PX65+sSZj5i8JIfljaLEceBK/lPval/cc4CNwztvIho=,SIN_TEXTO_INTERNO,2
E14_PRE_31_088_000_00_00_014_2976_Mesa_14.pdf,PUESTO CABECERA MUNICIPAL,SgnGS4xiQigb62QDqkHlE7thmV2JUASt3PC5Nv8SCPk=,SIN_TEXTO_INTERNO,2
E14_PRE_31_088_000_00_00_015_2976_Mesa_15.pdf,PUESTO CABECERA MUNICIPAL,OVkz/N1dUwOXkDgnhIs8EC6B+EIcr5durzxPuIlEB00=,SIN_TEXTO_INTERNO,2
E14_PRE_31_088_000_00_00_016_2976_Mesa_16.pdf,PUESTO CABECERA MUNICIPAL,WeLwOQPU70VY0rzzi3BRR6xDrBWBfEwqbi9LZL9wjow=,SIN_TEXTO_INTERNO,2
E14_PRE_31_088_000_00_00_017_2976_Mesa_17.pdf,PUESTO CABECERA MUNICIPAL,6WTPmsKi+uex+4zXxQFV6u+11DyKIVLJGnLzFXwL2Yo=,SIN_TEXTO_INTERNO,2
E14_PRE_31_088_000_00_00_018_2976_Mesa_18.pdf,PUESTO CABECERA MUNICIPAL,NO_DECODIFICADO,SIN_TEXTO_INTERNO,2
E14_PRE_31_088_000_00_00_019_2976_Mesa_19.pdf,PUESTO CABECERA MUNICIPAL,NO_DECODIFICADO,SIN_TEXTO_INTERNO,2
E14_PRE_31_088_000_00_00_020_2976_Mesa_20.pdf,PUESTO CABECERA MUNICIPAL,YATiUJQwpFppPSdRqQBW5gb6fvM/p6d71OhHUKIGGk4=,SIN_TEXTO_INTERNO,2
E14_PRE_31_088_000_00_00_021_2976_Mesa_21.pdf,PUESTO CABECERA MUNICIPAL,E73Cb44+TTILVZpK7tRombMQNsjLyU7D5aV4JK0vxp4=,SIN_TEXTO_INTERNO,2
E14_PRE_31_088_000_00_00_022_2976_Mesa_22.pdf,PUESTO CABECERA MUNICIPAL,NO_DECODIFICADO,SIN_TEXTO_INTERNO,2
E14_PRE_31_088_000_00_00_023_2976_Mesa_23.pdf,PUESTO CABECERA MUNICIPAL,Djvs2WG6ftVkjw9Ptcj9Kod7Dr0d4jgjiuaPWxRB5nE=,SIN_TEXTO_INTERNO,2
E14_PRE_56_004_000_00_00_001_3088_Mesa_1.pdf,PUESTO CABECERA MUNICIPAL,b5kTjBqgq4GkK1RUn6R7FAPttBzwbJJGuFi4+oCLu+M=,SIN_TEXTO_INTERNO,2
E14_PRE_56_004_000_00_00_002_3088_Mesa_2.pdf,PUESTO CABECERA MUNICIPAL,NO_DECODIFICADO,SIN_TEXTO_INTERNO,2
E14_PRE_56_004_000_00_00_003_3088_Mesa_3.pdf,PUESTO CABECERA MUNICIPAL,G+dk3arNam/87EAsq39zXDivrE0Gk3/aLBIQIRtaMO8=,SIN_TEXTO_INTERNO,2
E14_PRE_56_004_000_00_00_004_3088_Mesa_4.pdf,PUESTO CABECERA MUNICIPAL,pmZH8nyH7PM6HX7cIMlw3jBgd+2qtbRnXwHX09n5xEk=,SIN_TEXTO_INTERNO,2
E14_PRE_56_004_000_00_00_005_3088_Mesa_5.pdf,PUESTO CABECERA MUNICIPAL,NO_DECODIFICADO,SIN_TEXTO_INTERNO,2
E14_PRE_56_004_000_00_00_006_3088_Mesa_6.pdf,PUESTO CABECERA MUNICIPAL,NO_DECODIFICADO,SIN_TEXTO_INTERNO,2
E14_PRE_56_004_000_00_00_007_3088_Mesa_7.pdf,PUESTO CABECERA MUNICIPAL,fL3Cpe7RiGXNdH9hvVH5R3noexxcxcR5RfRUH152v4k=,SIN_TEXTO_INTERNO,2
E14_PRE_56_004_000_00_00_008_3088_Mesa_8.pdf,PUESTO CABECERA MUNICIPAL,NO_DECODIFICADO,SIN_TEXTO_INTERNO,2
E14_PRE_56_004_000_00_00_009_3088_Mesa_9.pdf,PUESTO CABECERA MUNICIPAL,fNs15EGuXMSQihs0PQufyEfdDf/pX/G/TJv6x+IiVmU=,SIN_TEXTO_INTERNO,2
E14_PRE_56_004_000_00_00_010_3088_Mesa_10.pdf,PUESTO CABECERA MUNICIPAL,NO_DECODIFICADO,SIN_TEXTO_INTERNO,2
E14_PRE_56_004_000_00_00_011_3088_Mesa_11.pdf,PUESTO CABECERA MUNICIPAL,xb4Cf8Mu+b0oH6uPA5SDZVaNNZvhJG/HHls7JpSIOtk=,SIN_TEXTO_INTERNO,2
E14_PRE_56_004_000_00_00_012_3088_Mesa_12.pdf,PUESTO CABECERA MUNICIPAL,M6DSTcoE57z0B9YQ2BVGz2rueyfHmbPcg0K/3n9uDVo=,SIN_TEXTO_INTERNO,2
E14_PRE_56_004_000_00_00_013_3088_Mesa_13.pdf,PUESTO CABECERA MUNICIPAL,1nErN3CV8fKSmoXDSpyUdMKKr0pWhN03SbDd6/xYhRE=,SIN_TEXTO_INTERNO,2
E14_PRE_56_004_000_00_00_014_3088_Mesa_14.pdf,PUESTO CABECERA MUNICIPAL,rqp/Lco8O8v9VwkKlHfir475takfSE+rTC+YQx9PBMg=,SIN_TEXTO_INTERNO,2
E14_PRE_16_001_090_00_01_088_6118_Mesa_88.pdf,PUESTO CENSO(FERIA EXPOSICION),NO_DECODIFICADO,SIN_TEXTO_INTERNO,2
E14_PRE_23_088_099_00_13_001_2694_Mesa_1.pdf,RICAURTE,c2dNz3116QkrUaa/hyYDMz1xt9ovuvr+5x6/C02r31U=,SIN_TEXTO_INTERNO,2
E14_PRE_15_160_001_00_03_001_5799_Mesa_1.pdf,SALON  COMUNAL  ALCAPARROS,ZV8AAW96k3441d6pqe9lZ7qHxSG0vfxl/hVyEw/hD1U=,SIN_TEXTO_INTERNO,2
E14_PRE_15_160_001_00_03_002_5799_Mesa_2.pdf,SALON  COMUNAL  ALCAPARROS,NO_DECODIFICADO,SIN_TEXTO_INTERNO,2
E14_PRE_15_160_001_00_03_003_5799_Mesa_3.pdf,SALON  COMUNAL  ALCAPARROS,F8eYyRO57f4TDjNhhj2MRZXvD+gxyUAlixcaX8BezmE=,SIN_TEXTO_INTERNO,2
E14_PRE_15_160_001_00_03_004_5799_Mesa_4.pdf,SALON  COMUNAL  ALCAPARROS,NO_DECODIFICADO,SIN_TEXTO_INTERNO,2
E14_PRE_15_160_001_00_03_005_5799_Mesa_5.pdf,SALON  COMUNAL  ALCAPARROS,NO_DECODIFICADO,SIN_TEXTO_INTERNO,2
E14_PRE_15_160_001_00_03_006_5799_Mesa_6.pdf,SALON  COMUNAL  ALCAPARROS,NO_DECODIFICADO,SIN_TEXTO_INTERNO,2
E14_PRE_15_160_001_00_03_007_5799_Mesa_7.pdf,SALON  COMUNAL  ALCAPARROS,64jFRU1acRhQzsxOmCRYbD5ldF4YqmLxsME55hUhn0A=,SIN_TEXTO_INTERNO,2
E14_PRE_15_160_001_00_03_008_5799_Mesa_8.pdf,SALON  COMUNAL  ALCAPARROS,NO_DECODIFICADO,SIN_TEXTO_INTERNO,2
E14_PRE_31_088_099_00_17_001_2976_Mesa_1.pdf,SALONICA,NO_DECODIFICADO,SIN_TEXTO_INTERNO,2
E14_PRE_31_088_099_00_17_002_2976_Mesa_2.pdf,SALONICA,2N7SAwLp0oqaehHJuucK+RRCK2RbOHD3vNT7eA7rACE=,SIN_TEXTO_INTERNO,2
E14_PRE_31_088_099_00_17_003_2976_Mesa_3.pdf,SALONICA,NO_DECODIFICADO,SIN_TEXTO_INTERNO,2
E14_PRE_31_088_099_00_17_004_2976_Mesa_4.pdf,SALONICA,i5RmrkUGyr6bU8xa6AowBMlG8gm/2GzWY3ODvI85zaQ=,SIN_TEXTO_INTERNO,2
E14_PRE_31_088_099_00_17_005_2976_Mesa_5.pdf,SALONICA,NO_DECODIFICADO,SIN_TEXTO_INTERNO,2
E14_PRE_31_088_099_00_17_006_2976_Mesa_6.pdf,SALONICA,NO_DECODIFICADO,SIN_TEXTO_INTERNO,2
E14_PRE_31_088_099_00_17_007_2976_Mesa_7.pdf,SALONICA,NO_DECODIFICADO,SIN_TEXTO_INTERNO,2
E14_PRE_31_088_099_00_17_008_2976_Mesa_8.pdf,SALONICA,NZCf3m8w0cgoDKWAk0yRmxwr0vsoTeCpgluBfWHjlfg=,SIN_TEXTO_INTERNO,2
E14_PRE_31_088_099_00_17_009_2976_Mesa_9.pdf,SALONICA,NO_DECODIFICADO,SIN_TEXTO_INTERNO,2
E14_PRE_31_088_099_00_17_010_2976_Mesa_10.pdf,SALONICA,T7ingplCnkxM7ezJofjQ+PWtZ6DgHUKPTuWQ10KovG0=,SIN_TEXTO_INTERNO,2
E14_PRE_31_088_099_00_17_011_2976_Mesa_11.pdf,SALONICA,NO_DECODIFICADO,SIN_TEXTO_INTERNO,2
E14_PRE_11_088_099_00_24_001_5612_Mesa_1.pdf,SAMBONI,NO_DECODIFICADO,SIN_TEXTO_INTERNO,2
E14_PRE_11_088_099_00_24_002_5612_Mesa_2.pdf,SAMBONI,NO_DECODIFICADO,SIN_TEXTO_INTERNO,2
E14_PRE_11_088_099_00_24_003_5612_Mesa_3.pdf,SAMBONI,NO_DECODIFICADO,SIN_TEXTO_INTERNO,2
E14_PRE_23_088_099_00_17_001_2694_Mesa_1.pdf,SAN LUIS,vuXc8htthTN9fF+QCxHIfHO5tmyNWxhiKx2ITEnIaRI=,SIN_TEXTO_INTERNO,2
E14_PRE_23_088_099_00_20_001_2694_Mesa_1.pdf,SAN VICENTE DE AURORA,NO_DECODIFICADO,SIN_TEXTO_INTERNO,2
E14_PRE_16_001_018_18_12_001_6088_Mesa_1.pdf,SANTA LUCIA,NO_DECODIFICADO,SIN_TEXTO_INTERNO,2
E14_PRE_16_001_018_18_12_002_6088_Mesa_2.pdf,SANTA LUCIA,NO_DECODIFICADO,SIN_TEXTO_INTERNO,2
E14_PRE_16_001_018_18_12_003_6088_Mesa_3.pdf,SANTA LUCIA,17nNbX2rY5TGwFdttYhfAF4ky25wbzheC8glhU9sKt8=,SIN_TEXTO_INTERNO,2
E14_PRE_16_001_018_18_12_004_6088_Mesa_4.pdf,SANTA LUCIA,NO_DECODIFICADO,SIN_TEXTO_INTERNO,2
E14_PRE_16_001_018_18_12_005_6088_Mesa_5.pdf,SANTA LUCIA,NO_DECODIFICADO,SIN_TEXTO_INTERNO,2
E14_PRE_16_001_018_18_12_006_6088_Mesa_6.pdf,SANTA LUCIA,NO_DECODIFICADO,SIN_TEXTO_INTERNO,2
E14_PRE_16_001_018_18_12_007_6088_Mesa_7.pdf,SANTA LUCIA,NO_DECODIFICADO,SIN_TEXTO_INTERNO,2
E14_PRE_16_001_018_18_12_008_6088_Mesa_8.pdf,SANTA LUCIA,NO_DECODIFICADO,SIN_TEXTO_INTERNO,2
E14_PRE_16_001_018_18_12_009_6088_Mesa_9.pdf,SANTA LUCIA,NO_DECODIFICADO,SIN_TEXTO_INTERNO,2
E14_PRE_16_001_018_18_12_010_6088_Mesa_10.pdf,SANTA LUCIA,NO_DECODIFICADO,SIN_TEXTO_INTERNO,2
E14_PRE_16_001_018_18_12_011_6088_Mesa_11.pdf,SANTA LUCIA,NO_DECODIFICADO,SIN_TEXTO_INTERNO,2
E14_PRE_16_001_018_18_12_012_6088_Mesa_12.pdf,SANTA LUCIA,NO_DECODIFICADO,SIN_TEXTO_INTERNO,2
E14_PRE_16_001_018_18_12_013_6088_Mesa_13.pdf,SANTA LUCIA,NO_DECODIFICADO,SIN_TEXTO_INTERNO,2
E14_PRE_16_001_018_18_12_014_6088_Mesa_14.pdf,SANTA LUCIA,NO_DECODIFICADO,SIN_TEXTO_INTERNO,2
E14_PRE_16_001_018_18_12_015_6088_Mesa_15.pdf,SANTA LUCIA,NO_DECODIFICADO,SIN_TEXTO_INTERNO,2
E14_PRE_16_001_018_18_12_016_6088_Mesa_16.pdf,SANTA LUCIA,NO_DECODIFICADO,SIN_TEXTO_INTERNO,2
E14_PRE_16_001_018_18_12_017_6088_Mesa_17.pdf,SANTA LUCIA,NO_DECODIFICADO,SIN_TEXTO_INTERNO,2
E14_PRE_16_001_018_18_12_018_6088_Mesa_18.pdf,SANTA LUCIA,NO_DECODIFICADO,SIN_TEXTO_INTERNO,2
E14_PRE_16_001_018_18_12_019_6088_Mesa_19.pdf,SANTA LUCIA,NO_DECODIFICADO,SIN_TEXTO_INTERNO,2
E14_PRE_16_001_018_18_12_020_6088_Mesa_20.pdf,SANTA LUCIA,NO_DECODIFICADO,SIN_TEXTO_INTERNO,2
E14_PRE_16_001_018_18_12_021_6088_Mesa_21.pdf,SANTA LUCIA,NO_DECODIFICADO,SIN_TEXTO_INTERNO,2
E14_PRE_16_001_018_18_12_022_6088_Mesa_22.pdf,SANTA LUCIA,NO_DECODIFICADO,SIN_TEXTO_INTERNO,2
E14_PRE_16_001_018_18_12_023_6088_Mesa_23.pdf,SANTA LUCIA,NO_DECODIFICADO,SIN_TEXTO_INTERNO,2
E14_PRE_16_001_018_18_12_024_6088_Mesa_24.pdf,SANTA LUCIA,NO_DECODIFICADO,SIN_TEXTO_INTERNO,2
E14_PRE_16_001_018_18_12_025_6088_Mesa_25.pdf,SANTA LUCIA,NO_DECODIFICADO,SIN_TEXTO_INTERNO,2
E14_PRE_23_088_099_00_19_001_2694_Mesa_1.pdf,SANTANDER (EL ROSARIO),NO_DECODIFICADO,SIN_TEXTO_INTERNO,2
E14_PRE_01_088_099_00_60_001_5157_Mesa_1.pdf,SD ALTO CACERI I.E.R. CACERI,NO_DECODIFICADO,SIN_TEXTO_INTERNO,2
E14_PRE_01_088_099_00_60_002_5157_Mesa_2.pdf,SD ALTO CACERI I.E.R. CACERI,NO_DECODIFICADO,SIN_TEXTO_INTERNO,2
E14_PRE_01_088_099_00_40_001_5157_Mesa_1.pdf,SD CACERI I.E.R. CACERI,NO_DECODIFICADO,SIN_TEXTO_INTERNO,2
E14_PRE_01_088_099_00_40_002_5157_Mesa_2.pdf,SD CACERI I.E.R. CACERI,NO_DECODIFICADO,SIN_TEXTO_INTERNO,2
E14_PRE_01_088_099_00_40_003_5157_Mesa_3.pdf,SD CACERI I.E.R. CACERI,NO_DECODIFICADO,SIN_TEXTO_INTERNO,2
E14_PRE_01_088_002_00_06_001_5156_Mesa_1.pdf,SD CARACOLI I.E. DIVINO NIÑO,NO_DECODIFICADO,SIN_TEXTO_INTERNO,2
E14_PRE_01_088_002_00_06_002_5156_Mesa_2.pdf,SD CARACOLI I.E. DIVINO NIÑO,NO_DECODIFICADO,SIN_TEXTO_INTERNO,2
E14_PRE_01_088_002_00_06_003_5156_Mesa_3.pdf,SD CARACOLI I.E. DIVINO NIÑO,NO_DECODIFICADO,SIN_TEXTO_INTERNO,2
E14_PRE_01_088_002_00_06_004_5156_Mesa_4.pdf,SD CARACOLI I.E. DIVINO NIÑO,NO_DECODIFICADO,SIN_TEXTO_INTERNO,2
E14_PRE_01_088_002_00_06_005_5156_Mesa_5.pdf,SD CARACOLI I.E. DIVINO NIÑO,NO_DECODIFICADO,SIN_TEXTO_INTERNO,2
E14_PRE_01_088_002_00_06_006_5156_Mesa_6.pdf,SD CARACOLI I.E. DIVINO NIÑO,NO_DECODIFICADO,SIN_TEXTO_INTERNO,2
E14_PRE_01_088_002_00_06_007_5156_Mesa_7.pdf,SD CARACOLI I.E. DIVINO NIÑO,NO_DECODIFICADO,SIN_TEXTO_INTERNO,2
E14_PRE_01_088_002_00_06_008_5156_Mesa_8.pdf,SD CARACOLI I.E. DIVINO NIÑO,NO_DECODIFICADO,SIN_TEXTO_INTERNO,2
E14_PRE_01_088_002_00_06_009_5156_Mesa_9.pdf,SD CARACOLI I.E. DIVINO NIÑO,NO_DECODIFICADO,SIN_TEXTO_INTERNO,2
E14_PRE_01_088_002_00_06_010_5156_Mesa_10.pdf,SD CARACOLI I.E. DIVINO NIÑO,NO_DECODIFICADO,SIN_TEXTO_INTERNO,2
E14_PRE_01_088_002_00_06_011_5156_Mesa_11.pdf,SD CARACOLI I.E. DIVINO NIÑO,NO_DECODIFICADO,SIN_TEXTO_INTERNO,2
E14_PRE_01_088_002_00_06_012_5156_Mesa_12.pdf,SD CARACOLI I.E. DIVINO NIÑO,NO_DECODIFICADO,SIN_TEXTO_INTERNO,2
E14_PRE_01_088_002_00_06_013_5156_Mesa_13.pdf,SD CARACOLI I.E. DIVINO NIÑO,NO_DECODIFICADO,SIN_TEXTO_INTERNO,2
E14_PRE_01_088_099_00_10_001_5157_Mesa_1.pdf,SD LA ILUSION C.E.R SANTA ELENA,NO_DECODIFICADO,SIN_TEXTO_INTERNO,2
E14_PRE_01_088_099_00_25_001_5157_Mesa_1.pdf,SD RIVERAS DEL CAUCA CER SANTA ELENA,NO_DECODIFICADO,SIN_TEXTO_INTERNO,2
E14_PRE_01_088_002_00_07_001_5157_Mesa_1.pdf,SD SAN JOSE I.E. DIVINO NIÑO,NO_DECODIFICADO,SIN_TEXTO_INTERNO,2
E14_PRE_01_088_002_00_07_002_5157_Mesa_2.pdf,SD SAN JOSE I.E. DIVINO NIÑO,NO_DECODIFICADO,SIN_TEXTO_INTERNO,2
E14_PRE_01_088_002_00_07_003_5157_Mesa_3.pdf,SD SAN JOSE I.E. DIVINO NIÑO,NO_DECODIFICADO,SIN_TEXTO_INTERNO,2
E14_PRE_01_088_002_00_07_004_5157_Mesa_4.pdf,SD SAN JOSE I.E. DIVINO NIÑO,NO_DECODIFICADO,SIN_TEXTO_INTERNO,2
E14_PRE_27_088_099_00_70_001_2821_Mesa_1.pdf,SUPATA,2Q8ecakUOkxuWXCepEKIblK8xFgH+JzkbE3U8POrYDs=,SIN_TEXTO_INTERNO,2
E14_PRE_23_088_099_00_21_001_2694_Mesa_1.pdf,TABUJITO,1mt2y5I8n1+IQdWS37hgQdVd0PkRXA3D+nLHfEPrugQ=,SIN_TEXTO_INTERNO,2
E14_PRE_23_088_099_00_25_001_2694_Mesa_1.pdf,TORTUGO,4XOqMh6HUVtC1T8qjvfY+TZROpxgsHFkXPxv23m5SZk= | 16972545,SIN_TEXTO_INTERNO,2
E14_PRE_11_088_099_00_25_001_5612_Mesa_1.pdf,URUBAMBA,NO_DECODIFICADO,SIN_TEXTO_INTERNO,2
E14_PRE_11_088_099_00_25_002_5612_Mesa_2.pdf,URUBAMBA,NO_DECODIFICADO,SIN_TEXTO_INTERNO,2
E14_PRE_11_088_099_00_25_003_5612_Mesa_3.pdf,URUBAMBA,NO_DECODIFICADO,SIN_TEXTO_INTERNO,2
