Dpto,Mpio,Zona,Puesto,Mesa,Votos_Cepeda,Votos_Espriella,Total_Votos,Anomalia
05,110,00,00,000016,73,73,147,Empate Exacto (Estadísticamente Inviable)
05,113,00,00,000004,104,104,209,Empate Exacto (Estadísticamente Inviable)
05,113,00,00,000007,97,97,196,Empate Exacto (Estadísticamente Inviable)
05,113,00,00,000021,53,53,108,Empate Exacto (Estadísticamente Inviable)
16,001,10,11,000016,134,134,281,Empate Exacto (Estadísticamente Inviable)
16,001,10,21,000013,96,183,288,Clonada (Idéntica a mesa anterior)
27,082,01,01,000019,91,91,188,Empate Exacto (Estadísticamente Inviable)
27,082,01,01,000030,86,86,180,Empate Exacto (Estadísticamente Inviable)
27,082,01,01,000038,46,46,94,Empate Exacto (Estadísticamente Inviable)
27,082,02,01,000032,68,68,140,Empate Exacto (Estadísticamente Inviable)
27,082,04,03,000011,108,108,228,Empate Exacto (Estadísticamente Inviable)
27,082,04,08,000013,110,110,222,Empate Exacto (Estadísticamente Inviable)
27,082,08,02,000017,132,132,272,Empate Exacto (Estadísticamente Inviable)
88,465,05,02,000020,52,52,110,Empate Exacto (Estadísticamente Inviable)
88,815,05,04,000019,1,17,18,Clonada (Idéntica a mesa anterior)
88,815,65,02,000012,3,62,65,Polarización Extrema (>95%)
88,815,65,02,000032,1,50,51,Polarización Extrema (>95%)
01,001,01,02,000034,86,86,180,Empate Exacto (Estadísticamente Inviable)
01,001,03,01,000034,105,105,223,Empate Exacto (Estadísticamente Inviable)
01,001,03,01,000036,77,77,157,Empate Exacto (Estadísticamente Inviable)
01,001,03,03,000023,89,89,190,Empate Exacto (Estadísticamente Inviable)
01,001,04,03,000024,96,96,203,Empate Exacto (Estadísticamente Inviable)
01,001,07,04,000027,124,124,258,Empate Exacto (Estadísticamente Inviable)
01,001,08,01,000027,102,102,211,Empate Exacto (Estadísticamente Inviable)
01,001,08,02,000020,114,114,240,Empate Exacto (Estadísticamente Inviable)
01,001,08,03,000039,94,94,203,Empate Exacto (Estadísticamente Inviable)
01,001,11,02,000012,83,83,180,Empate Exacto (Estadísticamente Inviable)
01,001,13,06,000018,125,125,262,Empate Exacto (Estadísticamente Inviable)
01,001,14,02,000030,98,98,213,Empate Exacto (Estadísticamente Inviable)
01,001,14,03,000019,93,93,196,Empate Exacto (Estadísticamente Inviable)
01,001,15,01,000025,106,106,226,Empate Exacto (Estadísticamente Inviable)
01,001,15,03,000011,123,123,256,Empate Exacto (Estadísticamente Inviable)
01,001,16,03,000016,108,108,225,Empate Exacto (Estadísticamente Inviable)
01,001,17,02,000017,124,124,255,Empate Exacto (Estadísticamente Inviable)
01,001,17,03,000022,120,120,248,Empate Exacto (Estadísticamente Inviable)
01,001,17,08,000005,121,121,251,Empate Exacto (Estadísticamente Inviable)
01,001,22,02,000006,8,231,242,Polarización Extrema (>95%)
01,001,26,02,000009,102,102,213,Empate Exacto (Estadísticamente Inviable)
01,001,26,06,000013,130,83,224,Clonada (Idéntica a mesa anterior)
01,001,26,06,000015,113,113,241,Empate Exacto (Estadísticamente Inviable)
01,001,27,01,000001,9,297,310,Polarización Extrema (>95%)
01,001,27,01,000008,9,303,316,Polarización Extrema (>95%)
01,001,27,01,000009,8,318,330,Polarización Extrema (>95%)
01,001,27,01,000010,3,330,336,Polarización Extrema (>95%)
01,001,27,01,000014,12,322,336,Polarización Extrema (>95%)
01,001,27,01,000015,8,332,342,Polarización Extrema (>95%)
01,001,27,01,000016,12,312,325,Polarización Extrema (>95%)
01,001,27,01,000017,9,305,319,Polarización Extrema (>95%)
01,001,27,01,000018,10,298,309,Polarización Extrema (>95%)
01,001,27,01,000019,7,309,321,Polarización Extrema (>95%)
01,001,27,01,000020,11,301,313,Polarización Extrema (>95%)
01,001,27,01,000023,9,331,343,Polarización Extrema (>95%)
01,001,27,01,000027,7,309,320,Polarización Extrema (>95%)
01,001,27,02,000003,10,321,334,Polarización Extrema (>95%)
01,001,27,02,000005,14,314,329,Polarización Extrema (>95%)
01,001,27,02,000008,6,334,340,Polarización Extrema (>95%)
01,001,27,02,000009,14,321,337,Polarización Extrema (>95%)
01,001,27,02,000010,7,314,325,Polarización Extrema (>95%)
01,001,27,02,000011,6,308,319,Polarización Extrema (>95%)
01,001,27,02,000012,9,326,337,Polarización Extrema (>95%)
01,001,27,02,000015,10,327,338,Polarización Extrema (>95%)
01,001,27,02,000016,9,323,333,Polarización Extrema (>95%)
01,001,27,02,000017,8,314,325,Polarización Extrema (>95%)
01,001,27,02,000019,8,319,329,Polarización Extrema (>95%)
01,001,27,02,000030,13,321,334,Polarización Extrema (>95%)
01,001,27,03,000001,10,319,332,Polarización Extrema (>95%)
01,001,27,03,000004,13,323,338,Polarización Extrema (>95%)
01,001,27,03,000005,8,330,340,Polarización Extrema (>95%)
01,001,27,03,000006,12,314,329,Polarización Extrema (>95%)
01,001,27,03,000007,10,317,329,Polarización Extrema (>95%)
01,001,27,03,000009,14,318,334,Polarización Extrema (>95%)
01,001,28,02,000008,10,290,303,Polarización Extrema (>95%)
01,001,28,03,000001,8,249,260,Polarización Extrema (>95%)
01,001,28,03,000008,7,231,240,Polarización Extrema (>95%)
01,001,28,03,000009,13,277,291,Polarización Extrema (>95%)
01,001,28,03,000013,7,273,285,Polarización Extrema (>95%)
01,001,28,03,000014,11,310,324,Polarización Extrema (>95%)
01,001,28,03,000019,11,305,319,Polarización Extrema (>95%)
01,001,28,03,000020,8,306,321,Polarización Extrema (>95%)
01,001,28,03,000021,11,304,318,Polarización Extrema (>95%)
01,001,28,03,000025,6,280,288,Polarización Extrema (>95%)
01,001,28,04,000002,8,296,308,Polarización Extrema (>95%)
01,001,28,04,000005,11,254,267,Polarización Extrema (>95%)
01,001,28,04,000006,12,268,280,Polarización Extrema (>95%)
01,001,28,04,000012,12,292,307,Polarización Extrema (>95%)
01,001,28,04,000015,10,277,290,Polarización Extrema (>95%)
01,001,30,06,000014,127,127,263,Empate Exacto (Estadísticamente Inviable)
27,019,99,A2,000015,54,54,115,Empate Exacto (Estadísticamente Inviable)
27,045,02,01,000018,28,28,58,Empate Exacto (Estadísticamente Inviable)
27,052,00,00,000007,50,157,216,Clonada (Idéntica a mesa anterior)
27,091,04,01,000015,107,107,219,Empate Exacto (Estadísticamente Inviable)
27,160,05,03,000020,115,115,236,Empate Exacto (Estadísticamente Inviable)
27,160,06,01,000007,28,28,59,Empate Exacto (Estadísticamente Inviable)
27,174,02,02,000014,86,86,179,Empate Exacto (Estadísticamente Inviable)
27,181,02,02,000008,110,110,228,Empate Exacto (Estadísticamente Inviable)
27,219,00,00,000001,8,266,276,Polarización Extrema (>95%)
27,219,00,00,000002,7,245,256,Polarización Extrema (>95%)
28,001,03,01,000021,128,128,259,Empate Exacto (Estadísticamente Inviable)
28,001,06,01,000008,134,98,233,Clonada (Idéntica a mesa anterior)
28,010,00,00,000023,89,89,181,Empate Exacto (Estadísticamente Inviable)
28,160,99,83,000005,63,63,127,Empate Exacto (Estadísticamente Inviable)
28,200,02,03,000009,74,74,151,Empate Exacto (Estadísticamente Inviable)
28,200,02,03,000011,80,80,162,Empate Exacto (Estadísticamente Inviable)
28,200,02,03,000014,75,75,163,Empate Exacto (Estadísticamente Inviable)
05,001,20,02,000027,157,22,181,Clonada (Idéntica a mesa anterior)
05,001,21,02,000010,112,112,224,Empate Exacto (Estadísticamente Inviable)
05,001,99,70,000020,194,4,201,Polarización Extrema (>95%)
05,013,00,00,000001,70,70,144,Empate Exacto (Estadísticamente Inviable)
05,013,00,00,000028,95,95,193,Empate Exacto (Estadísticamente Inviable)
05,013,00,00,000029,97,97,195,Empate Exacto (Estadísticamente Inviable)
05,016,00,00,000011,73,73,147,Empate Exacto (Estadísticamente Inviable)
05,022,01,01,000002,82,82,164,Empate Exacto (Estadísticamente Inviable)
05,022,02,01,000023,89,89,181,Empate Exacto (Estadísticamente Inviable)
05,022,99,15,000003,28,28,57,Empate Exacto (Estadísticamente Inviable)
05,025,00,00,000012,86,86,179,Empate Exacto (Estadísticamente Inviable)
05,028,99,19,000001,104,104,210,Empate Exacto (Estadísticamente Inviable)
05,031,00,02,000002,67,67,136,Empate Exacto (Estadísticamente Inviable)
05,031,00,02,000005,64,69,134,Clonada (Idéntica a mesa anterior)
05,059,00,00,000011,52,52,104,Empate Exacto (Estadísticamente Inviable)
05,072,00,00,000019,29,29,60,Empate Exacto (Estadísticamente Inviable)
05,121,99,01,000002,109,109,219,Empate Exacto (Estadísticamente Inviable)
05,124,00,00,000004,121,121,248,Empate Exacto (Estadísticamente Inviable)
07,001,02,05,000009,151,133,298,Clonada (Idéntica a mesa anterior)
07,008,99,32,000001,9,270,283,Polarización Extrema (>95%)
27,071,99,10,000001,2,271,280,Polarización Extrema (>95%)
27,082,07,04,000008,76,201,296,Clonada (Idéntica a mesa anterior)
88,815,35,06,000007,27,27,56,Empate Exacto (Estadísticamente Inviable)
27,037,99,50,000001,3,62,65,Polarización Extrema (>95%)
27,040,99,05,000001,4,120,124,Polarización Extrema (>95%)
27,043,99,03,000001,61,1,64,Polarización Extrema (>95%)
27,091,04,06,000003,113,113,232,Empate Exacto (Estadísticamente Inviable)
27,145,99,03,000001,1,89,93,Polarización Extrema (>95%)
27,181,02,06,000006,125,125,260,Empate Exacto (Estadísticamente Inviable)
28,120,00,00,000003,134,134,270,Empate Exacto (Estadísticamente Inviable)
05,016,99,09,000005,63,63,127,Empate Exacto (Estadísticamente Inviable)
05,037,99,10,000001,4,128,132,Polarización Extrema (>95%)
01,001,28,06,000002,10,306,319,Polarización Extrema (>95%)
27,121,99,38,000001,12,280,293,Polarización Extrema (>95%)
27,139,99,10,000001,5,96,101,Polarización Extrema (>95%)
28,020,99,92,000001,128,3,131,Polarización Extrema (>95%)
28,180,99,38,000004,42,42,84,Empate Exacto (Estadísticamente Inviable)
05,007,99,05,000003,185,28,213,Clonada (Idéntica a mesa anterior)
27,076,00,00,000001,9,274,284,Polarización Extrema (>95%)
27,076,00,00,000002,11,262,274,Polarización Extrema (>95%)
27,045,99,11,000002,24,24,51,Empate Exacto (Estadísticamente Inviable)
27,045,99,18,000001,32,32,65,Empate Exacto (Estadísticamente Inviable)
05,010,99,40,000002,169,0,169,Polarización Extrema (>95%)
05,028,99,54,000002,27,27,56,Empate Exacto (Estadísticamente Inviable)
07,059,99,30,000001,178,2,184,Polarización Extrema (>95%)
07,059,99,30,000002,91,0,91,Polarización Extrema (>95%)
07,059,99,30,000003,83,2,85,Polarización Extrema (>95%)
07,067,02,02,000014,111,111,227,Empate Exacto (Estadísticamente Inviable)
07,067,02,05,000007,109,109,227,Empate Exacto (Estadísticamente Inviable)
07,079,02,01,000013,122,122,250,Empate Exacto (Estadísticamente Inviable)
07,079,90,01,000014,83,83,168,Empate Exacto (Estadísticamente Inviable)
07,088,00,00,000010,103,103,209,Empate Exacto (Estadísticamente Inviable)
07,139,00,00,000028,118,118,242,Empate Exacto (Estadísticamente Inviable)
07,181,01,01,000012,147,147,307,Empate Exacto (Estadísticamente Inviable)
07,181,02,02,000013,120,120,249,Empate Exacto (Estadísticamente Inviable)
07,214,02,01,000021,104,104,222,Empate Exacto (Estadísticamente Inviable)
07,241,99,21,000002,3,78,82,Polarización Extrema (>95%)
07,249,99,15,000001,12,265,277,Polarización Extrema (>95%)
07,277,01,05,000003,144,144,298,Empate Exacto (Estadísticamente Inviable)
07,277,02,05,000021,119,119,244,Empate Exacto (Estadísticamente Inviable)
16,001,08,43,000005,128,128,262,Empate Exacto (Estadísticamente Inviable)
16,001,08,63,000008,140,140,282,Empate Exacto (Estadísticamente Inviable)
16,001,08,78,000004,139,139,281,Empate Exacto (Estadísticamente Inviable)
16,001,09,06,000007,134,134,275,Empate Exacto (Estadísticamente Inviable)
16,001,09,27,000026,130,130,268,Empate Exacto (Estadísticamente Inviable)
16,001,09,34,000038,136,136,281,Empate Exacto (Estadísticamente Inviable)
16,001,09,38,000004,151,151,314,Empate Exacto (Estadísticamente Inviable)
16,001,11,25,000005,132,132,268,Empate Exacto (Estadísticamente Inviable)
16,001,11,54,000005,148,148,304,Empate Exacto (Estadísticamente Inviable)
16,001,13,04,000020,116,116,242,Empate Exacto (Estadísticamente Inviable)
16,001,14,01,000007,97,97,201,Empate Exacto (Estadísticamente Inviable)
16,001,15,06,000010,128,128,264,Empate Exacto (Estadísticamente Inviable)
16,001,15,14,000013,164,98,270,Clonada (Idéntica a mesa anterior)
09,124,02,01,000019,81,81,168,Empate Exacto (Estadísticamente Inviable)
11,001,01,04,000015,138,138,280,Empate Exacto (Estadísticamente Inviable)
11,001,03,01,000013,140,140,286,Empate Exacto (Estadísticamente Inviable)
16,001,90,01,000038,5,5,11,Clonada (Idéntica a mesa anterior)
16,001,90,01,000101,158,158,322,Empate Exacto (Estadísticamente Inviable)
16,001,90,01,000143,136,136,281,Empate Exacto (Estadísticamente Inviable)
01,070,02,01,000016,94,94,199,Empate Exacto (Estadísticamente Inviable)
01,070,02,01,000019,94,94,205,Empate Exacto (Estadísticamente Inviable)
29,064,90,01,000004,109,109,223,Empate Exacto (Estadísticamente Inviable)
29,064,90,01,000008,126,126,260,Empate Exacto (Estadísticamente Inviable)
29,079,99,08,000006,29,29,62,Empate Exacto (Estadísticamente Inviable)
29,085,99,07,000003,47,47,95,Empate Exacto (Estadísticamente Inviable)
29,094,00,00,000003,141,141,283,Empate Exacto (Estadísticamente Inviable)
11,001,07,01,000001,129,129,261,Empate Exacto (Estadísticamente Inviable)
11,004,99,01,000001,259,4,263,Polarización Extrema (>95%)
11,004,99,01,000002,256,0,259,Polarización Extrema (>95%)
11,004,99,01,000003,284,3,288,Polarización Extrema (>95%)
11,004,99,01,000004,245,1,251,Polarización Extrema (>95%)
11,004,99,01,000005,268,7,276,Polarización Extrema (>95%)
11,004,99,09,000001,261,0,264,Polarización Extrema (>95%)
11,004,99,09,000002,61,0,62,Polarización Extrema (>95%)
11,004,99,13,000001,248,4,261,Polarización Extrema (>95%)
11,004,99,13,000002,288,3,294,Polarización Extrema (>95%)
11,004,99,15,000001,257,0,260,Polarización Extrema (>95%)
11,004,99,15,000002,168,0,169,Polarización Extrema (>95%)
11,005,99,16,000002,251,5,264,Polarización Extrema (>95%)
11,005,99,16,000003,266,0,266,Polarización Extrema (>95%)
11,005,99,16,000004,234,4,241,Polarización Extrema (>95%)
11,005,99,25,000003,281,3,285,Polarización Extrema (>95%)
11,005,99,25,000004,53,0,53,Polarización Extrema (>95%)
11,006,99,05,000001,285,5,295,Polarización Extrema (>95%)
11,006,99,05,000004,136,0,140,Polarización Extrema (>95%)
11,007,00,00,000019,249,8,261,Polarización Extrema (>95%)
11,007,99,13,000001,226,2,232,Polarización Extrema (>95%)
11,007,99,13,000002,269,0,281,Polarización Extrema (>95%)
11,007,99,13,000003,101,1,104,Polarización Extrema (>95%)
11,007,99,16,000001,210,4,219,Polarización Extrema (>95%)
11,007,99,21,000002,116,0,116,Polarización Extrema (>95%)
11,007,99,29,000002,232,4,239,Polarización Extrema (>95%)
11,007,99,29,000003,269,4,282,Polarización Extrema (>95%)
11,007,99,56,000001,147,1,149,Polarización Extrema (>95%)
11,007,99,73,000001,266,4,275,Polarización Extrema (>95%)
11,007,99,82,000001,178,6,187,Polarización Extrema (>95%)
11,016,00,00,000014,284,4,288,Polarización Extrema (>95%)
11,016,99,21,000001,250,0,251,Polarización Extrema (>95%)
11,016,99,21,000002,280,0,280,Polarización Extrema (>95%)
11,016,99,21,000003,289,0,289,Polarización Extrema (>95%)
11,016,99,21,000004,290,2,293,Polarización Extrema (>95%)
11,016,99,21,000005,282,1,288,Polarización Extrema (>95%)
11,016,99,21,000006,288,0,289,Polarización Extrema (>95%)
11,016,99,21,000007,276,0,276,Polarización Extrema (>95%)
11,016,99,21,000008,283,0,283,Polarización Extrema (>95%)
17,001,01,03,000012,0,0,191,Empate Exacto (Estadísticamente Inviable)
17,001,99,31,000001,90,2,93,Polarización Extrema (>95%)
17,002,00,00,000009,203,4,207,Polarización Extrema (>95%)
17,002,00,00,000010,207,4,211,Polarización Extrema (>95%)
17,007,99,05,000001,154,0,154,Polarización Extrema (>95%)
17,010,99,47,000001,138,6,144,Polarización Extrema (>95%)
17,010,99,47,000002,89,3,92,Polarización Extrema (>95%)
17,011,99,20,000002,150,5,155,Polarización Extrema (>95%)
17,011,99,34,000001,144,0,144,Polarización Extrema (>95%)
17,011,99,37,000001,219,0,219,Polarización Extrema (>95%)
17,011,99,42,000001,68,0,68,Polarización Extrema (>95%)
17,012,99,60,000002,190,3,194,Polarización Extrema (>95%)
17,015,99,60,000001,145,3,149,Polarización Extrema (>95%)
17,016,00,00,000011,90,90,186,Empate Exacto (Estadísticamente Inviable)
17,019,99,90,000001,76,0,76,Polarización Extrema (>95%)
17,022,00,00,000006,183,4,187,Polarización Extrema (>95%)
17,022,00,00,000011,95,3,98,Polarización Extrema (>95%)
17,026,00,00,000006,126,5,132,Polarización Extrema (>95%)
17,026,99,10,000001,166,6,172,Polarización Extrema (>95%)
17,026,99,10,000003,135,4,139,Polarización Extrema (>95%)
17,031,00,00,000008,164,3,168,Polarización Extrema (>95%)
17,031,00,00,000012,53,1,55,Polarización Extrema (>95%)
17,034,00,00,000022,138,4,145,Polarización Extrema (>95%)
17,034,99,12,000001,152,0,152,Polarización Extrema (>95%)
17,038,99,35,000001,235,0,235,Polarización Extrema (>95%)
17,038,99,82,000001,62,0,62,Polarización Extrema (>95%)
17,038,99,90,000001,140,0,140,Polarización Extrema (>95%)
17,038,99,98,000001,120,1,121,Polarización Extrema (>95%)
01,103,01,03,000009,112,112,233,Empate Exacto (Estadísticamente Inviable)
01,106,01,01,000010,92,67,163,Clonada (Idéntica a mesa anterior)
31,001,03,05,000029,117,117,240,Empate Exacto (Estadísticamente Inviable)
31,001,06,01,000016,115,115,237,Empate Exacto (Estadísticamente Inviable)
31,001,06,04,000014,127,127,260,Empate Exacto (Estadísticamente Inviable)
11,019,99,10,000001,320,7,331,Polarización Extrema (>95%)
11,019,99,10,000002,319,6,328,Polarización Extrema (>95%)
11,019,99,10,000003,209,5,216,Polarización Extrema (>95%)
11,025,99,33,000001,269,0,269,Polarización Extrema (>95%)
11,025,99,33,000002,299,0,299,Polarización Extrema (>95%)
11,025,99,33,000003,308,0,308,Polarización Extrema (>95%)
11,025,99,33,000004,284,2,287,Polarización Extrema (>95%)
11,025,99,33,000005,288,0,288,Polarización Extrema (>95%)
11,025,99,33,000006,285,0,286,Polarización Extrema (>95%)
11,025,99,33,000007,294,0,298,Polarización Extrema (>95%)
11,025,99,33,000008,301,0,302,Polarización Extrema (>95%)
11,025,99,42,000001,279,4,289,Polarización Extrema (>95%)
11,025,99,42,000002,120,1,123,Polarización Extrema (>95%)
11,025,99,59,000002,272,8,285,Polarización Extrema (>95%)
11,025,99,59,000003,184,2,191,Polarización Extrema (>95%)
11,028,00,00,000026,203,2,205,Polarización Extrema (>95%)
11,028,00,00,000027,216,1,220,Polarización Extrema (>95%)
11,028,99,27,000001,224,0,224,Polarización Extrema (>95%)
11,029,99,20,000005,85,2,89,Polarización Extrema (>95%)
11,034,00,00,000005,269,6,283,Polarización Extrema (>95%)
11,034,00,00,000006,286,7,299,Polarización Extrema (>95%)
11,034,00,00,000007,276,8,289,Polarización Extrema (>95%)
11,034,00,00,000009,279,9,293,Polarización Extrema (>95%)
11,034,00,00,000010,291,10,306,Polarización Extrema (>95%)
11,034,00,00,000011,294,7,305,Polarización Extrema (>95%)
11,034,00,00,000012,178,5,184,Polarización Extrema (>95%)
11,034,99,01,000001,314,0,315,Polarización Extrema (>95%)
11,034,99,01,000002,334,0,334,Polarización Extrema (>95%)
11,034,99,01,000003,325,1,327,Polarización Extrema (>95%)
11,034,99,01,000004,311,3,315,Polarización Extrema (>95%)
11,034,99,01,000005,315,0,315,Polarización Extrema (>95%)
11,034,99,01,000006,319,3,324,Polarización Extrema (>95%)
11,034,99,01,000007,155,2,157,Polarización Extrema (>95%)
11,043,99,01,000001,243,3,253,Polarización Extrema (>95%)
11,043,99,04,000001,147,0,147,Polarización Extrema (>95%)
11,043,99,31,000001,275,0,275,Polarización Extrema (>95%)
11,043,99,31,000002,289,1,290,Polarización Extrema (>95%)
11,043,99,37,000002,239,2,249,Polarización Extrema (>95%)
11,043,99,37,000003,187,6,194,Polarización Extrema (>95%)
11,049,99,21,000005,275,12,287,Polarización Extrema (>95%)
11,049,99,21,000006,82,2,85,Polarización Extrema (>95%)
11,052,99,09,000004,80,1,83,Polarización Extrema (>95%)
11,055,99,37,000001,239,1,243,Polarización Extrema (>95%)
11,055,99,37,000002,279,0,282,Polarización Extrema (>95%)
11,055,99,37,000003,131,0,131,Polarización Extrema (>95%)
11,058,99,11,000001,301,0,309,Polarización Extrema (>95%)
11,058,99,11,000002,300,1,304,Polarización Extrema (>95%)
11,058,99,11,000003,303,2,309,Polarización Extrema (>95%)
11,058,99,25,000003,293,5,304,Polarización Extrema (>95%)
11,058,99,52,000001,276,1,287,Polarización Extrema (>95%)
11,058,99,52,000002,320,1,328,Polarización Extrema (>95%)
11,060,00,00,000009,110,43,163,Clonada (Idéntica a mesa anterior)
19,001,01,06,000002,140,140,287,Empate Exacto (Estadísticamente Inviable)
19,001,01,07,000029,130,130,265,Empate Exacto (Estadísticamente Inviable)
19,001,02,03,000012,85,85,172,Empate Exacto (Estadísticamente Inviable)
13,001,02,03,000009,128,128,260,Empate Exacto (Estadísticamente Inviable)
13,001,02,03,000011,139,139,279,Empate Exacto (Estadísticamente Inviable)
13,001,05,01,000005,112,112,228,Empate Exacto (Estadísticamente Inviable)
21,016,01,02,000007,98,98,198,Empate Exacto (Estadísticamente Inviable)
21,025,02,02,000010,78,78,160,Empate Exacto (Estadísticamente Inviable)
21,031,01,02,000013,56,56,116,Empate Exacto (Estadísticamente Inviable)
13,001,99,07,000007,83,83,166,Empate Exacto (Estadísticamente Inviable)
13,001,99,17,000003,93,93,192,Empate Exacto (Estadísticamente Inviable)
13,004,01,01,000010,96,96,195,Empate Exacto (Estadísticamente Inviable)
13,004,01,04,000002,74,74,152,Empate Exacto (Estadísticamente Inviable)
13,004,02,01,000014,61,61,128,Empate Exacto (Estadísticamente Inviable)
13,019,02,01,000015,98,98,199,Empate Exacto (Estadísticamente Inviable)
13,019,99,09,000002,29,29,59,Empate Exacto (Estadísticamente Inviable)
13,022,99,08,000006,73,73,147,Empate Exacto (Estadísticamente Inviable)
13,022,99,27,000004,47,47,95,Empate Exacto (Estadísticamente Inviable)
13,023,99,04,000001,124,124,250,Empate Exacto (Estadísticamente Inviable)
13,025,99,12,000002,65,2,68,Polarización Extrema (>95%)
13,028,01,02,000023,91,91,190,Empate Exacto (Estadísticamente Inviable)
13,028,02,02,000004,123,123,248,Empate Exacto (Estadísticamente Inviable)
13,033,00,00,000018,72,72,146,Empate Exacto (Estadísticamente Inviable)
13,037,02,04,000002,146,146,297,Empate Exacto (Estadísticamente Inviable)
13,037,99,29,000004,116,116,237,Empate Exacto (Estadísticamente Inviable)
13,061,00,01,000031,65,65,134,Empate Exacto (Estadísticamente Inviable)
13,061,00,01,000039,73,73,147,Empate Exacto (Estadísticamente Inviable)
15,031,01,02,000005,111,111,232,Empate Exacto (Estadísticamente Inviable)
15,031,02,07,000021,142,142,303,Empate Exacto (Estadísticamente Inviable)
15,055,02,03,000015,106,106,221,Empate Exacto (Estadísticamente Inviable)
15,055,02,09,000011,110,110,225,Empate Exacto (Estadísticamente Inviable)
15,076,02,02,000008,140,140,286,Empate Exacto (Estadísticamente Inviable)
15,076,02,05,000004,126,126,274,Empate Exacto (Estadísticamente Inviable)
31,034,01,01,000002,97,97,202,Empate Exacto (Estadísticamente Inviable)
31,037,99,53,000002,113,113,231,Empate Exacto (Estadísticamente Inviable)
31,055,01,01,000023,80,3,84,Polarización Extrema (>95%)
31,055,99,25,000001,287,1,291,Polarización Extrema (>95%)
31,055,99,25,000002,140,1,141,Polarización Extrema (>95%)
31,055,99,26,000001,103,0,104,Polarización Extrema (>95%)
31,055,99,32,000001,89,3,92,Polarización Extrema (>95%)
31,064,03,04,000001,79,79,163,Empate Exacto (Estadísticamente Inviable)
31,064,04,04,000004,111,111,229,Empate Exacto (Estadísticamente Inviable)
31,064,04,04,000008,112,112,227,Empate Exacto (Estadísticamente Inviable)
19,001,05,02,000012,101,101,210,Empate Exacto (Estadísticamente Inviable)
19,001,05,04,000026,84,84,177,Empate Exacto (Estadísticamente Inviable)
19,001,06,05,000020,121,105,230,Clonada (Idéntica a mesa anterior)
19,001,06,07,000003,119,119,246,Empate Exacto (Estadísticamente Inviable)
01,117,02,01,000004,93,93,190,Empate Exacto (Estadísticamente Inviable)
01,117,02,02,000003,93,93,194,Empate Exacto (Estadísticamente Inviable)
01,121,02,01,000008,21,258,283,Clonada (Idéntica a mesa anterior)
01,121,02,01,000009,21,258,280,Clonada (Idéntica a mesa anterior)
01,121,05,01,000014,95,95,196,Empate Exacto (Estadísticamente Inviable)
01,121,05,03,000009,14,318,334,Polarización Extrema (>95%)
01,121,06,04,000015,116,116,245,Empate Exacto (Estadísticamente Inviable)
31,001,08,02,000025,182,37,223,Clonada (Idéntica a mesa anterior)
31,001,11,02,000021,126,126,258,Empate Exacto (Estadísticamente Inviable)
31,001,13,02,000011,107,107,222,Empate Exacto (Estadísticamente Inviable)
31,001,15,01,000003,125,125,252,Empate Exacto (Estadísticamente Inviable)
31,001,15,02,000020,112,112,227,Empate Exacto (Estadísticamente Inviable)
31,001,15,03,000006,125,125,257,Empate Exacto (Estadísticamente Inviable)
31,001,16,02,000009,128,128,263,Empate Exacto (Estadísticamente Inviable)
11,064,01,01,000011,239,9,250,Polarización Extrema (>95%)
11,064,01,01,000012,225,6,232,Polarización Extrema (>95%)
11,064,01,01,000021,227,9,237,Polarización Extrema (>95%)
11,067,99,09,000004,114,114,231,Empate Exacto (Estadísticamente Inviable)
11,073,99,01,000001,248,4,258,Polarización Extrema (>95%)
11,073,99,01,000003,258,9,271,Polarización Extrema (>95%)
11,073,99,01,000005,96,4,101,Polarización Extrema (>95%)
11,082,99,13,000001,260,9,273,Polarización Extrema (>95%)
11,082,99,13,000002,274,4,284,Polarización Extrema (>95%)
11,082,99,13,000003,260,5,270,Polarización Extrema (>95%)
11,082,99,13,000004,263,4,271,Polarización Extrema (>95%)
11,082,99,13,000005,187,3,194,Polarización Extrema (>95%)
11,082,99,14,000001,271,3,274,Polarización Extrema (>95%)
11,085,99,17,000003,195,6,204,Polarización Extrema (>95%)
11,085,99,17,000004,236,11,248,Polarización Extrema (>95%)
11,086,99,15,000002,255,6,264,Polarización Extrema (>95%)
11,087,00,00,000012,117,117,246,Empate Exacto (Estadísticamente Inviable)
11,087,99,05,000002,120,120,277,Empate Exacto (Estadísticamente Inviable)
11,087,99,40,000003,55,1,57,Polarización Extrema (>95%)
11,091,00,00,000003,223,4,227,Polarización Extrema (>95%)
11,091,00,00,000004,202,9,211,Polarización Extrema (>95%)
11,091,00,00,000006,194,5,202,Polarización Extrema (>95%)
11,091,00,00,000007,194,3,197,Polarización Extrema (>95%)
11,091,00,00,000009,214,1,215,Polarización Extrema (>95%)
11,091,00,00,000010,216,2,218,Polarización Extrema (>95%)
11,091,00,00,000011,228,1,229,Polarización Extrema (>95%)
11,091,00,00,000012,195,10,205,Polarización Extrema (>95%)
11,091,00,00,000013,192,4,196,Polarización Extrema (>95%)
11,091,99,06,000001,249,7,257,Polarización Extrema (>95%)
11,091,99,10,000001,265,1,267,Polarización Extrema (>95%)
11,091,99,10,000002,108,1,109,Polarización Extrema (>95%)
11,091,99,15,000001,233,6,239,Polarización Extrema (>95%)
11,091,99,15,000002,86,0,86,Polarización Extrema (>95%)
11,091,99,40,000001,201,0,201,Polarización Extrema (>95%)
11,091,99,70,000003,181,3,184,Polarización Extrema (>95%)
11,091,99,70,000005,146,7,153,Polarización Extrema (>95%)
11,091,99,86,000001,286,0,286,Polarización Extrema (>95%)
11,094,00,00,000007,277,8,287,Polarización Extrema (>95%)
11,094,00,00,000012,282,13,296,Polarización Extrema (>95%)
11,094,00,00,000013,291,5,299,Polarización Extrema (>95%)
11,094,00,00,000017,289,9,303,Polarización Extrema (>95%)
11,094,00,00,000021,275,10,286,Polarización Extrema (>95%)
11,094,00,00,000022,287,10,299,Polarización Extrema (>95%)
11,094,00,00,000024,257,8,267,Polarización Extrema (>95%)
11,094,99,03,000001,293,7,303,Polarización Extrema (>95%)
11,094,99,03,000002,307,6,315,Polarización Extrema (>95%)
11,094,99,17,000006,295,0,296,Polarización Extrema (>95%)
11,094,99,17,000015,269,11,283,Polarización Extrema (>95%)
11,094,99,17,000018,279,9,292,Polarización Extrema (>95%)
11,097,00,00,000009,225,7,234,Polarización Extrema (>95%)
11,097,99,13,000005,216,21,240,Clonada (Idéntica a mesa anterior)
11,098,00,02,000023,203,6,210,Polarización Extrema (>95%)
19,013,00,00,000025,116,116,256,Empate Exacto (Estadísticamente Inviable)
19,034,01,03,000011,110,110,227,Empate Exacto (Estadísticamente Inviable)
19,034,02,01,000007,89,189,288,Clonada (Idéntica a mesa anterior)
19,034,02,03,000005,110,110,225,Empate Exacto (Estadísticamente Inviable)
01,121,10,03,000012,27,119,149,Clonada (Idéntica a mesa anterior)
01,133,02,02,000012,49,171,232,Clonada (Idéntica a mesa anterior)
01,139,00,00,000012,10,211,222,Polarización Extrema (>95%)
31,001,16,03,000001,96,96,198,Empate Exacto (Estadísticamente Inviable)
31,001,17,02,000006,102,102,208,Empate Exacto (Estadísticamente Inviable)
31,001,19,01,000021,178,7,187,Polarización Extrema (>95%)
27,071,99,23,000001,3,188,195,Polarización Extrema (>95%)
27,121,99,19,000001,15,296,311,Polarización Extrema (>95%)
27,136,99,20,000001,4,98,103,Polarización Extrema (>95%)
27,220,99,75,000001,5,126,132,Polarización Extrema (>95%)
27,217,99,90,000001,2,185,188,Polarización Extrema (>95%)
28,180,99,69,000002,33,33,66,Empate Exacto (Estadísticamente Inviable)
27,037,99,60,000001,4,143,148,Polarización Extrema (>95%)
07,067,01,03,000011,96,141,240,Clonada (Idéntica a mesa anterior)
27,085,99,70,000001,2,97,100,Polarización Extrema (>95%)
07,280,00,00,000007,102,102,209,Empate Exacto (Estadísticamente Inviable)
16,001,10,68,000013,145,145,301,Empate Exacto (Estadísticamente Inviable)
16,001,11,08,000032,109,109,230,Empate Exacto (Estadísticamente Inviable)
16,001,11,61,000011,138,138,289,Empate Exacto (Estadísticamente Inviable)
16,001,14,02,000004,111,111,232,Empate Exacto (Estadísticamente Inviable)
16,001,20,04,000001,251,4,256,Polarización Extrema (>95%)
16,001,20,04,000002,100,1,102,Polarización Extrema (>95%)
29,080,00,00,000010,41,41,83,Empate Exacto (Estadísticamente Inviable)
11,004,99,05,000001,226,3,236,Polarización Extrema (>95%)
11,004,99,12,000001,276,3,279,Polarización Extrema (>95%)
11,004,99,17,000001,241,2,245,Polarización Extrema (>95%)
11,004,99,17,000002,241,0,246,Polarización Extrema (>95%)
11,004,99,17,000003,309,0,313,Polarización Extrema (>95%)
11,004,99,17,000005,275,0,286,Polarización Extrema (>95%)
11,004,99,60,000001,98,0,99,Polarización Extrema (>95%)
11,005,99,75,000001,279,4,291,Polarización Extrema (>95%)
11,005,99,75,000002,310,0,316,Polarización Extrema (>95%)
11,005,99,75,000003,281,4,287,Polarización Extrema (>95%)
11,005,99,75,000004,274,2,285,Polarización Extrema (>95%)
11,005,99,75,000005,212,6,221,Polarización Extrema (>95%)
11,007,99,22,000001,194,3,197,Polarización Extrema (>95%)
11,007,99,60,000001,157,1,159,Polarización Extrema (>95%)
11,007,99,74,000001,141,1,143,Polarización Extrema (>95%)
11,007,99,83,000001,162,0,165,Polarización Extrema (>95%)
11,007,99,85,000001,180,1,184,Polarización Extrema (>95%)
11,010,99,60,000001,121,121,265,Empate Exacto (Estadísticamente Inviable)
17,001,99,24,000002,116,2,119,Polarización Extrema (>95%)
17,002,99,20,000002,185,1,194,Polarización Extrema (>95%)
17,006,99,02,000001,100,3,103,Polarización Extrema (>95%)
17,006,99,03,000001,156,0,156,Polarización Extrema (>95%)
17,006,99,03,000002,269,0,269,Polarización Extrema (>95%)
17,006,99,03,000003,221,0,221,Polarización Extrema (>95%)
17,006,99,17,000001,230,0,230,Polarización Extrema (>95%)
17,006,99,17,000002,69,0,69,Polarización Extrema (>95%)
17,006,99,21,000001,100,3,103,Polarización Extrema (>95%)
17,006,99,30,000001,94,0,94,Polarización Extrema (>95%)
17,006,99,33,000001,97,0,97,Polarización Extrema (>95%)
17,006,99,86,000001,121,0,122,Polarización Extrema (>95%)
17,007,99,01,000001,178,0,178,Polarización Extrema (>95%)
17,007,99,01,000002,197,0,197,Polarización Extrema (>95%)
17,007,99,01,000003,302,0,302,Polarización Extrema (>95%)
17,007,99,01,000004,225,0,225,Polarización Extrema (>95%)
17,007,99,01,000005,169,0,169,Polarización Extrema (>95%)
17,007,99,14,000001,112,1,113,Polarización Extrema (>95%)
17,007,99,14,000002,116,0,116,Polarización Extrema (>95%)
17,010,99,25,000001,135,6,141,Polarización Extrema (>95%)
17,011,99,17,000001,110,4,114,Polarización Extrema (>95%)
17,011,99,40,000001,107,0,107,Polarización Extrema (>95%)
17,012,99,55,000001,171,6,177,Polarización Extrema (>95%)
17,012,99,55,000002,150,4,154,Polarización Extrema (>95%)
17,015,99,30,000003,199,6,209,Polarización Extrema (>95%)
17,019,99,85,000001,61,1,63,Polarización Extrema (>95%)
17,026,99,11,000001,48,1,50,Polarización Extrema (>95%)
17,026,99,15,000001,197,0,197,Polarización Extrema (>95%)
17,026,99,16,000001,126,1,127,Polarización Extrema (>95%)
17,027,99,24,000001,216,0,216,Polarización Extrema (>95%)
17,028,99,29,000001,205,3,213,Polarización Extrema (>95%)
17,031,99,17,000004,77,3,81,Polarización Extrema (>95%)
17,031,99,29,000001,207,7,214,Polarización Extrema (>95%)
17,031,99,29,000002,156,3,159,Polarización Extrema (>95%)
17,032,99,05,000001,84,2,87,Polarización Extrema (>95%)
17,038,00,00,000001,151,3,154,Polarización Extrema (>95%)
17,038,00,00,000005,109,3,114,Polarización Extrema (>95%)
17,038,00,00,000007,176,2,179,Polarización Extrema (>95%)
17,038,99,95,000001,153,0,156,Polarización Extrema (>95%)
17,038,99,96,000001,235,0,235,Polarización Extrema (>95%)
07,112,99,03,000001,93,0,94,Polarización Extrema (>95%)
07,148,99,01,000001,8,199,207,Polarización Extrema (>95%)
07,241,99,18,000001,3,118,121,Polarización Extrema (>95%)
16,001,13,39,000002,154,154,321,Empate Exacto (Estadísticamente Inviable)
16,001,13,39,000003,86,86,175,Empate Exacto (Estadísticamente Inviable)
16,001,20,01,000001,242,3,247,Polarización Extrema (>95%)
16,001,20,01,000002,218,1,220,Polarización Extrema (>95%)
16,001,20,01,000003,155,5,161,Polarización Extrema (>95%)
01,049,99,03,000005,68,68,139,Empate Exacto (Estadísticamente Inviable)
11,007,99,28,000001,203,0,213,Polarización Extrema (>95%)
11,007,99,30,000001,158,0,164,Polarización Extrema (>95%)
11,007,99,52,000001,168,0,169,Polarización Extrema (>95%)
17,001,99,26,000001,102,0,102,Polarización Extrema (>95%)
17,001,99,28,000001,50,1,51,Polarización Extrema (>95%)
17,006,99,40,000001,222,1,225,Polarización Extrema (>95%)
17,006,99,40,000002,130,2,132,Polarización Extrema (>95%)
17,006,99,50,000001,133,1,135,Polarización Extrema (>95%)
17,006,99,81,000001,135,0,135,Polarización Extrema (>95%)
17,007,99,90,000001,183,0,184,Polarización Extrema (>95%)
17,007,99,90,000002,103,0,103,Polarización Extrema (>95%)
17,010,99,05,000004,55,1,56,Polarización Extrema (>95%)
17,011,99,33,000001,201,2,203,Polarización Extrema (>95%)
17,015,99,80,000001,168,2,173,Polarización Extrema (>95%)
17,015,99,80,000002,60,3,63,Polarización Extrema (>95%)
17,026,99,30,000001,172,1,173,Polarización Extrema (>95%)
17,026,99,30,000002,64,2,66,Polarización Extrema (>95%)
17,027,00,01,000007,107,4,111,Polarización Extrema (>95%)
17,027,99,17,000003,160,1,162,Polarización Extrema (>95%)
17,035,99,57,000001,89,2,91,Polarización Extrema (>95%)
17,038,99,83,000001,155,0,155,Polarización Extrema (>95%)
17,038,99,94,000001,63,0,63,Polarización Extrema (>95%)
17,040,99,05,000001,70,2,73,Polarización Extrema (>95%)
11,004,99,16,000001,171,1,173,Polarización Extrema (>95%)
11,006,99,10,000002,274,8,287,Polarización Extrema (>95%)
11,006,99,10,000005,144,2,149,Polarización Extrema (>95%)
11,007,99,11,000001,92,0,95,Polarización Extrema (>95%)
11,007,99,76,000001,113,1,118,Polarización Extrema (>95%)
11,016,99,13,000001,279,0,281,Polarización Extrema (>95%)
11,016,99,13,000002,307,2,313,Polarización Extrema (>95%)
11,016,99,13,000003,295,3,300,Polarización Extrema (>95%)
11,016,99,13,000004,218,2,223,Polarización Extrema (>95%)
11,016,99,26,000001,312,0,321,Polarización Extrema (>95%)
11,016,99,26,000002,298,0,298,Polarización Extrema (>95%)
11,016,99,26,000003,126,1,129,Polarización Extrema (>95%)
17,006,99,04,000001,83,0,85,Polarización Extrema (>95%)
17,006,99,10,000001,64,0,64,Polarización Extrema (>95%)
17,006,99,15,000001,106,0,106,Polarización Extrema (>95%)
17,006,99,18,000001,85,0,85,Polarización Extrema (>95%)
17,006,99,20,000001,138,0,138,Polarización Extrema (>95%)
17,006,99,22,000001,66,0,66,Polarización Extrema (>95%)
17,010,99,43,000001,161,1,162,Polarización Extrema (>95%)
17,010,99,51,000001,67,0,69,Polarización Extrema (>95%)
17,010,99,90,000001,231,1,232,Polarización Extrema (>95%)
17,010,99,90,000002,207,4,215,Polarización Extrema (>95%)
17,010,99,90,000003,181,1,188,Polarización Extrema (>95%)
17,010,99,90,000004,193,0,193,Polarización Extrema (>95%)
17,012,99,45,000001,177,4,181,Polarización Extrema (>95%)
17,012,99,45,000002,118,2,122,Polarización Extrema (>95%)
17,012,99,50,000001,176,3,179,Polarización Extrema (>95%)
17,026,99,25,000001,176,0,176,Polarización Extrema (>95%)
17,026,99,25,000002,74,1,75,Polarización Extrema (>95%)
17,026,99,60,000001,136,3,140,Polarización Extrema (>95%)
17,031,99,33,000001,98,2,101,Polarización Extrema (>95%)
17,034,99,04,000001,147,0,147,Polarización Extrema (>95%)
17,034,99,11,000001,264,0,264,Polarización Extrema (>95%)
17,034,99,11,000002,146,0,146,Polarización Extrema (>95%)
17,038,99,80,000001,152,0,152,Polarización Extrema (>95%)
17,038,99,91,000001,108,0,108,Polarización Extrema (>95%)
27,195,99,45,000001,3,91,94,Polarización Extrema (>95%)
28,160,99,47,000001,99,99,203,Empate Exacto (Estadísticamente Inviable)
27,085,99,15,000001,1,78,79,Polarización Extrema (>95%)
27,022,99,70,000001,2,103,108,Polarización Extrema (>95%)
27,139,99,03,000001,3,92,95,Polarización Extrema (>95%)
27,074,99,32,000001,5,107,112,Polarización Extrema (>95%)
88,805,05,85,000001,57,57,116,Empate Exacto (Estadísticamente Inviable)
27,097,99,13,000001,4,97,102,Polarización Extrema (>95%)
27,120,99,80,000001,6,115,121,Polarización Extrema (>95%)
27,160,04,04,000002,36,36,73,Empate Exacto (Estadísticamente Inviable)
11,007,99,42,000001,107,0,107,Polarización Extrema (>95%)
11,007,99,48,000001,212,0,220,Polarización Extrema (>95%)
11,007,99,69,000001,92,0,92,Polarización Extrema (>95%)
17,001,99,06,000001,188,0,188,Polarización Extrema (>95%)
17,001,99,16,000001,97,0,99,Polarización Extrema (>95%)
17,001,99,30,000001,69,2,71,Polarización Extrema (>95%)
17,006,99,07,000001,135,5,140,Polarización Extrema (>95%)
17,008,99,35,000001,55,0,55,Polarización Extrema (>95%)
17,010,99,37,000001,175,8,184,Polarización Extrema (>95%)
17,011,99,05,000001,76,1,78,Polarización Extrema (>95%)
17,012,99,12,000002,93,4,97,Polarización Extrema (>95%)
17,015,99,50,000001,121,3,124,Polarización Extrema (>95%)
17,019,99,35,000001,87,0,88,Polarización Extrema (>95%)
17,038,99,60,000001,211,2,213,Polarización Extrema (>95%)
17,038,99,84,000001,112,0,112,Polarización Extrema (>95%)
31,001,22,05,000040,172,6,181,Polarización Extrema (>95%)
31,001,23,01,000015,104,104,215,Empate Exacto (Estadísticamente Inviable)
12,001,01,01,000001,82,82,165,Empate Exacto (Estadísticamente Inviable)
12,001,01,01,000026,79,79,160,Empate Exacto (Estadísticamente Inviable)
12,001,01,01,000030,36,36,72,Empate Exacto (Estadísticamente Inviable)
12,001,01,05,000009,102,102,211,Empate Exacto (Estadísticamente Inviable)
12,001,04,04,000001,131,131,266,Empate Exacto (Estadísticamente Inviable)
12,001,04,04,000004,139,139,283,Empate Exacto (Estadísticamente Inviable)
12,001,05,01,000001,116,116,237,Empate Exacto (Estadísticamente Inviable)
12,001,05,03,000003,141,141,286,Empate Exacto (Estadísticamente Inviable)
12,001,05,07,000014,112,112,229,Empate Exacto (Estadísticamente Inviable)
19,049,99,01,000011,30,30,63,Empate Exacto (Estadísticamente Inviable)
19,061,01,05,000009,97,97,201,Empate Exacto (Estadísticamente Inviable)
19,061,02,05,000022,43,43,88,Empate Exacto (Estadísticamente Inviable)
19,061,99,15,000007,24,24,53,Empate Exacto (Estadísticamente Inviable)
01,151,02,01,000025,97,97,199,Empate Exacto (Estadísticamente Inviable)
01,151,04,02,000025,91,91,191,Empate Exacto (Estadísticamente Inviable)
01,151,05,03,000035,120,120,250,Empate Exacto (Estadísticamente Inviable)
01,001,99,B2,000014,92,92,197,Empate Exacto (Estadísticamente Inviable)
01,001,99,B3,000020,119,119,248,Empate Exacto (Estadísticamente Inviable)
01,013,02,02,000014,41,41,84,Empate Exacto (Estadísticamente Inviable)
28,220,99,13,000004,146,0,146,Polarización Extrema (>95%)
28,280,00,00,000005,80,80,162,Empate Exacto (Estadísticamente Inviable)
28,320,99,80,000003,140,140,280,Empate Exacto (Estadísticamente Inviable)
29,001,02,02,000013,94,94,197,Empate Exacto (Estadísticamente Inviable)
29,001,02,04,000017,113,113,231,Empate Exacto (Estadísticamente Inviable)
09,001,11,01,000005,118,118,251,Empate Exacto (Estadísticamente Inviable)
16,001,18,02,000006,129,129,268,Empate Exacto (Estadísticamente Inviable)
16,001,18,11,000005,126,126,263,Empate Exacto (Estadísticamente Inviable)
01,031,02,02,000013,79,79,168,Empate Exacto (Estadísticamente Inviable)
01,037,00,00,000005,116,116,237,Empate Exacto (Estadísticamente Inviable)
29,001,08,08,000032,144,144,300,Empate Exacto (Estadísticamente Inviable)
29,001,08,09,000009,104,188,301,Clonada (Idéntica a mesa anterior)
29,001,10,04,000025,84,107,199,Clonada (Idéntica a mesa anterior)
09,007,01,02,000012,81,81,169,Empate Exacto (Estadísticamente Inviable)
09,007,01,04,000014,91,91,188,Empate Exacto (Estadísticamente Inviable)
09,049,01,02,000017,81,81,171,Empate Exacto (Estadísticamente Inviable)
09,049,02,02,000006,111,96,219,Clonada (Idéntica a mesa anterior)
09,076,02,02,000009,83,83,170,Empate Exacto (Estadísticamente Inviable)
16,001,19,12,000005,119,119,248,Empate Exacto (Estadísticamente Inviable)
01,049,02,06,000033,116,116,234,Empate Exacto (Estadísticamente Inviable)
01,049,04,03,000021,66,66,143,Empate Exacto (Estadísticamente Inviable)
01,049,08,03,000021,136,136,280,Empate Exacto (Estadísticamente Inviable)
29,040,01,01,000010,61,62,124,Clonada (Idéntica a mesa anterior)
29,049,00,00,000004,112,112,231,Empate Exacto (Estadísticamente Inviable)
24,001,10,02,000002,117,117,243,Empate Exacto (Estadísticamente Inviable)
24,001,10,05,000012,155,64,232,Clonada (Idéntica a mesa anterior)
24,001,11,02,000019,72,72,150,Empate Exacto (Estadísticamente Inviable)
46,865,99,40,000001,5,105,110,Polarización Extrema (>95%)
48,005,00,00,000017,98,4,102,Polarización Extrema (>95%)
03,001,37,01,000013,135,135,272,Empate Exacto (Estadísticamente Inviable)
03,013,01,02,000013,115,115,238,Empate Exacto (Estadísticamente Inviable)
17,006,99,27,000001,227,1,229,Polarización Extrema (>95%)
17,011,99,41,000001,228,0,228,Polarización Extrema (>95%)
17,019,99,80,000001,168,0,170,Polarización Extrema (>95%)
17,034,99,14,000001,102,0,102,Polarización Extrema (>95%)
17,034,99,26,000001,108,1,109,Polarización Extrema (>95%)
17,038,99,70,000001,105,0,105,Polarización Extrema (>95%)
27,094,99,02,000001,2,74,76,Polarización Extrema (>95%)
07,286,99,13,000001,1,61,62,Polarización Extrema (>95%)
11,005,99,02,000001,66,0,68,Polarización Extrema (>95%)
17,006,99,70,000001,252,0,252,Polarización Extrema (>95%)
17,011,99,35,000001,137,0,137,Polarización Extrema (>95%)
17,026,99,38,000001,121,1,122,Polarización Extrema (>95%)
17,034,99,17,000001,61,0,61,Polarización Extrema (>95%)
17,034,99,20,000001,154,0,154,Polarización Extrema (>95%)
17,034,99,21,000001,76,3,79,Polarización Extrema (>95%)
17,038,99,20,000001,104,1,105,Polarización Extrema (>95%)
11,005,99,08,000001,300,5,308,Polarización Extrema (>95%)
11,005,99,08,000002,289,12,301,Polarización Extrema (>95%)
11,005,99,08,000003,193,4,201,Polarización Extrema (>95%)
11,005,99,10,000001,53,0,53,Polarización Extrema (>95%)
11,006,99,12,000001,286,1,289,Polarización Extrema (>95%)
11,007,99,24,000001,67,2,70,Polarización Extrema (>95%)
11,007,99,33,000001,158,1,164,Polarización Extrema (>95%)
17,006,99,29,000001,214,0,215,Polarización Extrema (>95%)
17,006,99,34,000001,172,1,173,Polarización Extrema (>95%)
17,011,99,32,000001,53,0,53,Polarización Extrema (>95%)
17,015,99,97,000001,73,0,73,Polarización Extrema (>95%)
17,026,99,01,000001,134,4,138,Polarización Extrema (>95%)
17,026,99,64,000001,151,5,156,Polarización Extrema (>95%)
17,026,99,64,000002,49,1,51,Polarización Extrema (>95%)
17,032,99,01,000001,48,2,50,Polarización Extrema (>95%)
17,034,99,15,000001,103,0,103,Polarización Extrema (>95%)
17,034,99,64,000001,119,0,120,Polarización Extrema (>95%)
17,038,99,50,000001,163,0,163,Polarización Extrema (>95%)
17,038,99,50,000002,50,0,50,Polarización Extrema (>95%)
17,038,99,92,000001,99,0,99,Polarización Extrema (>95%)
17,060,99,68,000003,74,3,77,Polarización Extrema (>95%)
01,088,99,05,000004,41,41,85,Empate Exacto (Estadísticamente Inviable)
11,019,99,03,000001,318,3,325,Polarización Extrema (>95%)
11,019,99,03,000002,309,2,316,Polarización Extrema (>95%)
11,019,99,03,000003,170,4,176,Polarización Extrema (>95%)
11,028,99,01,000001,52,0,52,Polarización Extrema (>95%)
11,028,99,15,000001,203,4,211,Polarización Extrema (>95%)
11,028,99,15,000002,101,3,105,Polarización Extrema (>95%)
11,028,99,19,000001,205,3,212,Polarización Extrema (>95%)
11,028,99,19,000002,209,1,210,Polarización Extrema (>95%)
11,028,99,19,000003,78,0,78,Polarización Extrema (>95%)
11,031,99,42,000001,263,7,272,Polarización Extrema (>95%)
11,034,99,03,000001,299,3,308,Polarización Extrema (>95%)
11,040,99,29,000001,253,7,262,Polarización Extrema (>95%)
11,052,99,07,000004,143,5,150,Polarización Extrema (>95%)
11,055,99,17,000001,213,5,220,Polarización Extrema (>95%)
11,055,99,17,000002,235,3,240,Polarización Extrema (>95%)
11,055,99,17,000003,216,2,218,Polarización Extrema (>95%)
11,055,99,17,000004,71,2,74,Polarización Extrema (>95%)
11,055,99,29,000001,248,0,248,Polarización Extrema (>95%)
11,055,99,29,000002,125,0,125,Polarización Extrema (>95%)
11,055,99,53,000001,247,3,254,Polarización Extrema (>95%)
11,055,99,53,000002,230,3,234,Polarización Extrema (>95%)
11,055,99,53,000003,236,3,241,Polarización Extrema (>95%)
11,058,99,06,000001,168,0,169,Polarización Extrema (>95%)
11,058,99,13,000001,270,3,277,Polarización Extrema (>95%)
11,058,99,21,000001,259,5,265,Polarización Extrema (>95%)
11,058,99,21,000002,293,5,304,Polarización Extrema (>95%)
11,058,99,21,000003,292,2,300,Polarización Extrema (>95%)
11,058,99,21,000004,179,1,181,Polarización Extrema (>95%)
11,058,99,45,000001,313,0,320,Polarización Extrema (>95%)
11,058,99,45,000002,300,2,309,Polarización Extrema (>95%)
13,004,99,23,000004,34,34,68,Empate Exacto (Estadísticamente Inviable)
13,031,99,10,000002,97,97,201,Empate Exacto (Estadísticamente Inviable)
31,037,99,09,000004,120,120,244,Empate Exacto (Estadísticamente Inviable)
31,055,99,31,000001,287,0,288,Polarización Extrema (>95%)
31,055,99,31,000002,65,0,65,Polarización Extrema (>95%)
19,001,04,06,000003,131,131,268,Empate Exacto (Estadísticamente Inviable)
01,117,99,60,000005,70,70,149,Empate Exacto (Estadísticamente Inviable)
01,121,01,03,000002,12,314,330,Polarización Extrema (>95%)
01,121,01,03,000004,14,307,322,Polarización Extrema (>95%)
11,082,99,05,000002,262,10,273,Polarización Extrema (>95%)
11,082,99,05,000003,288,8,298,Polarización Extrema (>95%)
11,082,99,05,000004,280,3,285,Polarización Extrema (>95%)
11,082,99,05,000005,270,6,276,Polarización Extrema (>95%)
11,082,99,05,000006,272,7,281,Polarización Extrema (>95%)
11,082,99,05,000007,229,9,240,Polarización Extrema (>95%)
11,082,99,16,000001,263,6,271,Polarización Extrema (>95%)
11,082,99,19,000001,277,10,290,Polarización Extrema (>95%)
11,082,99,19,000002,286,2,291,Polarización Extrema (>95%)
11,082,99,19,000003,292,4,301,Polarización Extrema (>95%)
11,087,99,45,000001,255,7,265,Polarización Extrema (>95%)
11,091,99,02,000001,150,0,151,Polarización Extrema (>95%)
11,091,99,14,000001,77,0,77,Polarización Extrema (>95%)
11,091,99,14,000002,187,0,187,Polarización Extrema (>95%)
11,091,99,87,000001,208,0,208,Polarización Extrema (>95%)
11,094,99,01,000001,309,8,318,Polarización Extrema (>95%)
11,094,99,01,000002,98,0,98,Polarización Extrema (>95%)
01,127,99,13,000004,148,5,155,Polarización Extrema (>95%)
01,127,99,13,000006,183,2,188,Polarización Extrema (>95%)
11,007,99,23,000001,280,0,280,Polarización Extrema (>95%)
11,007,99,23,000002,217,3,224,Polarización Extrema (>95%)
11,007,99,40,000001,253,0,262,Polarización Extrema (>95%)
11,007,99,80,000001,193,0,195,Polarización Extrema (>95%)
17,006,99,80,000001,227,0,227,Polarización Extrema (>95%)
17,010,99,53,000001,129,6,135,Polarización Extrema (>95%)
17,019,99,23,000001,101,0,102,Polarización Extrema (>95%)
17,038,99,79,000001,242,0,242,Polarización Extrema (>95%)
11,007,99,78,000001,50,0,50,Polarización Extrema (>95%)
17,006,99,09,000001,57,0,57,Polarización Extrema (>95%)
17,006,99,13,000001,237,0,237,Polarización Extrema (>95%)
17,006,99,31,000001,145,0,145,Polarización Extrema (>95%)
17,019,99,40,000001,155,0,161,Polarización Extrema (>95%)
17,026,99,72,000001,183,0,183,Polarización Extrema (>95%)
17,026,99,72,000002,131,1,132,Polarización Extrema (>95%)
17,034,99,25,000001,173,4,178,Polarización Extrema (>95%)
17,038,99,81,000001,273,1,275,Polarización Extrema (>95%)
17,038,99,93,000001,204,1,208,Polarización Extrema (>95%)
17,038,99,97,000001,195,0,195,Polarización Extrema (>95%)
17,038,99,99,000001,81,0,81,Polarización Extrema (>95%)
17,082,99,05,000001,151,3,158,Polarización Extrema (>95%)
29,067,99,03,000001,86,86,174,Empate Exacto (Estadísticamente Inviable)
11,007,99,08,000001,177,0,177,Polarización Extrema (>95%)
17,006,99,14,000001,126,1,127,Polarización Extrema (>95%)
17,010,99,29,000001,75,2,78,Polarización Extrema (>95%)
17,011,99,36,000001,136,0,137,Polarización Extrema (>95%)
17,011,99,39,000001,178,0,178,Polarización Extrema (>95%)
17,026,99,04,000001,191,2,193,Polarización Extrema (>95%)
17,040,99,09,000001,186,5,192,Polarización Extrema (>95%)
17,040,99,09,000002,69,0,71,Polarización Extrema (>95%)
17,001,99,75,000001,103,0,104,Polarización Extrema (>95%)
17,006,99,24,000001,115,0,115,Polarización Extrema (>95%)
17,082,99,01,000001,68,0,68,Polarización Extrema (>95%)
01,078,99,04,000001,30,30,63,Empate Exacto (Estadísticamente Inviable)
17,001,99,19,000001,107,0,107,Polarización Extrema (>95%)
17,006,99,12,000001,109,2,112,Polarización Extrema (>95%)
17,006,99,26,000001,138,2,140,Polarización Extrema (>95%)
17,010,99,61,000001,163,5,168,Polarización Extrema (>95%)
17,026,99,02,000001,102,4,106,Polarización Extrema (>95%)
17,034,99,02,000001,103,0,103,Polarización Extrema (>95%)
17,038,99,A3,000001,55,0,55,Polarización Extrema (>95%)
16,001,20,06,000001,217,2,219,Polarización Extrema (>95%)
17,001,99,21,000001,109,1,110,Polarización Extrema (>95%)
17,006,99,25,000001,107,0,107,Polarización Extrema (>95%)
17,006,99,32,000001,118,0,118,Polarización Extrema (>95%)
17,011,99,38,000001,96,0,96,Polarización Extrema (>95%)
17,038,99,45,000001,132,0,132,Polarización Extrema (>95%)
17,038,99,65,000001,150,0,152,Polarización Extrema (>95%)
17,040,99,01,000001,149,2,151,Polarización Extrema (>95%)
11,028,99,14,000001,227,7,235,Polarización Extrema (>95%)
11,028,99,17,000001,177,4,181,Polarización Extrema (>95%)
11,028,99,35,000001,196,5,201,Polarización Extrema (>95%)
11,028,99,35,000002,150,3,153,Polarización Extrema (>95%)
11,031,99,05,000002,283,9,296,Polarización Extrema (>95%)
11,034,99,32,000001,335,0,335,Polarización Extrema (>95%)
11,055,99,33,000001,271,4,280,Polarización Extrema (>95%)
11,055,99,49,000001,226,4,233,Polarización Extrema (>95%)
11,055,99,49,000002,240,8,251,Polarización Extrema (>95%)
11,055,99,49,000003,86,0,88,Polarización Extrema (>95%)
31,055,99,33,000001,81,2,83,Polarización Extrema (>95%)
11,076,99,25,000001,281,5,287,Polarización Extrema (>95%)
11,076,99,25,000002,299,5,305,Polarización Extrema (>95%)
11,076,99,25,000003,304,2,306,Polarización Extrema (>95%)
11,076,99,25,000004,94,0,94,Polarización Extrema (>95%)
11,091,99,25,000001,188,0,191,Polarización Extrema (>95%)
11,091,99,30,000001,106,0,106,Polarización Extrema (>95%)
11,094,99,09,000001,308,4,314,Polarización Extrema (>95%)
11,094,99,09,000002,308,10,321,Polarización Extrema (>95%)
11,094,99,09,000003,296,9,309,Polarización Extrema (>95%)
11,094,99,09,000005,299,6,309,Polarización Extrema (>95%)
11,094,99,09,000006,287,4,297,Polarización Extrema (>95%)
11,094,99,09,000007,67,1,68,Polarización Extrema (>95%)
11,097,99,09,000002,156,6,164,Polarización Extrema (>95%)
11,019,99,08,000001,275,4,281,Polarización Extrema (>95%)
11,025,99,06,000001,109,3,113,Polarización Extrema (>95%)
11,028,99,41,000001,149,0,149,Polarización Extrema (>95%)
11,031,99,01,000001,250,4,255,Polarización Extrema (>95%)
11,031,99,01,000002,264,0,266,Polarización Extrema (>95%)
11,034,99,05,000002,313,5,321,Polarización Extrema (>95%)
11,034,99,05,000003,306,9,317,Polarización Extrema (>95%)
11,034,99,31,000001,337,0,338,Polarización Extrema (>95%)
11,034,99,31,000002,120,0,121,Polarización Extrema (>95%)
11,043,99,17,000001,238,5,245,Polarización Extrema (>95%)
11,043,99,20,000001,243,0,244,Polarización Extrema (>95%)
11,052,99,27,000001,211,4,221,Polarización Extrema (>95%)
11,055,99,57,000001,181,0,183,Polarización Extrema (>95%)
11,055,99,57,000002,269,3,276,Polarización Extrema (>95%)
11,055,99,57,000003,251,0,253,Polarización Extrema (>95%)
11,055,99,57,000004,157,1,159,Polarización Extrema (>95%)
11,058,99,32,000001,282,5,291,Polarización Extrema (>95%)
11,058,99,32,000002,286,1,292,Polarización Extrema (>95%)
11,058,99,32,000003,82,1,85,Polarización Extrema (>95%)
13,009,99,70,000003,78,78,156,Empate Exacto (Estadísticamente Inviable)
13,022,99,26,000003,61,103,166,Clonada (Idéntica a mesa anterior)
31,055,99,21,000003,58,2,60,Polarización Extrema (>95%)
11,082,99,12,000001,205,0,206,Polarización Extrema (>95%)
11,091,99,04,000001,183,6,192,Polarización Extrema (>95%)
11,091,99,07,000001,173,0,173,Polarización Extrema (>95%)
11,091,99,13,000001,117,2,122,Polarización Extrema (>95%)
11,091,99,18,000001,67,1,69,Polarización Extrema (>95%)
11,091,99,21,000001,250,0,250,Polarización Extrema (>95%)
11,091,99,21,000002,318,1,319,Polarización Extrema (>95%)
11,091,99,21,000003,192,0,192,Polarización Extrema (>95%)
11,098,99,40,000005,158,7,165,Polarización Extrema (>95%)
28,200,99,38,000003,74,74,151,Empate Exacto (Estadísticamente Inviable)
01,039,99,04,000001,2,82,84,Polarización Extrema (>95%)
29,019,99,08,000001,9,198,208,Polarización Extrema (>95%)
24,001,01,03,000001,124,124,253,Empate Exacto (Estadísticamente Inviable)
48,001,99,23,000001,49,1,50,Polarización Extrema (>95%)
11,028,99,13,000001,113,0,113,Polarización Extrema (>95%)
11,028,99,39,000001,79,1,80,Polarización Extrema (>95%)
11,034,99,09,000001,271,2,275,Polarización Extrema (>95%)
11,034,99,30,000001,287,3,295,Polarización Extrema (>95%)
11,034,99,30,000002,307,3,313,Polarización Extrema (>95%)
11,034,99,30,000003,279,2,287,Polarización Extrema (>95%)
11,043,99,06,000001,98,0,98,Polarización Extrema (>95%)
11,055,99,64,000001,311,0,319,Polarización Extrema (>95%)
11,055,99,64,000002,92,1,96,Polarización Extrema (>95%)
15,061,99,02,000001,9,225,235,Polarización Extrema (>95%)
11,091,99,03,000001,243,4,252,Polarización Extrema (>95%)
11,091,99,03,000002,79,2,83,Polarización Extrema (>95%)
11,091,99,11,000001,220,2,222,Polarización Extrema (>95%)
19,028,99,01,000001,4,163,169,Polarización Extrema (>95%)
28,220,99,29,000001,160,1,161,Polarización Extrema (>95%)
09,034,01,03,000003,108,108,226,Empate Exacto (Estadísticamente Inviable)
48,001,99,22,000002,55,1,56,Polarización Extrema (>95%)
03,019,00,00,000024,71,71,144,Empate Exacto (Estadísticamente Inviable)
03,019,00,00,000026,39,39,80,Empate Exacto (Estadísticamente Inviable)
11,025,99,81,000004,92,2,95,Polarización Extrema (>95%)
11,028,99,05,000001,206,1,207,Polarización Extrema (>95%)
11,028,99,05,000002,77,1,78,Polarización Extrema (>95%)
11,028,99,20,000001,58,0,58,Polarización Extrema (>95%)
11,040,99,11,000001,259,7,267,Polarización Extrema (>95%)
11,040,99,11,000002,111,2,114,Polarización Extrema (>95%)
11,043,99,19,000001,254,0,254,Polarización Extrema (>95%)
11,055,99,62,000001,156,3,160,Polarización Extrema (>95%)
13,058,99,41,000001,170,0,170,Polarización Extrema (>95%)
13,058,99,41,000002,79,1,80,Polarización Extrema (>95%)
11,091,99,08,000001,110,4,114,Polarización Extrema (>95%)
11,091,99,09,000001,242,0,242,Polarización Extrema (>95%)
11,091,99,09,000002,106,0,106,Polarización Extrema (>95%)
11,094,99,19,000001,135,4,140,Polarización Extrema (>95%)
28,280,99,20,000002,36,36,73,Empate Exacto (Estadísticamente Inviable)
15,169,01,07,000001,73,73,150,Empate Exacto (Estadísticamente Inviable)
11,019,99,28,000001,303,2,306,Polarización Extrema (>95%)
11,019,99,28,000002,112,0,112,Polarización Extrema (>95%)
11,028,99,29,000001,160,4,166,Polarización Extrema (>95%)
11,028,99,29,000002,207,6,213,Polarización Extrema (>95%)
11,028,99,36,000001,120,0,120,Polarización Extrema (>95%)
11,028,99,37,000001,190,8,199,Polarización Extrema (>95%)
11,028,99,37,000002,106,4,110,Polarización Extrema (>95%)
11,043,99,08,000001,80,1,81,Polarización Extrema (>95%)
11,055,99,07,000001,246,0,246,Polarización Extrema (>95%)
11,055,99,07,000002,173,1,174,Polarización Extrema (>95%)
11,055,99,35,000001,192,0,197,Polarización Extrema (>95%)
11,058,99,18,000001,261,2,264,Polarización Extrema (>95%)
11,060,99,80,000001,57,2,59,Polarización Extrema (>95%)
13,037,99,49,000001,123,123,247,Empate Exacto (Estadísticamente Inviable)
31,040,99,25,000001,112,112,229,Empate Exacto (Estadísticamente Inviable)
11,087,99,01,000002,186,5,191,Polarización Extrema (>95%)
11,091,99,05,000001,270,0,271,Polarización Extrema (>95%)
03,019,99,05,000004,87,87,176,Empate Exacto (Estadísticamente Inviable)
15,202,00,01,000013,116,116,241,Empate Exacto (Estadísticamente Inviable)
15,247,02,01,000001,124,124,255,Empate Exacto (Estadísticamente Inviable)
24,025,05,01,000009,85,85,179,Empate Exacto (Estadísticamente Inviable)
24,025,12,02,000038,85,85,175,Empate Exacto (Estadísticamente Inviable)
48,010,01,01,000014,106,106,215,Empate Exacto (Estadísticamente Inviable)
48,010,01,01,000035,53,53,106,Empate Exacto (Estadísticamente Inviable)
48,010,01,02,000010,51,51,103,Empate Exacto (Estadísticamente Inviable)
48,010,01,04,000001,101,101,210,Empate Exacto (Estadísticamente Inviable)
03,040,00,00,000012,80,80,161,Empate Exacto (Estadísticamente Inviable)
15,247,03,10,000022,237,71,315,Clonada (Idéntica a mesa anterior)
24,062,99,35,000001,182,4,187,Polarización Extrema (>95%)
24,062,99,35,000002,231,0,232,Polarización Extrema (>95%)
24,062,99,35,000003,277,0,278,Polarización Extrema (>95%)
24,062,99,35,000004,285,0,285,Polarización Extrema (>95%)
24,062,99,35,000005,290,0,294,Polarización Extrema (>95%)
24,062,99,35,000006,257,0,257,Polarización Extrema (>95%)
24,062,99,35,000007,258,0,258,Polarización Extrema (>95%)
24,062,99,35,000008,279,0,281,Polarización Extrema (>95%)
24,070,99,50,000005,258,3,262,Polarización Extrema (>95%)
24,070,99,50,000006,236,9,248,Polarización Extrema (>95%)
24,070,99,50,000008,275,2,284,Polarización Extrema (>95%)
24,070,99,50,000009,275,3,281,Polarización Extrema (>95%)
24,070,99,50,000012,218,1,220,Polarización Extrema (>95%)
24,070,99,60,000001,244,1,247,Polarización Extrema (>95%)
24,078,00,01,000014,80,80,170,Empate Exacto (Estadísticamente Inviable)
24,086,02,01,000014,102,102,209,Empate Exacto (Estadísticamente Inviable)
25,001,02,04,000021,3,67,70,Polarización Extrema (>95%)
48,016,01,01,000042,59,59,126,Empate Exacto (Estadísticamente Inviable)
48,016,01,01,000044,41,41,85,Empate Exacto (Estadísticamente Inviable)
48,016,01,02,000013,75,75,156,Empate Exacto (Estadísticamente Inviable)
48,016,02,01,000013,45,45,92,Empate Exacto (Estadísticamente Inviable)
48,016,02,01,000037,39,39,81,Empate Exacto (Estadísticamente Inviable)
48,016,99,20,000008,48,48,100,Empate Exacto (Estadísticamente Inviable)
48,016,99,37,000005,90,34,126,Clonada (Idéntica a mesa anterior)
50,070,00,00,000006,173,6,180,Polarización Extrema (>95%)
15,280,00,02,000012,124,124,261,Empate Exacto (Estadísticamente Inviable)
15,289,00,02,000018,34,34,71,Empate Exacto (Estadísticamente Inviable)
15,292,01,01,000002,134,134,271,Empate Exacto (Estadísticamente Inviable)
15,292,01,01,000017,143,143,297,Empate Exacto (Estadísticamente Inviable)
15,304,01,04,000013,67,67,144,Empate Exacto (Estadísticamente Inviable)
15,304,02,02,000015,109,109,231,Empate Exacto (Estadísticamente Inviable)
15,334,99,21,000001,5,205,211,Polarización Extrema (>95%)
15,334,99,25,000001,4,90,94,Polarización Extrema (>95%)
25,001,05,08,000003,38,269,310,Clonada (Idéntica a mesa anterior)
52,001,04,04,000015,102,102,214,Empate Exacto (Estadísticamente Inviable)
52,001,05,03,000002,129,129,264,Empate Exacto (Estadísticamente Inviable)
52,001,06,01,000005,113,113,230,Empate Exacto (Estadísticamente Inviable)
52,001,06,03,000019,92,92,186,Empate Exacto (Estadísticamente Inviable)
52,001,06,03,000020,93,93,192,Empate Exacto (Estadísticamente Inviable)
52,001,07,01,000012,88,171,267,Clonada (Idéntica a mesa anterior)
52,001,08,03,000019,107,107,219,Empate Exacto (Estadísticamente Inviable)
52,001,08,03,000020,51,51,103,Empate Exacto (Estadísticamente Inviable)
52,001,09,03,000025,107,107,218,Empate Exacto (Estadísticamente Inviable)
52,001,11,01,000021,113,113,230,Empate Exacto (Estadísticamente Inviable)
52,001,12,01,000012,86,86,177,Empate Exacto (Estadísticamente Inviable)
52,001,12,02,000024,121,121,246,Empate Exacto (Estadísticamente Inviable)
52,001,13,01,000013,105,105,213,Empate Exacto (Estadísticamente Inviable)
52,001,14,02,000009,112,101,219,Clonada (Idéntica a mesa anterior)
52,001,14,04,000007,111,111,230,Empate Exacto (Estadísticamente Inviable)
52,001,99,40,000004,118,118,248,Empate Exacto (Estadísticamente Inviable)
03,055,00,00,000022,76,96,175,Clonada (Idéntica a mesa anterior)
05,001,02,02,000010,56,56,117,Empate Exacto (Estadísticamente Inviable)
05,001,03,01,000006,103,103,206,Empate Exacto (Estadísticamente Inviable)
16,001,01,01,000061,62,62,130,Empate Exacto (Estadísticamente Inviable)
16,001,01,08,000047,92,92,191,Empate Exacto (Estadísticamente Inviable)
16,001,01,12,000014,7,200,209,Polarización Extrema (>95%)
25,007,00,00,000011,25,203,231,Clonada (Idéntica a mesa anterior)
25,013,99,01,000001,5,252,259,Polarización Extrema (>95%)
25,013,99,01,000002,5,215,226,Polarización Extrema (>95%)
25,019,99,06,000001,2,99,102,Polarización Extrema (>95%)
52,005,02,04,000014,125,125,264,Empate Exacto (Estadísticamente Inviable)
52,006,00,00,000008,102,102,213,Empate Exacto (Estadísticamente Inviable)
52,043,01,01,000028,104,104,214,Empate Exacto (Estadísticamente Inviable)
52,043,99,84,000001,280,8,291,Polarización Extrema (>95%)
52,043,99,84,000002,261,7,271,Polarización Extrema (>95%)
52,043,99,84,000004,173,2,179,Polarización Extrema (>95%)
52,043,99,85,000001,263,3,272,Polarización Extrema (>95%)
52,043,99,85,000002,266,5,275,Polarización Extrema (>95%)
52,043,99,87,000001,164,5,169,Polarización Extrema (>95%)
01,157,00,00,000036,104,104,219,Empate Exacto (Estadísticamente Inviable)
31,001,23,03,000005,140,72,219,Clonada (Idéntica a mesa anterior)
31,001,27,02,000016,120,120,246,Empate Exacto (Estadísticamente Inviable)
31,001,29,01,000027,40,40,80,Empate Exacto (Estadísticamente Inviable)
12,001,99,32,000001,178,8,187,Polarización Extrema (>95%)
12,075,01,04,000014,84,84,174,Empate Exacto (Estadísticamente Inviable)
12,075,02,04,000018,101,101,207,Empate Exacto (Estadísticamente Inviable)
12,150,02,01,000005,110,110,226,Empate Exacto (Estadísticamente Inviable)
12,150,99,91,000001,268,12,282,Polarización Extrema (>95%)
12,150,99,91,000002,268,5,274,Polarización Extrema (>95%)
12,150,99,91,000003,262,3,265,Polarización Extrema (>95%)
12,150,99,91,000004,196,2,198,Polarización Extrema (>95%)
12,170,99,10,000002,128,128,256,Empate Exacto (Estadísticamente Inviable)
12,170,99,10,000004,130,130,263,Empate Exacto (Estadísticamente Inviable)
21,001,01,03,000020,139,27,167,Clonada (Idéntica a mesa anterior)
11,019,99,17,000001,248,7,259,Polarización Extrema (>95%)
11,019,99,17,000002,55,1,56,Polarización Extrema (>95%)
11,028,99,07,000001,195,1,196,Polarización Extrema (>95%)
11,028,99,33,000001,152,0,154,Polarización Extrema (>95%)
11,043,99,14,000001,98,1,100,Polarización Extrema (>95%)
11,043,99,43,000001,100,2,103,Polarización Extrema (>95%)
11,043,99,44,000001,185,7,193,Polarización Extrema (>95%)
11,055,99,63,000001,151,1,153,Polarización Extrema (>95%)
11,025,99,69,000001,164,3,172,Polarización Extrema (>95%)
11,031,99,33,000001,253,2,264,Polarización Extrema (>95%)
11,031,99,33,000002,111,1,112,Polarización Extrema (>95%)
11,043,99,41,000001,62,0,62,Polarización Extrema (>95%)
11,055,99,50,000001,231,3,240,Polarización Extrema (>95%)
11,055,99,50,000002,111,2,114,Polarización Extrema (>95%)
13,058,99,43,000001,261,0,261,Polarización Extrema (>95%)
31,055,99,03,000001,267,0,268,Polarización Extrema (>95%)
31,055,99,39,000001,107,0,107,Polarización Extrema (>95%)
11,091,99,01,000001,75,1,76,Polarización Extrema (>95%)
11,091,99,19,000001,92,0,92,Polarización Extrema (>95%)
19,028,99,03,000001,7,223,232,Polarización Extrema (>95%)
11,043,99,09,000001,206,0,209,Polarización Extrema (>95%)
11,055,99,51,000001,132,1,133,Polarización Extrema (>95%)
11,091,99,85,000001,257,0,257,Polarización Extrema (>95%)
11,019,99,09,000001,225,7,233,Polarización Extrema (>95%)
11,019,99,21,000001,290,9,301,Polarización Extrema (>95%)
11,028,99,45,000001,94,0,94,Polarización Extrema (>95%)
11,043,99,15,000001,63,0,63,Polarización Extrema (>95%)
11,043,99,27,000001,182,3,185,Polarización Extrema (>95%)
11,043,99,36,000001,90,1,92,Polarización Extrema (>95%)
11,043,99,46,000001,85,0,86,Polarización Extrema (>95%)
15,034,99,02,000001,5,147,152,Polarización Extrema (>95%)
28,280,99,60,000001,103,103,210,Empate Exacto (Estadísticamente Inviable)
11,028,99,31,000001,79,0,79,Polarización Extrema (>95%)
11,028,99,48,000001,147,0,147,Polarización Extrema (>95%)
11,043,99,22,000001,155,0,155,Polarización Extrema (>95%)
11,043,99,18,000001,91,0,92,Polarización Extrema (>95%)
11,091,99,34,000001,137,0,137,Polarización Extrema (>95%)
11,028,99,49,000001,151,5,158,Polarización Extrema (>95%)
11,091,99,12,000001,106,2,108,Polarización Extrema (>95%)
15,196,00,00,000011,97,97,201,Empate Exacto (Estadísticamente Inviable)
15,247,03,02,000004,121,121,245,Empate Exacto (Estadísticamente Inviable)
50,070,99,03,000001,260,9,270,Polarización Extrema (>95%)
50,070,99,03,000002,195,4,200,Polarización Extrema (>95%)
52,001,08,02,000012,128,128,262,Empate Exacto (Estadísticamente Inviable)
25,013,00,00,000002,6,220,230,Polarización Extrema (>95%)
52,043,02,01,000015,93,93,192,Empate Exacto (Estadísticamente Inviable)
19,091,00,00,000008,101,101,207,Empate Exacto (Estadísticamente Inviable)
01,004,99,01,000002,9,212,223,Polarización Extrema (>95%)
15,298,99,02,000001,4,114,118,Polarización Extrema (>95%)
52,001,11,05,000002,105,105,213,Empate Exacto (Estadísticamente Inviable)
25,013,99,09,000001,9,247,257,Polarización Extrema (>95%)
25,013,99,09,000002,9,230,240,Polarización Extrema (>95%)
25,019,99,26,000001,2,188,190,Polarización Extrema (>95%)
52,043,99,83,000001,235,7,245,Polarización Extrema (>95%)
52,043,99,83,000003,221,1,226,Polarización Extrema (>95%)
24,070,99,55,000001,274,0,276,Polarización Extrema (>95%)
52,010,99,01,000007,65,65,141,Empate Exacto (Estadísticamente Inviable)
50,092,00,00,000001,47,47,95,Empate Exacto (Estadísticamente Inviable)
48,001,99,26,000001,63,3,66,Polarización Extrema (>95%)
29,019,99,09,000001,8,234,244,Polarización Extrema (>95%)
11,043,99,10,000001,92,2,95,Polarización Extrema (>95%)
11,091,99,20,000001,80,0,80,Polarización Extrema (>95%)
48,005,99,45,000001,103,3,108,Polarización Extrema (>95%)
48,001,99,A3,000001,136,5,143,Polarización Extrema (>95%)
15,229,99,09,000001,25,25,50,Empate Exacto (Estadísticamente Inviable)
15,334,99,09,000001,4,223,230,Polarización Extrema (>95%)
25,007,99,12,000001,7,172,179,Polarización Extrema (>95%)
12,001,99,53,000004,167,3,170,Polarización Extrema (>95%)
12,001,99,99,000001,204,1,207,Polarización Extrema (>95%)
01,166,01,02,000016,72,72,147,Empate Exacto (Estadísticamente Inviable)
01,166,02,04,000016,113,103,226,Clonada (Idéntica a mesa anterior)
01,168,00,00,000013,83,83,171,Empate Exacto (Estadísticamente Inviable)
01,184,00,00,000006,212,8,220,Polarización Extrema (>95%)
31,001,32,06,000021,179,5,185,Polarización Extrema (>95%)
31,001,99,14,000030,139,139,282,Empate Exacto (Estadísticamente Inviable)
31,004,00,00,000027,80,80,169,Empate Exacto (Estadísticamente Inviable)
12,225,02,01,000018,95,95,194,Empate Exacto (Estadísticamente Inviable)
12,600,00,00,000002,118,118,237,Empate Exacto (Estadísticamente Inviable)
12,625,00,00,000018,108,108,221,Empate Exacto (Estadísticamente Inviable)
12,650,00,00,000027,75,94,173,Clonada (Idéntica a mesa anterior)
12,720,00,00,000037,83,83,168,Empate Exacto (Estadísticamente Inviable)
12,720,99,80,000001,91,2,95,Polarización Extrema (>95%)
12,720,99,80,000003,183,6,191,Polarización Extrema (>95%)
12,720,99,80,000004,180,4,185,Polarización Extrema (>95%)
12,720,99,80,000005,173,5,180,Polarización Extrema (>95%)
12,720,99,80,000006,158,2,164,Polarización Extrema (>95%)
12,720,99,80,000007,172,3,179,Polarización Extrema (>95%)
21,001,05,08,000014,122,122,251,Empate Exacto (Estadísticamente Inviable)
21,001,08,02,000004,116,116,237,Empate Exacto (Estadísticamente Inviable)
21,012,01,01,000007,128,128,259,Empate Exacto (Estadísticamente Inviable)
21,012,01,01,000038,82,82,166,Empate Exacto (Estadísticamente Inviable)
21,012,01,02,000008,111,111,225,Empate Exacto (Estadísticamente Inviable)
01,190,00,00,000004,7,187,195,Polarización Extrema (>95%)
01,191,00,01,000042,57,57,114,Empate Exacto (Estadísticamente Inviable)
01,192,00,01,000040,74,74,153,Empate Exacto (Estadísticamente Inviable)
01,205,01,02,000006,65,65,140,Empate Exacto (Estadísticamente Inviable)
01,205,02,03,000015,34,34,70,Empate Exacto (Estadísticamente Inviable)
01,208,00,01,000002,83,83,173,Empate Exacto (Estadísticamente Inviable)
01,214,03,02,000002,60,240,304,Clonada (Idéntica a mesa anterior)
31,019,02,01,000034,119,4,124,Polarización Extrema (>95%)
31,019,02,02,000009,113,5,118,Polarización Extrema (>95%)
31,019,02,04,000004,164,4,170,Polarización Extrema (>95%)
31,019,02,04,000010,163,5,170,Polarización Extrema (>95%)
31,019,02,08,000015,167,5,173,Polarización Extrema (>95%)
31,019,02,08,000019,174,5,180,Polarización Extrema (>95%)
31,019,06,08,000003,182,7,190,Polarización Extrema (>95%)
31,019,06,08,000004,183,5,192,Polarización Extrema (>95%)
31,019,99,01,000001,165,1,167,Polarización Extrema (>95%)
31,019,99,01,000002,199,3,203,Polarización Extrema (>95%)
31,019,99,01,000004,220,0,220,Polarización Extrema (>95%)
31,019,99,01,000005,202,1,204,Polarización Extrema (>95%)
31,019,99,01,000006,201,2,205,Polarización Extrema (>95%)
31,019,99,52,000001,183,1,188,Polarización Extrema (>95%)
31,019,99,55,000001,178,5,183,Polarización Extrema (>95%)
31,019,99,70,000001,145,1,146,Polarización Extrema (>95%)
31,019,99,70,000002,200,0,201,Polarización Extrema (>95%)
31,019,99,73,000002,139,5,145,Polarización Extrema (>95%)
31,019,99,73,000003,222,3,226,Polarización Extrema (>95%)
31,019,99,73,000004,246,4,250,Polarización Extrema (>95%)
31,019,99,73,000005,200,1,203,Polarización Extrema (>95%)
31,019,99,73,000006,103,0,103,Polarización Extrema (>95%)
31,019,99,74,000001,193,1,194,Polarización Extrema (>95%)
31,019,99,74,000002,163,0,164,Polarización Extrema (>95%)
31,019,99,79,000001,145,0,145,Polarización Extrema (>95%)
31,019,99,79,000002,260,3,266,Polarización Extrema (>95%)
31,019,99,82,000001,141,1,144,Polarización Extrema (>95%)
31,022,04,02,000007,111,111,225,Empate Exacto (Estadísticamente Inviable)
31,022,04,03,000007,123,123,250,Empate Exacto (Estadísticamente Inviable)
12,825,00,00,000001,103,103,206,Empate Exacto (Estadísticamente Inviable)
05,001,06,02,000009,115,115,232,Empate Exacto (Estadísticamente Inviable)
05,001,06,02,000013,104,104,211,Empate Exacto (Estadísticamente Inviable)
05,001,06,06,000003,143,143,290,Empate Exacto (Estadísticamente Inviable)
05,001,08,01,000021,49,49,100,Empate Exacto (Estadísticamente Inviable)
05,001,09,01,000002,35,35,71,Empate Exacto (Estadísticamente Inviable)
05,001,09,01,000019,45,45,94,Empate Exacto (Estadísticamente Inviable)
05,001,09,02,000007,45,45,91,Empate Exacto (Estadísticamente Inviable)
05,001,10,02,000003,125,125,256,Empate Exacto (Estadísticamente Inviable)
16,001,02,24,000003,148,148,306,Empate Exacto (Estadísticamente Inviable)
16,001,03,08,000002,99,99,202,Empate Exacto (Estadísticamente Inviable)
25,046,00,00,000002,4,187,191,Polarización Extrema (>95%)
25,046,00,00,000003,5,171,176,Polarización Extrema (>95%)
25,046,00,00,000004,6,201,208,Polarización Extrema (>95%)
25,046,00,00,000007,5,158,165,Polarización Extrema (>95%)
25,046,00,00,000011,1,58,61,Polarización Extrema (>95%)
25,055,00,00,000001,12,253,265,Polarización Extrema (>95%)
25,055,00,00,000002,6,251,259,Polarización Extrema (>95%)
25,055,00,00,000004,6,270,276,Polarización Extrema (>95%)
25,055,00,00,000005,9,254,266,Polarización Extrema (>95%)
52,049,00,00,000023,110,110,226,Empate Exacto (Estadísticamente Inviable)
56,001,01,02,000015,88,51,142,Clonada (Idéntica a mesa anterior)
56,001,02,01,000012,79,38,122,Clonada (Idéntica a mesa anterior)
56,001,02,03,000017,99,99,201,Empate Exacto (Estadísticamente Inviable)
60,001,01,01,000013,83,83,170,Empate Exacto (Estadísticamente Inviable)
60,001,02,01,000002,96,96,196,Empate Exacto (Estadísticamente Inviable)
60,013,00,00,000003,198,9,207,Polarización Extrema (>95%)
64,001,01,04,000003,179,96,280,Clonada (Idéntica a mesa anterior)
64,001,99,37,000002,166,3,170,Polarización Extrema (>95%)
25,064,01,04,000016,48,48,98,Empate Exacto (Estadísticamente Inviable)
25,067,00,00,000001,10,252,265,Polarización Extrema (>95%)
25,070,00,00,000001,2,89,91,Polarización Extrema (>95%)
25,070,00,00,000004,3,138,143,Polarización Extrema (>95%)
25,070,00,00,000006,5,161,169,Polarización Extrema (>95%)
25,070,00,00,000007,6,135,141,Polarización Extrema (>95%)
25,070,00,00,000010,4,149,154,Polarización Extrema (>95%)
25,070,00,00,000015,3,130,135,Polarización Extrema (>95%)
25,076,99,10,000001,181,7,188,Polarización Extrema (>95%)
25,085,00,00,000003,8,219,227,Polarización Extrema (>95%)
25,085,00,00,000010,5,226,232,Polarización Extrema (>95%)
25,088,99,01,000001,9,254,265,Polarización Extrema (>95%)
25,091,99,50,000001,218,0,222,Polarización Extrema (>95%)
25,091,99,50,000002,214,1,218,Polarización Extrema (>95%)
25,091,99,50,000003,134,0,134,Polarización Extrema (>95%)
25,093,02,01,000006,61,61,125,Empate Exacto (Estadísticamente Inviable)
25,093,99,40,000004,78,78,162,Empate Exacto (Estadísticamente Inviable)
64,002,99,03,000002,219,3,227,Polarización Extrema (>95%)
64,023,99,18,000004,253,7,263,Polarización Extrema (>95%)
64,023,99,18,000006,70,1,73,Polarización Extrema (>95%)
72,006,99,15,000001,53,1,54,Polarización Extrema (>95%)
72,006,99,57,000002,50,0,52,Polarización Extrema (>95%)
88,155,05,02,000006,47,47,97,Empate Exacto (Estadísticamente Inviable)
16,001,08,01,000010,126,126,263,Empate Exacto (Estadísticamente Inviable)
16,001,08,02,000017,130,130,274,Empate Exacto (Estadísticamente Inviable)
16,001,08,07,000014,120,120,250,Empate Exacto (Estadísticamente Inviable)
16,001,08,19,000013,157,125,295,Clonada (Idéntica a mesa anterior)
03,001,23,03,000013,74,74,148,Empate Exacto (Estadísticamente Inviable)
03,001,27,03,000019,44,44,90,Empate Exacto (Estadísticamente Inviable)
21,001,04,04,000006,85,85,175,Empate Exacto (Estadísticamente Inviable)
01,184,99,03,000001,246,5,252,Polarización Extrema (>95%)
12,375,99,10,000002,107,107,216,Empate Exacto (Estadísticamente Inviable)
12,625,99,95,000001,137,3,140,Polarización Extrema (>95%)
31,019,99,19,000001,67,0,67,Polarización Extrema (>95%)
31,019,99,56,000001,167,0,170,Polarización Extrema (>95%)
31,019,99,56,000002,133,3,137,Polarización Extrema (>95%)
31,019,99,61,000001,174,2,178,Polarización Extrema (>95%)
31,019,99,94,000001,174,8,182,Polarización Extrema (>95%)
31,019,99,94,000002,116,0,116,Polarización Extrema (>95%)
25,022,99,10,000001,187,2,190,Polarización Extrema (>95%)
25,022,99,10,000002,155,0,157,Polarización Extrema (>95%)
25,031,99,10,000001,5,256,263,Polarización Extrema (>95%)
25,037,99,04,000001,199,3,204,Polarización Extrema (>95%)
25,038,99,27,000001,10,231,242,Polarización Extrema (>95%)
25,040,99,09,000001,10,276,288,Polarización Extrema (>95%)
25,064,99,01,000001,6,175,182,Polarización Extrema (>95%)
25,076,99,07,000001,146,3,153,Polarización Extrema (>95%)
25,076,99,18,000001,170,1,178,Polarización Extrema (>95%)
25,088,99,20,000001,11,255,267,Polarización Extrema (>95%)
25,088,99,25,000001,12,292,306,Polarización Extrema (>95%)
25,091,99,05,000004,200,8,210,Polarización Extrema (>95%)
64,004,99,02,000001,204,4,213,Polarización Extrema (>95%)
64,023,99,11,000001,95,2,97,Polarización Extrema (>95%)
64,023,99,13,000001,242,10,252,Polarización Extrema (>95%)
64,023,99,13,000002,91,1,93,Polarización Extrema (>95%)
68,004,99,01,000001,90,2,92,Polarización Extrema (>95%)
72,006,99,13,000001,59,3,62,Polarización Extrema (>95%)
72,006,99,17,000001,137,2,141,Polarización Extrema (>95%)
72,006,99,89,000001,252,10,264,Polarización Extrema (>95%)
72,006,99,89,000002,172,6,178,Polarización Extrema (>95%)
72,006,99,96,000001,207,3,210,Polarización Extrema (>95%)
72,006,99,96,000002,171,6,178,Polarización Extrema (>95%)
72,006,99,96,000003,65,2,68,Polarización Extrema (>95%)
25,019,99,02,000001,2,86,88,Polarización Extrema (>95%)
31,019,99,07,000001,194,0,194,Polarización Extrema (>95%)
31,019,99,35,000001,320,14,334,Polarización Extrema (>95%)
31,019,99,46,000001,200,0,200,Polarización Extrema (>95%)
31,019,99,76,000001,201,0,202,Polarización Extrema (>95%)
31,019,99,80,000001,201,0,201,Polarización Extrema (>95%)
31,019,99,80,000002,295,0,295,Polarización Extrema (>95%)
31,019,99,80,000003,63,0,63,Polarización Extrema (>95%)
31,019,99,85,000001,189,0,189,Polarización Extrema (>95%)
25,022,99,27,000001,193,2,198,Polarización Extrema (>95%)
25,038,99,01,000001,6,233,241,Polarización Extrema (>95%)
52,080,99,93,000001,158,0,159,Polarización Extrema (>95%)
54,001,99,06,000002,233,6,245,Polarización Extrema (>95%)
60,019,99,70,000001,48,1,50,Polarización Extrema (>95%)
25,076,99,06,000001,68,0,70,Polarización Extrema (>95%)
25,076,99,30,000001,129,0,129,Polarización Extrema (>95%)
25,076,99,75,000001,174,0,174,Polarización Extrema (>95%)
25,082,99,28,000001,1,60,62,Polarización Extrema (>95%)
25,091,99,10,000001,215,0,217,Polarización Extrema (>95%)
25,091,99,10,000002,204,8,214,Polarización Extrema (>95%)
25,091,99,10,000004,161,0,161,Polarización Extrema (>95%)
64,028,99,10,000007,89,3,93,Polarización Extrema (>95%)
64,028,99,35,000001,258,8,267,Polarización Extrema (>95%)
68,001,99,90,000001,173,4,180,Polarización Extrema (>95%)
72,001,99,10,000002,45,45,93,Empate Exacto (Estadísticamente Inviable)
72,006,99,11,000002,93,2,96,Polarización Extrema (>95%)
72,006,99,93,000001,218,0,218,Polarización Extrema (>95%)
72,006,99,93,000002,203,0,203,Polarización Extrema (>95%)
72,006,99,97,000001,193,4,198,Polarización Extrema (>95%)
72,006,99,97,000002,64,0,65,Polarización Extrema (>95%)
25,019,99,12,000001,4,119,124,Polarización Extrema (>95%)
12,750,99,23,000001,4,80,84,Polarización Extrema (>95%)
31,019,03,07,000006,129,4,134,Polarización Extrema (>95%)
31,019,03,07,000007,150,2,155,Polarización Extrema (>95%)
31,019,99,40,000001,151,1,152,Polarización Extrema (>95%)
31,019,99,54,000001,87,2,89,Polarización Extrema (>95%)
25,031,99,09,000001,115,0,115,Polarización Extrema (>95%)
60,001,99,71,000001,269,3,278,Polarización Extrema (>95%)
25,093,99,07,000002,55,2,57,Polarización Extrema (>95%)
64,018,99,41,000002,68,2,71,Polarización Extrema (>95%)
64,023,99,15,000001,66,0,69,Polarización Extrema (>95%)
72,006,99,12,000001,213,2,217,Polarización Extrema (>95%)
72,006,99,12,000002,186,1,188,Polarización Extrema (>95%)
72,006,99,14,000001,136,5,141,Polarización Extrema (>95%)
72,006,99,20,000001,123,4,128,Polarización Extrema (>95%)
15,094,02,12,000007,77,77,156,Empate Exacto (Estadísticamente Inviable)
15,109,02,03,000003,142,142,289,Empate Exacto (Estadísticamente Inviable)
15,109,03,05,000011,113,113,235,Empate Exacto (Estadísticamente Inviable)
15,109,02,08,000003,134,134,277,Empate Exacto (Estadísticamente Inviable)
21,070,99,18,000002,85,85,171,Empate Exacto (Estadísticamente Inviable)
21,073,00,00,000004,79,79,159,Empate Exacto (Estadísticamente Inviable)
23,001,04,04,000020,215,7,223,Polarización Extrema (>95%)
23,016,00,01,000024,194,5,203,Polarización Extrema (>95%)
23,016,00,02,000003,186,4,192,Polarización Extrema (>95%)
23,016,00,02,000008,215,5,224,Polarización Extrema (>95%)
23,016,99,70,000001,220,2,222,Polarización Extrema (>95%)
23,016,99,70,000002,127,0,127,Polarización Extrema (>95%)
23,037,99,13,000001,251,3,258,Polarización Extrema (>95%)
23,037,99,13,000002,269,13,282,Polarización Extrema (>95%)
23,037,99,13,000003,311,10,325,Polarización Extrema (>95%)
23,037,99,13,000006,249,11,261,Polarización Extrema (>95%)
23,037,99,13,000008,239,10,249,Polarización Extrema (>95%)
23,039,99,08,000001,133,1,136,Polarización Extrema (>95%)
23,039,99,60,000002,150,3,155,Polarización Extrema (>95%)
23,039,99,80,000001,262,0,262,Polarización Extrema (>95%)
23,039,99,80,000002,277,0,277,Polarización Extrema (>95%)
23,039,99,80,000003,271,0,271,Polarización Extrema (>95%)
23,039,99,80,000004,271,0,271,Clonada (Idéntica a mesa anterior) | Polarización Extrema (>95%)
23,039,99,80,000005,262,0,262,Polarización Extrema (>95%)
23,039,99,80,000006,64,0,64,Polarización Extrema (>95%)
23,040,99,13,000001,246,0,248,Polarización Extrema (>95%)
23,040,99,13,000002,208,2,214,Polarización Extrema (>95%)
23,040,99,13,000003,264,1,267,Polarización Extrema (>95%)
23,041,00,00,000013,197,7,205,Polarización Extrema (>95%)
23,041,99,16,000001,207,5,212,Polarización Extrema (>95%)
23,041,99,16,000002,263,3,266,Polarización Extrema (>95%)
23,041,99,16,000003,130,1,133,Polarización Extrema (>95%)
23,047,00,00,000004,182,3,186,Polarización Extrema (>95%)
23,047,00,00,000008,198,5,205,Polarización Extrema (>95%)
23,047,00,00,000009,193,6,201,Polarización Extrema (>95%)
23,047,00,00,000010,198,2,204,Polarización Extrema (>95%)
23,047,00,00,000012,184,6,191,Polarización Extrema (>95%)
23,047,00,00,000013,186,5,192,Polarización Extrema (>95%)
23,047,00,00,000015,187,2,196,Polarización Extrema (>95%)
23,047,00,00,000016,176,5,183,Polarización Extrema (>95%)
23,047,99,37,000001,118,0,118,Polarización Extrema (>95%)
23,073,99,05,000002,291,0,293,Polarización Extrema (>95%)
23,073,99,05,000003,295,7,305,Polarización Extrema (>95%)
23,080,99,21,000001,264,1,268,Polarización Extrema (>95%)
23,080,99,21,000002,175,4,180,Polarización Extrema (>95%)
23,088,99,02,000001,154,0,154,Polarización Extrema (>95%)
23,088,99,05,000001,258,2,260,Polarización Extrema (>95%)
23,088,99,13,000001,144,5,149,Polarización Extrema (>95%)
23,088,99,25,000001,95,0,95,Polarización Extrema (>95%)
23,094,00,00,000003,217,3,224,Polarización Extrema (>95%)
23,094,00,00,000004,195,4,199,Polarización Extrema (>95%)
23,094,00,00,000006,194,1,195,Polarización Extrema (>95%)
23,094,00,00,000007,202,3,205,Polarización Extrema (>95%)
23,094,00,00,000008,209,2,212,Polarización Extrema (>95%)
23,094,00,00,000009,164,3,168,Polarización Extrema (>95%)
23,094,00,00,000010,170,3,175,Polarización Extrema (>95%)
23,094,00,00,000011,176,1,177,Polarización Extrema (>95%)
23,094,00,00,000012,163,2,167,Polarización Extrema (>95%)
23,094,00,00,000013,50,0,50,Polarización Extrema (>95%)
23,094,99,04,000001,170,0,170,Polarización Extrema (>95%)
23,094,99,21,000001,185,2,189,Polarización Extrema (>95%)
23,094,99,21,000002,91,0,91,Polarización Extrema (>95%)
23,095,00,00,000005,183,7,191,Polarización Extrema (>95%)
23,095,00,00,000020,162,6,170,Polarización Extrema (>95%)
23,095,00,00,000023,190,3,194,Polarización Extrema (>95%)
23,095,00,00,000024,186,6,193,Polarización Extrema (>95%)
23,095,00,00,000029,185,7,192,Polarización Extrema (>95%)
23,095,00,00,000030,196,8,204,Polarización Extrema (>95%)
23,095,00,00,000031,182,7,190,Polarización Extrema (>95%)
23,095,00,00,000033,170,2,173,Polarización Extrema (>95%)
23,095,00,00,000034,168,6,176,Polarización Extrema (>95%)
23,095,99,28,000001,215,4,220,Polarización Extrema (>95%)
23,095,99,28,000002,187,5,192,Polarización Extrema (>95%)
23,095,99,28,000003,103,0,103,Polarización Extrema (>95%)
23,098,99,40,000001,256,7,269,Polarización Extrema (>95%)
23,098,99,40,000002,268,5,281,Polarización Extrema (>95%)
23,098,99,40,000003,291,0,292,Polarización Extrema (>95%)
23,109,00,00,000034,206,4,212,Polarización Extrema (>95%)
23,109,00,00,000035,202,5,211,Polarización Extrema (>95%)
23,109,99,02,000001,124,0,124,Polarización Extrema (>95%)
23,109,99,02,000002,167,0,167,Polarización Extrema (>95%)
23,109,99,02,000003,87,0,87,Polarización Extrema (>95%)
23,112,99,20,000001,163,0,163,Polarización Extrema (>95%)
23,112,99,30,000001,181,0,181,Polarización Extrema (>95%)
23,115,99,08,000001,238,5,250,Polarización Extrema (>95%)
23,115,99,48,000001,116,1,117,Polarización Extrema (>95%)
23,115,99,56,000001,62,1,65,Polarización Extrema (>95%)
23,125,00,00,000008,211,0,219,Polarización Extrema (>95%)
23,125,00,00,000011,232,1,236,Polarización Extrema (>95%)
23,125,00,00,000012,198,3,204,Polarización Extrema (>95%)
23,125,00,00,000015,137,4,141,Polarización Extrema (>95%)
23,125,99,58,000001,215,0,216,Polarización Extrema (>95%)
23,125,99,70,000001,91,1,94,Polarización Extrema (>95%)
23,127,99,04,000001,95,3,99,Polarización Extrema (>95%)
23,127,99,07,000001,138,1,140,Polarización Extrema (>95%)
23,139,03,03,000016,147,2,151,Polarización Extrema (>95%)
23,139,99,07,000003,182,7,191,Polarización Extrema (>95%)
23,139,99,07,000004,203,5,212,Polarización Extrema (>95%)
23,139,99,11,000001,271,1,272,Polarización Extrema (>95%)
23,139,99,11,000002,310,0,310,Polarización Extrema (>95%)
23,139,99,20,000001,183,0,183,Polarización Extrema (>95%)
23,139,99,20,000002,248,5,259,Polarización Extrema (>95%)
23,139,99,20,000003,226,0,228,Polarización Extrema (>95%)
23,139,99,20,000004,229,0,229,Polarización Extrema (>95%)
23,139,99,20,000005,224,0,226,Polarización Extrema (>95%)
23,139,99,20,000006,66,0,66,Polarización Extrema (>95%)
23,139,99,33,000001,55,0,55,Polarización Extrema (>95%)
23,139,99,34,000001,212,1,215,Polarización Extrema (>95%)
23,139,99,34,000002,212,3,218,Polarización Extrema (>95%)
23,139,99,35,000001,175,0,175,Polarización Extrema (>95%)
23,139,99,35,000002,70,0,70,Polarización Extrema (>95%)
23,139,99,38,000003,219,5,228,Polarización Extrema (>95%)
23,139,99,49,000004,103,1,107,Polarización Extrema (>95%)
23,139,99,50,000001,151,5,158,Polarización Extrema (>95%)
23,139,99,52,000001,205,0,206,Polarización Extrema (>95%)
23,139,99,59,000007,228,3,237,Polarización Extrema (>95%)
23,139,99,59,000008,254,5,262,Polarización Extrema (>95%)
23,139,99,59,000010,216,2,224,Polarización Extrema (>95%)
23,139,99,59,000011,222,6,232,Polarización Extrema (>95%)
23,139,99,59,000012,240,5,251,Polarización Extrema (>95%)
23,139,99,59,000013,221,1,229,Polarización Extrema (>95%)
23,139,99,59,000015,223,2,229,Polarización Extrema (>95%)
23,139,99,59,000016,142,2,145,Polarización Extrema (>95%)
23,139,99,65,000001,174,2,181,Polarización Extrema (>95%)
23,139,99,69,000001,187,0,187,Polarización Extrema (>95%)
23,139,99,73,000001,272,3,277,Polarización Extrema (>95%)
23,139,99,84,000001,189,2,191,Polarización Extrema (>95%)
23,139,99,92,000005,79,3,82,Polarización Extrema (>95%)
23,139,99,98,000001,118,0,119,Polarización Extrema (>95%)
23,139,99,B6,000001,196,2,199,Polarización Extrema (>95%)
23,139,99,C7,000001,242,0,242,Polarización Extrema (>95%)
23,139,99,D6,000001,144,4,148,Polarización Extrema (>95%)
23,139,99,E4,000003,178,2,187,Polarización Extrema (>95%)
23,139,99,F6,000001,176,0,176,Polarización Extrema (>95%)
23,139,99,G9,000001,212,1,213,Polarización Extrema (>95%)
23,139,99,L1,000001,166,0,166,Polarización Extrema (>95%)
23,139,99,L4,000001,107,0,108,Polarización Extrema (>95%)
23,139,99,P3,000001,119,3,122,Polarización Extrema (>95%)
23,139,99,P8,000001,82,0,82,Polarización Extrema (>95%)
23,139,99,V6,000002,91,2,93,Polarización Extrema (>95%)
23,139,99,Y5,000001,235,2,241,Polarización Extrema (>95%)
23,139,99,Y5,000002,306,1,312,Polarización Extrema (>95%)
23,139,99,Y5,000003,276,0,276,Polarización Extrema (>95%)
23,139,99,Y5,000004,208,3,211,Polarización Extrema (>95%)
23,139,99,Z5,000001,99,2,101,Polarización Extrema (>95%)
46,001,03,02,000013,119,119,244,Empate Exacto (Estadísticamente Inviable)
46,001,04,02,000010,110,110,227,Empate Exacto (Estadísticamente Inviable)
03,001,29,04,000005,73,73,146,Empate Exacto (Estadísticamente Inviable)
03,001,29,05,000021,113,113,228,Empate Exacto (Estadísticamente Inviable)
03,001,30,03,000001,52,52,104,Empate Exacto (Estadísticamente Inviable)
03,001,30,03,000012,101,101,204,Empate Exacto (Estadísticamente Inviable)
03,001,31,05,000009,33,33,66,Empate Exacto (Estadísticamente Inviable)
03,001,31,05,000029,53,53,107,Empate Exacto (Estadísticamente Inviable)
03,001,32,04,000004,113,113,235,Empate Exacto (Estadísticamente Inviable)
03,001,33,06,000006,81,159,243,Clonada (Idéntica a mesa anterior)
31,079,09,03,000002,111,111,229,Empate Exacto (Estadísticamente Inviable)
31,088,00,00,000013,110,110,223,Empate Exacto (Estadísticamente Inviable)
31,106,05,03,000001,143,143,293,Empate Exacto (Estadísticamente Inviable)
31,106,06,02,000011,115,115,235,Empate Exacto (Estadísticamente Inviable)
31,106,06,02,000016,113,111,230,Clonada (Idéntica a mesa anterior)
31,106,08,04,000003,111,111,228,Empate Exacto (Estadísticamente Inviable)
40,010,02,02,000011,30,30,65,Empate Exacto (Estadísticamente Inviable)
44,001,01,03,000005,89,176,270,Clonada (Idéntica a mesa anterior)
44,001,04,01,000012,28,28,58,Empate Exacto (Estadísticamente Inviable)
44,003,00,00,000003,138,102,248,Clonada (Idéntica a mesa anterior)
44,016,99,25,000001,68,68,139,Empate Exacto (Estadísticamente Inviable)
01,231,00,00,000021,80,80,162,Empate Exacto (Estadísticamente Inviable)
01,256,01,03,000003,10,284,298,Polarización Extrema (>95%)
01,256,02,01,000011,8,242,253,Polarización Extrema (>95%)
01,259,01,02,000012,82,82,168,Empate Exacto (Estadísticamente Inviable)
01,259,02,02,000008,87,43,135,Clonada (Idéntica a mesa anterior)
01,262,02,01,000021,31,31,64,Empate Exacto (Estadísticamente Inviable)
01,265,00,00,000020,81,81,171,Empate Exacto (Estadísticamente Inviable)
01,283,01,01,000005,27,207,239,Clonada (Idéntica a mesa anterior)
01,291,99,04,000002,59,3,62,Polarización Extrema (>95%)
01,291,99,05,000001,208,8,217,Polarización Extrema (>95%)
01,291,99,05,000002,179,5,185,Polarización Extrema (>95%)
03,001,03,01,000008,110,110,228,Empate Exacto (Estadísticamente Inviable)
03,001,03,04,000002,138,138,278,Empate Exacto (Estadísticamente Inviable)
03,001,07,01,000007,64,64,128,Empate Exacto (Estadísticamente Inviable)
16,001,06,01,000016,57,57,117,Empate Exacto (Estadísticamente Inviable)
16,001,06,02,000006,131,131,267,Empate Exacto (Estadísticamente Inviable)
16,001,06,07,000002,120,120,247,Empate Exacto (Estadísticamente Inviable)
16,001,06,09,000012,134,134,270,Empate Exacto (Estadísticamente Inviable)
16,001,07,01,000003,118,118,240,Empate Exacto (Estadísticamente Inviable)
16,001,07,01,000038,103,103,216,Empate Exacto (Estadísticamente Inviable)
25,094,00,00,000002,9,237,248,Polarización Extrema (>95%)
25,094,00,00,000003,11,218,229,Polarización Extrema (>95%)
25,097,00,00,000003,9,214,225,Polarización Extrema (>95%)
25,037,99,06,000001,142,1,143,Polarización Extrema (>95%)
25,091,99,03,000001,199,8,208,Polarización Extrema (>95%)
68,013,00,00,000001,158,5,164,Polarización Extrema (>95%)
68,013,00,00,000002,66,1,69,Polarización Extrema (>95%)
72,006,99,47,000001,123,3,129,Polarización Extrema (>95%)
72,006,99,94,000001,260,0,260,Polarización Extrema (>95%)
72,006,99,94,000002,208,5,214,Polarización Extrema (>95%)
50,070,99,10,000001,117,0,118,Polarización Extrema (>95%)
23,016,99,05,000002,210,0,217,Polarización Extrema (>95%)
23,016,99,05,000003,87,2,89,Polarización Extrema (>95%)
23,016,99,07,000001,80,1,84,Polarización Extrema (>95%)
23,016,99,17,000001,83,2,85,Polarización Extrema (>95%)
23,016,99,39,000001,214,0,217,Polarización Extrema (>95%)
23,016,99,43,000001,65,0,65,Polarización Extrema (>95%)
23,040,99,38,000001,286,2,293,Polarización Extrema (>95%)
23,040,99,38,000002,264,1,267,Polarización Extrema (>95%)
23,041,99,04,000002,128,3,133,Polarización Extrema (>95%)
23,041,99,15,000001,161,2,169,Polarización Extrema (>95%)
23,041,99,15,000002,240,2,245,Polarización Extrema (>95%)
23,041,99,15,000003,254,3,257,Polarización Extrema (>95%)
23,041,99,15,000004,132,0,132,Polarización Extrema (>95%)
23,041,99,26,000001,202,4,210,Polarización Extrema (>95%)
23,041,99,26,000002,258,4,263,Polarización Extrema (>95%)
23,041,99,26,000003,175,2,178,Polarización Extrema (>95%)
23,067,99,02,000001,278,2,282,Polarización Extrema (>95%)
23,067,99,02,000002,275,3,287,Polarización Extrema (>95%)
23,067,99,03,000010,247,6,255,Polarización Extrema (>95%)
23,080,99,11,000001,292,0,292,Polarización Extrema (>95%)
23,080,99,11,000002,132,1,134,Polarización Extrema (>95%)
23,080,99,22,000001,139,2,142,Polarización Extrema (>95%)
23,080,99,50,000001,251,0,257,Polarización Extrema (>95%)
23,085,99,13,000001,274,4,286,Polarización Extrema (>95%)
23,088,00,00,000003,254,5,263,Polarización Extrema (>95%)
23,088,00,00,000006,212,3,217,Polarización Extrema (>95%)
23,088,00,00,000007,223,2,226,Polarización Extrema (>95%)
23,088,00,00,000008,250,1,251,Polarización Extrema (>95%)
23,088,00,00,000009,233,4,240,Polarización Extrema (>95%)
23,088,00,00,000010,215,4,219,Polarización Extrema (>95%)
23,088,00,00,000011,206,4,212,Polarización Extrema (>95%)
23,088,99,01,000001,161,0,163,Polarización Extrema (>95%)
23,088,99,09,000001,76,0,76,Polarización Extrema (>95%)
23,088,99,10,000001,90,0,90,Polarización Extrema (>95%)
23,094,99,10,000001,155,1,156,Polarización Extrema (>95%)
23,098,99,30,000001,269,0,273,Polarización Extrema (>95%)
23,098,99,30,000002,263,2,268,Polarización Extrema (>95%)
23,098,99,30,000003,243,1,249,Polarización Extrema (>95%)
23,098,99,85,000001,252,2,259,Polarización Extrema (>95%)
23,098,99,85,000002,272,2,277,Polarización Extrema (>95%)
23,098,99,85,000003,255,0,255,Polarización Extrema (>95%)
23,098,99,85,000004,257,3,267,Polarización Extrema (>95%)
23,098,99,85,000005,261,3,265,Polarización Extrema (>95%)
23,112,99,17,000001,226,1,228,Polarización Extrema (>95%)
23,112,99,17,000002,86,0,86,Polarización Extrema (>95%)
23,115,99,46,000001,304,6,313,Polarización Extrema (>95%)
23,125,99,49,000001,212,0,212,Polarización Extrema (>95%)
23,125,99,49,000002,175,0,180,Polarización Extrema (>95%)
23,127,99,09,000001,210,3,217,Polarización Extrema (>95%)
23,139,99,04,000001,135,0,136,Polarización Extrema (>95%)
23,139,99,08,000001,212,2,215,Polarización Extrema (>95%)
23,139,99,08,000002,105,3,110,Polarización Extrema (>95%)
23,139,99,10,000001,290,0,290,Polarización Extrema (>95%)
23,139,99,28,000001,249,2,251,Polarización Extrema (>95%)
23,139,99,45,000003,242,2,246,Polarización Extrema (>95%)
23,139,99,45,000005,219,3,225,Polarización Extrema (>95%)
23,139,99,62,000001,213,1,215,Polarización Extrema (>95%)
23,139,99,64,000001,264,0,264,Polarización Extrema (>95%)
23,139,99,64,000002,102,0,102,Polarización Extrema (>95%)
23,139,99,66,000001,202,0,203,Polarización Extrema (>95%)
23,139,99,66,000002,110,0,110,Polarización Extrema (>95%)
23,139,99,68,000001,271,0,271,Polarización Extrema (>95%)
23,139,99,68,000002,52,0,52,Polarización Extrema (>95%)
23,139,99,78,000002,268,3,282,Polarización Extrema (>95%)
23,139,99,78,000003,265,5,273,Polarización Extrema (>95%)
23,139,99,79,000001,309,0,309,Polarización Extrema (>95%)
23,139,99,79,000002,300,4,306,Polarización Extrema (>95%)
23,139,99,79,000003,313,2,316,Polarización Extrema (>95%)
23,139,99,79,000004,290,0,290,Polarización Extrema (>95%)
23,139,99,79,000005,91,1,93,Polarización Extrema (>95%)
23,139,99,95,000001,148,0,149,Polarización Extrema (>95%)
23,139,99,B7,000002,279,7,291,Polarización Extrema (>95%)
23,139,99,B7,000003,64,1,65,Polarización Extrema (>95%)
23,139,99,D2,000001,131,1,132,Polarización Extrema (>95%)
23,139,99,D5,000001,66,1,67,Polarización Extrema (>95%)
23,139,99,K6,000001,227,4,236,Polarización Extrema (>95%)
23,139,99,L7,000001,123,0,123,Polarización Extrema (>95%)
23,139,99,T3,000001,181,0,181,Polarización Extrema (>95%)
23,139,99,T9,000001,165,0,165,Polarización Extrema (>95%)
23,142,99,29,000004,241,8,251,Polarización Extrema (>95%)
23,142,99,29,000005,231,3,241,Polarización Extrema (>95%)
46,680,99,60,000001,241,5,251,Polarización Extrema (>95%)
46,680,99,60,000002,124,3,129,Polarización Extrema (>95%)
31,079,01,06,000009,161,5,166,Polarización Extrema (>95%)
31,079,99,08,000001,140,140,286,Empate Exacto (Estadísticamente Inviable)
31,106,99,02,000005,118,118,241,Empate Exacto (Estadísticamente Inviable)
44,001,01,01,000016,98,98,205,Empate Exacto (Estadísticamente Inviable)
44,001,04,06,000015,98,98,207,Empate Exacto (Estadísticamente Inviable)
01,262,99,02,000001,2,96,98,Polarización Extrema (>95%)
01,262,99,05,000001,7,261,271,Polarización Extrema (>95%)
03,001,21,01,000006,86,86,174,Empate Exacto (Estadísticamente Inviable)
26,001,06,01,000006,101,101,211,Empate Exacto (Estadísticamente Inviable)
26,001,06,02,000012,105,105,214,Empate Exacto (Estadísticamente Inviable)
25,100,99,21,000001,4,147,154,Polarización Extrema (>95%)
88,305,05,86,000014,122,122,252,Empate Exacto (Estadísticamente Inviable)
88,355,03,02,000012,50,50,102,Empate Exacto (Estadísticamente Inviable)
16,001,07,11,000018,135,135,277,Empate Exacto (Estadísticamente Inviable)
16,001,07,17,000001,131,131,266,Empate Exacto (Estadísticamente Inviable)
26,001,10,02,000036,114,114,240,Empate Exacto (Estadísticamente Inviable)
26,001,10,03,000013,94,94,196,Empate Exacto (Estadísticamente Inviable)
26,010,01,03,000002,92,166,264,Clonada (Idéntica a mesa anterior)
88,355,50,02,000002,35,35,73,Empate Exacto (Estadísticamente Inviable)
88,355,50,02,000004,33,33,66,Empate Exacto (Estadísticamente Inviable)
88,355,65,02,000012,52,52,105,Empate Exacto (Estadísticamente Inviable)
88,355,70,02,000011,9,6,15,Clonada (Idéntica a mesa anterior)
88,360,10,02,000014,47,47,95,Empate Exacto (Estadísticamente Inviable)
27,001,02,01,000023,53,53,109,Empate Exacto (Estadísticamente Inviable)
27,001,04,02,000022,100,100,205,Empate Exacto (Estadísticamente Inviable)
27,001,07,01,000015,115,115,237,Empate Exacto (Estadísticamente Inviable)
27,001,08,03,000025,123,123,258,Empate Exacto (Estadísticamente Inviable)
88,360,40,02,000008,3,60,63,Polarización Extrema (>95%)
88,360,40,05,000006,6,138,144,Polarización Extrema (>95%)
88,360,40,05,000009,7,178,186,Polarización Extrema (>95%)
88,360,40,05,000010,8,173,181,Polarización Extrema (>95%)
88,360,40,05,000013,6,220,228,Polarización Extrema (>95%)
88,360,40,05,000014,6,220,227,Clonada (Idéntica a mesa anterior) | Polarización Extrema (>95%)
88,360,40,08,000006,12,257,270,Polarización Extrema (>95%)
88,360,40,08,000009,9,277,289,Polarización Extrema (>95%)
88,360,40,08,000013,3,302,310,Polarización Extrema (>95%)
88,360,40,08,000014,11,285,297,Polarización Extrema (>95%)
88,360,40,08,000015,11,281,294,Polarización Extrema (>95%)
88,360,40,08,000028,9,234,244,Polarización Extrema (>95%)
88,360,40,81,000003,19,445,466,Polarización Extrema (>95%)
88,360,40,81,000004,15,417,433,Polarización Extrema (>95%)
88,360,40,81,000010,16,350,367,Polarización Extrema (>95%)
88,360,40,81,000011,13,416,430,Polarización Extrema (>95%)
88,360,40,81,000013,12,480,492,Polarización Extrema (>95%)
88,360,40,82,000003,11,407,420,Polarización Extrema (>95%)
88,360,40,82,000004,21,443,466,Polarización Extrema (>95%)
88,360,40,82,000009,9,354,363,Polarización Extrema (>95%)
88,360,40,82,000011,15,517,534,Polarización Extrema (>95%)
88,360,40,82,000014,14,464,481,Polarización Extrema (>95%)
88,360,40,83,000009,4,265,270,Polarización Extrema (>95%)
88,360,40,83,000012,23,540,565,Polarización Extrema (>95%)
88,360,40,83,000013,11,360,375,Polarización Extrema (>95%)
88,360,40,83,000014,5,325,330,Polarización Extrema (>95%)
88,360,40,84,000009,5,247,253,Polarización Extrema (>95%)
88,360,40,84,000014,8,281,292,Polarización Extrema (>95%)
88,360,40,85,000011,21,427,449,Polarización Extrema (>95%)
88,360,40,85,000012,20,606,633,Polarización Extrema (>95%)
88,360,40,86,000011,13,298,313,Polarización Extrema (>95%)
88,360,40,86,000015,15,393,411,Polarización Extrema (>95%)
88,360,40,86,000016,22,454,476,Polarización Extrema (>95%)
88,360,55,02,000010,48,48,104,Empate Exacto (Estadísticamente Inviable)
88,360,55,07,000034,46,46,93,Empate Exacto (Estadísticamente Inviable)
88,360,59,02,000016,1,84,85,Polarización Extrema (>95%)
88,360,59,05,000005,18,359,377,Polarización Extrema (>95%)
15,109,03,09,000006,94,94,194,Empate Exacto (Estadísticamente Inviable)
21,055,99,40,000001,194,8,204,Polarización Extrema (>95%)
21,055,99,40,000002,183,6,191,Polarización Extrema (>95%)
21,060,99,10,000002,88,88,177,Empate Exacto (Estadísticamente Inviable)
23,016,99,06,000001,177,5,185,Polarización Extrema (>95%)
23,016,99,13,000001,71,0,71,Polarización Extrema (>95%)
23,016,99,45,000001,103,2,107,Polarización Extrema (>95%)
23,041,99,35,000001,207,3,212,Polarización Extrema (>95%)
23,047,99,26,000001,207,0,207,Polarización Extrema (>95%)
23,047,99,31,000001,53,1,54,Polarización Extrema (>95%)
23,091,99,17,000001,72,1,73,Polarización Extrema (>95%)
23,094,99,26,000001,189,0,189,Polarización Extrema (>95%)
23,095,99,10,000001,98,2,100,Polarización Extrema (>95%)
23,095,99,15,000001,121,2,123,Polarización Extrema (>95%)
23,095,99,18,000001,173,1,174,Polarización Extrema (>95%)
23,095,99,18,000002,162,5,167,Polarización Extrema (>95%)
23,095,99,30,000001,160,1,164,Polarización Extrema (>95%)
23,095,99,36,000001,236,0,240,Polarización Extrema (>95%)
23,109,99,09,000001,168,5,176,Polarización Extrema (>95%)
23,112,99,09,000001,100,0,100,Polarización Extrema (>95%)
23,112,99,18,000001,141,0,141,Polarización Extrema (>95%)
23,112,99,23,000001,217,0,219,Polarización Extrema (>95%)
23,112,99,25,000001,220,0,220,Polarización Extrema (>95%)
23,124,99,60,000001,285,7,296,Polarización Extrema (>95%)
23,124,99,60,000002,52,2,54,Polarización Extrema (>95%)
23,125,99,03,000001,63,0,64,Polarización Extrema (>95%)
23,125,99,47,000001,90,0,91,Polarización Extrema (>95%)
23,139,99,27,000001,129,3,134,Polarización Extrema (>95%)
23,139,99,37,000001,121,0,121,Polarización Extrema (>95%)
23,139,99,40,000001,226,4,232,Polarización Extrema (>95%)
23,139,99,53,000001,277,0,277,Polarización Extrema (>95%)
23,139,99,54,000001,80,0,80,Polarización Extrema (>95%)
23,139,99,58,000001,176,0,176,Polarización Extrema (>95%)
23,139,99,67,000001,103,0,103,Polarización Extrema (>95%)
23,139,99,70,000001,244,1,245,Polarización Extrema (>95%)
23,139,99,70,000002,268,1,269,Polarización Extrema (>95%)
23,139,99,70,000003,143,0,143,Polarización Extrema (>95%)
23,139,99,93,000001,115,0,115,Polarización Extrema (>95%)
23,139,99,B9,000001,139,1,140,Polarización Extrema (>95%)
23,139,99,C1,000002,84,2,86,Polarización Extrema (>95%)
23,139,99,C4,000001,248,3,251,Polarización Extrema (>95%)
23,139,99,E1,000001,91,0,91,Polarización Extrema (>95%)
23,139,99,E3,000001,298,0,298,Polarización Extrema (>95%)
23,139,99,H2,000001,96,0,96,Polarización Extrema (>95%)
23,139,99,P4,000001,287,0,287,Polarización Extrema (>95%)
23,139,99,X3,000001,178,6,186,Polarización Extrema (>95%)
23,139,99,X3,000002,152,3,156,Polarización Extrema (>95%)
46,560,99,85,000001,5,128,134,Polarización Extrema (>95%)
40,010,99,27,000001,190,1,192,Polarización Extrema (>95%)
01,262,99,13,000001,2,90,94,Polarización Extrema (>95%)
01,283,99,17,000001,106,3,111,Polarización Extrema (>95%)
01,291,99,20,000001,162,5,168,Polarización Extrema (>95%)
16,001,06,24,000003,156,156,323,Empate Exacto (Estadísticamente Inviable)
12,720,99,86,000001,259,1,265,Polarización Extrema (>95%)
31,019,99,64,000001,202,0,205,Polarización Extrema (>95%)
31,019,99,67,000001,278,0,278,Polarización Extrema (>95%)
31,019,99,67,000002,240,0,240,Polarización Extrema (>95%)
25,082,99,09,000001,4,164,169,Polarización Extrema (>95%)
64,002,99,60,000002,175,7,184,Polarización Extrema (>95%)
64,023,99,08,000002,123,1,126,Polarización Extrema (>95%)
68,017,99,01,000001,57,1,58,Polarización Extrema (>95%)
72,006,99,98,000001,194,0,200,Polarización Extrema (>95%)
52,043,99,88,000001,281,2,284,Polarización Extrema (>95%)
23,016,99,18,000001,225,7,235,Polarización Extrema (>95%)
23,016,99,35,000001,232,0,233,Polarización Extrema (>95%)
23,016,99,36,000001,60,0,60,Polarización Extrema (>95%)
23,040,99,09,000001,126,5,131,Polarización Extrema (>95%)
23,041,99,17,000001,172,2,179,Polarización Extrema (>95%)
23,041,99,60,000001,235,1,237,Polarización Extrema (>95%)
23,078,99,03,000002,125,4,130,Polarización Extrema (>95%)
23,078,99,35,000001,120,3,124,Polarización Extrema (>95%)
23,088,99,07,000001,272,5,278,Polarización Extrema (>95%)
23,088,99,07,000002,65,0,67,Polarización Extrema (>95%)
23,088,99,20,000001,92,1,93,Polarización Extrema (>95%)
23,094,99,01,000001,100,0,100,Polarización Extrema (>95%)
23,095,99,05,000001,128,5,134,Polarización Extrema (>95%)
23,098,99,45,000001,215,3,224,Polarización Extrema (>95%)
23,098,99,80,000001,277,0,277,Polarización Extrema (>95%)
23,098,99,80,000002,255,1,256,Polarización Extrema (>95%)
23,098,99,80,000003,272,0,272,Polarización Extrema (>95%)
23,112,99,35,000001,212,0,212,Polarización Extrema (>95%)
23,112,99,80,000001,192,1,194,Polarización Extrema (>95%)
23,125,99,45,000001,84,1,87,Polarización Extrema (>95%)
23,127,99,05,000002,201,2,207,Polarización Extrema (>95%)
23,139,99,06,000001,112,3,116,Polarización Extrema (>95%)
23,139,99,12,000001,53,1,54,Polarización Extrema (>95%)
23,139,99,23,000001,95,0,95,Polarización Extrema (>95%)
23,139,99,36,000001,175,0,175,Polarización Extrema (>95%)
23,139,99,42,000001,215,1,216,Polarización Extrema (>95%)
23,139,99,74,000001,134,0,134,Polarización Extrema (>95%)
23,139,99,94,000001,132,0,132,Polarización Extrema (>95%)
23,139,99,A7,000001,120,3,124,Polarización Extrema (>95%)
23,139,99,B4,000001,151,3,157,Polarización Extrema (>95%)
23,139,99,C5,000001,278,0,278,Polarización Extrema (>95%)
23,139,99,F3,000001,123,0,123,Polarización Extrema (>95%)
46,001,99,17,000001,8,178,186,Polarización Extrema (>95%)
01,262,99,04,000001,4,128,133,Polarización Extrema (>95%)
31,019,99,49,000001,214,0,214,Polarización Extrema (>95%)
31,019,99,49,000002,112,0,112,Polarización Extrema (>95%)
31,019,99,58,000001,267,0,267,Polarización Extrema (>95%)
31,019,99,58,000002,53,0,53,Polarización Extrema (>95%)
25,076,99,55,000001,74,1,77,Polarización Extrema (>95%)
25,076,99,60,000001,157,3,161,Polarización Extrema (>95%)
68,001,99,19,000001,156,3,160,Polarización Extrema (>95%)
68,001,99,19,000002,59,1,61,Polarización Extrema (>95%)
72,001,99,45,000001,59,3,62,Polarización Extrema (>95%)
23,016,99,19,000001,70,0,70,Polarización Extrema (>95%)
23,016,99,22,000001,95,0,95,Polarización Extrema (>95%)
23,039,99,50,000001,97,0,101,Polarización Extrema (>95%)
23,040,99,27,000001,199,2,208,Polarización Extrema (>95%)
23,041,99,05,000001,204,0,210,Polarización Extrema (>95%)
23,041,99,07,000001,131,0,131,Polarización Extrema (>95%)
23,041,99,11,000001,269,0,269,Polarización Extrema (>95%)
23,041,99,11,000002,85,0,85,Polarización Extrema (>95%)
23,080,99,13,000001,257,2,262,Polarización Extrema (>95%)
23,080,99,13,000002,267,3,277,Polarización Extrema (>95%)
23,080,99,13,000003,273,0,283,Polarización Extrema (>95%)
23,080,99,13,000004,220,1,224,Polarización Extrema (>95%)
23,088,99,17,000001,99,0,99,Polarización Extrema (>95%)
23,094,99,15,000002,60,2,62,Polarización Extrema (>95%)
23,094,99,30,000001,131,0,131,Polarización Extrema (>95%)
23,094,99,34,000001,155,0,155,Polarización Extrema (>95%)
23,098,99,60,000001,247,0,249,Polarización Extrema (>95%)
23,112,00,00,000001,191,0,194,Polarización Extrema (>95%)
23,112,00,00,000006,208,3,212,Polarización Extrema (>95%)
23,112,00,00,000007,204,4,208,Polarización Extrema (>95%)
23,112,00,00,000008,218,5,223,Polarización Extrema (>95%)
23,112,00,00,000009,226,2,228,Polarización Extrema (>95%)
23,112,00,00,000010,233,3,236,Polarización Extrema (>95%)
23,112,00,00,000012,122,1,123,Polarización Extrema (>95%)
23,112,99,05,000001,70,1,71,Polarización Extrema (>95%)
23,112,99,21,000001,284,0,284,Polarización Extrema (>95%)
23,112,99,21,000002,296,0,296,Polarización Extrema (>95%)
23,112,99,21,000003,293,0,293,Polarización Extrema (>95%)
23,112,99,21,000004,117,0,117,Polarización Extrema (>95%)
23,115,99,02,000001,185,3,189,Polarización Extrema (>95%)
23,115,99,15,000001,157,0,159,Polarización Extrema (>95%)
23,139,99,15,000003,97,2,102,Polarización Extrema (>95%)
23,139,99,39,000001,96,5,101,Polarización Extrema (>95%)
23,139,99,51,000001,173,1,175,Polarización Extrema (>95%)
23,139,99,75,000001,205,3,209,Polarización Extrema (>95%)
23,139,99,80,000001,259,0,259,Polarización Extrema (>95%)
23,139,99,87,000001,122,0,122,Polarización Extrema (>95%)
23,139,99,90,000001,275,0,276,Polarización Extrema (>95%)
23,139,99,90,000002,273,3,276,Polarización Extrema (>95%)
23,139,99,96,000001,273,2,275,Polarización Extrema (>95%)
23,139,99,96,000002,240,0,240,Polarización Extrema (>95%)
23,139,99,A1,000001,182,2,184,Polarización Extrema (>95%)
23,139,99,A1,000002,94,2,96,Polarización Extrema (>95%)
23,139,99,A5,000001,95,0,95,Polarización Extrema (>95%)
23,139,99,D1,000001,299,4,306,Polarización Extrema (>95%)
23,139,99,E8,000001,102,0,103,Polarización Extrema (>95%)
23,139,99,E9,000001,109,0,109,Polarización Extrema (>95%)
23,139,99,Q6,000001,116,0,117,Polarización Extrema (>95%)
23,139,99,W8,000001,117,0,117,Polarización Extrema (>95%)
44,022,99,25,000001,65,2,67,Polarización Extrema (>95%)
44,022,99,30,000001,73,0,73,Polarización Extrema (>95%)
25,007,99,09,000001,8,245,254,Polarización Extrema (>95%)
88,165,03,86,000001,56,56,117,Empate Exacto (Estadísticamente Inviable)
27,001,19,03,000007,105,105,219,Empate Exacto (Estadísticamente Inviable)
23,016,99,48,000001,223,0,224,Polarización Extrema (>95%)
23,016,99,81,000001,71,0,71,Polarización Extrema (>95%)
23,041,99,20,000001,215,0,216,Polarización Extrema (>95%)
23,088,99,60,000001,103,0,103,Polarización Extrema (>95%)
23,095,99,08,000001,64,0,64,Polarización Extrema (>95%)
23,109,99,10,000001,63,3,66,Polarización Extrema (>95%)
23,115,99,60,000001,102,1,104,Polarización Extrema (>95%)
23,139,99,02,000001,160,0,160,Polarización Extrema (>95%)
23,139,99,09,000001,219,5,224,Polarización Extrema (>95%)
23,139,99,41,000001,138,0,138,Polarización Extrema (>95%)
23,139,99,57,000001,79,0,79,Polarización Extrema (>95%)
23,139,99,A2,000001,90,1,92,Polarización Extrema (>95%)
23,139,99,A9,000001,163,3,167,Polarización Extrema (>95%)
23,139,99,C3,000001,149,2,152,Polarización Extrema (>95%)
23,139,99,E2,000001,109,0,109,Polarización Extrema (>95%)
23,139,99,W4,000001,97,1,99,Polarización Extrema (>95%)
46,680,99,55,000001,6,239,250,Polarización Extrema (>95%)
27,001,01,05,000002,87,87,185,Empate Exacto (Estadísticamente Inviable)
01,184,99,01,000001,85,3,88,Polarización Extrema (>95%)
31,019,99,51,000001,142,2,147,Polarización Extrema (>95%)
25,022,99,12,000001,192,4,200,Polarización Extrema (>95%)
25,022,99,12,000002,145,1,151,Polarización Extrema (>95%)
25,037,99,02,000001,130,1,132,Polarización Extrema (>95%)
25,076,99,80,000001,218,4,225,Polarización Extrema (>95%)
25,088,99,03,000001,1,152,155,Polarización Extrema (>95%)
64,002,99,20,000001,194,4,204,Polarización Extrema (>95%)
64,002,99,20,000002,214,3,220,Polarización Extrema (>95%)
64,030,99,01,000001,114,4,118,Polarización Extrema (>95%)
68,001,99,15,000001,146,3,149,Polarización Extrema (>95%)
72,006,99,90,000001,165,4,169,Polarización Extrema (>95%)
72,006,99,90,000002,155,4,159,Polarización Extrema (>95%)
31,019,99,34,000001,150,1,151,Polarización Extrema (>95%)
31,019,99,81,000001,102,2,107,Polarización Extrema (>95%)
88,360,60,04,000004,156,156,315,Empate Exacto (Estadísticamente Inviable)
52,074,99,21,000001,254,4,261,Polarización Extrema (>95%)
31,019,99,02,000001,224,0,224,Polarización Extrema (>95%)
31,019,99,25,000001,127,3,130,Polarización Extrema (>95%)
31,019,99,43,000001,106,0,106,Polarización Extrema (>95%)
25,037,99,33,000001,77,2,80,Polarización Extrema (>95%)
54,007,99,25,000001,72,0,72,Polarización Extrema (>95%)
60,019,00,00,000001,91,1,92,Polarización Extrema (>95%)
25,076,99,16,000001,194,6,200,Polarización Extrema (>95%)
64,004,99,25,000001,80,2,84,Polarización Extrema (>95%)
68,013,99,01,000001,135,0,135,Polarización Extrema (>95%)
68,022,99,50,000001,138,3,144,Polarización Extrema (>95%)
23,016,99,80,000001,90,0,92,Polarización Extrema (>95%)
23,039,99,55,000001,207,2,209,Polarización Extrema (>95%)
23,040,99,34,000001,213,9,224,Polarización Extrema (>95%)
23,041,99,13,000001,164,2,168,Polarización Extrema (>95%)
23,041,99,33,000001,226,1,227,Polarización Extrema (>95%)
23,047,99,70,000001,193,1,195,Polarización Extrema (>95%)
23,047,99,80,000001,110,0,111,Polarización Extrema (>95%)
23,047,99,90,000001,93,0,93,Polarización Extrema (>95%)
23,088,99,03,000001,67,0,67,Polarización Extrema (>95%)
23,094,99,09,000001,167,3,170,Polarización Extrema (>95%)
23,109,99,15,000001,62,1,63,Polarización Extrema (>95%)
23,112,99,03,000001,136,2,138,Polarización Extrema (>95%)
23,112,99,15,000001,164,2,167,Polarización Extrema (>95%)
23,124,99,21,000001,277,4,286,Polarización Extrema (>95%)
23,139,99,22,000001,88,0,88,Polarización Extrema (>95%)
23,139,99,30,000002,255,4,263,Polarización Extrema (>95%)
23,139,99,85,000001,69,0,69,Polarización Extrema (>95%)
23,139,99,91,000001,319,0,319,Polarización Extrema (>95%)
23,139,99,91,000002,89,0,90,Polarización Extrema (>95%)
23,139,99,B8,000001,77,0,77,Polarización Extrema (>95%)
23,139,99,K7,000001,85,1,87,Polarización Extrema (>95%)
23,139,99,M3,000001,275,5,280,Polarización Extrema (>95%)
23,142,99,15,000001,242,6,251,Polarización Extrema (>95%)
44,016,99,51,000001,279,0,279,Polarización Extrema (>95%)
44,016,99,51,000002,102,1,105,Polarización Extrema (>95%)
23,016,99,20,000001,89,0,89,Polarización Extrema (>95%)
23,016,99,46,000001,248,2,252,Polarización Extrema (>95%)
23,016,99,46,000002,96,0,96,Polarización Extrema (>95%)
23,080,99,23,000001,164,0,165,Polarización Extrema (>95%)
23,095,99,16,000001,194,0,194,Polarización Extrema (>95%)
23,112,99,13,000001,104,0,104,Polarización Extrema (>95%)
23,127,99,08,000001,291,4,304,Polarización Extrema (>95%)
23,127,99,08,000002,60,0,62,Polarización Extrema (>95%)
23,139,99,21,000001,95,0,95,Polarización Extrema (>95%)
23,139,99,25,000001,141,1,143,Polarización Extrema (>95%)
23,139,99,44,000001,76,0,76,Polarización Extrema (>95%)
23,139,99,82,000001,175,1,177,Polarización Extrema (>95%)
23,139,99,Q2,000001,168,3,175,Polarización Extrema (>95%)
23,039,99,70,000001,264,0,264,Polarización Extrema (>95%)
23,039,99,70,000002,202,0,204,Polarización Extrema (>95%)
23,080,99,17,000001,272,0,274,Polarización Extrema (>95%)
23,080,99,17,000002,252,1,264,Polarización Extrema (>95%)
23,109,99,06,000001,159,1,160,Polarización Extrema (>95%)
23,125,99,37,000001,192,0,192,Polarización Extrema (>95%)
23,125,99,37,000002,99,0,99,Polarización Extrema (>95%)
23,139,99,31,000001,209,3,213,Polarización Extrema (>95%)
23,139,99,81,000001,193,2,195,Polarización Extrema (>95%)
23,139,99,B2,000001,116,1,118,Polarización Extrema (>95%)
23,139,99,D3,000001,201,0,202,Polarización Extrema (>95%)
23,139,99,E5,000001,193,4,199,Polarización Extrema (>95%)
23,139,99,K9,000001,77,0,77,Polarización Extrema (>95%)
23,139,99,L6,000001,141,1,145,Polarización Extrema (>95%)
23,139,99,N6,000001,218,6,226,Polarización Extrema (>95%)
23,139,99,W2,000001,186,2,194,Polarización Extrema (>95%)
23,016,99,49,000001,77,2,79,Polarización Extrema (>95%)
23,078,99,05,000001,162,1,163,Polarización Extrema (>95%)
23,088,99,04,000001,78,0,78,Polarización Extrema (>95%)
23,088,99,40,000001,162,2,164,Polarización Extrema (>95%)
23,088,99,45,000001,172,0,172,Polarización Extrema (>95%)
23,112,99,06,000001,169,7,176,Polarización Extrema (>95%)
23,139,99,14,000001,304,0,304,Polarización Extrema (>95%)
23,139,99,43,000001,310,0,310,Polarización Extrema (>95%)
23,139,99,43,000002,171,0,171,Polarización Extrema (>95%)
40,025,99,61,000001,194,1,198,Polarización Extrema (>95%)
88,355,50,83,000001,237,237,487,Empate Exacto (Estadísticamente Inviable)
23,010,99,12,000001,77,1,78,Polarización Extrema (>95%)
23,016,99,21,000001,166,0,166,Polarización Extrema (>95%)
23,016,99,90,000001,155,2,158,Polarización Extrema (>95%)
23,039,99,20,000001,274,0,274,Polarización Extrema (>95%)
23,039,99,20,000002,150,0,150,Polarización Extrema (>95%)
23,047,99,50,000001,98,0,98,Polarización Extrema (>95%)
23,085,99,06,000001,132,1,137,Polarización Extrema (>95%)
23,094,99,20,000001,123,0,124,Polarización Extrema (>95%)
23,095,99,34,000001,99,0,99,Polarización Extrema (>95%)
23,109,99,25,000001,106,1,110,Polarización Extrema (>95%)
23,112,99,01,000001,127,2,129,Polarización Extrema (>95%)
23,112,99,40,000001,159,4,164,Polarización Extrema (>95%)
23,139,99,01,000001,186,0,186,Polarización Extrema (>95%)
23,139,99,F7,000001,84,0,84,Polarización Extrema (>95%)
23,139,99,H6,000001,84,2,87,Polarización Extrema (>95%)
23,139,99,H9,000001,67,0,67,Polarización Extrema (>95%)
23,139,99,PO,000001,195,3,198,Polarización Extrema (>95%)
23,139,99,S8,000001,118,0,118,Polarización Extrema (>95%)
23,139,99,U6,000001,64,0,64,Polarización Extrema (>95%)
23,139,99,X1,000001,94,1,95,Polarización Extrema (>95%)
23,016,99,78,000001,78,0,78,Polarización Extrema (>95%)
23,112,99,65,000001,177,3,185,Polarización Extrema (>95%)
23,115,99,05,000001,199,1,207,Polarización Extrema (>95%)
23,125,99,20,000001,159,0,159,Polarización Extrema (>95%)
23,139,99,32,000001,95,0,97,Polarización Extrema (>95%)
23,139,99,46,000001,176,5,183,Polarización Extrema (>95%)
23,139,99,H1,000001,70,0,70,Polarización Extrema (>95%)
23,016,99,02,000001,99,0,99,Polarización Extrema (>95%)
23,016,99,65,000001,63,0,63,Polarización Extrema (>95%)
23,037,99,17,000001,166,0,166,Polarización Extrema (>95%)
23,088,99,14,000001,51,0,51,Polarización Extrema (>95%)
23,139,99,05,000001,126,0,126,Polarización Extrema (>95%)
23,139,99,13,000001,285,1,288,Polarización Extrema (>95%)
23,139,99,A6,000001,244,0,244,Polarización Extrema (>95%)
23,139,99,A8,000001,111,0,111,Polarización Extrema (>95%)
23,139,99,R3,000001,118,0,118,Polarización Extrema (>95%)
23,139,99,W9,000001,111,0,111,Polarización Extrema (>95%)
23,041,99,34,000001,215,4,220,Polarización Extrema (>95%)
23,047,99,40,000001,73,0,73,Polarización Extrema (>95%)
23,088,99,21,000001,101,0,101,Polarización Extrema (>95%)
23,109,99,40,000001,106,5,111,Polarización Extrema (>95%)
23,139,99,56,000001,67,1,70,Polarización Extrema (>95%)
23,139,99,63,000001,88,0,88,Polarización Extrema (>95%)
23,139,99,83,000001,153,1,154,Polarización Extrema (>95%)
23,139,99,W3,000001,117,4,122,Polarización Extrema (>95%)
23,139,99,W6,000001,71,0,71,Polarización Extrema (>95%)
23,139,99,17,000001,316,3,321,Polarización Extrema (>95%)
23,139,99,17,000002,75,0,75,Polarización Extrema (>95%)
23,016,99,37,000001,189,2,194,Polarización Extrema (>95%)
