cod_departamento,cod_municipio,zona,puesto,num_mesa,votos_espriella,digito_inicial,alerta
05,076,02,02,000015,85,8,RELLENO_NACIONAL_BENFORD
05,078,99,40,000001,84,8,RELLENO_NACIONAL_BENFORD
05,079,01,01,000019,86,8,RELLENO_NACIONAL_BENFORD
05,079,01,02,000002,96,9,RELLENO_NACIONAL_BENFORD
05,079,02,02,000007,98,9,RELLENO_NACIONAL_BENFORD
05,079,02,03,000007,99,9,RELLENO_NACIONAL_BENFORD
05,079,02,04,000003,80,8,RELLENO_NACIONAL_BENFORD
05,082,00,00,000010,98,9,RELLENO_NACIONAL_BENFORD
05,082,99,25,000001,93,9,RELLENO_NACIONAL_BENFORD
05,084,00,00,000008,83,8,RELLENO_NACIONAL_BENFORD
05,084,00,00,000048,91,9,RELLENO_NACIONAL_BENFORD
05,094,00,00,000020,96,9,RELLENO_NACIONAL_BENFORD
05,110,00,00,000009,84,8,RELLENO_NACIONAL_BENFORD
05,118,02,02,000007,93,9,RELLENO_NACIONAL_BENFORD
05,118,02,03,000002,86,8,RELLENO_NACIONAL_BENFORD
05,118,02,04,000001,82,8,RELLENO_NACIONAL_BENFORD
16,001,10,01,000013,84,8,RELLENO_NACIONAL_BENFORD
16,001,10,03,000020,96,9,RELLENO_NACIONAL_BENFORD
16,001,10,03,000025,92,9,RELLENO_NACIONAL_BENFORD
16,001,10,03,000026,93,9,RELLENO_NACIONAL_BENFORD
16,001,10,05,000011,85,8,RELLENO_NACIONAL_BENFORD
16,001,10,06,000018,81,8,RELLENO_NACIONAL_BENFORD
16,001,10,06,000019,88,8,RELLENO_NACIONAL_BENFORD
16,001,10,06,000023,91,9,RELLENO_NACIONAL_BENFORD
16,001,10,08,000019,93,9,RELLENO_NACIONAL_BENFORD
16,001,10,12,000038,89,8,RELLENO_NACIONAL_BENFORD
16,001,10,12,000044,98,9,RELLENO_NACIONAL_BENFORD
16,001,10,16,000026,97,9,RELLENO_NACIONAL_BENFORD
16,001,10,18,000016,91,9,RELLENO_NACIONAL_BENFORD
16,001,10,18,000020,88,8,RELLENO_NACIONAL_BENFORD
16,001,10,19,000023,81,8,RELLENO_NACIONAL_BENFORD
16,001,10,23,000015,87,8,RELLENO_NACIONAL_BENFORD
16,001,10,25,000026,83,8,RELLENO_NACIONAL_BENFORD
16,001,10,25,000028,94,9,RELLENO_NACIONAL_BENFORD
16,001,10,26,000031,86,8,RELLENO_NACIONAL_BENFORD
16,001,10,28,000024,83,8,RELLENO_NACIONAL_BENFORD
16,001,10,32,000014,81,8,RELLENO_NACIONAL_BENFORD
16,001,10,34,000025,86,8,RELLENO_NACIONAL_BENFORD
16,001,10,37,000017,95,9,RELLENO_NACIONAL_BENFORD
16,001,10,38,000014,92,9,RELLENO_NACIONAL_BENFORD
16,001,10,38,000015,94,9,RELLENO_NACIONAL_BENFORD
16,001,10,39,000013,85,8,RELLENO_NACIONAL_BENFORD
16,001,10,40,000035,97,9,RELLENO_NACIONAL_BENFORD
27,082,01,01,000028,86,8,RELLENO_NACIONAL_BENFORD
27,082,01,02,000016,91,9,RELLENO_NACIONAL_BENFORD
27,082,03,01,000006,92,9,RELLENO_NACIONAL_BENFORD
27,082,06,05,000012,92,9,RELLENO_NACIONAL_BENFORD
27,082,08,01,000020,89,8,RELLENO_NACIONAL_BENFORD
27,082,08,01,000021,92,9,RELLENO_NACIONAL_BENFORD
88,590,05,02,000008,97,9,RELLENO_NACIONAL_BENFORD
88,590,05,02,000020,96,9,RELLENO_NACIONAL_BENFORD
88,590,20,81,000001,98,9,RELLENO_NACIONAL_BENFORD
88,655,05,02,000024,88,8,RELLENO_NACIONAL_BENFORD
88,665,05,02,000002,8,8,RELLENO_NACIONAL_BENFORD
88,680,05,83,000001,97,9,RELLENO_NACIONAL_BENFORD
88,680,05,85,000001,92,9,RELLENO_NACIONAL_BENFORD
88,760,05,81,000001,90,9,RELLENO_NACIONAL_BENFORD
88,805,05,86,000001,88,8,RELLENO_NACIONAL_BENFORD
88,815,05,02,000053,8,8,RELLENO_NACIONAL_BENFORD
88,815,05,82,000003,86,8,RELLENO_NACIONAL_BENFORD
88,815,35,02,000027,8,8,RELLENO_NACIONAL_BENFORD
01,001,01,02,000034,86,8,RELLENO_NACIONAL_BENFORD
01,001,01,04,000020,95,9,RELLENO_NACIONAL_BENFORD
01,001,02,05,000004,96,9,RELLENO_NACIONAL_BENFORD
01,001,03,01,000028,94,9,RELLENO_NACIONAL_BENFORD
01,001,03,02,000039,90,9,RELLENO_NACIONAL_BENFORD
01,001,03,03,000017,87,8,RELLENO_NACIONAL_BENFORD
01,001,03,04,000008,90,9,RELLENO_NACIONAL_BENFORD
01,001,06,01,000030,96,9,RELLENO_NACIONAL_BENFORD
01,001,06,03,000013,94,9,RELLENO_NACIONAL_BENFORD
01,001,06,03,000019,92,9,RELLENO_NACIONAL_BENFORD
01,001,06,03,000020,93,9,RELLENO_NACIONAL_BENFORD
01,001,06,03,000022,93,9,RELLENO_NACIONAL_BENFORD
01,001,07,02,000027,95,9,RELLENO_NACIONAL_BENFORD
01,001,07,03,000029,93,9,RELLENO_NACIONAL_BENFORD
01,001,07,03,000030,97,9,RELLENO_NACIONAL_BENFORD
01,001,07,04,000034,96,9,RELLENO_NACIONAL_BENFORD
01,001,07,06,000007,84,8,RELLENO_NACIONAL_BENFORD
01,001,08,02,000015,91,9,RELLENO_NACIONAL_BENFORD
01,001,08,03,000029,88,8,RELLENO_NACIONAL_BENFORD
01,001,08,03,000038,82,8,RELLENO_NACIONAL_BENFORD
01,001,08,04,000029,84,8,RELLENO_NACIONAL_BENFORD
01,001,09,01,000023,99,9,RELLENO_NACIONAL_BENFORD
01,001,09,06,000004,84,8,RELLENO_NACIONAL_BENFORD
01,001,10,01,000037,98,9,RELLENO_NACIONAL_BENFORD
01,001,10,02,000046,84,8,RELLENO_NACIONAL_BENFORD
01,001,10,06,000006,83,8,RELLENO_NACIONAL_BENFORD
01,001,11,01,000028,96,9,RELLENO_NACIONAL_BENFORD
01,001,12,02,000026,87,8,RELLENO_NACIONAL_BENFORD
01,001,12,08,000008,87,8,RELLENO_NACIONAL_BENFORD
01,001,13,01,000020,97,9,RELLENO_NACIONAL_BENFORD
01,001,13,03,000013,96,9,RELLENO_NACIONAL_BENFORD
01,001,13,05,000010,85,8,RELLENO_NACIONAL_BENFORD
01,001,13,05,000011,87,8,RELLENO_NACIONAL_BENFORD
01,001,13,07,000010,81,8,RELLENO_NACIONAL_BENFORD
01,001,13,07,000016,94,9,RELLENO_NACIONAL_BENFORD
01,001,14,02,000026,82,8,RELLENO_NACIONAL_BENFORD
01,001,14,02,000031,80,8,RELLENO_NACIONAL_BENFORD
01,001,17,02,000023,97,9,RELLENO_NACIONAL_BENFORD
01,001,17,04,000039,84,8,RELLENO_NACIONAL_BENFORD
01,001,18,01,000014,93,9,RELLENO_NACIONAL_BENFORD
01,001,18,01,000019,97,9,RELLENO_NACIONAL_BENFORD
01,001,18,02,000026,87,8,RELLENO_NACIONAL_BENFORD
01,001,18,05,000004,96,9,RELLENO_NACIONAL_BENFORD
01,001,19,04,000037,81,8,RELLENO_NACIONAL_BENFORD
01,001,20,02,000039,94,9,RELLENO_NACIONAL_BENFORD
01,001,20,03,000015,82,8,RELLENO_NACIONAL_BENFORD
01,001,25,03,000015,87,8,RELLENO_NACIONAL_BENFORD
01,001,25,03,000017,88,8,RELLENO_NACIONAL_BENFORD
01,001,25,06,000003,88,8,RELLENO_NACIONAL_BENFORD
01,001,26,01,000033,96,9,RELLENO_NACIONAL_BENFORD
01,001,26,05,000012,80,8,RELLENO_NACIONAL_BENFORD
01,001,26,07,000011,82,8,RELLENO_NACIONAL_BENFORD
01,001,32,01,000021,96,9,RELLENO_NACIONAL_BENFORD
27,019,01,05,000009,88,8,RELLENO_NACIONAL_BENFORD
27,019,03,01,000004,81,8,RELLENO_NACIONAL_BENFORD
27,019,03,04,000004,94,9,RELLENO_NACIONAL_BENFORD
27,019,03,08,000002,83,8,RELLENO_NACIONAL_BENFORD
27,019,04,03,000001,94,9,RELLENO_NACIONAL_BENFORD
27,019,05,01,000010,91,9,RELLENO_NACIONAL_BENFORD
27,019,05,05,000001,87,8,RELLENO_NACIONAL_BENFORD
27,019,06,01,000003,89,8,RELLENO_NACIONAL_BENFORD
27,019,06,01,000007,82,8,RELLENO_NACIONAL_BENFORD
27,019,06,02,000008,86,8,RELLENO_NACIONAL_BENFORD
27,019,07,03,000003,90,9,RELLENO_NACIONAL_BENFORD
27,019,99,A1,000001,99,9,RELLENO_NACIONAL_BENFORD
27,022,99,25,000002,8,8,RELLENO_NACIONAL_BENFORD
27,037,99,75,000001,86,8,RELLENO_NACIONAL_BENFORD
27,045,01,01,000015,95,9,RELLENO_NACIONAL_BENFORD
27,045,99,13,000002,8,8,RELLENO_NACIONAL_BENFORD
27,052,99,01,000001,95,9,RELLENO_NACIONAL_BENFORD
27,091,01,03,000010,82,8,RELLENO_NACIONAL_BENFORD
27,091,01,07,000008,84,8,RELLENO_NACIONAL_BENFORD
27,091,01,07,000009,80,8,RELLENO_NACIONAL_BENFORD
27,091,02,02,000010,93,9,RELLENO_NACIONAL_BENFORD
27,091,02,03,000017,89,8,RELLENO_NACIONAL_BENFORD
27,091,02,05,000011,87,8,RELLENO_NACIONAL_BENFORD
27,091,02,06,000004,97,9,RELLENO_NACIONAL_BENFORD
27,091,03,01,000022,83,8,RELLENO_NACIONAL_BENFORD
27,091,03,04,000015,96,9,RELLENO_NACIONAL_BENFORD
27,091,03,05,000007,81,8,RELLENO_NACIONAL_BENFORD
27,091,03,05,000010,89,8,RELLENO_NACIONAL_BENFORD
27,091,04,03,000012,92,9,RELLENO_NACIONAL_BENFORD
27,112,00,00,000008,88,8,RELLENO_NACIONAL_BENFORD
27,160,05,01,000020,93,9,RELLENO_NACIONAL_BENFORD
27,160,05,03,000011,89,8,RELLENO_NACIONAL_BENFORD
27,169,99,13,000001,84,8,RELLENO_NACIONAL_BENFORD
27,172,99,25,000003,8,8,RELLENO_NACIONAL_BENFORD
27,174,01,02,000013,88,8,RELLENO_NACIONAL_BENFORD
27,174,02,01,000009,84,8,RELLENO_NACIONAL_BENFORD
27,174,02,01,000017,84,8,RELLENO_NACIONAL_BENFORD
28,001,01,02,000022,80,8,RELLENO_NACIONAL_BENFORD
28,001,01,03,000013,80,8,RELLENO_NACIONAL_BENFORD
28,001,01,03,000016,82,8,RELLENO_NACIONAL_BENFORD
28,001,02,03,000018,87,8,RELLENO_NACIONAL_BENFORD
28,001,03,01,000027,88,8,RELLENO_NACIONAL_BENFORD
28,001,03,01,000032,85,8,RELLENO_NACIONAL_BENFORD
28,001,03,02,000008,92,9,RELLENO_NACIONAL_BENFORD
28,001,03,02,000013,86,8,RELLENO_NACIONAL_BENFORD
28,001,04,04,000003,88,8,RELLENO_NACIONAL_BENFORD
28,001,04,04,000008,85,8,RELLENO_NACIONAL_BENFORD
28,001,04,04,000009,84,8,RELLENO_NACIONAL_BENFORD
28,001,04,06,000006,83,8,RELLENO_NACIONAL_BENFORD
28,001,04,06,000008,92,9,RELLENO_NACIONAL_BENFORD
28,001,05,02,000018,90,9,RELLENO_NACIONAL_BENFORD
28,001,06,01,000021,85,8,RELLENO_NACIONAL_BENFORD
28,001,06,02,000003,80,8,RELLENO_NACIONAL_BENFORD
28,001,06,02,000009,91,9,RELLENO_NACIONAL_BENFORD
28,001,99,48,000002,80,8,RELLENO_NACIONAL_BENFORD
28,010,00,00,000017,88,8,RELLENO_NACIONAL_BENFORD
28,020,99,25,000001,81,8,RELLENO_NACIONAL_BENFORD
28,020,99,50,000002,90,9,RELLENO_NACIONAL_BENFORD
28,020,99,80,000001,97,9,RELLENO_NACIONAL_BENFORD
28,040,01,02,000011,81,8,RELLENO_NACIONAL_BENFORD
28,040,01,03,000014,82,8,RELLENO_NACIONAL_BENFORD
28,040,01,04,000013,83,8,RELLENO_NACIONAL_BENFORD
28,040,02,02,000005,92,9,RELLENO_NACIONAL_BENFORD
28,040,02,03,000013,86,8,RELLENO_NACIONAL_BENFORD
28,040,02,04,000005,85,8,RELLENO_NACIONAL_BENFORD
28,040,99,52,000002,89,8,RELLENO_NACIONAL_BENFORD
28,041,00,00,000022,94,9,RELLENO_NACIONAL_BENFORD
28,045,00,00,000006,98,9,RELLENO_NACIONAL_BENFORD
28,049,00,00,000012,80,8,RELLENO_NACIONAL_BENFORD
28,060,99,40,000002,87,8,RELLENO_NACIONAL_BENFORD
28,080,00,00,000002,93,9,RELLENO_NACIONAL_BENFORD
28,080,00,00,000028,83,8,RELLENO_NACIONAL_BENFORD
28,080,99,10,000001,84,8,RELLENO_NACIONAL_BENFORD
28,100,00,00,000028,80,8,RELLENO_NACIONAL_BENFORD
28,100,99,70,000004,97,9,RELLENO_NACIONAL_BENFORD
28,160,01,01,000008,92,9,RELLENO_NACIONAL_BENFORD
28,160,01,02,000003,92,9,RELLENO_NACIONAL_BENFORD
28,160,99,69,000004,9,9,RELLENO_NACIONAL_BENFORD
28,190,00,00,000002,96,9,RELLENO_NACIONAL_BENFORD
28,190,00,00,000015,95,9,RELLENO_NACIONAL_BENFORD
05,001,20,03,000008,88,8,RELLENO_NACIONAL_BENFORD
05,001,21,01,000008,90,9,RELLENO_NACIONAL_BENFORD
05,001,21,01,000009,92,9,RELLENO_NACIONAL_BENFORD
05,001,22,01,000006,95,9,RELLENO_NACIONAL_BENFORD
05,001,22,01,000008,90,9,RELLENO_NACIONAL_BENFORD
05,001,22,01,000009,85,8,RELLENO_NACIONAL_BENFORD
05,001,22,02,000013,95,9,RELLENO_NACIONAL_BENFORD
05,001,22,02,000018,98,9,RELLENO_NACIONAL_BENFORD
05,001,22,05,000005,93,9,RELLENO_NACIONAL_BENFORD
05,001,22,07,000021,83,8,RELLENO_NACIONAL_BENFORD
05,001,99,33,000008,85,8,RELLENO_NACIONAL_BENFORD
05,001,99,72,000001,94,9,RELLENO_NACIONAL_BENFORD
05,004,99,30,000002,83,8,RELLENO_NACIONAL_BENFORD
05,004,99,37,000005,97,9,RELLENO_NACIONAL_BENFORD
05,006,00,00,000001,95,9,RELLENO_NACIONAL_BENFORD
05,007,02,01,000002,97,9,RELLENO_NACIONAL_BENFORD
05,007,02,03,000003,93,9,RELLENO_NACIONAL_BENFORD
05,007,90,01,000009,85,8,RELLENO_NACIONAL_BENFORD
05,010,00,00,000021,90,9,RELLENO_NACIONAL_BENFORD
05,014,00,00,000017,83,8,RELLENO_NACIONAL_BENFORD
05,015,00,00,000010,81,8,RELLENO_NACIONAL_BENFORD
05,015,99,35,000001,97,9,RELLENO_NACIONAL_BENFORD
05,016,00,00,000003,94,9,RELLENO_NACIONAL_BENFORD
05,016,00,00,000006,89,8,RELLENO_NACIONAL_BENFORD
05,016,00,00,000010,85,8,RELLENO_NACIONAL_BENFORD
05,016,99,20,000002,89,8,RELLENO_NACIONAL_BENFORD
05,016,99,26,000002,89,8,RELLENO_NACIONAL_BENFORD
05,022,01,04,000008,82,8,RELLENO_NACIONAL_BENFORD
05,022,01,05,000006,97,9,RELLENO_NACIONAL_BENFORD
05,022,01,06,000015,94,9,RELLENO_NACIONAL_BENFORD
05,022,02,02,000020,82,8,RELLENO_NACIONAL_BENFORD
05,022,99,65,000002,83,8,RELLENO_NACIONAL_BENFORD
05,025,00,00,000001,91,9,RELLENO_NACIONAL_BENFORD
05,025,99,13,000002,82,8,RELLENO_NACIONAL_BENFORD
05,026,00,00,000006,90,9,RELLENO_NACIONAL_BENFORD
05,026,00,00,000010,80,8,RELLENO_NACIONAL_BENFORD
05,028,02,01,000001,88,8,RELLENO_NACIONAL_BENFORD
05,028,02,01,000003,80,8,RELLENO_NACIONAL_BENFORD
05,028,02,02,000005,90,9,RELLENO_NACIONAL_BENFORD
05,028,02,03,000006,97,9,RELLENO_NACIONAL_BENFORD
05,028,99,01,000003,81,8,RELLENO_NACIONAL_BENFORD
05,028,99,52,000001,86,8,RELLENO_NACIONAL_BENFORD
05,031,99,05,000001,86,8,RELLENO_NACIONAL_BENFORD
05,031,99,10,000002,84,8,RELLENO_NACIONAL_BENFORD
05,031,99,13,000002,9,9,RELLENO_NACIONAL_BENFORD
05,037,99,22,000002,95,9,RELLENO_NACIONAL_BENFORD
05,043,01,01,000002,95,9,RELLENO_NACIONAL_BENFORD
05,043,99,41,000003,97,9,RELLENO_NACIONAL_BENFORD
05,044,99,13,000003,9,9,RELLENO_NACIONAL_BENFORD
05,059,00,00,000001,92,9,RELLENO_NACIONAL_BENFORD
05,065,00,00,000009,97,9,RELLENO_NACIONAL_BENFORD
05,065,00,00,000010,81,8,RELLENO_NACIONAL_BENFORD
05,070,99,05,000012,95,9,RELLENO_NACIONAL_BENFORD
05,073,99,06,000001,96,9,RELLENO_NACIONAL_BENFORD
05,073,99,12,000002,96,9,RELLENO_NACIONAL_BENFORD
05,118,90,01,000002,99,9,RELLENO_NACIONAL_BENFORD
05,118,99,01,000003,82,8,RELLENO_NACIONAL_BENFORD
07,001,01,06,000019,96,9,RELLENO_NACIONAL_BENFORD
07,001,01,06,000024,83,8,RELLENO_NACIONAL_BENFORD
07,001,02,01,000017,90,9,RELLENO_NACIONAL_BENFORD
07,001,02,07,000010,99,9,RELLENO_NACIONAL_BENFORD
07,013,99,08,000001,80,8,RELLENO_NACIONAL_BENFORD
05,079,01,02,000008,87,8,RELLENO_NACIONAL_BENFORD
05,079,02,03,000006,93,9,RELLENO_NACIONAL_BENFORD
05,079,02,03,000008,86,8,RELLENO_NACIONAL_BENFORD
05,079,02,03,000010,80,8,RELLENO_NACIONAL_BENFORD
05,082,00,00,000018,86,8,RELLENO_NACIONAL_BENFORD
05,082,99,29,000001,83,8,RELLENO_NACIONAL_BENFORD
05,082,99,32,000002,8,8,RELLENO_NACIONAL_BENFORD
05,084,00,00,000003,98,9,RELLENO_NACIONAL_BENFORD
05,084,00,00,000007,85,8,RELLENO_NACIONAL_BENFORD
05,084,00,00,000009,97,9,RELLENO_NACIONAL_BENFORD
05,095,99,19,000001,83,8,RELLENO_NACIONAL_BENFORD
05,095,99,36,000002,80,8,RELLENO_NACIONAL_BENFORD
05,097,99,51,000002,93,9,RELLENO_NACIONAL_BENFORD
05,113,00,00,000007,97,9,RELLENO_NACIONAL_BENFORD
05,113,99,33,000002,82,8,RELLENO_NACIONAL_BENFORD
05,118,01,01,000026,80,8,RELLENO_NACIONAL_BENFORD
05,118,01,01,000040,80,8,RELLENO_NACIONAL_BENFORD
05,118,01,01,000041,91,9,RELLENO_NACIONAL_BENFORD
05,118,02,01,000001,98,9,RELLENO_NACIONAL_BENFORD
05,118,02,01,000003,86,8,RELLENO_NACIONAL_BENFORD
05,118,02,01,000024,82,8,RELLENO_NACIONAL_BENFORD
05,118,02,03,000010,88,8,RELLENO_NACIONAL_BENFORD
05,118,02,05,000004,85,8,RELLENO_NACIONAL_BENFORD
16,001,10,01,000022,90,9,RELLENO_NACIONAL_BENFORD
16,001,10,03,000021,91,9,RELLENO_NACIONAL_BENFORD
16,001,10,04,000024,91,9,RELLENO_NACIONAL_BENFORD
16,001,10,12,000037,92,9,RELLENO_NACIONAL_BENFORD
16,001,10,12,000039,81,8,RELLENO_NACIONAL_BENFORD
16,001,10,14,000019,91,9,RELLENO_NACIONAL_BENFORD
16,001,10,14,000027,91,9,RELLENO_NACIONAL_BENFORD
16,001,10,16,000024,82,8,RELLENO_NACIONAL_BENFORD
16,001,10,21,000028,81,8,RELLENO_NACIONAL_BENFORD
16,001,10,22,000014,93,9,RELLENO_NACIONAL_BENFORD
16,001,10,28,000025,98,9,RELLENO_NACIONAL_BENFORD
16,001,10,30,000026,83,8,RELLENO_NACIONAL_BENFORD
16,001,10,34,000034,97,9,RELLENO_NACIONAL_BENFORD
16,001,10,35,000028,93,9,RELLENO_NACIONAL_BENFORD
16,001,10,37,000031,91,9,RELLENO_NACIONAL_BENFORD
16,001,10,38,000011,96,9,RELLENO_NACIONAL_BENFORD
16,001,10,38,000013,94,9,RELLENO_NACIONAL_BENFORD
16,001,10,40,000034,82,8,RELLENO_NACIONAL_BENFORD
16,001,10,40,000036,83,8,RELLENO_NACIONAL_BENFORD
27,082,01,01,000020,88,8,RELLENO_NACIONAL_BENFORD
27,082,01,01,000037,92,9,RELLENO_NACIONAL_BENFORD
27,082,01,03,000023,88,8,RELLENO_NACIONAL_BENFORD
27,082,01,06,000006,87,8,RELLENO_NACIONAL_BENFORD
27,082,04,05,000016,98,9,RELLENO_NACIONAL_BENFORD
27,082,04,06,000009,95,9,RELLENO_NACIONAL_BENFORD
27,082,06,02,000023,82,8,RELLENO_NACIONAL_BENFORD
27,082,06,03,000004,96,9,RELLENO_NACIONAL_BENFORD
27,082,06,05,000011,91,9,RELLENO_NACIONAL_BENFORD
27,082,08,01,000027,81,8,RELLENO_NACIONAL_BENFORD
88,380,05,86,000001,97,9,RELLENO_NACIONAL_BENFORD
88,465,05,86,000010,96,9,RELLENO_NACIONAL_BENFORD
88,590,05,02,000005,92,9,RELLENO_NACIONAL_BENFORD
88,625,02,04,000001,95,9,RELLENO_NACIONAL_BENFORD
88,655,05,02,000025,84,8,RELLENO_NACIONAL_BENFORD
88,655,05,81,000003,88,8,RELLENO_NACIONAL_BENFORD
88,655,05,83,000003,88,8,RELLENO_NACIONAL_BENFORD
88,670,05,02,000004,89,8,RELLENO_NACIONAL_BENFORD
88,755,05,84,000003,9,9,RELLENO_NACIONAL_BENFORD
88,815,05,02,000018,88,8,RELLENO_NACIONAL_BENFORD
88,815,05,04,000026,8,8,RELLENO_NACIONAL_BENFORD
88,815,10,02,000009,9,9,RELLENO_NACIONAL_BENFORD
88,815,65,05,000001,80,8,RELLENO_NACIONAL_BENFORD
01,001,02,02,000023,87,8,RELLENO_NACIONAL_BENFORD
01,001,02,03,000020,86,8,RELLENO_NACIONAL_BENFORD
01,001,03,02,000029,97,9,RELLENO_NACIONAL_BENFORD
01,001,04,01,000018,95,9,RELLENO_NACIONAL_BENFORD
01,001,04,01,000032,9,9,RELLENO_NACIONAL_BENFORD
01,001,05,01,000040,92,9,RELLENO_NACIONAL_BENFORD
01,001,05,08,000015,87,8,RELLENO_NACIONAL_BENFORD
01,001,06,02,000037,93,9,RELLENO_NACIONAL_BENFORD
01,001,06,03,000023,84,8,RELLENO_NACIONAL_BENFORD
01,001,06,04,000011,90,9,RELLENO_NACIONAL_BENFORD
01,001,07,02,000022,95,9,RELLENO_NACIONAL_BENFORD
01,001,07,04,000033,94,9,RELLENO_NACIONAL_BENFORD
01,001,07,05,000009,99,9,RELLENO_NACIONAL_BENFORD
01,001,07,08,000003,81,8,RELLENO_NACIONAL_BENFORD
01,001,07,08,000004,93,9,RELLENO_NACIONAL_BENFORD
01,001,08,03,000030,90,9,RELLENO_NACIONAL_BENFORD
01,001,09,03,000036,88,8,RELLENO_NACIONAL_BENFORD
01,001,10,01,000027,83,8,RELLENO_NACIONAL_BENFORD
01,001,10,01,000029,94,9,RELLENO_NACIONAL_BENFORD
01,001,10,04,000023,81,8,RELLENO_NACIONAL_BENFORD
01,001,11,02,000012,83,8,RELLENO_NACIONAL_BENFORD
01,001,12,04,000030,93,9,RELLENO_NACIONAL_BENFORD
01,001,12,05,000006,88,8,RELLENO_NACIONAL_BENFORD
01,001,12,05,000022,82,8,RELLENO_NACIONAL_BENFORD
01,001,12,06,000009,96,9,RELLENO_NACIONAL_BENFORD
01,001,13,03,000007,80,8,RELLENO_NACIONAL_BENFORD
01,001,13,03,000012,80,8,RELLENO_NACIONAL_BENFORD
01,001,13,05,000016,95,9,RELLENO_NACIONAL_BENFORD
01,001,14,05,000021,84,8,RELLENO_NACIONAL_BENFORD
01,001,14,07,000006,91,9,RELLENO_NACIONAL_BENFORD
01,001,14,07,000008,87,8,RELLENO_NACIONAL_BENFORD
01,001,15,05,000040,81,8,RELLENO_NACIONAL_BENFORD
01,001,15,06,000012,98,9,RELLENO_NACIONAL_BENFORD
01,001,15,06,000013,87,8,RELLENO_NACIONAL_BENFORD
01,001,15,09,000004,81,8,RELLENO_NACIONAL_BENFORD
01,001,16,03,000019,91,9,RELLENO_NACIONAL_BENFORD
01,001,16,04,000015,98,9,RELLENO_NACIONAL_BENFORD
01,001,16,04,000020,83,8,RELLENO_NACIONAL_BENFORD
01,001,17,04,000047,94,9,RELLENO_NACIONAL_BENFORD
01,001,18,01,000025,97,9,RELLENO_NACIONAL_BENFORD
01,001,19,05,000019,80,8,RELLENO_NACIONAL_BENFORD
01,001,24,06,000005,95,9,RELLENO_NACIONAL_BENFORD
01,001,25,01,000016,98,9,RELLENO_NACIONAL_BENFORD
01,001,25,03,000012,90,9,RELLENO_NACIONAL_BENFORD
01,001,25,04,000028,99,9,RELLENO_NACIONAL_BENFORD
01,001,25,05,000022,99,9,RELLENO_NACIONAL_BENFORD
01,001,25,07,000009,88,8,RELLENO_NACIONAL_BENFORD
01,001,26,01,000034,96,9,RELLENO_NACIONAL_BENFORD
01,001,26,02,000010,98,9,RELLENO_NACIONAL_BENFORD
01,001,26,04,000010,91,9,RELLENO_NACIONAL_BENFORD
01,001,26,05,000014,94,9,RELLENO_NACIONAL_BENFORD
01,001,26,06,000016,81,8,RELLENO_NACIONAL_BENFORD
01,001,31,06,000013,92,9,RELLENO_NACIONAL_BENFORD
01,001,31,07,000008,85,8,RELLENO_NACIONAL_BENFORD
01,001,32,02,000038,98,9,RELLENO_NACIONAL_BENFORD
01,001,90,02,000056,91,9,RELLENO_NACIONAL_BENFORD
27,019,03,01,000010,84,8,RELLENO_NACIONAL_BENFORD
27,019,03,02,000001,83,8,RELLENO_NACIONAL_BENFORD
27,019,03,02,000004,83,8,RELLENO_NACIONAL_BENFORD
27,019,05,02,000003,80,8,RELLENO_NACIONAL_BENFORD
27,019,05,02,000004,82,8,RELLENO_NACIONAL_BENFORD
27,019,05,02,000006,94,9,RELLENO_NACIONAL_BENFORD
27,019,05,05,000002,89,8,RELLENO_NACIONAL_BENFORD
27,019,05,06,000001,97,9,RELLENO_NACIONAL_BENFORD
27,019,06,04,000001,97,9,RELLENO_NACIONAL_BENFORD
27,019,06,06,000001,86,8,RELLENO_NACIONAL_BENFORD
27,019,07,04,000001,89,8,RELLENO_NACIONAL_BENFORD
27,019,99,A1,000003,86,8,RELLENO_NACIONAL_BENFORD
27,019,99,A1,000013,97,9,RELLENO_NACIONAL_BENFORD
27,025,99,50,000001,82,8,RELLENO_NACIONAL_BENFORD
27,045,02,01,000009,84,8,RELLENO_NACIONAL_BENFORD
27,045,99,01,000004,94,9,RELLENO_NACIONAL_BENFORD
27,045,99,03,000002,87,8,RELLENO_NACIONAL_BENFORD
27,045,99,08,000001,90,9,RELLENO_NACIONAL_BENFORD
27,085,99,01,000001,86,8,RELLENO_NACIONAL_BENFORD
27,091,02,01,000020,99,9,RELLENO_NACIONAL_BENFORD
27,091,02,01,000025,82,8,RELLENO_NACIONAL_BENFORD
27,091,03,04,000019,81,8,RELLENO_NACIONAL_BENFORD
27,091,03,05,000013,93,9,RELLENO_NACIONAL_BENFORD
27,091,04,02,000009,97,9,RELLENO_NACIONAL_BENFORD
27,106,00,00,000009,87,8,RELLENO_NACIONAL_BENFORD
27,106,00,00,000012,93,9,RELLENO_NACIONAL_BENFORD
27,115,99,45,000001,93,9,RELLENO_NACIONAL_BENFORD
27,133,99,05,000001,84,8,RELLENO_NACIONAL_BENFORD
27,139,99,05,000001,84,8,RELLENO_NACIONAL_BENFORD
27,145,99,02,000001,87,8,RELLENO_NACIONAL_BENFORD
27,145,99,03,000001,89,8,RELLENO_NACIONAL_BENFORD
27,160,01,01,000022,95,9,RELLENO_NACIONAL_BENFORD
27,160,01,01,000028,92,9,RELLENO_NACIONAL_BENFORD
27,160,01,02,000011,93,9,RELLENO_NACIONAL_BENFORD
27,160,04,01,000021,94,9,RELLENO_NACIONAL_BENFORD
27,160,04,05,000003,97,9,RELLENO_NACIONAL_BENFORD
27,160,05,01,000012,91,9,RELLENO_NACIONAL_BENFORD
27,160,05,02,000013,82,8,RELLENO_NACIONAL_BENFORD
27,160,05,02,000025,88,8,RELLENO_NACIONAL_BENFORD
27,169,00,01,000010,93,9,RELLENO_NACIONAL_BENFORD
27,169,00,01,000017,87,8,RELLENO_NACIONAL_BENFORD
27,174,01,01,000020,97,9,RELLENO_NACIONAL_BENFORD
27,190,99,85,000001,93,9,RELLENO_NACIONAL_BENFORD
27,202,99,01,000003,80,8,RELLENO_NACIONAL_BENFORD
27,205,99,65,000001,89,8,RELLENO_NACIONAL_BENFORD
28,001,01,02,000004,88,8,RELLENO_NACIONAL_BENFORD
28,001,01,02,000007,97,9,RELLENO_NACIONAL_BENFORD
28,001,01,02,000020,96,9,RELLENO_NACIONAL_BENFORD
28,001,02,01,000015,96,9,RELLENO_NACIONAL_BENFORD
28,001,02,01,000016,92,9,RELLENO_NACIONAL_BENFORD
28,001,02,01,000017,99,9,RELLENO_NACIONAL_BENFORD
28,001,03,01,000036,85,8,RELLENO_NACIONAL_BENFORD
28,001,03,02,000014,86,8,RELLENO_NACIONAL_BENFORD
28,001,04,02,000015,84,8,RELLENO_NACIONAL_BENFORD
28,001,04,03,000007,97,9,RELLENO_NACIONAL_BENFORD
28,001,04,06,000001,85,8,RELLENO_NACIONAL_BENFORD
28,001,05,01,000001,89,8,RELLENO_NACIONAL_BENFORD
28,001,05,03,000010,84,8,RELLENO_NACIONAL_BENFORD
28,001,05,03,000012,83,8,RELLENO_NACIONAL_BENFORD
28,001,06,01,000009,94,9,RELLENO_NACIONAL_BENFORD
28,001,06,01,000010,89,8,RELLENO_NACIONAL_BENFORD
28,001,06,01,000019,90,9,RELLENO_NACIONAL_BENFORD
28,001,06,03,000011,93,9,RELLENO_NACIONAL_BENFORD
28,010,00,00,000023,89,8,RELLENO_NACIONAL_BENFORD
28,030,00,00,000012,88,8,RELLENO_NACIONAL_BENFORD
28,040,01,01,000012,94,9,RELLENO_NACIONAL_BENFORD
28,040,01,02,000007,82,8,RELLENO_NACIONAL_BENFORD
28,040,01,04,000001,82,8,RELLENO_NACIONAL_BENFORD
28,040,01,04,000002,91,9,RELLENO_NACIONAL_BENFORD
28,040,01,04,000010,84,8,RELLENO_NACIONAL_BENFORD
28,040,02,04,000008,93,9,RELLENO_NACIONAL_BENFORD
28,041,00,00,000017,81,8,RELLENO_NACIONAL_BENFORD
28,049,00,00,000017,87,8,RELLENO_NACIONAL_BENFORD
28,049,00,00,000020,81,8,RELLENO_NACIONAL_BENFORD
28,049,00,00,000021,95,9,RELLENO_NACIONAL_BENFORD
28,050,00,00,000002,87,8,RELLENO_NACIONAL_BENFORD
28,050,00,00,000003,81,8,RELLENO_NACIONAL_BENFORD
28,055,00,00,000009,84,8,RELLENO_NACIONAL_BENFORD
28,055,00,00,000015,97,9,RELLENO_NACIONAL_BENFORD
28,060,00,00,000019,85,8,RELLENO_NACIONAL_BENFORD
28,060,00,00,000021,87,8,RELLENO_NACIONAL_BENFORD
28,060,99,11,000004,88,8,RELLENO_NACIONAL_BENFORD
28,060,99,50,000004,98,9,RELLENO_NACIONAL_BENFORD
28,080,99,70,000003,89,8,RELLENO_NACIONAL_BENFORD
28,100,00,00,000021,90,9,RELLENO_NACIONAL_BENFORD
28,120,00,00,000014,94,9,RELLENO_NACIONAL_BENFORD
28,120,00,00,000016,98,9,RELLENO_NACIONAL_BENFORD
28,120,00,00,000020,84,8,RELLENO_NACIONAL_BENFORD
28,160,01,01,000002,95,9,RELLENO_NACIONAL_BENFORD
28,160,01,02,000001,89,8,RELLENO_NACIONAL_BENFORD
28,160,01,02,000004,96,9,RELLENO_NACIONAL_BENFORD
28,160,01,02,000005,95,9,RELLENO_NACIONAL_BENFORD
28,160,99,48,000001,80,8,RELLENO_NACIONAL_BENFORD
28,160,99,55,000001,90,9,RELLENO_NACIONAL_BENFORD
28,180,00,00,000009,82,8,RELLENO_NACIONAL_BENFORD
28,180,00,00,000010,84,8,RELLENO_NACIONAL_BENFORD
28,180,99,18,000001,93,9,RELLENO_NACIONAL_BENFORD
28,190,00,00,000006,94,9,RELLENO_NACIONAL_BENFORD
28,190,00,00,000013,92,9,RELLENO_NACIONAL_BENFORD
28,190,99,01,000003,97,9,RELLENO_NACIONAL_BENFORD
28,200,01,01,000003,87,8,RELLENO_NACIONAL_BENFORD
28,200,01,01,000008,82,8,RELLENO_NACIONAL_BENFORD
28,200,02,01,000002,95,9,RELLENO_NACIONAL_BENFORD
28,200,02,01,000013,91,9,RELLENO_NACIONAL_BENFORD
05,001,20,01,000002,89,8,RELLENO_NACIONAL_BENFORD
05,001,20,01,000022,82,8,RELLENO_NACIONAL_BENFORD
05,001,20,03,000003,85,8,RELLENO_NACIONAL_BENFORD
05,001,21,01,000007,81,8,RELLENO_NACIONAL_BENFORD
05,001,21,01,000018,81,8,RELLENO_NACIONAL_BENFORD
05,001,21,02,000005,88,8,RELLENO_NACIONAL_BENFORD
05,001,21,02,000006,86,8,RELLENO_NACIONAL_BENFORD
05,001,21,04,000021,80,8,RELLENO_NACIONAL_BENFORD
05,001,22,02,000002,91,9,RELLENO_NACIONAL_BENFORD
05,001,22,02,000005,95,9,RELLENO_NACIONAL_BENFORD
05,001,22,02,000008,94,9,RELLENO_NACIONAL_BENFORD
05,001,22,02,000009,91,9,RELLENO_NACIONAL_BENFORD
05,001,99,09,000001,81,8,RELLENO_NACIONAL_BENFORD
05,006,00,00,000004,94,9,RELLENO_NACIONAL_BENFORD
05,006,99,20,000003,93,9,RELLENO_NACIONAL_BENFORD
05,007,02,03,000008,96,9,RELLENO_NACIONAL_BENFORD
05,007,02,03,000011,82,8,RELLENO_NACIONAL_BENFORD
05,007,90,01,000003,82,8,RELLENO_NACIONAL_BENFORD
05,013,00,00,000027,91,9,RELLENO_NACIONAL_BENFORD
05,013,99,13,000009,85,8,RELLENO_NACIONAL_BENFORD
05,013,99,33,000003,84,8,RELLENO_NACIONAL_BENFORD
05,013,99,33,000004,86,8,RELLENO_NACIONAL_BENFORD
05,014,00,00,000008,85,8,RELLENO_NACIONAL_BENFORD
05,014,00,00,000015,81,8,RELLENO_NACIONAL_BENFORD
05,015,00,00,000004,91,9,RELLENO_NACIONAL_BENFORD
05,015,00,00,000007,91,9,RELLENO_NACIONAL_BENFORD
05,018,00,00,000007,97,9,RELLENO_NACIONAL_BENFORD
05,018,00,00,000015,89,8,RELLENO_NACIONAL_BENFORD
05,022,01,04,000011,85,8,RELLENO_NACIONAL_BENFORD
05,022,02,01,000022,81,8,RELLENO_NACIONAL_BENFORD
05,022,02,01,000024,92,9,RELLENO_NACIONAL_BENFORD
05,022,02,02,000001,95,9,RELLENO_NACIONAL_BENFORD
05,022,99,18,000002,97,9,RELLENO_NACIONAL_BENFORD
05,022,99,20,000002,90,9,RELLENO_NACIONAL_BENFORD
05,022,99,32,000001,95,9,RELLENO_NACIONAL_BENFORD
05,026,00,00,000009,87,8,RELLENO_NACIONAL_BENFORD
05,028,01,03,000006,81,8,RELLENO_NACIONAL_BENFORD
05,028,01,03,000011,95,9,RELLENO_NACIONAL_BENFORD
05,028,02,04,000005,86,8,RELLENO_NACIONAL_BENFORD
05,028,98,01,000001,9,9,RELLENO_NACIONAL_BENFORD
05,028,99,43,000002,86,8,RELLENO_NACIONAL_BENFORD
05,040,02,01,000001,86,8,RELLENO_NACIONAL_BENFORD
05,040,99,02,000003,9,9,RELLENO_NACIONAL_BENFORD
05,040,99,09,000002,86,8,RELLENO_NACIONAL_BENFORD
05,043,01,01,000008,85,8,RELLENO_NACIONAL_BENFORD
05,043,99,01,000002,95,9,RELLENO_NACIONAL_BENFORD
05,043,99,08,000001,81,8,RELLENO_NACIONAL_BENFORD
05,043,99,25,000003,94,9,RELLENO_NACIONAL_BENFORD
05,063,99,86,000002,85,8,RELLENO_NACIONAL_BENFORD
05,065,00,00,000011,81,8,RELLENO_NACIONAL_BENFORD
05,118,90,01,000014,83,8,RELLENO_NACIONAL_BENFORD
05,118,99,01,000001,91,9,RELLENO_NACIONAL_BENFORD
05,118,99,01,000004,85,8,RELLENO_NACIONAL_BENFORD
05,124,00,00,000010,98,9,RELLENO_NACIONAL_BENFORD
05,073,99,40,000001,97,9,RELLENO_NACIONAL_BENFORD
05,076,02,01,000008,95,9,RELLENO_NACIONAL_BENFORD
05,076,02,02,000008,94,9,RELLENO_NACIONAL_BENFORD
05,078,99,30,000001,81,8,RELLENO_NACIONAL_BENFORD
05,079,02,01,000012,96,9,RELLENO_NACIONAL_BENFORD
05,079,02,04,000004,90,9,RELLENO_NACIONAL_BENFORD
05,082,00,00,000016,83,8,RELLENO_NACIONAL_BENFORD
05,084,00,00,000047,88,8,RELLENO_NACIONAL_BENFORD
05,084,99,17,000001,83,8,RELLENO_NACIONAL_BENFORD
05,095,00,00,000032,82,8,RELLENO_NACIONAL_BENFORD
05,097,99,27,000002,99,9,RELLENO_NACIONAL_BENFORD
05,110,99,98,000002,83,8,RELLENO_NACIONAL_BENFORD
05,113,99,23,000002,94,9,RELLENO_NACIONAL_BENFORD
05,118,01,01,000029,96,9,RELLENO_NACIONAL_BENFORD
05,118,01,01,000042,92,9,RELLENO_NACIONAL_BENFORD
05,118,01,02,000002,95,9,RELLENO_NACIONAL_BENFORD
05,118,02,01,000011,95,9,RELLENO_NACIONAL_BENFORD
16,001,10,01,000011,86,8,RELLENO_NACIONAL_BENFORD
16,001,10,02,000020,94,9,RELLENO_NACIONAL_BENFORD
16,001,10,04,000018,94,9,RELLENO_NACIONAL_BENFORD
16,001,10,05,000012,82,8,RELLENO_NACIONAL_BENFORD
16,001,10,06,000024,82,8,RELLENO_NACIONAL_BENFORD
16,001,10,09,000029,96,9,RELLENO_NACIONAL_BENFORD
16,001,10,09,000030,96,9,RELLENO_NACIONAL_BENFORD
16,001,10,11,000042,81,8,RELLENO_NACIONAL_BENFORD
16,001,10,14,000022,90,9,RELLENO_NACIONAL_BENFORD
16,001,10,18,000015,90,9,RELLENO_NACIONAL_BENFORD
16,001,10,21,000031,88,8,RELLENO_NACIONAL_BENFORD
16,001,10,27,000015,97,9,RELLENO_NACIONAL_BENFORD
16,001,10,28,000021,95,9,RELLENO_NACIONAL_BENFORD
16,001,10,28,000023,86,8,RELLENO_NACIONAL_BENFORD
16,001,10,29,000011,91,9,RELLENO_NACIONAL_BENFORD
16,001,10,30,000039,88,8,RELLENO_NACIONAL_BENFORD
16,001,10,34,000029,85,8,RELLENO_NACIONAL_BENFORD
27,071,99,21,000001,99,9,RELLENO_NACIONAL_BENFORD
27,082,01,02,000014,97,9,RELLENO_NACIONAL_BENFORD
27,082,01,04,000020,95,9,RELLENO_NACIONAL_BENFORD
27,082,06,05,000013,86,8,RELLENO_NACIONAL_BENFORD
27,082,07,03,000014,83,8,RELLENO_NACIONAL_BENFORD
27,082,07,04,000012,94,9,RELLENO_NACIONAL_BENFORD
27,082,08,01,000033,83,8,RELLENO_NACIONAL_BENFORD
88,465,05,86,000011,94,9,RELLENO_NACIONAL_BENFORD
88,680,05,81,000001,87,8,RELLENO_NACIONAL_BENFORD
88,700,05,86,000001,8,8,RELLENO_NACIONAL_BENFORD
88,745,05,86,000001,9,9,RELLENO_NACIONAL_BENFORD
88,755,05,83,000003,8,8,RELLENO_NACIONAL_BENFORD
88,805,05,02,000003,8,8,RELLENO_NACIONAL_BENFORD
88,815,05,02,000012,80,8,RELLENO_NACIONAL_BENFORD
88,815,52,02,000004,8,8,RELLENO_NACIONAL_BENFORD
88,815,52,02,000005,9,9,RELLENO_NACIONAL_BENFORD
01,001,02,01,000014,94,9,RELLENO_NACIONAL_BENFORD
01,001,02,05,000024,95,9,RELLENO_NACIONAL_BENFORD
01,001,03,01,000037,97,9,RELLENO_NACIONAL_BENFORD
01,001,03,02,000038,91,9,RELLENO_NACIONAL_BENFORD
01,001,03,02,000040,85,8,RELLENO_NACIONAL_BENFORD
01,001,04,01,000028,88,8,RELLENO_NACIONAL_BENFORD
01,001,04,02,000018,80,8,RELLENO_NACIONAL_BENFORD
01,001,04,02,000023,94,9,RELLENO_NACIONAL_BENFORD
01,001,04,03,000022,90,9,RELLENO_NACIONAL_BENFORD
01,001,04,03,000024,96,9,RELLENO_NACIONAL_BENFORD
01,001,05,01,000037,93,9,RELLENO_NACIONAL_BENFORD
01,001,05,02,000032,87,8,RELLENO_NACIONAL_BENFORD
01,001,05,04,000031,98,9,RELLENO_NACIONAL_BENFORD
01,001,05,04,000032,84,8,RELLENO_NACIONAL_BENFORD
01,001,07,02,000023,89,8,RELLENO_NACIONAL_BENFORD
01,001,07,03,000022,92,9,RELLENO_NACIONAL_BENFORD
01,001,07,06,000008,93,9,RELLENO_NACIONAL_BENFORD
01,001,08,01,000020,80,8,RELLENO_NACIONAL_BENFORD
01,001,08,02,000016,84,8,RELLENO_NACIONAL_BENFORD
01,001,08,03,000039,94,9,RELLENO_NACIONAL_BENFORD
01,001,08,04,000035,8,8,RELLENO_NACIONAL_BENFORD
01,001,09,03,000017,99,9,RELLENO_NACIONAL_BENFORD
01,001,09,05,000020,85,8,RELLENO_NACIONAL_BENFORD
01,001,10,05,000007,89,8,RELLENO_NACIONAL_BENFORD
01,001,11,01,000026,90,9,RELLENO_NACIONAL_BENFORD
01,001,11,07,000012,99,9,RELLENO_NACIONAL_BENFORD
01,001,11,07,000018,99,9,RELLENO_NACIONAL_BENFORD
01,001,12,02,000020,97,9,RELLENO_NACIONAL_BENFORD
01,001,12,07,000008,84,8,RELLENO_NACIONAL_BENFORD
01,001,13,03,000024,94,9,RELLENO_NACIONAL_BENFORD
01,001,13,05,000008,94,9,RELLENO_NACIONAL_BENFORD
01,001,14,04,000023,81,8,RELLENO_NACIONAL_BENFORD
01,001,14,05,000023,80,8,RELLENO_NACIONAL_BENFORD
01,001,14,05,000027,89,8,RELLENO_NACIONAL_BENFORD
01,001,14,06,000011,89,8,RELLENO_NACIONAL_BENFORD
01,001,15,03,000010,91,9,RELLENO_NACIONAL_BENFORD
01,001,15,05,000048,98,9,RELLENO_NACIONAL_BENFORD
01,001,15,06,000009,99,9,RELLENO_NACIONAL_BENFORD
01,001,16,05,000016,89,8,RELLENO_NACIONAL_BENFORD
01,001,16,05,000019,83,8,RELLENO_NACIONAL_BENFORD
01,001,17,03,000026,96,9,RELLENO_NACIONAL_BENFORD
01,001,17,04,000030,84,8,RELLENO_NACIONAL_BENFORD
01,001,17,04,000037,94,9,RELLENO_NACIONAL_BENFORD
01,001,17,07,000007,94,9,RELLENO_NACIONAL_BENFORD
01,001,20,02,000032,87,8,RELLENO_NACIONAL_BENFORD
01,001,20,03,000013,88,8,RELLENO_NACIONAL_BENFORD
01,001,24,06,000009,9,9,RELLENO_NACIONAL_BENFORD
01,001,24,07,000040,81,8,RELLENO_NACIONAL_BENFORD
01,001,25,01,000014,82,8,RELLENO_NACIONAL_BENFORD
01,001,25,03,000010,87,8,RELLENO_NACIONAL_BENFORD
01,001,25,06,000006,87,8,RELLENO_NACIONAL_BENFORD
01,001,30,06,000020,99,9,RELLENO_NACIONAL_BENFORD
01,001,32,02,000024,86,8,RELLENO_NACIONAL_BENFORD
01,001,32,04,000019,99,9,RELLENO_NACIONAL_BENFORD
27,019,01,09,000001,87,8,RELLENO_NACIONAL_BENFORD
27,019,02,03,000008,80,8,RELLENO_NACIONAL_BENFORD
27,019,02,03,000010,88,8,RELLENO_NACIONAL_BENFORD
27,019,02,05,000006,99,9,RELLENO_NACIONAL_BENFORD
27,019,02,06,000009,93,9,RELLENO_NACIONAL_BENFORD
27,019,03,11,000002,82,8,RELLENO_NACIONAL_BENFORD
27,019,04,01,000010,91,9,RELLENO_NACIONAL_BENFORD
27,019,04,01,000012,96,9,RELLENO_NACIONAL_BENFORD
27,019,04,02,000001,82,8,RELLENO_NACIONAL_BENFORD
27,019,04,03,000004,83,8,RELLENO_NACIONAL_BENFORD
27,019,06,02,000003,99,9,RELLENO_NACIONAL_BENFORD
27,019,07,01,000004,96,9,RELLENO_NACIONAL_BENFORD
27,019,07,04,000003,81,8,RELLENO_NACIONAL_BENFORD
27,019,07,07,000002,85,8,RELLENO_NACIONAL_BENFORD
27,019,99,07,000002,98,9,RELLENO_NACIONAL_BENFORD
27,019,99,A2,000011,97,9,RELLENO_NACIONAL_BENFORD
27,045,99,01,000005,80,8,RELLENO_NACIONAL_BENFORD
27,091,01,01,000012,93,9,RELLENO_NACIONAL_BENFORD
27,091,01,05,000016,81,8,RELLENO_NACIONAL_BENFORD
27,091,01,06,000008,93,9,RELLENO_NACIONAL_BENFORD
27,091,02,03,000018,83,8,RELLENO_NACIONAL_BENFORD
27,091,02,04,000014,94,9,RELLENO_NACIONAL_BENFORD
27,091,02,05,000009,84,8,RELLENO_NACIONAL_BENFORD
27,091,04,03,000009,82,8,RELLENO_NACIONAL_BENFORD
27,091,04,04,000005,94,9,RELLENO_NACIONAL_BENFORD
27,091,04,06,000006,82,8,RELLENO_NACIONAL_BENFORD
27,094,99,08,000001,91,9,RELLENO_NACIONAL_BENFORD
27,106,00,00,000010,94,9,RELLENO_NACIONAL_BENFORD
27,118,00,00,000007,8,8,RELLENO_NACIONAL_BENFORD
27,121,02,01,000027,89,8,RELLENO_NACIONAL_BENFORD
27,121,02,03,000003,94,9,RELLENO_NACIONAL_BENFORD
27,121,02,03,000005,93,9,RELLENO_NACIONAL_BENFORD
27,139,99,10,000001,96,9,RELLENO_NACIONAL_BENFORD
27,160,01,01,000027,89,8,RELLENO_NACIONAL_BENFORD
27,160,02,03,000013,99,9,RELLENO_NACIONAL_BENFORD
27,160,02,03,000020,97,9,RELLENO_NACIONAL_BENFORD
27,160,04,05,000004,90,9,RELLENO_NACIONAL_BENFORD
27,166,99,05,000001,93,9,RELLENO_NACIONAL_BENFORD
27,169,99,06,000001,92,9,RELLENO_NACIONAL_BENFORD
27,169,99,49,000004,93,9,RELLENO_NACIONAL_BENFORD
27,172,99,05,000002,83,8,RELLENO_NACIONAL_BENFORD
27,181,01,02,000011,88,8,RELLENO_NACIONAL_BENFORD
27,187,99,01,000001,87,8,RELLENO_NACIONAL_BENFORD
27,211,99,01,000009,91,9,RELLENO_NACIONAL_BENFORD
28,001,01,02,000006,81,8,RELLENO_NACIONAL_BENFORD
28,001,02,03,000019,84,8,RELLENO_NACIONAL_BENFORD
28,001,04,04,000004,91,9,RELLENO_NACIONAL_BENFORD
28,001,04,06,000009,83,8,RELLENO_NACIONAL_BENFORD
28,001,06,02,000004,88,8,RELLENO_NACIONAL_BENFORD
28,001,06,02,000007,87,8,RELLENO_NACIONAL_BENFORD
28,001,06,03,000013,94,9,RELLENO_NACIONAL_BENFORD
28,001,99,09,000003,90,9,RELLENO_NACIONAL_BENFORD
28,010,00,00,000016,93,9,RELLENO_NACIONAL_BENFORD
28,010,00,00,000019,83,8,RELLENO_NACIONAL_BENFORD
28,020,99,15,000001,92,9,RELLENO_NACIONAL_BENFORD
28,040,01,02,000008,84,8,RELLENO_NACIONAL_BENFORD
28,040,01,03,000024,84,8,RELLENO_NACIONAL_BENFORD
28,040,02,01,000002,95,9,RELLENO_NACIONAL_BENFORD
28,040,02,03,000010,88,8,RELLENO_NACIONAL_BENFORD
28,040,02,04,000007,98,9,RELLENO_NACIONAL_BENFORD
28,042,99,25,000001,97,9,RELLENO_NACIONAL_BENFORD
28,049,00,00,000015,90,9,RELLENO_NACIONAL_BENFORD
28,050,00,00,000010,99,9,RELLENO_NACIONAL_BENFORD
28,055,00,00,000005,82,8,RELLENO_NACIONAL_BENFORD
28,055,00,00,000008,81,8,RELLENO_NACIONAL_BENFORD
28,060,00,00,000028,85,8,RELLENO_NACIONAL_BENFORD
28,080,00,00,000001,88,8,RELLENO_NACIONAL_BENFORD
28,080,99,70,000002,81,8,RELLENO_NACIONAL_BENFORD
28,100,00,00,000014,82,8,RELLENO_NACIONAL_BENFORD
28,100,00,00,000016,96,9,RELLENO_NACIONAL_BENFORD
28,100,00,00,000017,88,8,RELLENO_NACIONAL_BENFORD
28,100,00,00,000030,81,8,RELLENO_NACIONAL_BENFORD
28,160,01,01,000007,90,9,RELLENO_NACIONAL_BENFORD
28,160,02,01,000007,84,8,RELLENO_NACIONAL_BENFORD
28,180,00,00,000007,97,9,RELLENO_NACIONAL_BENFORD
28,180,99,75,000002,85,8,RELLENO_NACIONAL_BENFORD
28,180,99,90,000009,96,9,RELLENO_NACIONAL_BENFORD
28,190,00,00,000003,95,9,RELLENO_NACIONAL_BENFORD
28,190,99,01,000001,97,9,RELLENO_NACIONAL_BENFORD
28,190,99,01,000007,95,9,RELLENO_NACIONAL_BENFORD
28,200,01,03,000005,90,9,RELLENO_NACIONAL_BENFORD
28,200,02,01,000006,97,9,RELLENO_NACIONAL_BENFORD
28,200,02,02,000006,99,9,RELLENO_NACIONAL_BENFORD
28,200,02,02,000008,83,8,RELLENO_NACIONAL_BENFORD
05,001,20,03,000007,86,8,RELLENO_NACIONAL_BENFORD
05,001,20,04,000001,89,8,RELLENO_NACIONAL_BENFORD
05,001,20,06,000002,88,8,RELLENO_NACIONAL_BENFORD
05,001,21,01,000004,89,8,RELLENO_NACIONAL_BENFORD
05,001,21,01,000006,80,8,RELLENO_NACIONAL_BENFORD
05,001,21,02,000002,90,9,RELLENO_NACIONAL_BENFORD
05,001,22,04,000009,83,8,RELLENO_NACIONAL_BENFORD
05,001,99,33,000009,97,9,RELLENO_NACIONAL_BENFORD
05,004,99,15,000002,91,9,RELLENO_NACIONAL_BENFORD
05,005,00,00,000006,90,9,RELLENO_NACIONAL_BENFORD
05,007,01,01,000008,80,8,RELLENO_NACIONAL_BENFORD
05,007,02,03,000007,84,8,RELLENO_NACIONAL_BENFORD
05,009,00,00,000015,86,8,RELLENO_NACIONAL_BENFORD
05,010,00,00,000012,93,9,RELLENO_NACIONAL_BENFORD
05,010,00,00,000013,95,9,RELLENO_NACIONAL_BENFORD
05,010,00,00,000018,91,9,RELLENO_NACIONAL_BENFORD
05,013,00,00,000029,97,9,RELLENO_NACIONAL_BENFORD
05,014,00,00,000012,85,8,RELLENO_NACIONAL_BENFORD
05,014,00,00,000013,80,8,RELLENO_NACIONAL_BENFORD
05,014,00,00,000016,88,8,RELLENO_NACIONAL_BENFORD
05,016,99,05,000005,83,8,RELLENO_NACIONAL_BENFORD
05,018,00,00,000012,96,9,RELLENO_NACIONAL_BENFORD
05,022,01,01,000002,82,8,RELLENO_NACIONAL_BENFORD
05,022,01,03,000010,97,9,RELLENO_NACIONAL_BENFORD
05,022,01,04,000007,97,9,RELLENO_NACIONAL_BENFORD
05,022,02,01,000018,94,9,RELLENO_NACIONAL_BENFORD
05,022,99,11,000001,84,8,RELLENO_NACIONAL_BENFORD
05,025,99,17,000001,93,9,RELLENO_NACIONAL_BENFORD
05,026,99,20,000003,92,9,RELLENO_NACIONAL_BENFORD
05,026,99,55,000003,94,9,RELLENO_NACIONAL_BENFORD
05,026,99,55,000005,89,8,RELLENO_NACIONAL_BENFORD
05,028,01,01,000006,90,9,RELLENO_NACIONAL_BENFORD
05,028,02,01,000004,88,8,RELLENO_NACIONAL_BENFORD
05,028,02,02,000008,88,8,RELLENO_NACIONAL_BENFORD
05,031,00,01,000005,93,9,RELLENO_NACIONAL_BENFORD
05,031,99,01,000004,99,9,RELLENO_NACIONAL_BENFORD
05,037,00,00,000004,83,8,RELLENO_NACIONAL_BENFORD
05,037,99,25,000003,95,9,RELLENO_NACIONAL_BENFORD
05,043,01,02,000010,85,8,RELLENO_NACIONAL_BENFORD
05,043,02,01,000001,95,9,RELLENO_NACIONAL_BENFORD
05,043,99,49,000002,85,8,RELLENO_NACIONAL_BENFORD
05,043,99,73,000003,96,9,RELLENO_NACIONAL_BENFORD
05,044,99,06,000001,93,9,RELLENO_NACIONAL_BENFORD
05,044,99,07,000002,88,8,RELLENO_NACIONAL_BENFORD
05,050,00,00,000002,85,8,RELLENO_NACIONAL_BENFORD
05,070,00,00,000019,81,8,RELLENO_NACIONAL_BENFORD
05,070,00,00,000020,96,9,RELLENO_NACIONAL_BENFORD
05,070,00,00,000027,85,8,RELLENO_NACIONAL_BENFORD
05,073,99,45,000002,93,9,RELLENO_NACIONAL_BENFORD
05,076,02,02,000003,82,8,RELLENO_NACIONAL_BENFORD
05,079,99,02,000003,83,8,RELLENO_NACIONAL_BENFORD
05,082,00,00,000017,82,8,RELLENO_NACIONAL_BENFORD
05,084,00,00,000039,95,9,RELLENO_NACIONAL_BENFORD
05,084,99,53,000003,9,9,RELLENO_NACIONAL_BENFORD
05,097,99,01,000002,92,9,RELLENO_NACIONAL_BENFORD
05,097,99,03,000001,94,9,RELLENO_NACIONAL_BENFORD
05,110,00,00,000010,94,9,RELLENO_NACIONAL_BENFORD
05,118,01,01,000034,82,8,RELLENO_NACIONAL_BENFORD
05,118,02,03,000006,96,9,RELLENO_NACIONAL_BENFORD
16,001,10,04,000016,85,8,RELLENO_NACIONAL_BENFORD
16,001,10,07,000022,84,8,RELLENO_NACIONAL_BENFORD
16,001,10,12,000040,92,9,RELLENO_NACIONAL_BENFORD
16,001,10,14,000029,99,9,RELLENO_NACIONAL_BENFORD
16,001,10,16,000021,99,9,RELLENO_NACIONAL_BENFORD
16,001,10,28,000028,82,8,RELLENO_NACIONAL_BENFORD
16,001,10,31,000016,83,8,RELLENO_NACIONAL_BENFORD
16,001,10,32,000018,88,8,RELLENO_NACIONAL_BENFORD
16,001,10,35,000023,92,9,RELLENO_NACIONAL_BENFORD
16,001,10,40,000037,95,9,RELLENO_NACIONAL_BENFORD
27,082,01,01,000019,91,9,RELLENO_NACIONAL_BENFORD
27,082,02,01,000017,88,8,RELLENO_NACIONAL_BENFORD
27,082,06,03,000005,93,9,RELLENO_NACIONAL_BENFORD
27,082,07,02,000010,91,9,RELLENO_NACIONAL_BENFORD
88,505,10,02,000002,8,8,RELLENO_NACIONAL_BENFORD
88,590,05,81,000004,93,9,RELLENO_NACIONAL_BENFORD
88,590,05,85,000004,95,9,RELLENO_NACIONAL_BENFORD
88,683,05,82,000001,85,8,RELLENO_NACIONAL_BENFORD
88,745,05,84,000001,8,8,RELLENO_NACIONAL_BENFORD
88,755,05,86,000006,8,8,RELLENO_NACIONAL_BENFORD
88,815,10,83,000001,83,8,RELLENO_NACIONAL_BENFORD
88,815,35,82,000002,81,8,RELLENO_NACIONAL_BENFORD
88,815,65,86,000006,81,8,RELLENO_NACIONAL_BENFORD
01,001,01,03,000023,87,8,RELLENO_NACIONAL_BENFORD
01,001,01,04,000021,99,9,RELLENO_NACIONAL_BENFORD
01,001,04,01,000024,99,9,RELLENO_NACIONAL_BENFORD
01,001,05,02,000027,90,9,RELLENO_NACIONAL_BENFORD
01,001,05,04,000036,95,9,RELLENO_NACIONAL_BENFORD
01,001,05,04,000037,89,8,RELLENO_NACIONAL_BENFORD
01,001,05,04,000038,84,8,RELLENO_NACIONAL_BENFORD
01,001,05,05,000014,93,9,RELLENO_NACIONAL_BENFORD
01,001,06,01,000033,95,9,RELLENO_NACIONAL_BENFORD
01,001,06,03,000017,97,9,RELLENO_NACIONAL_BENFORD
01,001,06,04,000013,95,9,RELLENO_NACIONAL_BENFORD
01,001,07,03,000031,93,9,RELLENO_NACIONAL_BENFORD
01,001,08,04,000031,92,9,RELLENO_NACIONAL_BENFORD
01,001,08,06,000005,85,8,RELLENO_NACIONAL_BENFORD
01,001,09,05,000026,82,8,RELLENO_NACIONAL_BENFORD
01,001,10,02,000048,82,8,RELLENO_NACIONAL_BENFORD
01,001,10,05,000009,87,8,RELLENO_NACIONAL_BENFORD
01,001,11,01,000032,82,8,RELLENO_NACIONAL_BENFORD
01,001,11,02,000013,91,9,RELLENO_NACIONAL_BENFORD
01,001,13,03,000014,96,9,RELLENO_NACIONAL_BENFORD
01,001,13,03,000015,96,9,RELLENO_NACIONAL_BENFORD
01,001,14,04,000014,87,8,RELLENO_NACIONAL_BENFORD
01,001,15,05,000053,89,8,RELLENO_NACIONAL_BENFORD
01,001,17,02,000018,80,8,RELLENO_NACIONAL_BENFORD
01,001,17,02,000022,88,8,RELLENO_NACIONAL_BENFORD
01,001,17,07,000006,80,8,RELLENO_NACIONAL_BENFORD
01,001,17,08,000009,90,9,RELLENO_NACIONAL_BENFORD
01,001,19,01,000027,82,8,RELLENO_NACIONAL_BENFORD
01,001,19,05,000027,94,9,RELLENO_NACIONAL_BENFORD
01,001,21,01,000025,80,8,RELLENO_NACIONAL_BENFORD
01,001,26,06,000018,92,9,RELLENO_NACIONAL_BENFORD
01,001,26,09,000002,90,9,RELLENO_NACIONAL_BENFORD
01,001,28,05,000031,88,8,RELLENO_NACIONAL_BENFORD
01,001,31,04,000020,92,9,RELLENO_NACIONAL_BENFORD
01,001,32,05,000010,85,8,RELLENO_NACIONAL_BENFORD
27,019,02,02,000004,85,8,RELLENO_NACIONAL_BENFORD
27,019,02,05,000007,91,9,RELLENO_NACIONAL_BENFORD
27,019,02,06,000002,90,9,RELLENO_NACIONAL_BENFORD
27,019,02,07,000001,85,8,RELLENO_NACIONAL_BENFORD
27,019,03,01,000008,87,8,RELLENO_NACIONAL_BENFORD
27,019,03,11,000005,82,8,RELLENO_NACIONAL_BENFORD
27,019,04,01,000003,81,8,RELLENO_NACIONAL_BENFORD
27,019,04,01,000007,94,9,RELLENO_NACIONAL_BENFORD
27,019,05,02,000008,94,9,RELLENO_NACIONAL_BENFORD
27,019,05,08,000002,8,8,RELLENO_NACIONAL_BENFORD
27,019,06,02,000005,83,8,RELLENO_NACIONAL_BENFORD
27,019,07,01,000010,81,8,RELLENO_NACIONAL_BENFORD
27,019,07,06,000003,81,8,RELLENO_NACIONAL_BENFORD
27,019,99,A2,000005,84,8,RELLENO_NACIONAL_BENFORD
27,045,02,01,000006,82,8,RELLENO_NACIONAL_BENFORD
27,091,02,01,000024,91,9,RELLENO_NACIONAL_BENFORD
27,091,02,05,000012,84,8,RELLENO_NACIONAL_BENFORD
27,121,99,20,000002,96,9,RELLENO_NACIONAL_BENFORD
27,121,99,40,000002,95,9,RELLENO_NACIONAL_BENFORD
27,166,00,00,000020,92,9,RELLENO_NACIONAL_BENFORD
27,166,00,00,000027,96,9,RELLENO_NACIONAL_BENFORD
27,169,00,02,000019,81,8,RELLENO_NACIONAL_BENFORD
27,172,99,18,000001,92,9,RELLENO_NACIONAL_BENFORD
28,001,01,01,000003,98,9,RELLENO_NACIONAL_BENFORD
28,001,01,02,000021,93,9,RELLENO_NACIONAL_BENFORD
28,001,01,03,000004,90,9,RELLENO_NACIONAL_BENFORD
28,001,01,04,000004,88,8,RELLENO_NACIONAL_BENFORD
28,001,03,01,000031,92,9,RELLENO_NACIONAL_BENFORD
28,001,03,02,000009,99,9,RELLENO_NACIONAL_BENFORD
28,001,04,01,000002,90,9,RELLENO_NACIONAL_BENFORD
28,001,05,02,000026,97,9,RELLENO_NACIONAL_BENFORD
28,001,06,01,000029,87,8,RELLENO_NACIONAL_BENFORD
28,001,06,02,000001,84,8,RELLENO_NACIONAL_BENFORD
28,001,99,87,000001,80,8,RELLENO_NACIONAL_BENFORD
28,010,00,00,000022,97,9,RELLENO_NACIONAL_BENFORD
28,020,99,80,000002,82,8,RELLENO_NACIONAL_BENFORD
28,041,00,00,000024,80,8,RELLENO_NACIONAL_BENFORD
28,041,99,10,000002,84,8,RELLENO_NACIONAL_BENFORD
28,055,00,00,000016,84,8,RELLENO_NACIONAL_BENFORD
28,060,99,03,000001,98,9,RELLENO_NACIONAL_BENFORD
28,060,99,04,000002,8,8,RELLENO_NACIONAL_BENFORD
28,060,99,93,000001,82,8,RELLENO_NACIONAL_BENFORD
28,080,99,30,000001,80,8,RELLENO_NACIONAL_BENFORD
28,160,01,01,000011,95,9,RELLENO_NACIONAL_BENFORD
28,160,01,01,000012,87,8,RELLENO_NACIONAL_BENFORD
28,160,01,02,000008,99,9,RELLENO_NACIONAL_BENFORD
28,180,99,26,000002,87,8,RELLENO_NACIONAL_BENFORD
28,190,00,00,000019,94,9,RELLENO_NACIONAL_BENFORD
28,190,99,01,000005,86,8,RELLENO_NACIONAL_BENFORD
28,200,01,02,000010,8,8,RELLENO_NACIONAL_BENFORD
28,200,02,01,000011,88,8,RELLENO_NACIONAL_BENFORD
05,001,21,01,000020,91,9,RELLENO_NACIONAL_BENFORD
05,001,21,02,000004,98,9,RELLENO_NACIONAL_BENFORD
05,001,22,01,000005,81,8,RELLENO_NACIONAL_BENFORD
05,001,22,04,000011,96,9,RELLENO_NACIONAL_BENFORD
05,001,22,07,000018,88,8,RELLENO_NACIONAL_BENFORD
05,001,99,73,000009,89,8,RELLENO_NACIONAL_BENFORD
05,007,02,03,000009,88,8,RELLENO_NACIONAL_BENFORD
05,007,99,05,000005,9,9,RELLENO_NACIONAL_BENFORD
05,009,00,00,000018,88,8,RELLENO_NACIONAL_BENFORD
05,013,00,00,000006,90,9,RELLENO_NACIONAL_BENFORD
05,022,01,06,000013,80,8,RELLENO_NACIONAL_BENFORD
05,022,02,01,000021,85,8,RELLENO_NACIONAL_BENFORD
05,022,99,21,000001,93,9,RELLENO_NACIONAL_BENFORD
05,025,99,13,000004,82,8,RELLENO_NACIONAL_BENFORD
05,027,00,00,000004,93,9,RELLENO_NACIONAL_BENFORD
05,028,01,01,000009,88,8,RELLENO_NACIONAL_BENFORD
05,031,00,02,000011,86,8,RELLENO_NACIONAL_BENFORD
05,041,00,00,000003,94,9,RELLENO_NACIONAL_BENFORD
05,043,01,02,000002,81,8,RELLENO_NACIONAL_BENFORD
05,059,00,00,000009,82,8,RELLENO_NACIONAL_BENFORD
05,059,99,25,000005,95,9,RELLENO_NACIONAL_BENFORD
05,070,00,00,000023,98,9,RELLENO_NACIONAL_BENFORD
05,070,00,00,000031,98,9,RELLENO_NACIONAL_BENFORD
05,070,99,05,000003,86,8,RELLENO_NACIONAL_BENFORD
05,073,00,00,000002,85,8,RELLENO_NACIONAL_BENFORD
05,073,99,02,000001,98,9,RELLENO_NACIONAL_BENFORD
07,001,02,01,000013,91,9,RELLENO_NACIONAL_BENFORD
07,001,02,01,000016,90,9,RELLENO_NACIONAL_BENFORD
07,001,02,01,000019,98,9,RELLENO_NACIONAL_BENFORD
07,001,02,01,000025,82,8,RELLENO_NACIONAL_BENFORD
07,001,02,02,000013,84,8,RELLENO_NACIONAL_BENFORD
07,001,02,02,000014,82,8,RELLENO_NACIONAL_BENFORD
07,001,03,02,000011,85,8,RELLENO_NACIONAL_BENFORD
07,001,03,02,000012,82,8,RELLENO_NACIONAL_BENFORD
07,001,03,04,000025,92,9,RELLENO_NACIONAL_BENFORD
07,008,00,01,000016,97,9,RELLENO_NACIONAL_BENFORD
07,008,99,10,000001,86,8,RELLENO_NACIONAL_BENFORD
07,040,99,45,000001,95,9,RELLENO_NACIONAL_BENFORD
07,049,00,00,000018,95,9,RELLENO_NACIONAL_BENFORD
07,052,00,00,000006,89,8,RELLENO_NACIONAL_BENFORD
07,064,99,19,000001,98,9,RELLENO_NACIONAL_BENFORD
07,067,02,03,000012,95,9,RELLENO_NACIONAL_BENFORD
07,073,99,08,000001,97,9,RELLENO_NACIONAL_BENFORD
07,079,02,01,000023,84,8,RELLENO_NACIONAL_BENFORD
07,079,02,02,000027,90,9,RELLENO_NACIONAL_BENFORD
07,079,02,04,000014,99,9,RELLENO_NACIONAL_BENFORD
07,079,02,05,000010,82,8,RELLENO_NACIONAL_BENFORD
07,161,00,00,000008,99,9,RELLENO_NACIONAL_BENFORD
07,163,99,09,000001,97,9,RELLENO_NACIONAL_BENFORD
07,166,00,00,000002,97,9,RELLENO_NACIONAL_BENFORD
07,166,00,00,000024,83,8,RELLENO_NACIONAL_BENFORD
07,176,99,35,000001,84,8,RELLENO_NACIONAL_BENFORD
07,181,01,01,000025,98,9,RELLENO_NACIONAL_BENFORD
07,181,02,01,000018,99,9,RELLENO_NACIONAL_BENFORD
07,181,02,01,000023,99,9,RELLENO_NACIONAL_BENFORD
07,181,02,02,000017,86,8,RELLENO_NACIONAL_BENFORD
07,214,01,02,000015,86,8,RELLENO_NACIONAL_BENFORD
07,214,01,02,000020,99,9,RELLENO_NACIONAL_BENFORD
07,214,01,02,000021,84,8,RELLENO_NACIONAL_BENFORD
07,277,01,01,000029,93,9,RELLENO_NACIONAL_BENFORD
07,277,01,03,000023,87,8,RELLENO_NACIONAL_BENFORD
07,277,02,01,000021,99,9,RELLENO_NACIONAL_BENFORD
07,277,02,02,000021,98,9,RELLENO_NACIONAL_BENFORD
07,277,02,02,000025,99,9,RELLENO_NACIONAL_BENFORD
07,277,02,02,000029,82,8,RELLENO_NACIONAL_BENFORD
07,307,00,00,000019,85,8,RELLENO_NACIONAL_BENFORD
07,307,00,00,000022,89,8,RELLENO_NACIONAL_BENFORD
16,001,08,35,000037,85,8,RELLENO_NACIONAL_BENFORD
16,001,08,38,000029,95,9,RELLENO_NACIONAL_BENFORD
16,001,08,42,000020,97,9,RELLENO_NACIONAL_BENFORD
16,001,08,42,000021,89,8,RELLENO_NACIONAL_BENFORD
16,001,08,43,000024,82,8,RELLENO_NACIONAL_BENFORD
16,001,08,47,000015,85,8,RELLENO_NACIONAL_BENFORD
16,001,08,60,000029,91,9,RELLENO_NACIONAL_BENFORD
16,001,08,66,000014,80,8,RELLENO_NACIONAL_BENFORD
16,001,08,66,000017,89,8,RELLENO_NACIONAL_BENFORD
16,001,08,68,000015,83,8,RELLENO_NACIONAL_BENFORD
16,001,08,86,000002,83,8,RELLENO_NACIONAL_BENFORD
16,001,08,A5,000003,97,9,RELLENO_NACIONAL_BENFORD
16,001,08,A7,000008,89,8,RELLENO_NACIONAL_BENFORD
16,001,09,02,000026,88,8,RELLENO_NACIONAL_BENFORD
16,001,09,02,000028,83,8,RELLENO_NACIONAL_BENFORD
16,001,09,02,000029,82,8,RELLENO_NACIONAL_BENFORD
16,001,09,02,000035,97,9,RELLENO_NACIONAL_BENFORD
16,001,09,04,000019,84,8,RELLENO_NACIONAL_BENFORD
16,001,09,04,000033,84,8,RELLENO_NACIONAL_BENFORD
16,001,09,07,000019,96,9,RELLENO_NACIONAL_BENFORD
16,001,09,09,000015,96,9,RELLENO_NACIONAL_BENFORD
16,001,09,11,000022,99,9,RELLENO_NACIONAL_BENFORD
16,001,09,18,000017,99,9,RELLENO_NACIONAL_BENFORD
16,001,09,29,000007,84,8,RELLENO_NACIONAL_BENFORD
16,001,10,48,000013,90,9,RELLENO_NACIONAL_BENFORD
16,001,10,54,000020,82,8,RELLENO_NACIONAL_BENFORD
16,001,10,57,000020,86,8,RELLENO_NACIONAL_BENFORD
16,001,10,62,000007,93,9,RELLENO_NACIONAL_BENFORD
16,001,10,67,000037,96,9,RELLENO_NACIONAL_BENFORD
16,001,10,76,000008,87,8,RELLENO_NACIONAL_BENFORD
16,001,10,77,000003,91,9,RELLENO_NACIONAL_BENFORD
16,001,10,80,000006,82,8,RELLENO_NACIONAL_BENFORD
16,001,10,81,000010,93,9,RELLENO_NACIONAL_BENFORD
16,001,11,01,000059,82,8,RELLENO_NACIONAL_BENFORD
16,001,11,22,000024,96,9,RELLENO_NACIONAL_BENFORD
16,001,11,22,000027,80,8,RELLENO_NACIONAL_BENFORD
16,001,11,30,000014,95,9,RELLENO_NACIONAL_BENFORD
16,001,11,31,000040,86,8,RELLENO_NACIONAL_BENFORD
16,001,11,36,000011,96,9,RELLENO_NACIONAL_BENFORD
16,001,11,41,000025,89,8,RELLENO_NACIONAL_BENFORD
16,001,11,50,000023,85,8,RELLENO_NACIONAL_BENFORD
16,001,11,53,000027,86,8,RELLENO_NACIONAL_BENFORD
16,001,11,53,000032,90,9,RELLENO_NACIONAL_BENFORD
16,001,11,64,000011,9,9,RELLENO_NACIONAL_BENFORD
16,001,11,82,000003,93,9,RELLENO_NACIONAL_BENFORD
16,001,11,90,000005,98,9,RELLENO_NACIONAL_BENFORD
16,001,11,95,000026,83,8,RELLENO_NACIONAL_BENFORD
16,001,11,95,000035,87,8,RELLENO_NACIONAL_BENFORD
16,001,11,B6,000003,86,8,RELLENO_NACIONAL_BENFORD
16,001,12,01,000015,99,9,RELLENO_NACIONAL_BENFORD
16,001,12,03,000005,98,9,RELLENO_NACIONAL_BENFORD
16,001,12,04,000016,97,9,RELLENO_NACIONAL_BENFORD
16,001,12,05,000011,83,8,RELLENO_NACIONAL_BENFORD
16,001,12,08,000017,91,9,RELLENO_NACIONAL_BENFORD
16,001,12,11,000011,92,9,RELLENO_NACIONAL_BENFORD
16,001,12,25,000032,96,9,RELLENO_NACIONAL_BENFORD
16,001,13,15,000001,99,9,RELLENO_NACIONAL_BENFORD
16,001,13,15,000008,99,9,RELLENO_NACIONAL_BENFORD
16,001,13,21,000019,86,8,RELLENO_NACIONAL_BENFORD
16,001,13,24,000009,87,8,RELLENO_NACIONAL_BENFORD
16,001,13,31,000006,80,8,RELLENO_NACIONAL_BENFORD
16,001,13,35,000001,83,8,RELLENO_NACIONAL_BENFORD
16,001,13,37,000001,96,9,RELLENO_NACIONAL_BENFORD
16,001,14,01,000005,93,9,RELLENO_NACIONAL_BENFORD
16,001,14,18,000016,93,9,RELLENO_NACIONAL_BENFORD
16,001,15,01,000006,92,9,RELLENO_NACIONAL_BENFORD
16,001,15,01,000022,91,9,RELLENO_NACIONAL_BENFORD
16,001,15,02,000009,88,8,RELLENO_NACIONAL_BENFORD
16,001,15,02,000012,81,8,RELLENO_NACIONAL_BENFORD
16,001,15,02,000014,89,8,RELLENO_NACIONAL_BENFORD
16,001,15,12,000016,97,9,RELLENO_NACIONAL_BENFORD
16,001,15,14,000014,98,9,RELLENO_NACIONAL_BENFORD
01,001,99,03,000020,81,8,RELLENO_NACIONAL_BENFORD
01,001,99,A2,000035,83,8,RELLENO_NACIONAL_BENFORD
01,001,99,A2,000037,85,8,RELLENO_NACIONAL_BENFORD
01,001,99,A5,000006,96,9,RELLENO_NACIONAL_BENFORD
09,082,00,01,000020,89,8,RELLENO_NACIONAL_BENFORD
09,085,00,00,000016,98,9,RELLENO_NACIONAL_BENFORD
09,085,98,01,000001,8,8,RELLENO_NACIONAL_BENFORD
09,103,99,01,000009,93,9,RELLENO_NACIONAL_BENFORD
09,106,00,00,000024,80,8,RELLENO_NACIONAL_BENFORD
09,109,00,00,000032,92,9,RELLENO_NACIONAL_BENFORD
09,120,00,00,000013,96,9,RELLENO_NACIONAL_BENFORD
09,124,99,02,000001,81,8,RELLENO_NACIONAL_BENFORD
09,127,99,03,000003,96,9,RELLENO_NACIONAL_BENFORD
09,130,01,03,000016,95,9,RELLENO_NACIONAL_BENFORD
09,130,02,02,000011,84,8,RELLENO_NACIONAL_BENFORD
09,130,03,01,000003,93,9,RELLENO_NACIONAL_BENFORD
11,001,01,01,000017,81,8,RELLENO_NACIONAL_BENFORD
11,001,01,02,000019,85,8,RELLENO_NACIONAL_BENFORD
11,001,01,04,000020,85,8,RELLENO_NACIONAL_BENFORD
11,001,02,05,000004,94,9,RELLENO_NACIONAL_BENFORD
16,001,19,29,000006,99,9,RELLENO_NACIONAL_BENFORD
16,001,19,32,000007,89,8,RELLENO_NACIONAL_BENFORD
16,001,19,38,000003,96,9,RELLENO_NACIONAL_BENFORD
16,001,19,47,000001,86,8,RELLENO_NACIONAL_BENFORD
16,001,19,48,000005,91,9,RELLENO_NACIONAL_BENFORD
16,001,19,70,000006,81,8,RELLENO_NACIONAL_BENFORD
16,001,90,01,000070,95,9,RELLENO_NACIONAL_BENFORD
16,001,90,01,000212,97,9,RELLENO_NACIONAL_BENFORD
01,061,00,00,000013,89,8,RELLENO_NACIONAL_BENFORD
01,064,99,05,000005,88,8,RELLENO_NACIONAL_BENFORD
01,064,99,13,000002,85,8,RELLENO_NACIONAL_BENFORD
01,070,01,03,000017,82,8,RELLENO_NACIONAL_BENFORD
01,070,03,03,000025,90,9,RELLENO_NACIONAL_BENFORD
01,073,00,00,000015,92,9,RELLENO_NACIONAL_BENFORD
01,080,01,01,000005,84,8,RELLENO_NACIONAL_BENFORD
01,080,02,02,000001,97,9,RELLENO_NACIONAL_BENFORD
01,080,03,03,000001,99,9,RELLENO_NACIONAL_BENFORD
29,064,02,02,000005,92,9,RELLENO_NACIONAL_BENFORD
29,067,00,00,000020,91,9,RELLENO_NACIONAL_BENFORD
29,070,00,00,000003,80,8,RELLENO_NACIONAL_BENFORD
29,070,00,00,000027,83,8,RELLENO_NACIONAL_BENFORD
29,073,99,29,000001,81,8,RELLENO_NACIONAL_BENFORD
29,076,01,02,000012,87,8,RELLENO_NACIONAL_BENFORD
29,076,02,02,000015,82,8,RELLENO_NACIONAL_BENFORD
29,076,02,03,000005,96,9,RELLENO_NACIONAL_BENFORD
29,079,02,01,000019,88,8,RELLENO_NACIONAL_BENFORD
29,079,99,08,000004,87,8,RELLENO_NACIONAL_BENFORD
29,082,00,01,000002,93,9,RELLENO_NACIONAL_BENFORD
29,085,00,00,000030,97,9,RELLENO_NACIONAL_BENFORD
29,085,99,04,000004,89,8,RELLENO_NACIONAL_BENFORD
29,085,99,04,000005,91,9,RELLENO_NACIONAL_BENFORD
29,088,00,00,000006,98,9,RELLENO_NACIONAL_BENFORD
29,088,00,00,000008,81,8,RELLENO_NACIONAL_BENFORD
29,088,99,01,000004,99,9,RELLENO_NACIONAL_BENFORD
29,089,00,00,000028,80,8,RELLENO_NACIONAL_BENFORD
29,100,00,00,000009,91,9,RELLENO_NACIONAL_BENFORD
29,103,99,04,000003,88,8,RELLENO_NACIONAL_BENFORD
29,105,00,00,000024,86,8,RELLENO_NACIONAL_BENFORD
29,105,99,17,000001,99,9,RELLENO_NACIONAL_BENFORD
11,001,05,01,000002,82,8,RELLENO_NACIONAL_BENFORD
11,001,05,03,000001,90,9,RELLENO_NACIONAL_BENFORD
11,001,05,03,000003,89,8,RELLENO_NACIONAL_BENFORD
11,001,90,01,000001,88,8,RELLENO_NACIONAL_BENFORD
11,001,90,01,000006,84,8,RELLENO_NACIONAL_BENFORD
11,001,90,01,000008,93,9,RELLENO_NACIONAL_BENFORD
11,001,90,01,000010,87,8,RELLENO_NACIONAL_BENFORD
11,007,99,01,000001,9,9,RELLENO_NACIONAL_BENFORD
11,007,99,64,000001,9,9,RELLENO_NACIONAL_BENFORD
11,010,00,00,000001,97,9,RELLENO_NACIONAL_BENFORD
11,010,00,00,000004,91,9,RELLENO_NACIONAL_BENFORD
11,010,99,17,000001,80,8,RELLENO_NACIONAL_BENFORD
11,010,99,75,000002,8,8,RELLENO_NACIONAL_BENFORD
11,013,99,30,000001,9,9,RELLENO_NACIONAL_BENFORD
11,016,99,03,000001,82,8,RELLENO_NACIONAL_BENFORD
11,016,99,25,000002,80,8,RELLENO_NACIONAL_BENFORD
11,019,00,01,000002,92,9,RELLENO_NACIONAL_BENFORD
17,001,99,25,000001,8,8,RELLENO_NACIONAL_BENFORD
17,004,00,00,000015,82,8,RELLENO_NACIONAL_BENFORD
17,027,99,23,000001,9,9,RELLENO_NACIONAL_BENFORD
17,035,99,14,000001,8,8,RELLENO_NACIONAL_BENFORD
17,043,99,09,000001,96,9,RELLENO_NACIONAL_BENFORD
17,048,99,24,000003,88,8,RELLENO_NACIONAL_BENFORD
17,082,00,00,000006,86,8,RELLENO_NACIONAL_BENFORD
19,001,01,01,000039,84,8,RELLENO_NACIONAL_BENFORD
01,088,01,04,000001,94,9,RELLENO_NACIONAL_BENFORD
01,088,01,04,000002,86,8,RELLENO_NACIONAL_BENFORD
01,088,02,03,000013,86,8,RELLENO_NACIONAL_BENFORD
01,088,02,03,000022,94,9,RELLENO_NACIONAL_BENFORD
01,091,00,00,000025,95,9,RELLENO_NACIONAL_BENFORD
01,094,99,04,000002,87,8,RELLENO_NACIONAL_BENFORD
01,103,01,03,000004,82,8,RELLENO_NACIONAL_BENFORD
01,103,03,03,000014,91,9,RELLENO_NACIONAL_BENFORD
01,103,03,03,000015,94,9,RELLENO_NACIONAL_BENFORD
01,103,03,03,000016,84,8,RELLENO_NACIONAL_BENFORD
01,106,01,01,000006,85,8,RELLENO_NACIONAL_BENFORD
29,121,00,00,000023,89,8,RELLENO_NACIONAL_BENFORD
31,001,01,02,000012,80,8,RELLENO_NACIONAL_BENFORD
31,001,01,02,000018,86,8,RELLENO_NACIONAL_BENFORD
31,001,01,02,000034,9,9,RELLENO_NACIONAL_BENFORD
31,001,01,03,000004,89,8,RELLENO_NACIONAL_BENFORD
31,001,01,03,000006,88,8,RELLENO_NACIONAL_BENFORD
31,001,01,03,000011,82,8,RELLENO_NACIONAL_BENFORD
31,001,01,05,000003,80,8,RELLENO_NACIONAL_BENFORD
31,001,01,06,000014,8,8,RELLENO_NACIONAL_BENFORD
31,001,03,01,000030,94,9,RELLENO_NACIONAL_BENFORD
31,001,04,03,000007,84,8,RELLENO_NACIONAL_BENFORD
31,001,05,02,000013,84,8,RELLENO_NACIONAL_BENFORD
31,001,05,03,000008,87,8,RELLENO_NACIONAL_BENFORD
31,001,05,03,000013,80,8,RELLENO_NACIONAL_BENFORD
31,001,05,04,000042,80,8,RELLENO_NACIONAL_BENFORD
31,001,05,06,000012,86,8,RELLENO_NACIONAL_BENFORD
31,001,06,01,000011,95,9,RELLENO_NACIONAL_BENFORD
31,001,06,04,000033,84,8,RELLENO_NACIONAL_BENFORD
31,001,06,05,000013,83,8,RELLENO_NACIONAL_BENFORD
31,001,07,01,000022,92,9,RELLENO_NACIONAL_BENFORD
11,022,00,00,000004,91,9,RELLENO_NACIONAL_BENFORD
11,025,99,59,000002,8,8,RELLENO_NACIONAL_BENFORD
11,025,99,63,000001,93,9,RELLENO_NACIONAL_BENFORD
11,028,00,00,000025,9,9,RELLENO_NACIONAL_BENFORD
11,037,00,00,000008,94,9,RELLENO_NACIONAL_BENFORD
11,046,99,13,000003,8,8,RELLENO_NACIONAL_BENFORD
11,052,00,02,000002,91,9,RELLENO_NACIONAL_BENFORD
11,052,99,31,000001,82,8,RELLENO_NACIONAL_BENFORD
11,053,99,20,000001,83,8,RELLENO_NACIONAL_BENFORD
19,001,01,02,000024,97,9,RELLENO_NACIONAL_BENFORD
19,001,01,02,000025,89,8,RELLENO_NACIONAL_BENFORD
19,001,01,07,000016,88,8,RELLENO_NACIONAL_BENFORD
19,001,03,01,000013,83,8,RELLENO_NACIONAL_BENFORD
19,001,03,02,000002,90,9,RELLENO_NACIONAL_BENFORD
13,001,01,07,000008,95,9,RELLENO_NACIONAL_BENFORD
13,001,02,01,000012,85,8,RELLENO_NACIONAL_BENFORD
13,001,02,03,000019,82,8,RELLENO_NACIONAL_BENFORD
13,001,02,05,000011,89,8,RELLENO_NACIONAL_BENFORD
13,001,02,05,000017,81,8,RELLENO_NACIONAL_BENFORD
13,001,03,03,000016,80,8,RELLENO_NACIONAL_BENFORD
13,001,03,05,000002,96,9,RELLENO_NACIONAL_BENFORD
13,001,03,05,000003,84,8,RELLENO_NACIONAL_BENFORD
21,015,00,00,000018,95,9,RELLENO_NACIONAL_BENFORD
21,016,01,02,000001,90,9,RELLENO_NACIONAL_BENFORD
21,016,02,01,000003,91,9,RELLENO_NACIONAL_BENFORD
21,016,02,01,000016,95,9,RELLENO_NACIONAL_BENFORD
21,020,00,00,000002,80,8,RELLENO_NACIONAL_BENFORD
21,020,99,35,000004,94,9,RELLENO_NACIONAL_BENFORD
21,025,01,02,000018,83,8,RELLENO_NACIONAL_BENFORD
21,025,02,01,000020,82,8,RELLENO_NACIONAL_BENFORD
21,025,02,02,000008,92,9,RELLENO_NACIONAL_BENFORD
21,028,00,00,000010,90,9,RELLENO_NACIONAL_BENFORD
21,028,00,00,000012,91,9,RELLENO_NACIONAL_BENFORD
21,028,99,21,000001,97,9,RELLENO_NACIONAL_BENFORD
21,030,99,40,000002,9,9,RELLENO_NACIONAL_BENFORD
21,031,01,03,000017,87,8,RELLENO_NACIONAL_BENFORD
21,031,01,03,000018,90,9,RELLENO_NACIONAL_BENFORD
21,031,01,03,000021,84,8,RELLENO_NACIONAL_BENFORD
21,031,02,03,000001,94,9,RELLENO_NACIONAL_BENFORD
21,040,99,09,000002,90,9,RELLENO_NACIONAL_BENFORD
13,001,05,01,000026,95,9,RELLENO_NACIONAL_BENFORD
13,001,05,02,000003,89,8,RELLENO_NACIONAL_BENFORD
13,001,05,04,000013,90,9,RELLENO_NACIONAL_BENFORD
13,001,05,05,000008,99,9,RELLENO_NACIONAL_BENFORD
13,001,06,04,000029,89,8,RELLENO_NACIONAL_BENFORD
13,001,06,08,000007,84,8,RELLENO_NACIONAL_BENFORD
13,001,07,01,000004,89,8,RELLENO_NACIONAL_BENFORD
13,001,07,02,000017,96,9,RELLENO_NACIONAL_BENFORD
13,001,90,01,000001,91,9,RELLENO_NACIONAL_BENFORD
13,001,99,01,000002,95,9,RELLENO_NACIONAL_BENFORD
13,001,99,07,000006,98,9,RELLENO_NACIONAL_BENFORD
13,001,99,17,000002,90,9,RELLENO_NACIONAL_BENFORD
13,001,99,21,000003,90,9,RELLENO_NACIONAL_BENFORD
13,001,99,25,000007,91,9,RELLENO_NACIONAL_BENFORD
13,001,99,29,000012,82,8,RELLENO_NACIONAL_BENFORD
13,001,99,29,000017,97,9,RELLENO_NACIONAL_BENFORD
13,001,99,42,000003,95,9,RELLENO_NACIONAL_BENFORD
13,001,99,54,000004,83,8,RELLENO_NACIONAL_BENFORD
13,001,99,60,000001,85,8,RELLENO_NACIONAL_BENFORD
13,004,02,02,000011,86,8,RELLENO_NACIONAL_BENFORD
13,004,02,02,000012,89,8,RELLENO_NACIONAL_BENFORD
13,004,99,09,000002,94,9,RELLENO_NACIONAL_BENFORD
13,007,99,23,000001,98,9,RELLENO_NACIONAL_BENFORD
13,010,01,02,000008,98,9,RELLENO_NACIONAL_BENFORD
13,010,01,04,000001,82,8,RELLENO_NACIONAL_BENFORD
13,010,02,02,000002,83,8,RELLENO_NACIONAL_BENFORD
13,010,02,02,000024,86,8,RELLENO_NACIONAL_BENFORD
13,010,02,03,000003,98,9,RELLENO_NACIONAL_BENFORD
13,010,99,23,000005,90,9,RELLENO_NACIONAL_BENFORD
13,013,99,09,000001,84,8,RELLENO_NACIONAL_BENFORD
13,014,00,00,000014,93,9,RELLENO_NACIONAL_BENFORD
13,022,01,02,000002,87,8,RELLENO_NACIONAL_BENFORD
13,022,01,05,000001,97,9,RELLENO_NACIONAL_BENFORD
13,022,02,03,000002,93,9,RELLENO_NACIONAL_BENFORD
13,022,02,05,000001,83,8,RELLENO_NACIONAL_BENFORD
13,022,99,06,000004,97,9,RELLENO_NACIONAL_BENFORD
13,022,99,21,000001,96,9,RELLENO_NACIONAL_BENFORD
13,022,99,27,000003,98,9,RELLENO_NACIONAL_BENFORD
13,022,99,30,000002,81,8,RELLENO_NACIONAL_BENFORD
13,023,99,49,000002,84,8,RELLENO_NACIONAL_BENFORD
13,023,99,50,000005,9,9,RELLENO_NACIONAL_BENFORD
13,023,99,96,000004,84,8,RELLENO_NACIONAL_BENFORD
13,024,00,00,000010,91,9,RELLENO_NACIONAL_BENFORD
13,025,01,01,000002,83,8,RELLENO_NACIONAL_BENFORD
13,025,01,02,000005,81,8,RELLENO_NACIONAL_BENFORD
13,027,99,20,000002,95,9,RELLENO_NACIONAL_BENFORD
13,028,02,02,000013,80,8,RELLENO_NACIONAL_BENFORD
13,028,02,02,000014,91,9,RELLENO_NACIONAL_BENFORD
13,028,99,01,000004,85,8,RELLENO_NACIONAL_BENFORD
13,028,99,05,000001,90,9,RELLENO_NACIONAL_BENFORD
13,033,00,00,000001,85,8,RELLENO_NACIONAL_BENFORD
13,033,00,00,000003,93,9,RELLENO_NACIONAL_BENFORD
13,034,99,30,000004,92,9,RELLENO_NACIONAL_BENFORD
13,037,01,02,000010,87,8,RELLENO_NACIONAL_BENFORD
13,037,01,03,000004,96,9,RELLENO_NACIONAL_BENFORD
13,037,99,29,000001,87,8,RELLENO_NACIONAL_BENFORD
13,037,99,29,000008,87,8,RELLENO_NACIONAL_BENFORD
13,037,99,36,000007,85,8,RELLENO_NACIONAL_BENFORD
13,040,00,02,000016,81,8,RELLENO_NACIONAL_BENFORD
13,043,00,01,000012,85,8,RELLENO_NACIONAL_BENFORD
13,043,00,01,000028,90,9,RELLENO_NACIONAL_BENFORD
13,043,99,13,000001,90,9,RELLENO_NACIONAL_BENFORD
13,046,00,01,000011,85,8,RELLENO_NACIONAL_BENFORD
13,046,99,05,000002,95,9,RELLENO_NACIONAL_BENFORD
13,049,99,06,000001,96,9,RELLENO_NACIONAL_BENFORD
13,055,99,09,000002,96,9,RELLENO_NACIONAL_BENFORD
13,055,99,21,000006,81,8,RELLENO_NACIONAL_BENFORD
13,058,01,02,000004,98,9,RELLENO_NACIONAL_BENFORD
13,058,99,23,000004,85,8,RELLENO_NACIONAL_BENFORD
13,060,00,02,000003,88,8,RELLENO_NACIONAL_BENFORD
13,060,00,02,000012,85,8,RELLENO_NACIONAL_BENFORD
13,061,99,17,000003,94,9,RELLENO_NACIONAL_BENFORD
15,004,00,02,000003,84,8,RELLENO_NACIONAL_BENFORD
15,007,00,00,000010,96,9,RELLENO_NACIONAL_BENFORD
15,016,00,01,000019,83,8,RELLENO_NACIONAL_BENFORD
15,025,00,00,000019,98,9,RELLENO_NACIONAL_BENFORD
15,031,02,06,000009,81,8,RELLENO_NACIONAL_BENFORD
15,031,02,07,000014,87,8,RELLENO_NACIONAL_BENFORD
15,031,02,07,000017,95,9,RELLENO_NACIONAL_BENFORD
15,037,00,02,000004,99,9,RELLENO_NACIONAL_BENFORD
15,043,00,02,000010,90,9,RELLENO_NACIONAL_BENFORD
15,046,01,01,000019,91,9,RELLENO_NACIONAL_BENFORD
15,046,01,02,000019,93,9,RELLENO_NACIONAL_BENFORD
15,046,02,02,000011,88,8,RELLENO_NACIONAL_BENFORD
15,055,01,01,000024,84,8,RELLENO_NACIONAL_BENFORD
15,055,02,03,000008,85,8,RELLENO_NACIONAL_BENFORD
15,055,02,03,000020,92,9,RELLENO_NACIONAL_BENFORD
15,067,00,01,000026,8,8,RELLENO_NACIONAL_BENFORD
15,067,00,02,000006,85,8,RELLENO_NACIONAL_BENFORD
15,067,99,09,000004,97,9,RELLENO_NACIONAL_BENFORD
15,072,02,01,000004,81,8,RELLENO_NACIONAL_BENFORD
15,072,02,01,000014,99,9,RELLENO_NACIONAL_BENFORD
15,072,02,01,000021,83,8,RELLENO_NACIONAL_BENFORD
15,072,02,01,000029,87,8,RELLENO_NACIONAL_BENFORD
15,076,02,06,000019,8,8,RELLENO_NACIONAL_BENFORD
15,076,02,10,000003,98,9,RELLENO_NACIONAL_BENFORD
31,028,99,05,000001,82,8,RELLENO_NACIONAL_BENFORD
31,031,99,23,000008,98,9,RELLENO_NACIONAL_BENFORD
31,031,99,38,000001,82,8,RELLENO_NACIONAL_BENFORD
31,034,01,04,000004,99,9,RELLENO_NACIONAL_BENFORD
31,034,04,04,000013,80,8,RELLENO_NACIONAL_BENFORD
31,034,04,05,000006,91,9,RELLENO_NACIONAL_BENFORD
31,034,05,06,000006,81,8,RELLENO_NACIONAL_BENFORD
31,037,00,00,000015,88,8,RELLENO_NACIONAL_BENFORD
31,037,99,01,000011,83,8,RELLENO_NACIONAL_BENFORD
31,037,99,15,000005,96,9,RELLENO_NACIONAL_BENFORD
31,040,00,00,000019,92,9,RELLENO_NACIONAL_BENFORD
31,049,99,29,000001,86,8,RELLENO_NACIONAL_BENFORD
31,055,01,01,000002,80,8,RELLENO_NACIONAL_BENFORD
31,055,02,01,000003,91,9,RELLENO_NACIONAL_BENFORD
31,061,00,01,000016,81,8,RELLENO_NACIONAL_BENFORD
31,061,00,01,000049,8,8,RELLENO_NACIONAL_BENFORD
31,064,01,01,000010,80,8,RELLENO_NACIONAL_BENFORD
31,064,03,02,000003,92,9,RELLENO_NACIONAL_BENFORD
31,064,03,04,000003,83,8,RELLENO_NACIONAL_BENFORD
31,064,03,04,000004,89,8,RELLENO_NACIONAL_BENFORD
31,064,03,04,000006,90,9,RELLENO_NACIONAL_BENFORD
31,064,90,01,000004,93,9,RELLENO_NACIONAL_BENFORD
31,064,99,17,000006,91,9,RELLENO_NACIONAL_BENFORD
31,070,02,01,000012,94,9,RELLENO_NACIONAL_BENFORD
31,073,00,00,000026,9,9,RELLENO_NACIONAL_BENFORD
19,001,03,03,000019,92,9,RELLENO_NACIONAL_BENFORD
19,001,03,06,000018,91,9,RELLENO_NACIONAL_BENFORD
19,001,03,07,000011,80,8,RELLENO_NACIONAL_BENFORD
19,001,04,01,000018,86,8,RELLENO_NACIONAL_BENFORD
19,001,04,02,000027,97,9,RELLENO_NACIONAL_BENFORD
19,001,04,03,000021,80,8,RELLENO_NACIONAL_BENFORD
19,001,04,03,000026,90,9,RELLENO_NACIONAL_BENFORD
19,001,04,05,000031,94,9,RELLENO_NACIONAL_BENFORD
19,001,05,04,000030,81,8,RELLENO_NACIONAL_BENFORD
19,001,06,01,000018,89,8,RELLENO_NACIONAL_BENFORD
19,001,06,05,000014,83,8,RELLENO_NACIONAL_BENFORD
19,001,06,05,000024,93,9,RELLENO_NACIONAL_BENFORD
01,106,04,03,000005,95,9,RELLENO_NACIONAL_BENFORD
01,112,00,00,000043,93,9,RELLENO_NACIONAL_BENFORD
01,117,01,02,000001,95,9,RELLENO_NACIONAL_BENFORD
01,117,02,01,000006,90,9,RELLENO_NACIONAL_BENFORD
01,121,05,01,000014,95,9,RELLENO_NACIONAL_BENFORD
01,121,05,02,000006,92,9,RELLENO_NACIONAL_BENFORD
31,001,07,04,000003,92,9,RELLENO_NACIONAL_BENFORD
31,001,07,05,000002,86,8,RELLENO_NACIONAL_BENFORD
31,001,07,05,000003,87,8,RELLENO_NACIONAL_BENFORD
31,001,08,02,000001,85,8,RELLENO_NACIONAL_BENFORD
31,001,08,04,000010,94,9,RELLENO_NACIONAL_BENFORD
31,001,08,05,000004,87,8,RELLENO_NACIONAL_BENFORD
31,001,09,01,000004,90,9,RELLENO_NACIONAL_BENFORD
31,001,09,03,000003,84,8,RELLENO_NACIONAL_BENFORD
31,001,09,03,000006,82,8,RELLENO_NACIONAL_BENFORD
31,001,10,01,000012,83,8,RELLENO_NACIONAL_BENFORD
31,001,10,01,000013,91,9,RELLENO_NACIONAL_BENFORD
31,001,10,02,000003,85,8,RELLENO_NACIONAL_BENFORD
31,001,10,03,000003,81,8,RELLENO_NACIONAL_BENFORD
31,001,11,04,000012,95,9,RELLENO_NACIONAL_BENFORD
31,001,12,02,000015,87,8,RELLENO_NACIONAL_BENFORD
31,001,13,02,000018,81,8,RELLENO_NACIONAL_BENFORD
31,001,13,04,000021,91,9,RELLENO_NACIONAL_BENFORD
31,001,14,02,000022,82,8,RELLENO_NACIONAL_BENFORD
31,001,15,03,000018,93,9,RELLENO_NACIONAL_BENFORD
31,001,16,01,000004,92,9,RELLENO_NACIONAL_BENFORD
11,061,00,01,000012,94,9,RELLENO_NACIONAL_BENFORD
11,061,99,09,000002,96,9,RELLENO_NACIONAL_BENFORD
11,064,01,01,000011,9,9,RELLENO_NACIONAL_BENFORD
11,070,00,00,000010,98,9,RELLENO_NACIONAL_BENFORD
11,076,01,01,000015,92,9,RELLENO_NACIONAL_BENFORD
11,076,02,01,000006,90,9,RELLENO_NACIONAL_BENFORD
11,076,90,01,000005,88,8,RELLENO_NACIONAL_BENFORD
11,076,99,01,000001,90,9,RELLENO_NACIONAL_BENFORD
11,076,99,21,000001,81,8,RELLENO_NACIONAL_BENFORD
11,082,00,00,000032,9,9,RELLENO_NACIONAL_BENFORD
11,086,00,00,000007,9,9,RELLENO_NACIONAL_BENFORD
11,087,00,00,000023,91,9,RELLENO_NACIONAL_BENFORD
11,088,01,01,000001,88,8,RELLENO_NACIONAL_BENFORD
11,088,99,03,000001,89,8,RELLENO_NACIONAL_BENFORD
11,088,99,18,000001,83,8,RELLENO_NACIONAL_BENFORD
11,091,00,00,000004,9,9,RELLENO_NACIONAL_BENFORD
11,094,99,17,000018,9,9,RELLENO_NACIONAL_BENFORD
19,022,01,01,000021,95,9,RELLENO_NACIONAL_BENFORD
19,022,01,02,000001,80,8,RELLENO_NACIONAL_BENFORD
19,022,02,01,000004,99,9,RELLENO_NACIONAL_BENFORD
19,022,99,60,000002,9,9,RELLENO_NACIONAL_BENFORD
19,034,02,02,000011,99,9,RELLENO_NACIONAL_BENFORD
19,034,99,01,000002,93,9,RELLENO_NACIONAL_BENFORD
19,044,00,01,000041,99,9,RELLENO_NACIONAL_BENFORD
19,044,00,02,000016,81,8,RELLENO_NACIONAL_BENFORD
19,047,00,00,000031,91,9,RELLENO_NACIONAL_BENFORD
01,121,10,04,000027,91,9,RELLENO_NACIONAL_BENFORD
01,124,00,02,000011,83,8,RELLENO_NACIONAL_BENFORD
01,133,02,01,000028,86,8,RELLENO_NACIONAL_BENFORD
01,133,02,02,000029,93,9,RELLENO_NACIONAL_BENFORD
01,133,02,03,000013,94,9,RELLENO_NACIONAL_BENFORD
01,133,02,03,000024,83,8,RELLENO_NACIONAL_BENFORD
01,133,99,20,000003,87,8,RELLENO_NACIONAL_BENFORD
01,136,00,00,000016,99,9,RELLENO_NACIONAL_BENFORD
01,148,99,13,000002,98,9,RELLENO_NACIONAL_BENFORD
31,001,16,04,000004,80,8,RELLENO_NACIONAL_BENFORD
31,001,16,04,000011,94,9,RELLENO_NACIONAL_BENFORD
31,001,17,01,000004,81,8,RELLENO_NACIONAL_BENFORD
31,001,17,01,000009,87,8,RELLENO_NACIONAL_BENFORD
31,001,17,01,000010,88,8,RELLENO_NACIONAL_BENFORD
31,001,17,03,000014,89,8,RELLENO_NACIONAL_BENFORD
31,001,17,04,000011,83,8,RELLENO_NACIONAL_BENFORD
31,001,18,02,000008,80,8,RELLENO_NACIONAL_BENFORD
31,001,18,03,000008,85,8,RELLENO_NACIONAL_BENFORD
31,001,18,03,000013,90,9,RELLENO_NACIONAL_BENFORD
31,001,18,03,000025,81,8,RELLENO_NACIONAL_BENFORD
31,001,19,01,000003,86,8,RELLENO_NACIONAL_BENFORD
05,076,99,01,000001,93,9,RELLENO_NACIONAL_BENFORD
05,078,00,00,000006,97,9,RELLENO_NACIONAL_BENFORD
05,078,99,42,000004,82,8,RELLENO_NACIONAL_BENFORD
05,079,02,02,000009,94,9,RELLENO_NACIONAL_BENFORD
05,079,02,03,000009,87,8,RELLENO_NACIONAL_BENFORD
05,079,02,04,000002,85,8,RELLENO_NACIONAL_BENFORD
05,079,99,07,000003,85,8,RELLENO_NACIONAL_BENFORD
05,082,99,01,000005,92,9,RELLENO_NACIONAL_BENFORD
05,084,00,00,000010,97,9,RELLENO_NACIONAL_BENFORD
05,084,00,00,000011,81,8,RELLENO_NACIONAL_BENFORD
05,097,99,01,000003,87,8,RELLENO_NACIONAL_BENFORD
05,110,99,14,000001,95,9,RELLENO_NACIONAL_BENFORD
05,113,00,00,000002,83,8,RELLENO_NACIONAL_BENFORD
05,113,99,23,000003,87,8,RELLENO_NACIONAL_BENFORD
05,118,02,03,000008,87,8,RELLENO_NACIONAL_BENFORD
16,001,10,01,000012,86,8,RELLENO_NACIONAL_BENFORD
16,001,10,02,000028,96,9,RELLENO_NACIONAL_BENFORD
16,001,10,03,000018,96,9,RELLENO_NACIONAL_BENFORD
16,001,10,03,000029,88,8,RELLENO_NACIONAL_BENFORD
16,001,10,08,000013,92,9,RELLENO_NACIONAL_BENFORD
16,001,10,10,000024,89,8,RELLENO_NACIONAL_BENFORD
16,001,10,10,000032,82,8,RELLENO_NACIONAL_BENFORD
16,001,10,11,000023,97,9,RELLENO_NACIONAL_BENFORD
16,001,10,11,000045,9,9,RELLENO_NACIONAL_BENFORD
16,001,10,20,000014,80,8,RELLENO_NACIONAL_BENFORD
16,001,10,21,000024,85,8,RELLENO_NACIONAL_BENFORD
16,001,10,22,000011,97,9,RELLENO_NACIONAL_BENFORD
16,001,10,22,000013,88,8,RELLENO_NACIONAL_BENFORD
16,001,10,37,000025,92,9,RELLENO_NACIONAL_BENFORD
27,082,01,01,000029,80,8,RELLENO_NACIONAL_BENFORD
27,082,01,01,000030,86,8,RELLENO_NACIONAL_BENFORD
27,082,01,01,000034,87,8,RELLENO_NACIONAL_BENFORD
27,082,01,02,000013,98,9,RELLENO_NACIONAL_BENFORD
27,082,04,01,000010,92,9,RELLENO_NACIONAL_BENFORD
27,082,04,01,000013,97,9,RELLENO_NACIONAL_BENFORD
88,490,05,82,000001,95,9,RELLENO_NACIONAL_BENFORD
88,535,05,82,000001,8,8,RELLENO_NACIONAL_BENFORD
88,590,05,02,000013,90,9,RELLENO_NACIONAL_BENFORD
88,590,05,84,000004,81,8,RELLENO_NACIONAL_BENFORD
88,590,10,86,000001,81,8,RELLENO_NACIONAL_BENFORD
88,655,20,83,000001,9,9,RELLENO_NACIONAL_BENFORD
88,680,05,02,000001,80,8,RELLENO_NACIONAL_BENFORD
88,680,05,82,000001,85,8,RELLENO_NACIONAL_BENFORD
88,760,05,02,000004,8,8,RELLENO_NACIONAL_BENFORD
88,770,03,85,000001,8,8,RELLENO_NACIONAL_BENFORD
88,815,05,02,000015,91,9,RELLENO_NACIONAL_BENFORD
88,815,05,02,000050,8,8,RELLENO_NACIONAL_BENFORD
01,001,01,02,000027,86,8,RELLENO_NACIONAL_BENFORD
01,001,03,02,000013,89,8,RELLENO_NACIONAL_BENFORD
01,001,04,03,000023,95,9,RELLENO_NACIONAL_BENFORD
01,001,04,03,000025,90,9,RELLENO_NACIONAL_BENFORD
01,001,05,01,000038,87,8,RELLENO_NACIONAL_BENFORD
01,001,05,04,000026,90,9,RELLENO_NACIONAL_BENFORD
01,001,05,04,000028,88,8,RELLENO_NACIONAL_BENFORD
01,001,05,04,000030,87,8,RELLENO_NACIONAL_BENFORD
01,001,05,08,000014,97,9,RELLENO_NACIONAL_BENFORD
01,001,06,01,000029,95,9,RELLENO_NACIONAL_BENFORD
01,001,06,01,000032,93,9,RELLENO_NACIONAL_BENFORD
01,001,06,03,000008,86,8,RELLENO_NACIONAL_BENFORD
01,001,08,01,000019,84,8,RELLENO_NACIONAL_BENFORD
01,001,08,03,000040,91,9,RELLENO_NACIONAL_BENFORD
01,001,09,04,000009,80,8,RELLENO_NACIONAL_BENFORD
01,001,10,02,000032,97,9,RELLENO_NACIONAL_BENFORD
01,001,11,05,000006,96,9,RELLENO_NACIONAL_BENFORD
01,001,11,08,000010,91,9,RELLENO_NACIONAL_BENFORD
01,001,13,07,000014,95,9,RELLENO_NACIONAL_BENFORD
01,001,14,07,000010,90,9,RELLENO_NACIONAL_BENFORD
01,001,15,09,000006,84,8,RELLENO_NACIONAL_BENFORD
01,001,16,02,000007,85,8,RELLENO_NACIONAL_BENFORD
01,001,17,01,000031,99,9,RELLENO_NACIONAL_BENFORD
01,001,17,03,000015,94,9,RELLENO_NACIONAL_BENFORD
01,001,17,05,000015,99,9,RELLENO_NACIONAL_BENFORD
01,001,17,08,000007,97,9,RELLENO_NACIONAL_BENFORD
01,001,18,01,000020,93,9,RELLENO_NACIONAL_BENFORD
01,001,18,02,000021,87,8,RELLENO_NACIONAL_BENFORD
01,001,18,03,000020,95,9,RELLENO_NACIONAL_BENFORD
01,001,18,03,000021,99,9,RELLENO_NACIONAL_BENFORD
01,001,19,04,000038,91,9,RELLENO_NACIONAL_BENFORD
01,001,19,04,000042,88,8,RELLENO_NACIONAL_BENFORD
01,001,22,03,000018,92,9,RELLENO_NACIONAL_BENFORD
01,001,25,01,000015,81,8,RELLENO_NACIONAL_BENFORD
01,001,26,02,000001,80,8,RELLENO_NACIONAL_BENFORD
01,001,26,02,000016,98,9,RELLENO_NACIONAL_BENFORD
01,001,26,06,000011,83,8,RELLENO_NACIONAL_BENFORD
01,001,26,06,000013,83,8,RELLENO_NACIONAL_BENFORD
01,001,26,07,000010,80,8,RELLENO_NACIONAL_BENFORD
01,001,30,10,000011,99,9,RELLENO_NACIONAL_BENFORD
27,019,03,01,000006,85,8,RELLENO_NACIONAL_BENFORD
27,019,03,01,000011,92,9,RELLENO_NACIONAL_BENFORD
27,019,03,07,000001,89,8,RELLENO_NACIONAL_BENFORD
27,019,03,11,000004,87,8,RELLENO_NACIONAL_BENFORD
27,019,03,11,000007,90,9,RELLENO_NACIONAL_BENFORD
27,019,04,03,000006,88,8,RELLENO_NACIONAL_BENFORD
27,019,04,07,000004,82,8,RELLENO_NACIONAL_BENFORD
27,019,05,02,000007,94,9,RELLENO_NACIONAL_BENFORD
27,019,05,04,000004,87,8,RELLENO_NACIONAL_BENFORD
27,019,06,01,000004,82,8,RELLENO_NACIONAL_BENFORD
27,019,06,02,000001,88,8,RELLENO_NACIONAL_BENFORD
27,019,07,02,000004,81,8,RELLENO_NACIONAL_BENFORD
27,037,00,00,000005,93,9,RELLENO_NACIONAL_BENFORD
27,045,02,02,000008,88,8,RELLENO_NACIONAL_BENFORD
27,045,99,14,000002,97,9,RELLENO_NACIONAL_BENFORD
27,046,99,44,000001,82,8,RELLENO_NACIONAL_BENFORD
27,082,08,03,000028,95,9,RELLENO_NACIONAL_BENFORD
27,088,99,07,000001,8,8,RELLENO_NACIONAL_BENFORD
27,091,01,01,000011,94,9,RELLENO_NACIONAL_BENFORD
27,091,01,02,000011,91,9,RELLENO_NACIONAL_BENFORD
27,091,01,05,000015,98,9,RELLENO_NACIONAL_BENFORD
27,091,03,06,000004,90,9,RELLENO_NACIONAL_BENFORD
27,091,04,02,000007,93,9,RELLENO_NACIONAL_BENFORD
27,112,00,00,000006,90,9,RELLENO_NACIONAL_BENFORD
27,112,99,02,000001,90,9,RELLENO_NACIONAL_BENFORD
27,121,99,13,000001,97,9,RELLENO_NACIONAL_BENFORD
27,136,99,20,000001,98,9,RELLENO_NACIONAL_BENFORD
27,160,02,01,000031,92,9,RELLENO_NACIONAL_BENFORD
27,160,02,02,000010,97,9,RELLENO_NACIONAL_BENFORD
27,160,03,01,000035,93,9,RELLENO_NACIONAL_BENFORD
27,166,99,20,000001,80,8,RELLENO_NACIONAL_BENFORD
27,167,99,40,000001,97,9,RELLENO_NACIONAL_BENFORD
27,169,99,27,000001,92,9,RELLENO_NACIONAL_BENFORD
27,174,02,01,000010,86,8,RELLENO_NACIONAL_BENFORD
27,174,02,02,000012,92,9,RELLENO_NACIONAL_BENFORD
27,220,00,02,000011,90,9,RELLENO_NACIONAL_BENFORD
28,001,01,02,000012,93,9,RELLENO_NACIONAL_BENFORD
28,001,01,02,000018,91,9,RELLENO_NACIONAL_BENFORD
28,001,01,02,000027,92,9,RELLENO_NACIONAL_BENFORD
28,001,02,01,000003,94,9,RELLENO_NACIONAL_BENFORD
28,001,02,01,000004,82,8,RELLENO_NACIONAL_BENFORD
28,001,02,01,000005,89,8,RELLENO_NACIONAL_BENFORD
28,001,02,02,000005,98,9,RELLENO_NACIONAL_BENFORD
28,001,02,03,000016,84,8,RELLENO_NACIONAL_BENFORD
28,001,03,01,000039,86,8,RELLENO_NACIONAL_BENFORD
28,001,03,02,000002,96,9,RELLENO_NACIONAL_BENFORD
28,001,04,06,000005,96,9,RELLENO_NACIONAL_BENFORD
28,001,05,03,000006,82,8,RELLENO_NACIONAL_BENFORD
28,001,05,03,000007,96,9,RELLENO_NACIONAL_BENFORD
28,001,05,03,000008,95,9,RELLENO_NACIONAL_BENFORD
28,001,06,01,000003,98,9,RELLENO_NACIONAL_BENFORD
28,001,06,01,000016,82,8,RELLENO_NACIONAL_BENFORD
28,001,06,02,000006,89,8,RELLENO_NACIONAL_BENFORD
28,001,06,02,000010,81,8,RELLENO_NACIONAL_BENFORD
28,001,99,30,000001,83,8,RELLENO_NACIONAL_BENFORD
28,040,01,01,000013,91,9,RELLENO_NACIONAL_BENFORD
28,040,01,01,000014,84,8,RELLENO_NACIONAL_BENFORD
28,040,01,03,000016,89,8,RELLENO_NACIONAL_BENFORD
28,040,02,03,000001,98,9,RELLENO_NACIONAL_BENFORD
28,040,02,04,000006,90,9,RELLENO_NACIONAL_BENFORD
28,045,99,66,000001,82,8,RELLENO_NACIONAL_BENFORD
28,048,00,00,000033,98,9,RELLENO_NACIONAL_BENFORD
28,050,00,00,000009,80,8,RELLENO_NACIONAL_BENFORD
28,055,00,00,000021,86,8,RELLENO_NACIONAL_BENFORD
28,060,00,00,000020,93,9,RELLENO_NACIONAL_BENFORD
28,080,00,00,000013,94,9,RELLENO_NACIONAL_BENFORD
28,120,00,00,000001,89,8,RELLENO_NACIONAL_BENFORD
28,120,00,00,000010,89,8,RELLENO_NACIONAL_BENFORD
28,160,99,50,000001,98,9,RELLENO_NACIONAL_BENFORD
28,160,99,69,000003,85,8,RELLENO_NACIONAL_BENFORD
28,180,00,00,000004,89,8,RELLENO_NACIONAL_BENFORD
28,180,00,00,000006,91,9,RELLENO_NACIONAL_BENFORD
28,180,99,38,000002,93,9,RELLENO_NACIONAL_BENFORD
28,200,01,01,000004,96,9,RELLENO_NACIONAL_BENFORD
28,200,02,01,000007,87,8,RELLENO_NACIONAL_BENFORD
05,001,21,01,000013,89,8,RELLENO_NACIONAL_BENFORD
05,001,21,01,000019,89,8,RELLENO_NACIONAL_BENFORD
05,001,21,02,000021,91,9,RELLENO_NACIONAL_BENFORD
05,001,21,02,000024,93,9,RELLENO_NACIONAL_BENFORD
05,001,21,03,000001,95,9,RELLENO_NACIONAL_BENFORD
05,001,21,04,000019,91,9,RELLENO_NACIONAL_BENFORD
05,001,22,01,000013,81,8,RELLENO_NACIONAL_BENFORD
05,001,22,02,000012,94,9,RELLENO_NACIONAL_BENFORD
05,001,22,02,000019,92,9,RELLENO_NACIONAL_BENFORD
05,001,22,04,000001,94,9,RELLENO_NACIONAL_BENFORD
05,001,22,07,000015,80,8,RELLENO_NACIONAL_BENFORD
05,004,99,06,000001,97,9,RELLENO_NACIONAL_BENFORD
05,004,99,40,000002,86,8,RELLENO_NACIONAL_BENFORD
05,004,99,42,000002,81,8,RELLENO_NACIONAL_BENFORD
05,007,02,02,000008,98,9,RELLENO_NACIONAL_BENFORD
05,007,90,01,000007,80,8,RELLENO_NACIONAL_BENFORD
05,009,00,00,000012,83,8,RELLENO_NACIONAL_BENFORD
05,015,00,00,000002,96,9,RELLENO_NACIONAL_BENFORD
05,015,00,00,000008,90,9,RELLENO_NACIONAL_BENFORD
05,015,00,00,000009,96,9,RELLENO_NACIONAL_BENFORD
05,016,99,06,000003,97,9,RELLENO_NACIONAL_BENFORD
05,018,00,00,000001,81,8,RELLENO_NACIONAL_BENFORD
05,022,02,01,000012,92,9,RELLENO_NACIONAL_BENFORD
05,022,02,02,000022,94,9,RELLENO_NACIONAL_BENFORD
05,025,00,00,000011,97,9,RELLENO_NACIONAL_BENFORD
05,028,02,02,000007,95,9,RELLENO_NACIONAL_BENFORD
05,028,02,03,000007,96,9,RELLENO_NACIONAL_BENFORD
05,028,99,05,000003,93,9,RELLENO_NACIONAL_BENFORD
05,028,99,52,000002,9,9,RELLENO_NACIONAL_BENFORD
05,041,00,00,000001,95,9,RELLENO_NACIONAL_BENFORD
05,043,01,01,000004,85,8,RELLENO_NACIONAL_BENFORD
05,043,01,01,000005,90,9,RELLENO_NACIONAL_BENFORD
05,043,01,02,000007,97,9,RELLENO_NACIONAL_BENFORD
05,050,00,00,000001,81,8,RELLENO_NACIONAL_BENFORD
05,059,99,21,000002,97,9,RELLENO_NACIONAL_BENFORD
05,059,99,41,000001,94,9,RELLENO_NACIONAL_BENFORD
05,070,99,05,000006,85,8,RELLENO_NACIONAL_BENFORD
05,076,02,02,000011,82,8,RELLENO_NACIONAL_BENFORD
05,079,02,03,000012,81,8,RELLENO_NACIONAL_BENFORD
05,079,02,04,000005,99,9,RELLENO_NACIONAL_BENFORD
05,079,99,03,000001,96,9,RELLENO_NACIONAL_BENFORD
05,082,00,00,000014,82,8,RELLENO_NACIONAL_BENFORD
05,082,99,25,000002,99,9,RELLENO_NACIONAL_BENFORD
05,084,00,00,000005,94,9,RELLENO_NACIONAL_BENFORD
05,084,00,00,000006,86,8,RELLENO_NACIONAL_BENFORD
05,095,00,00,000049,84,8,RELLENO_NACIONAL_BENFORD
05,097,99,02,000002,9,9,RELLENO_NACIONAL_BENFORD
05,110,00,00,000011,81,8,RELLENO_NACIONAL_BENFORD
05,113,99,35,000001,82,8,RELLENO_NACIONAL_BENFORD
05,118,01,01,000022,88,8,RELLENO_NACIONAL_BENFORD
05,118,02,02,000005,88,8,RELLENO_NACIONAL_BENFORD
16,001,10,02,000046,82,8,RELLENO_NACIONAL_BENFORD
16,001,10,10,000022,82,8,RELLENO_NACIONAL_BENFORD
16,001,10,10,000034,84,8,RELLENO_NACIONAL_BENFORD
16,001,10,11,000030,82,8,RELLENO_NACIONAL_BENFORD
16,001,10,14,000023,80,8,RELLENO_NACIONAL_BENFORD
16,001,10,14,000025,96,9,RELLENO_NACIONAL_BENFORD
16,001,10,16,000020,92,9,RELLENO_NACIONAL_BENFORD
16,001,10,19,000033,85,8,RELLENO_NACIONAL_BENFORD
16,001,10,21,000029,90,9,RELLENO_NACIONAL_BENFORD
16,001,10,21,000033,88,8,RELLENO_NACIONAL_BENFORD
16,001,10,25,000030,97,9,RELLENO_NACIONAL_BENFORD
16,001,10,25,000036,98,9,RELLENO_NACIONAL_BENFORD
16,001,10,27,000012,91,9,RELLENO_NACIONAL_BENFORD
16,001,10,34,000028,96,9,RELLENO_NACIONAL_BENFORD
16,001,10,40,000031,95,9,RELLENO_NACIONAL_BENFORD
16,001,10,40,000032,89,8,RELLENO_NACIONAL_BENFORD
27,082,01,03,000019,88,8,RELLENO_NACIONAL_BENFORD
27,082,03,01,000009,97,9,RELLENO_NACIONAL_BENFORD
27,082,03,02,000017,97,9,RELLENO_NACIONAL_BENFORD
27,082,07,03,000017,95,9,RELLENO_NACIONAL_BENFORD
88,655,07,02,000001,90,9,RELLENO_NACIONAL_BENFORD
88,755,05,82,000002,9,9,RELLENO_NACIONAL_BENFORD
88,815,35,02,000022,8,8,RELLENO_NACIONAL_BENFORD
88,815,35,06,000010,9,9,RELLENO_NACIONAL_BENFORD
01,001,01,01,000001,92,9,RELLENO_NACIONAL_BENFORD
01,001,01,02,000037,82,8,RELLENO_NACIONAL_BENFORD
01,001,01,03,000019,85,8,RELLENO_NACIONAL_BENFORD
01,001,01,05,000012,86,8,RELLENO_NACIONAL_BENFORD
01,001,02,01,000013,87,8,RELLENO_NACIONAL_BENFORD
01,001,02,01,000018,94,9,RELLENO_NACIONAL_BENFORD
01,001,03,03,000021,89,8,RELLENO_NACIONAL_BENFORD
01,001,04,01,000013,87,8,RELLENO_NACIONAL_BENFORD
01,001,04,02,000028,84,8,RELLENO_NACIONAL_BENFORD
01,001,05,01,000031,81,8,RELLENO_NACIONAL_BENFORD
01,001,05,01,000033,80,8,RELLENO_NACIONAL_BENFORD
01,001,05,01,000041,95,9,RELLENO_NACIONAL_BENFORD
01,001,05,01,000042,85,8,RELLENO_NACIONAL_BENFORD
01,001,06,04,000012,81,8,RELLENO_NACIONAL_BENFORD
01,001,07,04,000025,81,8,RELLENO_NACIONAL_BENFORD
01,001,08,03,000031,90,9,RELLENO_NACIONAL_BENFORD
01,001,08,04,000033,87,8,RELLENO_NACIONAL_BENFORD
01,001,08,06,000004,84,8,RELLENO_NACIONAL_BENFORD
01,001,09,03,000019,95,9,RELLENO_NACIONAL_BENFORD
01,001,09,03,000020,94,9,RELLENO_NACIONAL_BENFORD
01,001,09,03,000035,89,8,RELLENO_NACIONAL_BENFORD
01,001,09,06,000006,93,9,RELLENO_NACIONAL_BENFORD
01,001,09,06,000008,89,8,RELLENO_NACIONAL_BENFORD
01,001,11,02,000014,81,8,RELLENO_NACIONAL_BENFORD
01,001,12,02,000027,90,9,RELLENO_NACIONAL_BENFORD
01,001,12,05,000021,90,9,RELLENO_NACIONAL_BENFORD
01,001,12,06,000007,86,8,RELLENO_NACIONAL_BENFORD
01,001,13,03,000022,92,9,RELLENO_NACIONAL_BENFORD
01,001,13,04,000031,87,8,RELLENO_NACIONAL_BENFORD
01,001,13,06,000025,88,8,RELLENO_NACIONAL_BENFORD
01,001,13,08,000012,90,9,RELLENO_NACIONAL_BENFORD
01,001,14,03,000019,93,9,RELLENO_NACIONAL_BENFORD
01,001,14,04,000017,92,9,RELLENO_NACIONAL_BENFORD
01,001,14,06,000009,84,8,RELLENO_NACIONAL_BENFORD
01,001,15,03,000009,95,9,RELLENO_NACIONAL_BENFORD
01,001,15,04,000011,96,9,RELLENO_NACIONAL_BENFORD
01,001,16,03,000021,94,9,RELLENO_NACIONAL_BENFORD
01,001,19,01,000026,85,8,RELLENO_NACIONAL_BENFORD
01,001,19,04,000044,85,8,RELLENO_NACIONAL_BENFORD
01,001,19,06,000007,85,8,RELLENO_NACIONAL_BENFORD
01,001,20,02,000033,85,8,RELLENO_NACIONAL_BENFORD
01,001,20,02,000037,97,9,RELLENO_NACIONAL_BENFORD
01,001,21,01,000018,84,8,RELLENO_NACIONAL_BENFORD
01,001,23,03,000016,91,9,RELLENO_NACIONAL_BENFORD
01,001,26,02,000012,96,9,RELLENO_NACIONAL_BENFORD
01,001,32,02,000025,89,8,RELLENO_NACIONAL_BENFORD
27,019,02,05,000011,94,9,RELLENO_NACIONAL_BENFORD
27,019,02,06,000001,91,9,RELLENO_NACIONAL_BENFORD
27,019,03,04,000002,86,8,RELLENO_NACIONAL_BENFORD
27,019,04,02,000003,97,9,RELLENO_NACIONAL_BENFORD
27,019,05,02,000001,91,9,RELLENO_NACIONAL_BENFORD
27,019,05,02,000002,86,8,RELLENO_NACIONAL_BENFORD
27,019,05,04,000003,81,8,RELLENO_NACIONAL_BENFORD
27,019,06,03,000005,97,9,RELLENO_NACIONAL_BENFORD
27,019,99,70,000001,94,9,RELLENO_NACIONAL_BENFORD
27,019,99,A1,000004,94,9,RELLENO_NACIONAL_BENFORD
27,045,99,05,000001,81,8,RELLENO_NACIONAL_BENFORD
27,082,08,03,000023,95,9,RELLENO_NACIONAL_BENFORD
27,082,08,03,000036,82,8,RELLENO_NACIONAL_BENFORD
27,091,01,07,000014,96,9,RELLENO_NACIONAL_BENFORD
27,091,02,01,000022,91,9,RELLENO_NACIONAL_BENFORD
27,091,02,01,000023,96,9,RELLENO_NACIONAL_BENFORD
27,091,02,05,000008,86,8,RELLENO_NACIONAL_BENFORD
27,091,03,03,000014,82,8,RELLENO_NACIONAL_BENFORD
27,091,99,09,000002,80,8,RELLENO_NACIONAL_BENFORD
27,118,99,60,000002,82,8,RELLENO_NACIONAL_BENFORD
27,119,99,30,000003,98,9,RELLENO_NACIONAL_BENFORD
27,120,99,85,000002,96,9,RELLENO_NACIONAL_BENFORD
27,121,02,02,000008,96,9,RELLENO_NACIONAL_BENFORD
27,124,00,00,000016,80,8,RELLENO_NACIONAL_BENFORD
27,136,99,07,000002,94,9,RELLENO_NACIONAL_BENFORD
27,169,99,15,000001,84,8,RELLENO_NACIONAL_BENFORD
27,181,01,07,000001,81,8,RELLENO_NACIONAL_BENFORD
27,199,01,01,000016,86,8,RELLENO_NACIONAL_BENFORD
28,001,01,01,000008,94,9,RELLENO_NACIONAL_BENFORD
28,001,01,03,000010,84,8,RELLENO_NACIONAL_BENFORD
28,001,01,04,000012,81,8,RELLENO_NACIONAL_BENFORD
28,001,02,01,000014,90,9,RELLENO_NACIONAL_BENFORD
28,001,02,03,000030,97,9,RELLENO_NACIONAL_BENFORD
28,001,03,02,000001,91,9,RELLENO_NACIONAL_BENFORD
28,001,03,02,000012,87,8,RELLENO_NACIONAL_BENFORD
28,001,03,02,000015,82,8,RELLENO_NACIONAL_BENFORD
28,001,04,04,000002,85,8,RELLENO_NACIONAL_BENFORD
28,001,04,04,000010,98,9,RELLENO_NACIONAL_BENFORD
28,001,04,07,000002,91,9,RELLENO_NACIONAL_BENFORD
28,001,05,01,000005,84,8,RELLENO_NACIONAL_BENFORD
28,001,05,03,000011,88,8,RELLENO_NACIONAL_BENFORD
28,001,06,01,000002,92,9,RELLENO_NACIONAL_BENFORD
28,001,06,01,000020,98,9,RELLENO_NACIONAL_BENFORD
28,001,99,09,000007,81,8,RELLENO_NACIONAL_BENFORD
28,001,99,09,000011,88,8,RELLENO_NACIONAL_BENFORD
28,001,99,48,000001,89,8,RELLENO_NACIONAL_BENFORD
28,030,00,00,000016,89,8,RELLENO_NACIONAL_BENFORD
28,040,01,02,000012,84,8,RELLENO_NACIONAL_BENFORD
28,040,01,03,000020,97,9,RELLENO_NACIONAL_BENFORD
28,040,02,04,000010,82,8,RELLENO_NACIONAL_BENFORD
28,040,99,75,000001,88,8,RELLENO_NACIONAL_BENFORD
28,040,99,75,000002,8,8,RELLENO_NACIONAL_BENFORD
28,041,99,10,000001,96,9,RELLENO_NACIONAL_BENFORD
28,060,00,00,000015,92,9,RELLENO_NACIONAL_BENFORD
28,060,00,00,000022,89,8,RELLENO_NACIONAL_BENFORD
28,060,00,00,000029,82,8,RELLENO_NACIONAL_BENFORD
28,060,99,41,000001,80,8,RELLENO_NACIONAL_BENFORD
28,080,00,00,000024,85,8,RELLENO_NACIONAL_BENFORD
28,100,00,00,000015,85,8,RELLENO_NACIONAL_BENFORD
28,100,99,70,000002,99,9,RELLENO_NACIONAL_BENFORD
28,120,00,00,000002,98,9,RELLENO_NACIONAL_BENFORD
28,120,00,00,000018,92,9,RELLENO_NACIONAL_BENFORD
28,160,01,01,000003,92,9,RELLENO_NACIONAL_BENFORD
28,160,01,01,000004,83,8,RELLENO_NACIONAL_BENFORD
28,160,01,01,000014,98,9,RELLENO_NACIONAL_BENFORD
28,160,02,01,000006,91,9,RELLENO_NACIONAL_BENFORD
28,160,99,20,000002,8,8,RELLENO_NACIONAL_BENFORD
28,160,99,27,000004,9,9,RELLENO_NACIONAL_BENFORD
28,160,99,69,000001,90,9,RELLENO_NACIONAL_BENFORD
28,200,02,01,000010,89,8,RELLENO_NACIONAL_BENFORD
28,200,02,02,000017,83,8,RELLENO_NACIONAL_BENFORD
05,001,20,03,000005,90,9,RELLENO_NACIONAL_BENFORD
05,001,21,03,000020,81,8,RELLENO_NACIONAL_BENFORD
05,001,22,07,000023,85,8,RELLENO_NACIONAL_BENFORD
05,001,99,33,000012,95,9,RELLENO_NACIONAL_BENFORD
05,004,00,00,000010,95,9,RELLENO_NACIONAL_BENFORD
05,007,01,01,000004,88,8,RELLENO_NACIONAL_BENFORD
05,007,02,03,000006,90,9,RELLENO_NACIONAL_BENFORD
05,010,00,00,000020,92,9,RELLENO_NACIONAL_BENFORD
05,010,99,09,000001,98,9,RELLENO_NACIONAL_BENFORD
05,013,00,00,000023,98,9,RELLENO_NACIONAL_BENFORD
05,013,00,00,000030,99,9,RELLENO_NACIONAL_BENFORD
05,014,00,00,000002,91,9,RELLENO_NACIONAL_BENFORD
05,016,00,00,000002,94,9,RELLENO_NACIONAL_BENFORD
05,016,00,00,000004,94,9,RELLENO_NACIONAL_BENFORD
05,016,99,05,000003,92,9,RELLENO_NACIONAL_BENFORD
05,016,99,09,000004,93,9,RELLENO_NACIONAL_BENFORD
05,018,00,00,000006,93,9,RELLENO_NACIONAL_BENFORD
05,018,00,00,000008,81,8,RELLENO_NACIONAL_BENFORD
05,022,01,04,000006,88,8,RELLENO_NACIONAL_BENFORD
05,022,01,05,000012,82,8,RELLENO_NACIONAL_BENFORD
05,022,02,01,000020,96,9,RELLENO_NACIONAL_BENFORD
05,022,02,01,000023,89,8,RELLENO_NACIONAL_BENFORD
05,022,02,01,000025,85,8,RELLENO_NACIONAL_BENFORD
05,025,00,00,000012,86,8,RELLENO_NACIONAL_BENFORD
05,028,02,02,000004,81,8,RELLENO_NACIONAL_BENFORD
05,028,02,03,000002,81,8,RELLENO_NACIONAL_BENFORD
05,031,99,15,000002,80,8,RELLENO_NACIONAL_BENFORD
05,043,99,05,000004,9,9,RELLENO_NACIONAL_BENFORD
05,043,99,25,000004,81,8,RELLENO_NACIONAL_BENFORD
05,043,99,45,000002,95,9,RELLENO_NACIONAL_BENFORD
05,059,99,37,000002,81,8,RELLENO_NACIONAL_BENFORD
05,070,00,00,000021,88,8,RELLENO_NACIONAL_BENFORD
05,072,00,00,000015,81,8,RELLENO_NACIONAL_BENFORD
05,124,00,00,000008,90,9,RELLENO_NACIONAL_BENFORD
05,076,01,01,000016,96,9,RELLENO_NACIONAL_BENFORD
05,078,00,00,000009,86,8,RELLENO_NACIONAL_BENFORD
05,079,01,02,000004,94,9,RELLENO_NACIONAL_BENFORD
05,079,01,02,000007,96,9,RELLENO_NACIONAL_BENFORD
05,079,99,05,000001,83,8,RELLENO_NACIONAL_BENFORD
05,084,00,00,000046,93,9,RELLENO_NACIONAL_BENFORD
05,084,99,13,000001,91,9,RELLENO_NACIONAL_BENFORD
05,095,99,24,000005,9,9,RELLENO_NACIONAL_BENFORD
05,097,99,18,000001,85,8,RELLENO_NACIONAL_BENFORD
05,097,99,22,000001,80,8,RELLENO_NACIONAL_BENFORD
05,113,00,00,000003,83,8,RELLENO_NACIONAL_BENFORD
05,113,99,23,000001,97,9,RELLENO_NACIONAL_BENFORD
05,113,99,42,000001,80,8,RELLENO_NACIONAL_BENFORD
05,113,99,65,000004,82,8,RELLENO_NACIONAL_BENFORD
05,118,01,01,000004,95,9,RELLENO_NACIONAL_BENFORD
05,118,01,02,000004,96,9,RELLENO_NACIONAL_BENFORD
05,118,02,04,000002,93,9,RELLENO_NACIONAL_BENFORD
05,118,02,04,000003,91,9,RELLENO_NACIONAL_BENFORD
16,001,10,01,000025,84,8,RELLENO_NACIONAL_BENFORD
16,001,10,02,000021,83,8,RELLENO_NACIONAL_BENFORD
16,001,10,03,000027,93,9,RELLENO_NACIONAL_BENFORD
16,001,10,07,000026,91,9,RELLENO_NACIONAL_BENFORD
16,001,10,12,000032,91,9,RELLENO_NACIONAL_BENFORD
16,001,10,12,000036,81,8,RELLENO_NACIONAL_BENFORD
16,001,10,13,000025,83,8,RELLENO_NACIONAL_BENFORD
16,001,10,14,000024,82,8,RELLENO_NACIONAL_BENFORD
16,001,10,15,000010,97,9,RELLENO_NACIONAL_BENFORD
16,001,10,15,000019,82,8,RELLENO_NACIONAL_BENFORD
16,001,10,17,000010,83,8,RELLENO_NACIONAL_BENFORD
16,001,10,18,000021,92,9,RELLENO_NACIONAL_BENFORD
16,001,10,19,000030,81,8,RELLENO_NACIONAL_BENFORD
16,001,10,25,000033,88,8,RELLENO_NACIONAL_BENFORD
16,001,10,33,000022,95,9,RELLENO_NACIONAL_BENFORD
16,001,10,34,000031,91,9,RELLENO_NACIONAL_BENFORD
16,001,10,37,000029,97,9,RELLENO_NACIONAL_BENFORD
27,061,99,05,000002,90,9,RELLENO_NACIONAL_BENFORD
27,079,00,00,000008,96,9,RELLENO_NACIONAL_BENFORD
27,082,01,03,000020,94,9,RELLENO_NACIONAL_BENFORD
27,082,03,02,000015,98,9,RELLENO_NACIONAL_BENFORD
27,082,04,01,000009,94,9,RELLENO_NACIONAL_BENFORD
27,082,04,01,000011,92,9,RELLENO_NACIONAL_BENFORD
27,082,04,05,000015,97,9,RELLENO_NACIONAL_BENFORD
27,082,07,02,000009,89,8,RELLENO_NACIONAL_BENFORD
27,082,07,04,000017,90,9,RELLENO_NACIONAL_BENFORD
27,082,07,05,000002,91,9,RELLENO_NACIONAL_BENFORD
27,082,08,02,000011,94,9,RELLENO_NACIONAL_BENFORD
88,380,05,86,000002,83,8,RELLENO_NACIONAL_BENFORD
88,435,05,86,000002,84,8,RELLENO_NACIONAL_BENFORD
88,465,05,86,000004,86,8,RELLENO_NACIONAL_BENFORD
88,465,05,86,000009,99,9,RELLENO_NACIONAL_BENFORD
88,465,05,86,000014,85,8,RELLENO_NACIONAL_BENFORD
88,590,05,02,000004,84,8,RELLENO_NACIONAL_BENFORD
88,590,05,83,000004,88,8,RELLENO_NACIONAL_BENFORD
88,590,20,82,000001,89,8,RELLENO_NACIONAL_BENFORD
88,670,15,83,000001,9,9,RELLENO_NACIONAL_BENFORD
88,760,05,84,000001,90,9,RELLENO_NACIONAL_BENFORD
88,815,05,02,000045,9,9,RELLENO_NACIONAL_BENFORD
88,815,05,02,000060,9,9,RELLENO_NACIONAL_BENFORD
88,815,05,02,000076,8,8,RELLENO_NACIONAL_BENFORD
88,815,05,85,000003,96,9,RELLENO_NACIONAL_BENFORD
88,815,35,85,000001,85,8,RELLENO_NACIONAL_BENFORD
01,001,01,04,000023,99,9,RELLENO_NACIONAL_BENFORD
01,001,02,05,000018,81,8,RELLENO_NACIONAL_BENFORD
01,001,03,02,000028,84,8,RELLENO_NACIONAL_BENFORD
01,001,03,02,000034,83,8,RELLENO_NACIONAL_BENFORD
01,001,05,02,000033,88,8,RELLENO_NACIONAL_BENFORD
01,001,06,03,000021,89,8,RELLENO_NACIONAL_BENFORD
01,001,06,04,000008,80,8,RELLENO_NACIONAL_BENFORD
01,001,07,02,000020,93,9,RELLENO_NACIONAL_BENFORD
01,001,07,05,000006,94,9,RELLENO_NACIONAL_BENFORD
01,001,07,05,000007,87,8,RELLENO_NACIONAL_BENFORD
01,001,08,02,000018,84,8,RELLENO_NACIONAL_BENFORD
01,001,10,02,000027,88,8,RELLENO_NACIONAL_BENFORD
01,001,10,02,000030,91,9,RELLENO_NACIONAL_BENFORD
01,001,11,03,000018,89,8,RELLENO_NACIONAL_BENFORD
01,001,11,08,000009,82,8,RELLENO_NACIONAL_BENFORD
01,001,12,04,000027,89,8,RELLENO_NACIONAL_BENFORD
01,001,12,05,000012,91,9,RELLENO_NACIONAL_BENFORD
01,001,12,05,000023,88,8,RELLENO_NACIONAL_BENFORD
01,001,13,05,000015,84,8,RELLENO_NACIONAL_BENFORD
01,001,14,05,000013,91,9,RELLENO_NACIONAL_BENFORD
01,001,14,05,000032,88,8,RELLENO_NACIONAL_BENFORD
01,001,15,01,000015,87,8,RELLENO_NACIONAL_BENFORD
01,001,15,01,000020,87,8,RELLENO_NACIONAL_BENFORD
01,001,15,04,000006,85,8,RELLENO_NACIONAL_BENFORD
01,001,15,05,000042,91,9,RELLENO_NACIONAL_BENFORD
01,001,15,05,000051,81,8,RELLENO_NACIONAL_BENFORD
01,001,17,01,000019,90,9,RELLENO_NACIONAL_BENFORD
01,001,17,02,000026,91,9,RELLENO_NACIONAL_BENFORD
01,001,17,03,000016,99,9,RELLENO_NACIONAL_BENFORD
01,001,17,05,000018,95,9,RELLENO_NACIONAL_BENFORD
01,001,17,07,000008,93,9,RELLENO_NACIONAL_BENFORD
01,001,18,03,000016,91,9,RELLENO_NACIONAL_BENFORD
01,001,18,05,000003,89,8,RELLENO_NACIONAL_BENFORD
01,001,19,01,000024,95,9,RELLENO_NACIONAL_BENFORD
01,001,19,01,000025,88,8,RELLENO_NACIONAL_BENFORD
01,001,19,04,000036,83,8,RELLENO_NACIONAL_BENFORD
01,001,19,05,000023,82,8,RELLENO_NACIONAL_BENFORD
01,001,19,05,000025,97,9,RELLENO_NACIONAL_BENFORD
01,001,20,02,000031,90,9,RELLENO_NACIONAL_BENFORD
01,001,21,01,000022,88,8,RELLENO_NACIONAL_BENFORD
01,001,26,01,000026,90,9,RELLENO_NACIONAL_BENFORD
01,001,26,01,000027,85,8,RELLENO_NACIONAL_BENFORD
01,001,26,01,000032,97,9,RELLENO_NACIONAL_BENFORD
01,001,26,01,000036,80,8,RELLENO_NACIONAL_BENFORD
01,001,26,06,000012,83,8,RELLENO_NACIONAL_BENFORD
01,001,31,07,000007,86,8,RELLENO_NACIONAL_BENFORD
01,001,31,07,000012,90,9,RELLENO_NACIONAL_BENFORD
01,001,90,01,000001,97,9,RELLENO_NACIONAL_BENFORD
27,019,02,02,000002,91,9,RELLENO_NACIONAL_BENFORD
27,019,02,03,000014,83,8,RELLENO_NACIONAL_BENFORD
27,019,02,05,000010,87,8,RELLENO_NACIONAL_BENFORD
27,019,02,06,000003,96,9,RELLENO_NACIONAL_BENFORD
27,019,02,06,000008,88,8,RELLENO_NACIONAL_BENFORD
27,019,03,01,000003,91,9,RELLENO_NACIONAL_BENFORD
27,019,03,03,000008,85,8,RELLENO_NACIONAL_BENFORD
27,019,03,09,000001,86,8,RELLENO_NACIONAL_BENFORD
27,019,03,11,000006,93,9,RELLENO_NACIONAL_BENFORD
27,019,04,01,000011,82,8,RELLENO_NACIONAL_BENFORD
27,019,05,02,000005,92,9,RELLENO_NACIONAL_BENFORD
27,019,05,04,000001,93,9,RELLENO_NACIONAL_BENFORD
27,019,05,04,000006,83,8,RELLENO_NACIONAL_BENFORD
27,019,06,02,000006,99,9,RELLENO_NACIONAL_BENFORD
27,019,06,03,000001,98,9,RELLENO_NACIONAL_BENFORD
27,019,07,03,000005,85,8,RELLENO_NACIONAL_BENFORD
27,025,00,00,000013,89,8,RELLENO_NACIONAL_BENFORD
27,091,02,04,000011,81,8,RELLENO_NACIONAL_BENFORD
27,091,04,04,000003,97,9,RELLENO_NACIONAL_BENFORD
27,091,04,06,000004,92,9,RELLENO_NACIONAL_BENFORD
27,121,02,03,000008,98,9,RELLENO_NACIONAL_BENFORD
27,124,99,03,000002,96,9,RELLENO_NACIONAL_BENFORD
27,130,00,02,000024,96,9,RELLENO_NACIONAL_BENFORD
27,160,01,02,000019,96,9,RELLENO_NACIONAL_BENFORD
27,160,03,01,000034,99,9,RELLENO_NACIONAL_BENFORD
27,160,05,02,000014,84,8,RELLENO_NACIONAL_BENFORD
27,166,00,00,000019,94,9,RELLENO_NACIONAL_BENFORD
27,172,99,45,000001,82,8,RELLENO_NACIONAL_BENFORD
27,174,01,01,000018,81,8,RELLENO_NACIONAL_BENFORD
27,174,02,02,000013,97,9,RELLENO_NACIONAL_BENFORD
27,174,02,02,000014,86,8,RELLENO_NACIONAL_BENFORD
27,175,99,17,000001,87,8,RELLENO_NACIONAL_BENFORD
27,181,99,05,000001,88,8,RELLENO_NACIONAL_BENFORD
27,220,00,02,000009,90,9,RELLENO_NACIONAL_BENFORD
28,001,02,02,000010,81,8,RELLENO_NACIONAL_BENFORD
28,001,02,03,000001,93,9,RELLENO_NACIONAL_BENFORD
28,001,02,03,000022,84,8,RELLENO_NACIONAL_BENFORD
28,001,03,01,000018,99,9,RELLENO_NACIONAL_BENFORD
28,001,04,04,000007,98,9,RELLENO_NACIONAL_BENFORD
28,001,04,04,000011,85,8,RELLENO_NACIONAL_BENFORD
28,001,04,07,000009,8,8,RELLENO_NACIONAL_BENFORD
28,001,05,02,000029,88,8,RELLENO_NACIONAL_BENFORD
28,001,05,03,000004,99,9,RELLENO_NACIONAL_BENFORD
28,001,06,01,000017,81,8,RELLENO_NACIONAL_BENFORD
28,001,06,03,000005,96,9,RELLENO_NACIONAL_BENFORD
28,001,06,03,000008,98,9,RELLENO_NACIONAL_BENFORD
28,001,99,09,000008,81,8,RELLENO_NACIONAL_BENFORD
28,001,99,87,000002,86,8,RELLENO_NACIONAL_BENFORD
28,010,00,00,000008,83,8,RELLENO_NACIONAL_BENFORD
28,020,00,00,000001,80,8,RELLENO_NACIONAL_BENFORD
28,020,99,50,000001,93,9,RELLENO_NACIONAL_BENFORD
28,030,00,00,000001,95,9,RELLENO_NACIONAL_BENFORD
28,040,01,02,000009,87,8,RELLENO_NACIONAL_BENFORD
28,040,01,04,000007,89,8,RELLENO_NACIONAL_BENFORD
28,041,00,00,000011,85,8,RELLENO_NACIONAL_BENFORD
28,041,99,50,000001,98,9,RELLENO_NACIONAL_BENFORD
28,042,99,43,000001,81,8,RELLENO_NACIONAL_BENFORD
28,045,00,00,000009,80,8,RELLENO_NACIONAL_BENFORD
28,045,99,60,000001,92,9,RELLENO_NACIONAL_BENFORD
28,048,00,00,000021,93,9,RELLENO_NACIONAL_BENFORD
28,048,00,00,000035,81,8,RELLENO_NACIONAL_BENFORD
28,048,99,80,000002,93,9,RELLENO_NACIONAL_BENFORD
28,050,00,00,000005,83,8,RELLENO_NACIONAL_BENFORD
28,055,00,00,000013,90,9,RELLENO_NACIONAL_BENFORD
28,055,99,30,000002,82,8,RELLENO_NACIONAL_BENFORD
28,080,99,10,000002,80,8,RELLENO_NACIONAL_BENFORD
28,100,00,00,000012,84,8,RELLENO_NACIONAL_BENFORD
28,100,00,00,000020,87,8,RELLENO_NACIONAL_BENFORD
28,100,99,90,000002,8,8,RELLENO_NACIONAL_BENFORD
28,100,99,91,000001,93,9,RELLENO_NACIONAL_BENFORD
28,160,01,02,000009,89,8,RELLENO_NACIONAL_BENFORD
28,160,02,01,000001,87,8,RELLENO_NACIONAL_BENFORD
28,160,02,02,000001,97,9,RELLENO_NACIONAL_BENFORD
28,180,99,27,000001,91,9,RELLENO_NACIONAL_BENFORD
05,001,20,01,000006,83,8,RELLENO_NACIONAL_BENFORD
05,001,20,01,000021,95,9,RELLENO_NACIONAL_BENFORD
05,001,20,03,000002,93,9,RELLENO_NACIONAL_BENFORD
05,001,21,03,000007,99,9,RELLENO_NACIONAL_BENFORD
05,001,22,02,000003,91,9,RELLENO_NACIONAL_BENFORD
05,001,22,02,000006,96,9,RELLENO_NACIONAL_BENFORD
05,001,22,02,000017,98,9,RELLENO_NACIONAL_BENFORD
05,001,22,04,000006,92,9,RELLENO_NACIONAL_BENFORD
05,001,99,33,000006,85,8,RELLENO_NACIONAL_BENFORD
05,004,00,00,000016,91,9,RELLENO_NACIONAL_BENFORD
05,005,00,00,000003,82,8,RELLENO_NACIONAL_BENFORD
05,005,99,20,000001,83,8,RELLENO_NACIONAL_BENFORD
05,006,00,00,000015,97,9,RELLENO_NACIONAL_BENFORD
05,007,02,02,000001,92,9,RELLENO_NACIONAL_BENFORD
05,009,00,00,000014,94,9,RELLENO_NACIONAL_BENFORD
05,010,00,00,000017,90,9,RELLENO_NACIONAL_BENFORD
05,013,00,00,000017,84,8,RELLENO_NACIONAL_BENFORD
05,013,00,00,000022,81,8,RELLENO_NACIONAL_BENFORD
05,013,00,00,000037,8,8,RELLENO_NACIONAL_BENFORD
05,013,99,09,000003,90,9,RELLENO_NACIONAL_BENFORD
05,013,99,13,000010,92,9,RELLENO_NACIONAL_BENFORD
05,013,99,13,000011,80,8,RELLENO_NACIONAL_BENFORD
05,014,99,10,000003,90,9,RELLENO_NACIONAL_BENFORD
05,015,00,00,000011,83,8,RELLENO_NACIONAL_BENFORD
05,016,00,00,000014,84,8,RELLENO_NACIONAL_BENFORD
05,018,00,00,000014,96,9,RELLENO_NACIONAL_BENFORD
05,018,99,15,000001,94,9,RELLENO_NACIONAL_BENFORD
05,022,01,03,000008,99,9,RELLENO_NACIONAL_BENFORD
05,022,01,03,000014,84,8,RELLENO_NACIONAL_BENFORD
05,022,01,05,000008,94,9,RELLENO_NACIONAL_BENFORD
05,022,02,01,000017,99,9,RELLENO_NACIONAL_BENFORD
05,022,02,02,000018,82,8,RELLENO_NACIONAL_BENFORD
05,022,99,08,000003,93,9,RELLENO_NACIONAL_BENFORD
05,022,99,25,000004,80,8,RELLENO_NACIONAL_BENFORD
05,026,00,00,000007,89,8,RELLENO_NACIONAL_BENFORD
05,027,99,31,000001,90,9,RELLENO_NACIONAL_BENFORD
05,028,01,05,000001,85,8,RELLENO_NACIONAL_BENFORD
05,028,02,04,000002,89,8,RELLENO_NACIONAL_BENFORD
05,028,99,01,000004,87,8,RELLENO_NACIONAL_BENFORD
05,040,01,03,000002,83,8,RELLENO_NACIONAL_BENFORD
05,040,99,21,000001,85,8,RELLENO_NACIONAL_BENFORD
05,043,01,01,000007,96,9,RELLENO_NACIONAL_BENFORD
05,043,01,01,000009,94,9,RELLENO_NACIONAL_BENFORD
05,043,01,02,000004,92,9,RELLENO_NACIONAL_BENFORD
05,043,02,01,000005,94,9,RELLENO_NACIONAL_BENFORD
05,043,02,01,000009,84,8,RELLENO_NACIONAL_BENFORD
05,043,99,05,000001,86,8,RELLENO_NACIONAL_BENFORD
05,043,99,21,000002,92,9,RELLENO_NACIONAL_BENFORD
05,059,00,00,000005,95,9,RELLENO_NACIONAL_BENFORD
05,065,99,15,000001,93,9,RELLENO_NACIONAL_BENFORD
05,072,00,00,000009,88,8,RELLENO_NACIONAL_BENFORD
05,073,00,00,000001,87,8,RELLENO_NACIONAL_BENFORD
05,118,90,01,000012,86,8,RELLENO_NACIONAL_BENFORD
05,124,00,00,000009,99,9,RELLENO_NACIONAL_BENFORD
05,124,00,00,000020,84,8,RELLENO_NACIONAL_BENFORD
05,124,00,00,000022,85,8,RELLENO_NACIONAL_BENFORD
05,124,00,00,000032,81,8,RELLENO_NACIONAL_BENFORD
05,124,99,01,000004,84,8,RELLENO_NACIONAL_BENFORD
07,001,01,02,000010,99,9,RELLENO_NACIONAL_BENFORD
07,001,01,05,000012,80,8,RELLENO_NACIONAL_BENFORD
07,001,01,05,000018,83,8,RELLENO_NACIONAL_BENFORD
07,001,02,01,000023,83,8,RELLENO_NACIONAL_BENFORD
07,001,02,01,000030,84,8,RELLENO_NACIONAL_BENFORD
07,001,02,01,000032,86,8,RELLENO_NACIONAL_BENFORD
07,001,02,02,000012,95,9,RELLENO_NACIONAL_BENFORD
07,001,02,06,000005,81,8,RELLENO_NACIONAL_BENFORD
07,001,02,06,000008,82,8,RELLENO_NACIONAL_BENFORD
07,001,02,08,000013,92,9,RELLENO_NACIONAL_BENFORD
07,001,03,01,000014,81,8,RELLENO_NACIONAL_BENFORD
07,001,03,01,000017,80,8,RELLENO_NACIONAL_BENFORD
07,001,03,04,000017,83,8,RELLENO_NACIONAL_BENFORD
07,067,02,03,000014,94,9,RELLENO_NACIONAL_BENFORD
07,067,02,03,000015,81,8,RELLENO_NACIONAL_BENFORD
07,067,02,04,000011,95,9,RELLENO_NACIONAL_BENFORD
05,079,02,04,000008,97,9,RELLENO_NACIONAL_BENFORD
05,079,99,04,000001,80,8,RELLENO_NACIONAL_BENFORD
05,084,00,00,000014,98,9,RELLENO_NACIONAL_BENFORD
05,084,00,00,000016,92,9,RELLENO_NACIONAL_BENFORD
05,084,00,00,000021,88,8,RELLENO_NACIONAL_BENFORD
05,113,00,00,000008,82,8,RELLENO_NACIONAL_BENFORD
05,113,99,65,000001,96,9,RELLENO_NACIONAL_BENFORD
05,118,01,02,000001,94,9,RELLENO_NACIONAL_BENFORD
16,001,10,01,000014,88,8,RELLENO_NACIONAL_BENFORD
16,001,10,01,000023,91,9,RELLENO_NACIONAL_BENFORD
16,001,10,02,000031,91,9,RELLENO_NACIONAL_BENFORD
16,001,10,02,000032,84,8,RELLENO_NACIONAL_BENFORD
16,001,10,03,000022,99,9,RELLENO_NACIONAL_BENFORD
16,001,10,03,000028,99,9,RELLENO_NACIONAL_BENFORD
16,001,10,07,000024,87,8,RELLENO_NACIONAL_BENFORD
16,001,10,10,000030,96,9,RELLENO_NACIONAL_BENFORD
27,071,99,79,000003,8,8,RELLENO_NACIONAL_BENFORD
27,073,99,05,000002,88,8,RELLENO_NACIONAL_BENFORD
27,082,01,01,000032,85,8,RELLENO_NACIONAL_BENFORD
27,082,02,02,000022,98,9,RELLENO_NACIONAL_BENFORD
27,082,08,02,000010,95,9,RELLENO_NACIONAL_BENFORD
88,380,05,86,000006,85,8,RELLENO_NACIONAL_BENFORD
88,465,05,86,000003,99,9,RELLENO_NACIONAL_BENFORD
88,590,05,02,000007,85,8,RELLENO_NACIONAL_BENFORD
88,590,05,02,000010,99,9,RELLENO_NACIONAL_BENFORD
88,815,05,02,000005,87,8,RELLENO_NACIONAL_BENFORD
88,815,05,02,000014,81,8,RELLENO_NACIONAL_BENFORD
88,815,35,02,000029,8,8,RELLENO_NACIONAL_BENFORD
88,815,35,02,000032,9,9,RELLENO_NACIONAL_BENFORD
01,001,04,03,000013,92,9,RELLENO_NACIONAL_BENFORD
01,001,05,01,000028,93,9,RELLENO_NACIONAL_BENFORD
01,001,05,01,000029,99,9,RELLENO_NACIONAL_BENFORD
01,001,05,02,000023,81,8,RELLENO_NACIONAL_BENFORD
01,001,05,08,000008,92,9,RELLENO_NACIONAL_BENFORD
01,001,05,08,000017,87,8,RELLENO_NACIONAL_BENFORD
01,001,06,03,000010,98,9,RELLENO_NACIONAL_BENFORD
01,001,07,04,000023,86,8,RELLENO_NACIONAL_BENFORD
01,001,08,03,000028,86,8,RELLENO_NACIONAL_BENFORD
01,001,08,04,000024,82,8,RELLENO_NACIONAL_BENFORD
01,001,09,03,000028,94,9,RELLENO_NACIONAL_BENFORD
01,001,09,05,000025,88,8,RELLENO_NACIONAL_BENFORD
01,001,10,02,000036,83,8,RELLENO_NACIONAL_BENFORD
01,001,10,04,000034,81,8,RELLENO_NACIONAL_BENFORD
01,001,11,01,000023,84,8,RELLENO_NACIONAL_BENFORD
01,001,12,03,000019,96,9,RELLENO_NACIONAL_BENFORD
01,001,13,05,000013,98,9,RELLENO_NACIONAL_BENFORD
01,001,13,08,000013,80,8,RELLENO_NACIONAL_BENFORD
01,001,14,02,000030,98,9,RELLENO_NACIONAL_BENFORD
01,001,14,05,000026,89,8,RELLENO_NACIONAL_BENFORD
01,001,14,05,000028,92,9,RELLENO_NACIONAL_BENFORD
01,001,14,05,000033,81,8,RELLENO_NACIONAL_BENFORD
01,001,14,06,000008,91,9,RELLENO_NACIONAL_BENFORD
01,001,15,05,000039,86,8,RELLENO_NACIONAL_BENFORD
01,001,15,08,000013,96,9,RELLENO_NACIONAL_BENFORD
01,001,16,04,000014,88,8,RELLENO_NACIONAL_BENFORD
01,001,16,04,000022,84,8,RELLENO_NACIONAL_BENFORD
01,001,17,05,000012,84,8,RELLENO_NACIONAL_BENFORD
01,001,17,09,000007,89,8,RELLENO_NACIONAL_BENFORD
01,001,18,03,000015,91,9,RELLENO_NACIONAL_BENFORD
01,001,19,01,000022,82,8,RELLENO_NACIONAL_BENFORD
01,001,19,06,000008,99,9,RELLENO_NACIONAL_BENFORD
01,001,19,07,000007,82,8,RELLENO_NACIONAL_BENFORD
01,001,21,02,000026,90,9,RELLENO_NACIONAL_BENFORD
01,001,21,05,000009,96,9,RELLENO_NACIONAL_BENFORD
01,001,24,06,000007,99,9,RELLENO_NACIONAL_BENFORD
01,001,26,07,000012,81,8,RELLENO_NACIONAL_BENFORD
01,001,29,01,000021,95,9,RELLENO_NACIONAL_BENFORD
01,001,32,07,000003,88,8,RELLENO_NACIONAL_BENFORD
27,019,01,05,000004,93,9,RELLENO_NACIONAL_BENFORD
27,019,01,07,000008,90,9,RELLENO_NACIONAL_BENFORD
27,019,02,02,000001,85,8,RELLENO_NACIONAL_BENFORD
27,019,02,02,000005,84,8,RELLENO_NACIONAL_BENFORD
27,019,02,03,000013,90,9,RELLENO_NACIONAL_BENFORD
27,019,03,11,000001,89,8,RELLENO_NACIONAL_BENFORD
27,019,04,01,000008,92,9,RELLENO_NACIONAL_BENFORD
27,019,04,06,000001,98,9,RELLENO_NACIONAL_BENFORD
27,019,05,03,000007,80,8,RELLENO_NACIONAL_BENFORD
27,019,06,01,000001,85,8,RELLENO_NACIONAL_BENFORD
27,019,99,B1,000006,9,9,RELLENO_NACIONAL_BENFORD
27,085,99,70,000001,97,9,RELLENO_NACIONAL_BENFORD
27,091,03,01,000024,99,9,RELLENO_NACIONAL_BENFORD
27,091,03,03,000004,98,9,RELLENO_NACIONAL_BENFORD
27,091,04,02,000008,83,8,RELLENO_NACIONAL_BENFORD
27,091,04,05,000002,90,9,RELLENO_NACIONAL_BENFORD
27,148,99,05,000001,90,9,RELLENO_NACIONAL_BENFORD
27,169,00,01,000003,99,9,RELLENO_NACIONAL_BENFORD
27,169,00,02,000003,83,8,RELLENO_NACIONAL_BENFORD
27,169,00,02,000013,86,8,RELLENO_NACIONAL_BENFORD
27,169,99,01,000002,90,9,RELLENO_NACIONAL_BENFORD
27,181,02,02,000015,88,8,RELLENO_NACIONAL_BENFORD
27,196,99,60,000001,80,8,RELLENO_NACIONAL_BENFORD
28,001,01,01,000006,92,9,RELLENO_NACIONAL_BENFORD
28,001,01,02,000009,94,9,RELLENO_NACIONAL_BENFORD
28,001,01,02,000017,90,9,RELLENO_NACIONAL_BENFORD
28,001,02,01,000010,96,9,RELLENO_NACIONAL_BENFORD
28,001,03,01,000028,88,8,RELLENO_NACIONAL_BENFORD
28,001,06,01,000004,91,9,RELLENO_NACIONAL_BENFORD
28,001,06,01,000015,81,8,RELLENO_NACIONAL_BENFORD
28,001,06,02,000002,90,9,RELLENO_NACIONAL_BENFORD
28,001,06,02,000008,87,8,RELLENO_NACIONAL_BENFORD
28,001,06,03,000003,96,9,RELLENO_NACIONAL_BENFORD
28,001,06,03,000004,95,9,RELLENO_NACIONAL_BENFORD
28,001,99,36,000001,92,9,RELLENO_NACIONAL_BENFORD
28,020,00,00,000002,88,8,RELLENO_NACIONAL_BENFORD
28,041,00,00,000016,81,8,RELLENO_NACIONAL_BENFORD
28,041,99,30,000001,96,9,RELLENO_NACIONAL_BENFORD
28,042,99,43,000002,84,8,RELLENO_NACIONAL_BENFORD
28,042,99,44,000001,87,8,RELLENO_NACIONAL_BENFORD
28,050,00,00,000015,84,8,RELLENO_NACIONAL_BENFORD
28,055,00,00,000014,92,9,RELLENO_NACIONAL_BENFORD
28,060,00,00,000018,94,9,RELLENO_NACIONAL_BENFORD
28,160,99,69,000002,96,9,RELLENO_NACIONAL_BENFORD
28,180,00,00,000002,95,9,RELLENO_NACIONAL_BENFORD
28,180,99,38,000003,89,8,RELLENO_NACIONAL_BENFORD
05,001,20,01,000003,81,8,RELLENO_NACIONAL_BENFORD
05,001,20,03,000001,97,9,RELLENO_NACIONAL_BENFORD
05,001,20,04,000003,82,8,RELLENO_NACIONAL_BENFORD
05,001,21,02,000025,89,8,RELLENO_NACIONAL_BENFORD
05,001,22,02,000004,90,9,RELLENO_NACIONAL_BENFORD
05,001,22,04,000010,97,9,RELLENO_NACIONAL_BENFORD
05,001,99,33,000010,80,8,RELLENO_NACIONAL_BENFORD
05,005,00,00,000001,80,8,RELLENO_NACIONAL_BENFORD
05,005,00,00,000004,83,8,RELLENO_NACIONAL_BENFORD
05,005,99,10,000002,98,9,RELLENO_NACIONAL_BENFORD
05,006,00,00,000013,86,8,RELLENO_NACIONAL_BENFORD
05,006,00,00,000014,87,8,RELLENO_NACIONAL_BENFORD
05,007,01,02,000008,81,8,RELLENO_NACIONAL_BENFORD
05,007,01,04,000001,83,8,RELLENO_NACIONAL_BENFORD
05,009,00,00,000020,80,8,RELLENO_NACIONAL_BENFORD
05,022,99,65,000001,88,8,RELLENO_NACIONAL_BENFORD
05,028,01,04,000002,87,8,RELLENO_NACIONAL_BENFORD
05,028,02,01,000015,99,9,RELLENO_NACIONAL_BENFORD
05,028,02,02,000009,85,8,RELLENO_NACIONAL_BENFORD
05,028,02,02,000011,96,9,RELLENO_NACIONAL_BENFORD
05,028,99,17,000002,83,8,RELLENO_NACIONAL_BENFORD
05,031,00,02,000010,85,8,RELLENO_NACIONAL_BENFORD
05,040,01,01,000003,85,8,RELLENO_NACIONAL_BENFORD
05,040,02,01,000002,94,9,RELLENO_NACIONAL_BENFORD
05,040,99,21,000003,90,9,RELLENO_NACIONAL_BENFORD
05,043,01,02,000005,93,9,RELLENO_NACIONAL_BENFORD
05,043,02,01,000004,85,8,RELLENO_NACIONAL_BENFORD
05,044,99,02,000001,90,9,RELLENO_NACIONAL_BENFORD
05,065,00,00,000003,86,8,RELLENO_NACIONAL_BENFORD
05,118,90,01,000004,90,9,RELLENO_NACIONAL_BENFORD
07,001,01,04,000019,83,8,RELLENO_NACIONAL_BENFORD
07,001,02,02,000015,86,8,RELLENO_NACIONAL_BENFORD
07,001,01,01,000019,82,8,RELLENO_NACIONAL_BENFORD
07,001,01,04,000018,99,9,RELLENO_NACIONAL_BENFORD
07,001,01,06,000015,94,9,RELLENO_NACIONAL_BENFORD
07,001,02,07,000011,91,9,RELLENO_NACIONAL_BENFORD
07,001,03,01,000015,80,8,RELLENO_NACIONAL_BENFORD
07,067,99,20,000002,88,8,RELLENO_NACIONAL_BENFORD
07,079,01,02,000017,80,8,RELLENO_NACIONAL_BENFORD
07,079,02,01,000017,87,8,RELLENO_NACIONAL_BENFORD
07,079,02,01,000024,80,8,RELLENO_NACIONAL_BENFORD
07,079,02,01,000025,80,8,RELLENO_NACIONAL_BENFORD
07,079,02,01,000032,82,8,RELLENO_NACIONAL_BENFORD
07,079,02,04,000015,95,9,RELLENO_NACIONAL_BENFORD
07,079,02,05,000009,89,8,RELLENO_NACIONAL_BENFORD
07,079,02,07,000005,80,8,RELLENO_NACIONAL_BENFORD
07,079,99,10,000006,89,8,RELLENO_NACIONAL_BENFORD
07,088,00,00,000012,82,8,RELLENO_NACIONAL_BENFORD
07,088,00,00,000013,84,8,RELLENO_NACIONAL_BENFORD
07,100,00,00,000033,96,9,RELLENO_NACIONAL_BENFORD
07,136,99,13,000002,82,8,RELLENO_NACIONAL_BENFORD
07,139,00,00,000037,97,9,RELLENO_NACIONAL_BENFORD
07,166,00,00,000019,93,9,RELLENO_NACIONAL_BENFORD
07,166,00,00,000021,87,8,RELLENO_NACIONAL_BENFORD
07,181,02,02,000007,97,9,RELLENO_NACIONAL_BENFORD
07,181,99,38,000003,91,9,RELLENO_NACIONAL_BENFORD
07,199,00,00,000010,95,9,RELLENO_NACIONAL_BENFORD
07,277,01,04,000023,96,9,RELLENO_NACIONAL_BENFORD
07,277,02,01,000016,98,9,RELLENO_NACIONAL_BENFORD
07,277,02,01,000019,98,9,RELLENO_NACIONAL_BENFORD
07,277,02,01,000022,91,9,RELLENO_NACIONAL_BENFORD
07,277,02,02,000018,95,9,RELLENO_NACIONAL_BENFORD
07,277,02,02,000024,92,9,RELLENO_NACIONAL_BENFORD
07,277,02,02,000026,97,9,RELLENO_NACIONAL_BENFORD
07,277,02,04,000015,98,9,RELLENO_NACIONAL_BENFORD
07,277,02,05,000024,99,9,RELLENO_NACIONAL_BENFORD
07,277,02,06,000008,86,8,RELLENO_NACIONAL_BENFORD
07,307,00,00,000021,97,9,RELLENO_NACIONAL_BENFORD
07,307,00,00,000025,90,9,RELLENO_NACIONAL_BENFORD
16,001,08,35,000034,88,8,RELLENO_NACIONAL_BENFORD
16,001,08,38,000028,88,8,RELLENO_NACIONAL_BENFORD
16,001,08,40,000016,87,8,RELLENO_NACIONAL_BENFORD
16,001,08,42,000025,83,8,RELLENO_NACIONAL_BENFORD
16,001,08,45,000017,98,9,RELLENO_NACIONAL_BENFORD
16,001,08,48,000026,83,8,RELLENO_NACIONAL_BENFORD
16,001,08,51,000021,82,8,RELLENO_NACIONAL_BENFORD
16,001,08,54,000015,90,9,RELLENO_NACIONAL_BENFORD
16,001,08,63,000015,92,9,RELLENO_NACIONAL_BENFORD
16,001,08,66,000018,93,9,RELLENO_NACIONAL_BENFORD
16,001,08,69,000018,93,9,RELLENO_NACIONAL_BENFORD
16,001,08,69,000020,96,9,RELLENO_NACIONAL_BENFORD
16,001,08,81,000005,93,9,RELLENO_NACIONAL_BENFORD
16,001,08,81,000010,81,8,RELLENO_NACIONAL_BENFORD
16,001,08,82,000029,80,8,RELLENO_NACIONAL_BENFORD
16,001,08,93,000005,92,9,RELLENO_NACIONAL_BENFORD
16,001,08,94,000005,84,8,RELLENO_NACIONAL_BENFORD
16,001,08,96,000005,92,9,RELLENO_NACIONAL_BENFORD
16,001,08,99,000007,80,8,RELLENO_NACIONAL_BENFORD
16,001,08,A2,000002,86,8,RELLENO_NACIONAL_BENFORD
16,001,08,A7,000005,85,8,RELLENO_NACIONAL_BENFORD
16,001,08,A7,000007,82,8,RELLENO_NACIONAL_BENFORD
16,001,09,01,000037,98,9,RELLENO_NACIONAL_BENFORD
16,001,09,01,000057,89,8,RELLENO_NACIONAL_BENFORD
16,001,09,10,000017,84,8,RELLENO_NACIONAL_BENFORD
16,001,09,11,000030,87,8,RELLENO_NACIONAL_BENFORD
16,001,09,13,000016,89,8,RELLENO_NACIONAL_BENFORD
16,001,09,28,000004,84,8,RELLENO_NACIONAL_BENFORD
16,001,09,31,000003,87,8,RELLENO_NACIONAL_BENFORD
16,001,09,32,000002,85,8,RELLENO_NACIONAL_BENFORD
16,001,09,36,000006,80,8,RELLENO_NACIONAL_BENFORD
16,001,09,36,000007,93,9,RELLENO_NACIONAL_BENFORD
16,001,09,38,000012,86,8,RELLENO_NACIONAL_BENFORD
16,001,10,47,000005,85,8,RELLENO_NACIONAL_BENFORD
16,001,10,51,000006,81,8,RELLENO_NACIONAL_BENFORD
16,001,10,55,000023,91,9,RELLENO_NACIONAL_BENFORD
16,001,10,56,000007,89,8,RELLENO_NACIONAL_BENFORD
16,001,10,67,000030,83,8,RELLENO_NACIONAL_BENFORD
16,001,10,97,000003,97,9,RELLENO_NACIONAL_BENFORD
16,001,11,01,000038,98,9,RELLENO_NACIONAL_BENFORD
16,001,11,01,000056,82,8,RELLENO_NACIONAL_BENFORD
16,001,11,05,000027,87,8,RELLENO_NACIONAL_BENFORD
16,001,11,14,000008,89,8,RELLENO_NACIONAL_BENFORD
16,001,11,15,000023,97,9,RELLENO_NACIONAL_BENFORD
16,001,11,30,000018,82,8,RELLENO_NACIONAL_BENFORD
16,001,11,31,000028,82,8,RELLENO_NACIONAL_BENFORD
16,001,11,32,000034,82,8,RELLENO_NACIONAL_BENFORD
16,001,11,40,000015,82,8,RELLENO_NACIONAL_BENFORD
16,001,11,40,000025,81,8,RELLENO_NACIONAL_BENFORD
16,001,11,45,000017,87,8,RELLENO_NACIONAL_BENFORD
16,001,11,47,000008,80,8,RELLENO_NACIONAL_BENFORD
16,001,11,49,000021,81,8,RELLENO_NACIONAL_BENFORD
16,001,11,51,000026,91,9,RELLENO_NACIONAL_BENFORD
16,001,11,89,000023,86,8,RELLENO_NACIONAL_BENFORD
16,001,11,89,000049,91,9,RELLENO_NACIONAL_BENFORD
16,001,11,90,000006,80,8,RELLENO_NACIONAL_BENFORD
16,001,11,95,000042,96,9,RELLENO_NACIONAL_BENFORD
16,001,11,A1,000006,89,8,RELLENO_NACIONAL_BENFORD
16,001,12,07,000020,83,8,RELLENO_NACIONAL_BENFORD
16,001,12,08,000015,97,9,RELLENO_NACIONAL_BENFORD
16,001,12,14,000006,85,8,RELLENO_NACIONAL_BENFORD
16,001,12,17,000007,84,8,RELLENO_NACIONAL_BENFORD
16,001,12,19,000020,90,9,RELLENO_NACIONAL_BENFORD
16,001,13,10,000022,8,8,RELLENO_NACIONAL_BENFORD
16,001,13,18,000007,96,9,RELLENO_NACIONAL_BENFORD
16,001,13,18,000010,89,8,RELLENO_NACIONAL_BENFORD
16,001,13,26,000010,81,8,RELLENO_NACIONAL_BENFORD
16,001,13,26,000012,84,8,RELLENO_NACIONAL_BENFORD
16,001,13,26,000015,81,8,RELLENO_NACIONAL_BENFORD
16,001,13,32,000009,96,9,RELLENO_NACIONAL_BENFORD
16,001,13,32,000011,86,8,RELLENO_NACIONAL_BENFORD
16,001,14,02,000007,83,8,RELLENO_NACIONAL_BENFORD
16,001,14,14,000004,84,8,RELLENO_NACIONAL_BENFORD
16,001,14,18,000013,80,8,RELLENO_NACIONAL_BENFORD
16,001,15,01,000012,89,8,RELLENO_NACIONAL_BENFORD
16,001,15,06,000024,80,8,RELLENO_NACIONAL_BENFORD
16,001,15,08,000008,80,8,RELLENO_NACIONAL_BENFORD
16,001,15,13,000014,82,8,RELLENO_NACIONAL_BENFORD
01,001,99,03,000023,91,9,RELLENO_NACIONAL_BENFORD
01,001,99,A4,000010,98,9,RELLENO_NACIONAL_BENFORD
01,001,99,A5,000007,83,8,RELLENO_NACIONAL_BENFORD
01,001,99,A5,000011,98,9,RELLENO_NACIONAL_BENFORD
29,055,01,01,000001,96,9,RELLENO_NACIONAL_BENFORD
29,058,01,01,000015,88,8,RELLENO_NACIONAL_BENFORD
09,079,99,02,000001,80,8,RELLENO_NACIONAL_BENFORD
09,082,00,01,000018,90,9,RELLENO_NACIONAL_BENFORD
09,082,00,01,000019,80,8,RELLENO_NACIONAL_BENFORD
09,085,99,06,000002,96,9,RELLENO_NACIONAL_BENFORD
09,103,01,01,000012,90,9,RELLENO_NACIONAL_BENFORD
09,103,01,02,000011,98,9,RELLENO_NACIONAL_BENFORD
09,103,02,01,000011,91,9,RELLENO_NACIONAL_BENFORD
09,103,99,09,000007,81,8,RELLENO_NACIONAL_BENFORD
09,127,00,00,000011,98,9,RELLENO_NACIONAL_BENFORD
09,127,00,00,000016,93,9,RELLENO_NACIONAL_BENFORD
09,130,01,04,000002,81,8,RELLENO_NACIONAL_BENFORD
09,130,02,02,000013,80,8,RELLENO_NACIONAL_BENFORD
09,133,00,01,000014,85,8,RELLENO_NACIONAL_BENFORD
11,001,01,01,000014,84,8,RELLENO_NACIONAL_BENFORD
11,001,02,02,000007,96,9,RELLENO_NACIONAL_BENFORD
11,001,02,06,000022,80,8,RELLENO_NACIONAL_BENFORD
11,001,03,02,000013,94,9,RELLENO_NACIONAL_BENFORD
16,001,19,23,000005,89,8,RELLENO_NACIONAL_BENFORD
16,001,19,24,000009,80,8,RELLENO_NACIONAL_BENFORD
16,001,19,24,000016,91,9,RELLENO_NACIONAL_BENFORD
16,001,19,25,000017,84,8,RELLENO_NACIONAL_BENFORD
16,001,19,29,000010,88,8,RELLENO_NACIONAL_BENFORD
16,001,19,31,000022,83,8,RELLENO_NACIONAL_BENFORD
16,001,19,32,000003,94,9,RELLENO_NACIONAL_BENFORD
16,001,19,50,000002,82,8,RELLENO_NACIONAL_BENFORD
16,001,19,52,000002,98,9,RELLENO_NACIONAL_BENFORD
16,001,19,54,000003,87,8,RELLENO_NACIONAL_BENFORD
16,001,19,70,000007,87,8,RELLENO_NACIONAL_BENFORD
16,001,90,01,000024,94,9,RELLENO_NACIONAL_BENFORD
16,001,90,01,000050,94,9,RELLENO_NACIONAL_BENFORD
01,058,01,02,000014,86,8,RELLENO_NACIONAL_BENFORD
01,067,00,00,000011,94,9,RELLENO_NACIONAL_BENFORD
01,070,02,01,000018,84,8,RELLENO_NACIONAL_BENFORD
01,070,04,03,000008,83,8,RELLENO_NACIONAL_BENFORD
01,076,00,02,000002,80,8,RELLENO_NACIONAL_BENFORD
01,080,01,01,000003,96,9,RELLENO_NACIONAL_BENFORD
01,080,02,01,000007,93,9,RELLENO_NACIONAL_BENFORD
01,080,99,30,000007,82,8,RELLENO_NACIONAL_BENFORD
29,064,01,02,000004,81,8,RELLENO_NACIONAL_BENFORD
29,067,00,00,000019,88,8,RELLENO_NACIONAL_BENFORD
29,067,00,00,000021,92,9,RELLENO_NACIONAL_BENFORD
29,070,00,00,000021,90,9,RELLENO_NACIONAL_BENFORD
29,073,01,01,000005,98,9,RELLENO_NACIONAL_BENFORD
29,073,01,02,000004,85,8,RELLENO_NACIONAL_BENFORD
29,076,01,01,000023,89,8,RELLENO_NACIONAL_BENFORD
29,076,01,01,000024,86,8,RELLENO_NACIONAL_BENFORD
29,076,01,02,000011,85,8,RELLENO_NACIONAL_BENFORD
29,076,02,01,000007,87,8,RELLENO_NACIONAL_BENFORD
29,079,01,02,000014,92,9,RELLENO_NACIONAL_BENFORD
29,080,00,00,000001,89,8,RELLENO_NACIONAL_BENFORD
29,082,99,04,000001,94,9,RELLENO_NACIONAL_BENFORD
29,085,99,09,000003,9,9,RELLENO_NACIONAL_BENFORD
29,089,00,00,000040,94,9,RELLENO_NACIONAL_BENFORD
29,089,99,40,000002,8,8,RELLENO_NACIONAL_BENFORD
29,089,99,73,000001,87,8,RELLENO_NACIONAL_BENFORD
29,091,00,00,000014,96,9,RELLENO_NACIONAL_BENFORD
29,094,00,00,000040,97,9,RELLENO_NACIONAL_BENFORD
29,094,99,01,000001,98,9,RELLENO_NACIONAL_BENFORD
29,094,99,01,000004,94,9,RELLENO_NACIONAL_BENFORD
29,097,00,01,000006,84,8,RELLENO_NACIONAL_BENFORD
29,103,00,00,000024,89,8,RELLENO_NACIONAL_BENFORD
29,103,99,09,000002,97,9,RELLENO_NACIONAL_BENFORD
29,103,99,13,000001,87,8,RELLENO_NACIONAL_BENFORD
11,001,03,03,000001,87,8,RELLENO_NACIONAL_BENFORD
11,001,03,03,000003,99,9,RELLENO_NACIONAL_BENFORD
11,001,04,02,000016,84,8,RELLENO_NACIONAL_BENFORD
11,001,05,02,000008,95,9,RELLENO_NACIONAL_BENFORD
11,001,05,04,000002,99,9,RELLENO_NACIONAL_BENFORD
11,001,06,01,000006,93,9,RELLENO_NACIONAL_BENFORD
11,001,06,01,000014,93,9,RELLENO_NACIONAL_BENFORD
11,001,06,01,000016,96,9,RELLENO_NACIONAL_BENFORD
11,001,07,05,000008,89,8,RELLENO_NACIONAL_BENFORD
11,001,07,07,000004,99,9,RELLENO_NACIONAL_BENFORD
11,001,99,13,000001,98,9,RELLENO_NACIONAL_BENFORD
11,001,99,53,000001,90,9,RELLENO_NACIONAL_BENFORD
11,013,00,00,000006,88,8,RELLENO_NACIONAL_BENFORD
11,013,99,05,000002,88,8,RELLENO_NACIONAL_BENFORD
11,013,99,15,000001,82,8,RELLENO_NACIONAL_BENFORD
17,001,02,01,000002,82,8,RELLENO_NACIONAL_BENFORD
17,001,99,22,000001,8,8,RELLENO_NACIONAL_BENFORD
17,007,00,00,000006,8,8,RELLENO_NACIONAL_BENFORD
17,008,99,29,000001,8,8,RELLENO_NACIONAL_BENFORD
17,032,99,40,000001,8,8,RELLENO_NACIONAL_BENFORD
17,040,00,00,000003,9,9,RELLENO_NACIONAL_BENFORD
17,043,99,04,000001,9,9,RELLENO_NACIONAL_BENFORD
17,048,99,10,000001,94,9,RELLENO_NACIONAL_BENFORD
17,082,00,00,000007,98,9,RELLENO_NACIONAL_BENFORD
19,001,01,01,000004,91,9,RELLENO_NACIONAL_BENFORD
01,088,01,04,000020,82,8,RELLENO_NACIONAL_BENFORD
05,121,00,01,000008,83,8,RELLENO_NACIONAL_BENFORD
05,124,00,00,000011,91,9,RELLENO_NACIONAL_BENFORD
07,001,01,02,000011,88,8,RELLENO_NACIONAL_BENFORD
07,001,01,03,000011,91,9,RELLENO_NACIONAL_BENFORD
07,001,01,05,000013,90,9,RELLENO_NACIONAL_BENFORD
07,001,02,02,000010,99,9,RELLENO_NACIONAL_BENFORD
07,001,02,02,000011,97,9,RELLENO_NACIONAL_BENFORD
07,001,02,05,000017,91,9,RELLENO_NACIONAL_BENFORD
07,001,03,01,000008,90,9,RELLENO_NACIONAL_BENFORD
07,001,03,01,000013,85,8,RELLENO_NACIONAL_BENFORD
07,001,03,01,000019,89,8,RELLENO_NACIONAL_BENFORD
07,001,03,01,000020,84,8,RELLENO_NACIONAL_BENFORD
07,001,03,02,000023,99,9,RELLENO_NACIONAL_BENFORD
07,001,03,04,000020,93,9,RELLENO_NACIONAL_BENFORD
07,001,03,04,000022,91,9,RELLENO_NACIONAL_BENFORD
07,001,03,04,000024,98,9,RELLENO_NACIONAL_BENFORD
07,067,02,02,000011,94,9,RELLENO_NACIONAL_BENFORD
07,067,02,04,000004,91,9,RELLENO_NACIONAL_BENFORD
07,067,98,01,000001,9,9,RELLENO_NACIONAL_BENFORD
07,079,01,04,000010,97,9,RELLENO_NACIONAL_BENFORD
07,079,02,01,000022,86,8,RELLENO_NACIONAL_BENFORD
07,079,02,02,000019,95,9,RELLENO_NACIONAL_BENFORD
07,079,02,02,000020,94,9,RELLENO_NACIONAL_BENFORD
07,148,00,00,000011,99,9,RELLENO_NACIONAL_BENFORD
07,148,99,50,000001,99,9,RELLENO_NACIONAL_BENFORD
07,166,00,00,000025,94,9,RELLENO_NACIONAL_BENFORD
07,179,99,44,000001,86,8,RELLENO_NACIONAL_BENFORD
07,181,01,01,000020,98,9,RELLENO_NACIONAL_BENFORD
07,181,01,01,000024,89,8,RELLENO_NACIONAL_BENFORD
07,181,02,02,000016,93,9,RELLENO_NACIONAL_BENFORD
07,199,00,00,000001,97,9,RELLENO_NACIONAL_BENFORD
07,214,02,02,000016,93,9,RELLENO_NACIONAL_BENFORD
07,223,99,19,000002,89,8,RELLENO_NACIONAL_BENFORD
07,277,01,01,000024,89,8,RELLENO_NACIONAL_BENFORD
07,277,02,05,000015,87,8,RELLENO_NACIONAL_BENFORD
07,277,02,06,000010,98,9,RELLENO_NACIONAL_BENFORD
16,001,08,35,000030,89,8,RELLENO_NACIONAL_BENFORD
16,001,08,46,000008,96,9,RELLENO_NACIONAL_BENFORD
16,001,08,51,000020,90,9,RELLENO_NACIONAL_BENFORD
16,001,08,51,000022,92,9,RELLENO_NACIONAL_BENFORD
16,001,08,51,000023,86,8,RELLENO_NACIONAL_BENFORD
16,001,08,55,000035,99,9,RELLENO_NACIONAL_BENFORD
16,001,08,60,000026,94,9,RELLENO_NACIONAL_BENFORD
16,001,08,61,000014,97,9,RELLENO_NACIONAL_BENFORD
16,001,08,70,000018,89,8,RELLENO_NACIONAL_BENFORD
16,001,08,73,000011,85,8,RELLENO_NACIONAL_BENFORD
16,001,08,A3,000012,85,8,RELLENO_NACIONAL_BENFORD
16,001,08,A4,000007,98,9,RELLENO_NACIONAL_BENFORD
16,001,09,02,000037,91,9,RELLENO_NACIONAL_BENFORD
16,001,09,03,000036,99,9,RELLENO_NACIONAL_BENFORD
16,001,09,06,000021,88,8,RELLENO_NACIONAL_BENFORD
16,001,09,06,000023,88,8,RELLENO_NACIONAL_BENFORD
16,001,09,08,000019,95,9,RELLENO_NACIONAL_BENFORD
16,001,09,18,000037,91,9,RELLENO_NACIONAL_BENFORD
16,001,09,19,000011,81,8,RELLENO_NACIONAL_BENFORD
16,001,09,38,000013,92,9,RELLENO_NACIONAL_BENFORD
16,001,09,39,000005,97,9,RELLENO_NACIONAL_BENFORD
16,001,10,55,000038,94,9,RELLENO_NACIONAL_BENFORD
16,001,10,59,000017,82,8,RELLENO_NACIONAL_BENFORD
16,001,10,67,000031,98,9,RELLENO_NACIONAL_BENFORD
16,001,10,67,000035,85,8,RELLENO_NACIONAL_BENFORD
16,001,10,73,000007,84,8,RELLENO_NACIONAL_BENFORD
16,001,10,80,000007,91,9,RELLENO_NACIONAL_BENFORD
16,001,10,82,000005,96,9,RELLENO_NACIONAL_BENFORD
16,001,10,82,000006,83,8,RELLENO_NACIONAL_BENFORD
16,001,10,96,000006,84,8,RELLENO_NACIONAL_BENFORD
16,001,11,05,000030,93,9,RELLENO_NACIONAL_BENFORD
16,001,11,09,000014,86,8,RELLENO_NACIONAL_BENFORD
16,001,11,17,000032,83,8,RELLENO_NACIONAL_BENFORD
16,001,11,19,000017,91,9,RELLENO_NACIONAL_BENFORD
16,001,11,23,000013,95,9,RELLENO_NACIONAL_BENFORD
16,001,11,23,000018,89,8,RELLENO_NACIONAL_BENFORD
16,001,11,24,000015,96,9,RELLENO_NACIONAL_BENFORD
16,001,11,31,000030,87,8,RELLENO_NACIONAL_BENFORD
16,001,11,41,000018,81,8,RELLENO_NACIONAL_BENFORD
16,001,11,50,000022,85,8,RELLENO_NACIONAL_BENFORD
16,001,11,51,000025,93,9,RELLENO_NACIONAL_BENFORD
16,001,11,53,000039,9,9,RELLENO_NACIONAL_BENFORD
16,001,11,66,000015,90,9,RELLENO_NACIONAL_BENFORD
16,001,11,71,000009,91,9,RELLENO_NACIONAL_BENFORD
16,001,11,72,000002,94,9,RELLENO_NACIONAL_BENFORD
16,001,11,91,000015,80,8,RELLENO_NACIONAL_BENFORD
16,001,11,94,000006,86,8,RELLENO_NACIONAL_BENFORD
16,001,11,95,000027,99,9,RELLENO_NACIONAL_BENFORD
16,001,11,95,000040,98,9,RELLENO_NACIONAL_BENFORD
16,001,11,99,000010,96,9,RELLENO_NACIONAL_BENFORD
16,001,11,B4,000004,82,8,RELLENO_NACIONAL_BENFORD
16,001,12,03,000006,83,8,RELLENO_NACIONAL_BENFORD
16,001,12,03,000007,90,9,RELLENO_NACIONAL_BENFORD
16,001,12,08,000023,93,9,RELLENO_NACIONAL_BENFORD
16,001,12,09,000013,92,9,RELLENO_NACIONAL_BENFORD
16,001,12,15,000014,96,9,RELLENO_NACIONAL_BENFORD
16,001,12,19,000018,96,9,RELLENO_NACIONAL_BENFORD
16,001,13,10,000018,94,9,RELLENO_NACIONAL_BENFORD
16,001,13,20,000017,92,9,RELLENO_NACIONAL_BENFORD
16,001,13,33,000004,99,9,RELLENO_NACIONAL_BENFORD
16,001,14,01,000007,97,9,RELLENO_NACIONAL_BENFORD
16,001,14,03,000007,93,9,RELLENO_NACIONAL_BENFORD
16,001,14,04,000013,80,8,RELLENO_NACIONAL_BENFORD
16,001,14,04,000016,87,8,RELLENO_NACIONAL_BENFORD
16,001,14,09,000014,99,9,RELLENO_NACIONAL_BENFORD
16,001,14,11,000005,88,8,RELLENO_NACIONAL_BENFORD
16,001,14,16,000001,95,9,RELLENO_NACIONAL_BENFORD
16,001,15,03,000013,86,8,RELLENO_NACIONAL_BENFORD
16,001,15,07,000026,86,8,RELLENO_NACIONAL_BENFORD
16,001,15,09,000012,80,8,RELLENO_NACIONAL_BENFORD
01,001,99,03,000019,88,8,RELLENO_NACIONAL_BENFORD
01,001,99,34,000006,88,8,RELLENO_NACIONAL_BENFORD
01,001,99,A2,000030,90,9,RELLENO_NACIONAL_BENFORD
01,001,99,A2,000033,92,9,RELLENO_NACIONAL_BENFORD
01,001,99,A4,000017,91,9,RELLENO_NACIONAL_BENFORD
29,055,02,02,000016,99,9,RELLENO_NACIONAL_BENFORD
09,085,00,00,000018,99,9,RELLENO_NACIONAL_BENFORD
09,085,00,00,000020,97,9,RELLENO_NACIONAL_BENFORD
09,103,02,01,000015,91,9,RELLENO_NACIONAL_BENFORD
09,106,00,00,000017,87,8,RELLENO_NACIONAL_BENFORD
09,109,00,00,000027,91,9,RELLENO_NACIONAL_BENFORD
09,124,01,01,000018,94,9,RELLENO_NACIONAL_BENFORD
09,130,01,02,000013,94,9,RELLENO_NACIONAL_BENFORD
11,001,01,01,000012,89,8,RELLENO_NACIONAL_BENFORD
11,001,01,01,000015,85,8,RELLENO_NACIONAL_BENFORD
11,001,01,04,000021,87,8,RELLENO_NACIONAL_BENFORD
11,001,02,06,000024,96,9,RELLENO_NACIONAL_BENFORD
11,001,03,01,000001,95,9,RELLENO_NACIONAL_BENFORD
16,001,19,21,000008,81,8,RELLENO_NACIONAL_BENFORD
16,001,19,25,000009,86,8,RELLENO_NACIONAL_BENFORD
16,001,19,29,000009,82,8,RELLENO_NACIONAL_BENFORD
16,001,19,58,000003,9,9,RELLENO_NACIONAL_BENFORD
16,001,19,66,000003,90,9,RELLENO_NACIONAL_BENFORD
16,001,19,70,000008,87,8,RELLENO_NACIONAL_BENFORD
16,001,90,01,000010,85,8,RELLENO_NACIONAL_BENFORD
16,001,90,01,000022,97,9,RELLENO_NACIONAL_BENFORD
16,001,90,01,000042,98,9,RELLENO_NACIONAL_BENFORD
01,049,99,03,000004,92,9,RELLENO_NACIONAL_BENFORD
01,058,01,02,000018,94,9,RELLENO_NACIONAL_BENFORD
01,058,02,02,000015,80,8,RELLENO_NACIONAL_BENFORD
01,058,99,01,000003,82,8,RELLENO_NACIONAL_BENFORD
01,062,00,00,000002,83,8,RELLENO_NACIONAL_BENFORD
01,070,02,01,000017,93,9,RELLENO_NACIONAL_BENFORD
01,070,03,03,000024,96,9,RELLENO_NACIONAL_BENFORD
01,070,05,02,000016,96,9,RELLENO_NACIONAL_BENFORD
01,080,01,01,000007,97,9,RELLENO_NACIONAL_BENFORD
01,080,01,01,000009,98,9,RELLENO_NACIONAL_BENFORD
01,080,02,03,000001,93,9,RELLENO_NACIONAL_BENFORD
01,080,03,04,000002,88,8,RELLENO_NACIONAL_BENFORD
01,080,99,30,000004,93,9,RELLENO_NACIONAL_BENFORD
01,082,01,02,000023,94,9,RELLENO_NACIONAL_BENFORD
29,067,00,00,000017,97,9,RELLENO_NACIONAL_BENFORD
29,067,99,09,000001,92,9,RELLENO_NACIONAL_BENFORD
29,070,00,00,000020,99,9,RELLENO_NACIONAL_BENFORD
29,070,00,00,000037,88,8,RELLENO_NACIONAL_BENFORD
29,073,90,01,000001,83,8,RELLENO_NACIONAL_BENFORD
29,073,99,05,000007,83,8,RELLENO_NACIONAL_BENFORD
29,076,02,01,000012,98,9,RELLENO_NACIONAL_BENFORD
29,076,99,01,000002,86,8,RELLENO_NACIONAL_BENFORD
29,079,99,50,000001,84,8,RELLENO_NACIONAL_BENFORD
29,082,00,01,000005,85,8,RELLENO_NACIONAL_BENFORD
29,082,00,02,000005,91,9,RELLENO_NACIONAL_BENFORD
29,085,00,00,000001,99,9,RELLENO_NACIONAL_BENFORD
29,085,00,00,000032,9,9,RELLENO_NACIONAL_BENFORD
29,087,00,00,000022,96,9,RELLENO_NACIONAL_BENFORD
29,087,00,00,000023,90,9,RELLENO_NACIONAL_BENFORD
29,088,00,00,000003,96,9,RELLENO_NACIONAL_BENFORD
29,088,00,00,000007,95,9,RELLENO_NACIONAL_BENFORD
29,089,00,00,000026,84,8,RELLENO_NACIONAL_BENFORD
29,094,00,00,000035,94,9,RELLENO_NACIONAL_BENFORD
29,097,00,02,000007,98,9,RELLENO_NACIONAL_BENFORD
29,097,99,01,000008,88,8,RELLENO_NACIONAL_BENFORD
29,097,99,01,000010,81,8,RELLENO_NACIONAL_BENFORD
29,103,00,00,000028,99,9,RELLENO_NACIONAL_BENFORD
29,103,00,00,000032,94,9,RELLENO_NACIONAL_BENFORD
29,106,00,00,000016,82,8,RELLENO_NACIONAL_BENFORD
29,106,00,00,000024,86,8,RELLENO_NACIONAL_BENFORD
11,001,04,02,000015,91,9,RELLENO_NACIONAL_BENFORD
11,001,04,02,000020,80,8,RELLENO_NACIONAL_BENFORD
11,001,07,06,000008,94,9,RELLENO_NACIONAL_BENFORD
11,001,07,08,000003,8,8,RELLENO_NACIONAL_BENFORD
11,001,99,01,000002,9,9,RELLENO_NACIONAL_BENFORD
11,005,00,00,000023,9,9,RELLENO_NACIONAL_BENFORD
11,010,00,00,000006,80,8,RELLENO_NACIONAL_BENFORD
11,013,00,00,000010,99,9,RELLENO_NACIONAL_BENFORD
11,016,99,25,000003,85,8,RELLENO_NACIONAL_BENFORD
17,006,99,23,000001,9,9,RELLENO_NACIONAL_BENFORD
17,008,00,00,000006,86,8,RELLENO_NACIONAL_BENFORD
17,011,99,01,000002,8,8,RELLENO_NACIONAL_BENFORD
17,016,00,00,000014,92,9,RELLENO_NACIONAL_BENFORD
17,016,99,01,000002,8,8,RELLENO_NACIONAL_BENFORD
17,028,99,02,000001,8,8,RELLENO_NACIONAL_BENFORD
17,031,00,00,000006,8,8,RELLENO_NACIONAL_BENFORD
17,060,99,60,000001,8,8,RELLENO_NACIONAL_BENFORD
17,082,00,00,000003,93,9,RELLENO_NACIONAL_BENFORD
19,001,01,01,000036,95,9,RELLENO_NACIONAL_BENFORD
05,073,00,00,000003,91,9,RELLENO_NACIONAL_BENFORD
05,118,90,01,000003,82,8,RELLENO_NACIONAL_BENFORD
05,124,00,00,000038,80,8,RELLENO_NACIONAL_BENFORD
07,001,02,05,000012,95,9,RELLENO_NACIONAL_BENFORD
07,001,03,01,000010,99,9,RELLENO_NACIONAL_BENFORD
07,001,03,03,000003,83,8,RELLENO_NACIONAL_BENFORD
07,060,00,00,000010,93,9,RELLENO_NACIONAL_BENFORD
07,079,01,01,000018,96,9,RELLENO_NACIONAL_BENFORD
07,079,02,01,000021,89,8,RELLENO_NACIONAL_BENFORD
07,079,02,02,000034,90,9,RELLENO_NACIONAL_BENFORD
07,088,00,00,000011,87,8,RELLENO_NACIONAL_BENFORD
07,106,00,00,000026,89,8,RELLENO_NACIONAL_BENFORD
07,151,99,27,000001,82,8,RELLENO_NACIONAL_BENFORD
07,163,00,00,000017,96,9,RELLENO_NACIONAL_BENFORD
07,166,99,01,000004,87,8,RELLENO_NACIONAL_BENFORD
07,173,00,00,000008,94,9,RELLENO_NACIONAL_BENFORD
07,176,99,50,000001,86,8,RELLENO_NACIONAL_BENFORD
07,181,01,02,000009,87,8,RELLENO_NACIONAL_BENFORD
07,214,02,01,000019,84,8,RELLENO_NACIONAL_BENFORD
07,214,99,03,000002,88,8,RELLENO_NACIONAL_BENFORD
07,217,99,05,000001,96,9,RELLENO_NACIONAL_BENFORD
07,235,00,00,000044,87,8,RELLENO_NACIONAL_BENFORD
07,277,02,02,000019,88,8,RELLENO_NACIONAL_BENFORD
16,001,08,35,000023,91,9,RELLENO_NACIONAL_BENFORD
16,001,08,35,000038,88,8,RELLENO_NACIONAL_BENFORD
16,001,08,60,000027,89,8,RELLENO_NACIONAL_BENFORD
16,001,08,67,000009,90,9,RELLENO_NACIONAL_BENFORD
16,001,08,70,000013,88,8,RELLENO_NACIONAL_BENFORD
16,001,08,73,000008,83,8,RELLENO_NACIONAL_BENFORD
16,001,08,75,000006,96,9,RELLENO_NACIONAL_BENFORD
16,001,08,77,000004,88,8,RELLENO_NACIONAL_BENFORD
16,001,08,87,000006,85,8,RELLENO_NACIONAL_BENFORD
16,001,08,87,000007,93,9,RELLENO_NACIONAL_BENFORD
16,001,08,91,000004,93,9,RELLENO_NACIONAL_BENFORD
16,001,08,95,000005,96,9,RELLENO_NACIONAL_BENFORD
16,001,08,A3,000015,91,9,RELLENO_NACIONAL_BENFORD
16,001,08,A8,000004,82,8,RELLENO_NACIONAL_BENFORD
16,001,09,02,000038,88,8,RELLENO_NACIONAL_BENFORD
16,001,09,04,000025,82,8,RELLENO_NACIONAL_BENFORD
16,001,09,07,000022,90,9,RELLENO_NACIONAL_BENFORD
16,001,09,09,000013,98,9,RELLENO_NACIONAL_BENFORD
16,001,09,30,000005,89,8,RELLENO_NACIONAL_BENFORD
16,001,09,32,000003,91,9,RELLENO_NACIONAL_BENFORD
16,001,10,41,000012,80,8,RELLENO_NACIONAL_BENFORD
16,001,10,47,000006,94,9,RELLENO_NACIONAL_BENFORD
16,001,10,48,000014,96,9,RELLENO_NACIONAL_BENFORD
16,001,10,50,000005,83,8,RELLENO_NACIONAL_BENFORD
16,001,10,50,000006,80,8,RELLENO_NACIONAL_BENFORD
16,001,10,53,000008,90,9,RELLENO_NACIONAL_BENFORD
16,001,10,55,000037,96,9,RELLENO_NACIONAL_BENFORD
16,001,10,59,000018,98,9,RELLENO_NACIONAL_BENFORD
16,001,10,62,000008,93,9,RELLENO_NACIONAL_BENFORD
16,001,10,63,000004,96,9,RELLENO_NACIONAL_BENFORD
16,001,10,67,000026,96,9,RELLENO_NACIONAL_BENFORD
16,001,10,72,000004,86,8,RELLENO_NACIONAL_BENFORD
16,001,10,79,000006,97,9,RELLENO_NACIONAL_BENFORD
16,001,10,84,000010,87,8,RELLENO_NACIONAL_BENFORD
16,001,10,85,000010,88,8,RELLENO_NACIONAL_BENFORD
16,001,10,85,000018,92,9,RELLENO_NACIONAL_BENFORD
16,001,10,85,000025,84,8,RELLENO_NACIONAL_BENFORD
16,001,10,93,000003,93,9,RELLENO_NACIONAL_BENFORD
16,001,11,07,000009,92,9,RELLENO_NACIONAL_BENFORD
16,001,11,11,000047,88,8,RELLENO_NACIONAL_BENFORD
16,001,11,15,000021,86,8,RELLENO_NACIONAL_BENFORD
16,001,11,16,000015,80,8,RELLENO_NACIONAL_BENFORD
16,001,11,17,000029,94,9,RELLENO_NACIONAL_BENFORD
16,001,11,24,000016,94,9,RELLENO_NACIONAL_BENFORD
16,001,11,26,000030,99,9,RELLENO_NACIONAL_BENFORD
16,001,11,31,000025,80,8,RELLENO_NACIONAL_BENFORD
16,001,11,35,000030,88,8,RELLENO_NACIONAL_BENFORD
16,001,11,41,000024,88,8,RELLENO_NACIONAL_BENFORD
16,001,11,51,000010,89,8,RELLENO_NACIONAL_BENFORD
16,001,11,51,000024,87,8,RELLENO_NACIONAL_BENFORD
16,001,11,53,000029,83,8,RELLENO_NACIONAL_BENFORD
16,001,11,57,000061,99,9,RELLENO_NACIONAL_BENFORD
16,001,11,67,000008,93,9,RELLENO_NACIONAL_BENFORD
16,001,11,70,000015,95,9,RELLENO_NACIONAL_BENFORD
16,001,11,75,000008,80,8,RELLENO_NACIONAL_BENFORD
16,001,11,89,000031,91,9,RELLENO_NACIONAL_BENFORD
16,001,11,89,000040,81,8,RELLENO_NACIONAL_BENFORD
16,001,11,89,000044,92,9,RELLENO_NACIONAL_BENFORD
16,001,11,91,000010,92,9,RELLENO_NACIONAL_BENFORD
16,001,11,94,000014,83,8,RELLENO_NACIONAL_BENFORD
16,001,11,95,000028,93,9,RELLENO_NACIONAL_BENFORD
16,001,11,95,000039,87,8,RELLENO_NACIONAL_BENFORD
16,001,11,99,000018,86,8,RELLENO_NACIONAL_BENFORD
16,001,11,A1,000008,97,9,RELLENO_NACIONAL_BENFORD
16,001,11,A4,000005,89,8,RELLENO_NACIONAL_BENFORD
16,001,11,A9,000016,93,9,RELLENO_NACIONAL_BENFORD
16,001,12,07,000021,84,8,RELLENO_NACIONAL_BENFORD
16,001,12,20,000009,92,9,RELLENO_NACIONAL_BENFORD
16,001,12,26,000006,92,9,RELLENO_NACIONAL_BENFORD
16,001,12,27,000003,92,9,RELLENO_NACIONAL_BENFORD
16,001,13,02,000010,96,9,RELLENO_NACIONAL_BENFORD
16,001,13,05,000019,91,9,RELLENO_NACIONAL_BENFORD
16,001,13,10,000005,97,9,RELLENO_NACIONAL_BENFORD
16,001,13,10,000019,87,8,RELLENO_NACIONAL_BENFORD
16,001,13,15,000010,8,8,RELLENO_NACIONAL_BENFORD
16,001,13,26,000004,99,9,RELLENO_NACIONAL_BENFORD
16,001,14,18,000007,85,8,RELLENO_NACIONAL_BENFORD
16,001,15,05,000019,81,8,RELLENO_NACIONAL_BENFORD
16,001,15,07,000020,81,8,RELLENO_NACIONAL_BENFORD
16,001,15,07,000023,91,9,RELLENO_NACIONAL_BENFORD
16,001,15,11,000009,96,9,RELLENO_NACIONAL_BENFORD
16,001,15,14,000013,98,9,RELLENO_NACIONAL_BENFORD
01,001,99,03,000021,88,8,RELLENO_NACIONAL_BENFORD
01,001,99,10,000020,86,8,RELLENO_NACIONAL_BENFORD
01,001,99,34,000008,90,9,RELLENO_NACIONAL_BENFORD
01,001,99,A4,000011,85,8,RELLENO_NACIONAL_BENFORD
29,055,01,01,000010,89,8,RELLENO_NACIONAL_BENFORD
29,055,02,03,000009,90,9,RELLENO_NACIONAL_BENFORD
29,055,99,06,000001,85,8,RELLENO_NACIONAL_BENFORD
09,082,00,02,000010,90,9,RELLENO_NACIONAL_BENFORD
09,085,99,07,000001,84,8,RELLENO_NACIONAL_BENFORD
09,103,01,02,000010,82,8,RELLENO_NACIONAL_BENFORD
09,103,01,02,000014,80,8,RELLENO_NACIONAL_BENFORD
09,103,02,02,000012,98,9,RELLENO_NACIONAL_BENFORD
09,103,99,09,000005,83,8,RELLENO_NACIONAL_BENFORD
09,115,00,00,000027,85,8,RELLENO_NACIONAL_BENFORD
09,124,02,01,000019,81,8,RELLENO_NACIONAL_BENFORD
09,124,02,02,000007,91,9,RELLENO_NACIONAL_BENFORD
09,130,02,02,000010,85,8,RELLENO_NACIONAL_BENFORD
16,001,19,21,000009,99,9,RELLENO_NACIONAL_BENFORD
16,001,19,31,000023,92,9,RELLENO_NACIONAL_BENFORD
16,001,19,32,000008,90,9,RELLENO_NACIONAL_BENFORD
16,001,19,33,000003,94,9,RELLENO_NACIONAL_BENFORD
16,001,19,40,000006,99,9,RELLENO_NACIONAL_BENFORD
16,001,19,70,000011,80,8,RELLENO_NACIONAL_BENFORD
16,001,19,75,000005,85,8,RELLENO_NACIONAL_BENFORD
16,001,90,01,000165,8,8,RELLENO_NACIONAL_BENFORD
01,064,00,00,000021,9,9,RELLENO_NACIONAL_BENFORD
01,067,00,00,000012,92,9,RELLENO_NACIONAL_BENFORD
01,070,05,02,000007,89,8,RELLENO_NACIONAL_BENFORD
01,070,05,02,000008,98,9,RELLENO_NACIONAL_BENFORD
01,070,05,02,000014,86,8,RELLENO_NACIONAL_BENFORD
01,073,00,00,000014,82,8,RELLENO_NACIONAL_BENFORD
01,073,99,80,000002,8,8,RELLENO_NACIONAL_BENFORD
01,076,00,01,000030,99,9,RELLENO_NACIONAL_BENFORD
01,080,01,01,000014,88,8,RELLENO_NACIONAL_BENFORD
01,080,01,02,000006,84,8,RELLENO_NACIONAL_BENFORD
01,080,02,04,000001,85,8,RELLENO_NACIONAL_BENFORD
29,067,00,00,000022,84,8,RELLENO_NACIONAL_BENFORD
29,070,00,00,000013,97,9,RELLENO_NACIONAL_BENFORD
29,070,00,00,000022,82,8,RELLENO_NACIONAL_BENFORD
29,070,00,00,000032,87,8,RELLENO_NACIONAL_BENFORD
29,070,99,09,000001,91,9,RELLENO_NACIONAL_BENFORD
29,073,99,05,000006,85,8,RELLENO_NACIONAL_BENFORD
29,076,01,01,000021,96,9,RELLENO_NACIONAL_BENFORD
29,076,02,01,000010,91,9,RELLENO_NACIONAL_BENFORD
29,076,02,02,000010,80,8,RELLENO_NACIONAL_BENFORD
29,076,02,02,000011,92,9,RELLENO_NACIONAL_BENFORD
29,082,00,01,000013,81,8,RELLENO_NACIONAL_BENFORD
29,082,00,02,000008,85,8,RELLENO_NACIONAL_BENFORD
29,085,00,00,000023,82,8,RELLENO_NACIONAL_BENFORD
29,085,99,04,000002,98,9,RELLENO_NACIONAL_BENFORD
29,085,99,11,000002,86,8,RELLENO_NACIONAL_BENFORD
29,089,00,00,000037,99,9,RELLENO_NACIONAL_BENFORD
29,094,00,00,000030,83,8,RELLENO_NACIONAL_BENFORD
29,094,99,03,000003,86,8,RELLENO_NACIONAL_BENFORD
29,097,99,05,000003,8,8,RELLENO_NACIONAL_BENFORD
29,103,00,00,000035,99,9,RELLENO_NACIONAL_BENFORD
11,001,04,02,000012,97,9,RELLENO_NACIONAL_BENFORD
11,001,04,02,000017,87,8,RELLENO_NACIONAL_BENFORD
11,001,05,01,000005,81,8,RELLENO_NACIONAL_BENFORD
11,001,05,01,000009,91,9,RELLENO_NACIONAL_BENFORD
11,001,05,02,000009,91,9,RELLENO_NACIONAL_BENFORD
11,001,05,04,000001,93,9,RELLENO_NACIONAL_BENFORD
11,001,06,01,000007,96,9,RELLENO_NACIONAL_BENFORD
11,001,06,01,000015,93,9,RELLENO_NACIONAL_BENFORD
11,001,90,01,000015,96,9,RELLENO_NACIONAL_BENFORD
11,001,99,17,000001,89,8,RELLENO_NACIONAL_BENFORD
11,001,99,19,000008,8,8,RELLENO_NACIONAL_BENFORD
11,001,99,43,000002,85,8,RELLENO_NACIONAL_BENFORD
11,001,99,53,000002,89,8,RELLENO_NACIONAL_BENFORD
11,006,99,08,000003,8,8,RELLENO_NACIONAL_BENFORD
11,007,99,68,000001,8,8,RELLENO_NACIONAL_BENFORD
11,007,99,84,000001,8,8,RELLENO_NACIONAL_BENFORD
11,013,99,05,000001,80,8,RELLENO_NACIONAL_BENFORD
11,016,99,09,000002,83,8,RELLENO_NACIONAL_BENFORD
17,004,00,00,000007,98,9,RELLENO_NACIONAL_BENFORD
17,010,00,00,000012,9,9,RELLENO_NACIONAL_BENFORD
17,013,00,00,000021,9,9,RELLENO_NACIONAL_BENFORD
17,016,00,00,000016,82,8,RELLENO_NACIONAL_BENFORD
17,037,00,00,000001,92,9,RELLENO_NACIONAL_BENFORD
05,078,00,00,000008,97,9,RELLENO_NACIONAL_BENFORD
05,079,01,01,000015,94,9,RELLENO_NACIONAL_BENFORD
05,082,00,00,000011,90,9,RELLENO_NACIONAL_BENFORD
05,084,00,00,000015,99,9,RELLENO_NACIONAL_BENFORD
05,118,01,01,000028,91,9,RELLENO_NACIONAL_BENFORD
05,118,01,04,000019,9,9,RELLENO_NACIONAL_BENFORD
05,118,02,01,000005,94,9,RELLENO_NACIONAL_BENFORD
16,001,10,02,000034,82,8,RELLENO_NACIONAL_BENFORD
16,001,10,07,000019,95,9,RELLENO_NACIONAL_BENFORD
16,001,10,09,000022,91,9,RELLENO_NACIONAL_BENFORD
16,001,10,16,000022,81,8,RELLENO_NACIONAL_BENFORD
16,001,10,19,000026,91,9,RELLENO_NACIONAL_BENFORD
16,001,10,35,000029,89,8,RELLENO_NACIONAL_BENFORD
27,082,01,02,000018,88,8,RELLENO_NACIONAL_BENFORD
27,082,01,02,000019,83,8,RELLENO_NACIONAL_BENFORD
27,082,02,02,000025,88,8,RELLENO_NACIONAL_BENFORD
27,082,06,01,000014,92,9,RELLENO_NACIONAL_BENFORD
27,082,06,02,000015,90,9,RELLENO_NACIONAL_BENFORD
88,535,05,02,000002,8,8,RELLENO_NACIONAL_BENFORD
88,670,15,82,000001,8,8,RELLENO_NACIONAL_BENFORD
88,675,05,02,000002,9,9,RELLENO_NACIONAL_BENFORD
88,815,05,02,000037,8,8,RELLENO_NACIONAL_BENFORD
88,815,05,02,000063,9,9,RELLENO_NACIONAL_BENFORD
88,815,05,83,000003,89,8,RELLENO_NACIONAL_BENFORD
01,001,03,02,000026,81,8,RELLENO_NACIONAL_BENFORD
01,001,03,03,000023,89,8,RELLENO_NACIONAL_BENFORD
01,001,04,01,000025,80,8,RELLENO_NACIONAL_BENFORD
01,001,05,01,000035,83,8,RELLENO_NACIONAL_BENFORD
01,001,05,05,000017,88,8,RELLENO_NACIONAL_BENFORD
01,001,06,03,000012,93,9,RELLENO_NACIONAL_BENFORD
01,001,07,07,000006,98,9,RELLENO_NACIONAL_BENFORD
01,001,07,07,000010,98,9,RELLENO_NACIONAL_BENFORD
01,001,08,02,000021,92,9,RELLENO_NACIONAL_BENFORD
01,001,08,03,000036,80,8,RELLENO_NACIONAL_BENFORD
01,001,08,05,000010,96,9,RELLENO_NACIONAL_BENFORD
01,001,09,02,000032,90,9,RELLENO_NACIONAL_BENFORD
01,001,09,03,000034,92,9,RELLENO_NACIONAL_BENFORD
01,001,09,05,000018,82,8,RELLENO_NACIONAL_BENFORD
01,001,10,03,000009,83,8,RELLENO_NACIONAL_BENFORD
01,001,11,03,000017,91,9,RELLENO_NACIONAL_BENFORD
01,001,11,05,000008,92,9,RELLENO_NACIONAL_BENFORD
01,001,13,06,000013,88,8,RELLENO_NACIONAL_BENFORD
01,001,13,07,000011,91,9,RELLENO_NACIONAL_BENFORD
01,001,14,01,000009,85,8,RELLENO_NACIONAL_BENFORD
01,001,15,05,000034,86,8,RELLENO_NACIONAL_BENFORD
01,001,15,05,000041,84,8,RELLENO_NACIONAL_BENFORD
01,001,16,05,000023,90,9,RELLENO_NACIONAL_BENFORD
01,001,18,01,000028,92,9,RELLENO_NACIONAL_BENFORD
01,001,19,01,000023,81,8,RELLENO_NACIONAL_BENFORD
01,001,20,02,000030,84,8,RELLENO_NACIONAL_BENFORD
01,001,23,03,000015,85,8,RELLENO_NACIONAL_BENFORD
01,001,26,03,000018,90,9,RELLENO_NACIONAL_BENFORD
01,001,29,01,000016,86,8,RELLENO_NACIONAL_BENFORD
01,001,31,04,000030,90,9,RELLENO_NACIONAL_BENFORD
01,001,31,07,000015,95,9,RELLENO_NACIONAL_BENFORD
01,001,32,07,000004,82,8,RELLENO_NACIONAL_BENFORD
27,019,03,03,000006,81,8,RELLENO_NACIONAL_BENFORD
27,019,04,01,000001,85,8,RELLENO_NACIONAL_BENFORD
27,019,07,04,000007,80,8,RELLENO_NACIONAL_BENFORD
27,040,00,00,000004,84,8,RELLENO_NACIONAL_BENFORD
27,045,01,01,000019,87,8,RELLENO_NACIONAL_BENFORD
27,045,02,02,000005,98,9,RELLENO_NACIONAL_BENFORD
27,091,02,05,000015,86,8,RELLENO_NACIONAL_BENFORD
27,091,99,41,000001,80,8,RELLENO_NACIONAL_BENFORD
27,160,02,01,000040,88,8,RELLENO_NACIONAL_BENFORD
27,160,05,02,000024,91,9,RELLENO_NACIONAL_BENFORD
27,166,00,00,000029,89,8,RELLENO_NACIONAL_BENFORD
27,187,99,08,000001,94,9,RELLENO_NACIONAL_BENFORD
27,195,99,45,000001,91,9,RELLENO_NACIONAL_BENFORD
28,001,01,04,000002,97,9,RELLENO_NACIONAL_BENFORD
28,001,01,04,000005,96,9,RELLENO_NACIONAL_BENFORD
28,001,03,02,000010,88,8,RELLENO_NACIONAL_BENFORD
28,001,06,01,000008,98,9,RELLENO_NACIONAL_BENFORD
28,001,06,01,000012,90,9,RELLENO_NACIONAL_BENFORD
28,001,06,02,000012,91,9,RELLENO_NACIONAL_BENFORD
28,001,99,18,000003,99,9,RELLENO_NACIONAL_BENFORD
28,010,00,00,000002,99,9,RELLENO_NACIONAL_BENFORD
28,010,00,00,000014,98,9,RELLENO_NACIONAL_BENFORD
28,010,00,00,000020,91,9,RELLENO_NACIONAL_BENFORD
28,030,00,00,000013,93,9,RELLENO_NACIONAL_BENFORD
28,040,01,03,000015,88,8,RELLENO_NACIONAL_BENFORD
28,040,99,70,000004,8,8,RELLENO_NACIONAL_BENFORD
28,048,00,00,000034,97,9,RELLENO_NACIONAL_BENFORD
28,049,00,00,000024,84,8,RELLENO_NACIONAL_BENFORD
28,049,99,92,000001,84,8,RELLENO_NACIONAL_BENFORD
28,100,00,00,000018,85,8,RELLENO_NACIONAL_BENFORD
28,160,02,01,000009,92,9,RELLENO_NACIONAL_BENFORD
28,160,02,01,000010,81,8,RELLENO_NACIONAL_BENFORD
28,160,99,47,000001,99,9,RELLENO_NACIONAL_BENFORD
28,190,00,00,000021,96,9,RELLENO_NACIONAL_BENFORD
28,190,00,00,000022,85,8,RELLENO_NACIONAL_BENFORD
28,200,01,02,000008,84,8,RELLENO_NACIONAL_BENFORD
28,200,02,01,000005,80,8,RELLENO_NACIONAL_BENFORD
28,200,02,02,000004,84,8,RELLENO_NACIONAL_BENFORD
05,001,20,03,000004,88,8,RELLENO_NACIONAL_BENFORD
05,001,21,01,000017,87,8,RELLENO_NACIONAL_BENFORD
05,004,99,61,000003,81,8,RELLENO_NACIONAL_BENFORD
05,005,00,00,000005,86,8,RELLENO_NACIONAL_BENFORD
05,006,00,00,000011,93,9,RELLENO_NACIONAL_BENFORD
05,006,99,20,000002,97,9,RELLENO_NACIONAL_BENFORD
05,006,99,20,000004,97,9,RELLENO_NACIONAL_BENFORD
05,009,00,00,000010,95,9,RELLENO_NACIONAL_BENFORD
05,013,99,05,000004,97,9,RELLENO_NACIONAL_BENFORD
05,013,99,13,000008,81,8,RELLENO_NACIONAL_BENFORD
05,018,00,00,000011,83,8,RELLENO_NACIONAL_BENFORD
05,018,00,00,000013,97,9,RELLENO_NACIONAL_BENFORD
05,022,02,02,000021,83,8,RELLENO_NACIONAL_BENFORD
05,022,99,10,000002,94,9,RELLENO_NACIONAL_BENFORD
05,028,02,01,000002,88,8,RELLENO_NACIONAL_BENFORD
05,028,02,03,000005,93,9,RELLENO_NACIONAL_BENFORD
05,028,99,25,000003,88,8,RELLENO_NACIONAL_BENFORD
05,028,99,45,000001,81,8,RELLENO_NACIONAL_BENFORD
05,028,99,49,000002,95,9,RELLENO_NACIONAL_BENFORD
05,028,99,51,000001,88,8,RELLENO_NACIONAL_BENFORD
05,031,00,01,000014,90,9,RELLENO_NACIONAL_BENFORD
05,040,02,01,000003,83,8,RELLENO_NACIONAL_BENFORD
05,043,02,02,000003,99,9,RELLENO_NACIONAL_BENFORD
05,043,99,05,000002,94,9,RELLENO_NACIONAL_BENFORD
05,059,00,00,000003,86,8,RELLENO_NACIONAL_BENFORD
05,059,99,19,000001,97,9,RELLENO_NACIONAL_BENFORD
05,118,98,01,000001,8,8,RELLENO_NACIONAL_BENFORD
05,118,99,01,000002,87,8,RELLENO_NACIONAL_BENFORD
16,001,10,19,000029,81,8,RELLENO_NACIONAL_BENFORD
88,410,05,02,000002,88,8,RELLENO_NACIONAL_BENFORD
88,815,05,02,000049,9,9,RELLENO_NACIONAL_BENFORD
01,001,09,02,000024,95,9,RELLENO_NACIONAL_BENFORD
01,001,17,01,000025,81,8,RELLENO_NACIONAL_BENFORD
27,019,03,02,000003,92,9,RELLENO_NACIONAL_BENFORD
28,030,00,00,000015,87,8,RELLENO_NACIONAL_BENFORD
28,060,99,91,000001,92,9,RELLENO_NACIONAL_BENFORD
05,044,99,30,000001,86,8,RELLENO_NACIONAL_BENFORD
05,076,02,02,000010,96,9,RELLENO_NACIONAL_BENFORD
05,078,99,42,000003,96,9,RELLENO_NACIONAL_BENFORD
05,097,99,22,000003,89,8,RELLENO_NACIONAL_BENFORD
05,113,99,50,000001,91,9,RELLENO_NACIONAL_BENFORD
05,118,02,01,000012,92,9,RELLENO_NACIONAL_BENFORD
05,118,02,03,000007,86,8,RELLENO_NACIONAL_BENFORD
16,001,10,05,000008,99,9,RELLENO_NACIONAL_BENFORD
16,001,10,06,000021,81,8,RELLENO_NACIONAL_BENFORD
16,001,10,13,000017,80,8,RELLENO_NACIONAL_BENFORD
16,001,10,13,000019,94,9,RELLENO_NACIONAL_BENFORD
16,001,10,13,000026,91,9,RELLENO_NACIONAL_BENFORD
16,001,10,14,000028,87,8,RELLENO_NACIONAL_BENFORD
16,001,10,34,000026,91,9,RELLENO_NACIONAL_BENFORD
88,465,05,03,000001,80,8,RELLENO_NACIONAL_BENFORD
88,590,20,83,000001,99,9,RELLENO_NACIONAL_BENFORD
88,655,05,02,000003,94,9,RELLENO_NACIONAL_BENFORD
88,770,03,83,000001,9,9,RELLENO_NACIONAL_BENFORD
88,815,65,08,000003,82,8,RELLENO_NACIONAL_BENFORD
01,001,05,01,000043,84,8,RELLENO_NACIONAL_BENFORD
01,001,06,03,000016,98,9,RELLENO_NACIONAL_BENFORD
01,001,07,04,000020,92,9,RELLENO_NACIONAL_BENFORD
01,001,08,03,000033,90,9,RELLENO_NACIONAL_BENFORD
01,001,12,05,000011,95,9,RELLENO_NACIONAL_BENFORD
01,001,13,06,000016,88,8,RELLENO_NACIONAL_BENFORD
01,001,13,06,000021,92,9,RELLENO_NACIONAL_BENFORD
01,001,14,05,000037,90,9,RELLENO_NACIONAL_BENFORD
01,001,15,05,000052,88,8,RELLENO_NACIONAL_BENFORD
01,001,15,07,000008,85,8,RELLENO_NACIONAL_BENFORD
01,001,17,02,000024,99,9,RELLENO_NACIONAL_BENFORD
01,001,18,03,000024,84,8,RELLENO_NACIONAL_BENFORD
01,001,18,04,000034,97,9,RELLENO_NACIONAL_BENFORD
01,001,20,02,000034,87,8,RELLENO_NACIONAL_BENFORD
01,001,20,03,000014,91,9,RELLENO_NACIONAL_BENFORD
01,001,23,03,000024,88,8,RELLENO_NACIONAL_BENFORD
01,001,32,05,000012,90,9,RELLENO_NACIONAL_BENFORD
27,019,04,04,000003,93,9,RELLENO_NACIONAL_BENFORD
27,019,04,06,000003,89,8,RELLENO_NACIONAL_BENFORD
27,019,05,04,000007,84,8,RELLENO_NACIONAL_BENFORD
27,019,99,06,000004,99,9,RELLENO_NACIONAL_BENFORD
27,019,99,B2,000003,98,9,RELLENO_NACIONAL_BENFORD
27,085,99,20,000001,87,8,RELLENO_NACIONAL_BENFORD
27,091,01,05,000008,85,8,RELLENO_NACIONAL_BENFORD
27,139,99,03,000001,92,9,RELLENO_NACIONAL_BENFORD
27,160,03,02,000016,97,9,RELLENO_NACIONAL_BENFORD
27,160,99,88,000001,84,8,RELLENO_NACIONAL_BENFORD
27,169,00,01,000007,96,9,RELLENO_NACIONAL_BENFORD
27,169,00,01,000016,81,8,RELLENO_NACIONAL_BENFORD
27,169,00,02,000012,91,9,RELLENO_NACIONAL_BENFORD
27,178,00,00,000005,82,8,RELLENO_NACIONAL_BENFORD
28,001,01,02,000019,92,9,RELLENO_NACIONAL_BENFORD
28,001,02,02,000011,91,9,RELLENO_NACIONAL_BENFORD
28,001,04,03,000009,90,9,RELLENO_NACIONAL_BENFORD
28,001,05,01,000024,88,8,RELLENO_NACIONAL_BENFORD
28,001,99,09,000006,99,9,RELLENO_NACIONAL_BENFORD
28,040,02,02,000006,86,8,RELLENO_NACIONAL_BENFORD
28,041,00,00,000025,92,9,RELLENO_NACIONAL_BENFORD
28,049,00,00,000018,87,8,RELLENO_NACIONAL_BENFORD
28,055,00,00,000010,93,9,RELLENO_NACIONAL_BENFORD
28,160,99,50,000002,90,9,RELLENO_NACIONAL_BENFORD
28,160,99,55,000002,80,8,RELLENO_NACIONAL_BENFORD
28,180,99,48,000001,86,8,RELLENO_NACIONAL_BENFORD
28,190,00,00,000016,88,8,RELLENO_NACIONAL_BENFORD
28,200,01,03,000006,85,8,RELLENO_NACIONAL_BENFORD
05,001,20,01,000013,80,8,RELLENO_NACIONAL_BENFORD
05,001,21,01,000002,81,8,RELLENO_NACIONAL_BENFORD
05,001,21,01,000011,92,9,RELLENO_NACIONAL_BENFORD
05,001,22,02,000015,82,8,RELLENO_NACIONAL_BENFORD
05,009,99,17,000003,92,9,RELLENO_NACIONAL_BENFORD
05,010,00,00,000019,88,8,RELLENO_NACIONAL_BENFORD
05,013,00,00,000028,95,9,RELLENO_NACIONAL_BENFORD
05,013,99,05,000001,91,9,RELLENO_NACIONAL_BENFORD
05,022,01,02,000003,81,8,RELLENO_NACIONAL_BENFORD
05,022,01,02,000013,90,9,RELLENO_NACIONAL_BENFORD
05,022,01,03,000007,96,9,RELLENO_NACIONAL_BENFORD
05,025,99,13,000001,94,9,RELLENO_NACIONAL_BENFORD
05,028,01,01,000003,98,9,RELLENO_NACIONAL_BENFORD
05,028,01,01,000005,82,8,RELLENO_NACIONAL_BENFORD
05,028,01,03,000008,82,8,RELLENO_NACIONAL_BENFORD
05,028,02,01,000009,81,8,RELLENO_NACIONAL_BENFORD
05,028,99,07,000001,80,8,RELLENO_NACIONAL_BENFORD
05,031,00,02,000012,85,8,RELLENO_NACIONAL_BENFORD
05,031,99,13,000007,9,9,RELLENO_NACIONAL_BENFORD
05,040,99,05,000003,91,9,RELLENO_NACIONAL_BENFORD
05,043,02,01,000007,87,8,RELLENO_NACIONAL_BENFORD
05,050,99,17,000002,8,8,RELLENO_NACIONAL_BENFORD
05,059,99,07,000001,95,9,RELLENO_NACIONAL_BENFORD
05,063,00,00,000001,89,8,RELLENO_NACIONAL_BENFORD
05,063,00,00,000005,80,8,RELLENO_NACIONAL_BENFORD
05,065,00,00,000008,87,8,RELLENO_NACIONAL_BENFORD
05,072,00,00,000014,80,8,RELLENO_NACIONAL_BENFORD
05,076,02,01,000009,93,9,RELLENO_NACIONAL_BENFORD
05,078,99,10,000002,98,9,RELLENO_NACIONAL_BENFORD
05,082,00,00,000015,85,8,RELLENO_NACIONAL_BENFORD
05,082,99,32,000001,97,9,RELLENO_NACIONAL_BENFORD
05,091,00,00,000004,87,8,RELLENO_NACIONAL_BENFORD
05,095,99,43,000001,82,8,RELLENO_NACIONAL_BENFORD
05,110,00,00,000004,99,9,RELLENO_NACIONAL_BENFORD
05,110,00,00,000014,93,9,RELLENO_NACIONAL_BENFORD
16,001,10,07,000020,90,9,RELLENO_NACIONAL_BENFORD
16,001,10,17,000009,96,9,RELLENO_NACIONAL_BENFORD
16,001,10,25,000034,93,9,RELLENO_NACIONAL_BENFORD
16,001,10,37,000028,91,9,RELLENO_NACIONAL_BENFORD
27,082,03,01,000008,88,8,RELLENO_NACIONAL_BENFORD
88,410,05,02,000001,91,9,RELLENO_NACIONAL_BENFORD
88,560,05,02,000001,9,9,RELLENO_NACIONAL_BENFORD
88,590,05,02,000002,92,9,RELLENO_NACIONAL_BENFORD
88,683,05,84,000001,97,9,RELLENO_NACIONAL_BENFORD
88,683,05,86,000001,98,9,RELLENO_NACIONAL_BENFORD
88,815,55,02,000003,89,8,RELLENO_NACIONAL_BENFORD
88,815,65,09,000001,8,8,RELLENO_NACIONAL_BENFORD
01,001,03,04,000010,85,8,RELLENO_NACIONAL_BENFORD
01,001,05,02,000021,81,8,RELLENO_NACIONAL_BENFORD
01,001,08,03,000037,80,8,RELLENO_NACIONAL_BENFORD
01,001,09,03,000030,91,9,RELLENO_NACIONAL_BENFORD
01,001,09,03,000031,89,8,RELLENO_NACIONAL_BENFORD
01,001,10,04,000022,87,8,RELLENO_NACIONAL_BENFORD
01,001,13,02,000024,91,9,RELLENO_NACIONAL_BENFORD
01,001,15,05,000037,89,8,RELLENO_NACIONAL_BENFORD
01,001,16,02,000006,97,9,RELLENO_NACIONAL_BENFORD
01,001,17,09,000011,94,9,RELLENO_NACIONAL_BENFORD
01,001,20,01,000039,96,9,RELLENO_NACIONAL_BENFORD
01,001,20,03,000016,82,8,RELLENO_NACIONAL_BENFORD
01,001,32,06,000006,97,9,RELLENO_NACIONAL_BENFORD
27,019,01,04,000005,88,8,RELLENO_NACIONAL_BENFORD
27,019,04,01,000005,86,8,RELLENO_NACIONAL_BENFORD
27,019,06,01,000005,92,9,RELLENO_NACIONAL_BENFORD
27,019,99,A1,000018,90,9,RELLENO_NACIONAL_BENFORD
27,045,02,02,000007,90,9,RELLENO_NACIONAL_BENFORD
27,091,01,03,000009,96,9,RELLENO_NACIONAL_BENFORD
27,091,02,03,000014,91,9,RELLENO_NACIONAL_BENFORD
27,091,02,04,000010,85,8,RELLENO_NACIONAL_BENFORD
27,091,02,05,000014,85,8,RELLENO_NACIONAL_BENFORD
27,097,99,13,000001,97,9,RELLENO_NACIONAL_BENFORD
27,121,99,23,000002,80,8,RELLENO_NACIONAL_BENFORD
27,139,99,15,000001,83,8,RELLENO_NACIONAL_BENFORD
27,160,01,01,000020,91,9,RELLENO_NACIONAL_BENFORD
27,166,00,00,000028,86,8,RELLENO_NACIONAL_BENFORD
27,169,00,01,000001,81,8,RELLENO_NACIONAL_BENFORD
27,169,00,01,000011,85,8,RELLENO_NACIONAL_BENFORD
27,174,02,01,000008,92,9,RELLENO_NACIONAL_BENFORD
27,208,99,05,000001,90,9,RELLENO_NACIONAL_BENFORD
28,001,05,01,000018,97,9,RELLENO_NACIONAL_BENFORD
28,001,06,01,000007,98,9,RELLENO_NACIONAL_BENFORD
28,001,06,02,000005,96,9,RELLENO_NACIONAL_BENFORD
28,001,99,98,000001,83,8,RELLENO_NACIONAL_BENFORD
28,020,00,00,000003,95,9,RELLENO_NACIONAL_BENFORD
28,030,00,00,000014,83,8,RELLENO_NACIONAL_BENFORD
28,040,01,04,000012,95,9,RELLENO_NACIONAL_BENFORD
28,040,02,03,000005,98,9,RELLENO_NACIONAL_BENFORD
28,040,02,04,000009,93,9,RELLENO_NACIONAL_BENFORD
28,040,02,04,000013,90,9,RELLENO_NACIONAL_BENFORD
28,041,99,40,000006,86,8,RELLENO_NACIONAL_BENFORD
28,060,99,90,000003,93,9,RELLENO_NACIONAL_BENFORD
28,100,00,00,000019,88,8,RELLENO_NACIONAL_BENFORD
28,120,00,00,000011,83,8,RELLENO_NACIONAL_BENFORD
28,160,01,02,000006,88,8,RELLENO_NACIONAL_BENFORD
28,160,99,48,000002,94,9,RELLENO_NACIONAL_BENFORD
28,160,99,76,000002,89,8,RELLENO_NACIONAL_BENFORD
28,180,00,00,000008,95,9,RELLENO_NACIONAL_BENFORD
28,190,00,00,000017,99,9,RELLENO_NACIONAL_BENFORD
28,190,99,01,000006,90,9,RELLENO_NACIONAL_BENFORD
05,001,20,01,000012,88,8,RELLENO_NACIONAL_BENFORD
05,001,21,02,000003,90,9,RELLENO_NACIONAL_BENFORD
05,001,21,02,000029,83,8,RELLENO_NACIONAL_BENFORD
05,001,21,02,000032,83,8,RELLENO_NACIONAL_BENFORD
05,001,22,02,000014,82,8,RELLENO_NACIONAL_BENFORD
05,001,22,04,000003,94,9,RELLENO_NACIONAL_BENFORD
05,004,99,45,000002,95,9,RELLENO_NACIONAL_BENFORD
05,006,00,00,000008,96,9,RELLENO_NACIONAL_BENFORD
05,007,02,02,000009,88,8,RELLENO_NACIONAL_BENFORD
05,013,00,00,000018,97,9,RELLENO_NACIONAL_BENFORD
05,016,00,00,000016,8,8,RELLENO_NACIONAL_BENFORD
05,018,00,00,000004,91,9,RELLENO_NACIONAL_BENFORD
05,022,01,05,000004,84,8,RELLENO_NACIONAL_BENFORD
05,022,01,06,000011,97,9,RELLENO_NACIONAL_BENFORD
05,025,00,00,000013,88,8,RELLENO_NACIONAL_BENFORD
05,028,02,04,000003,81,8,RELLENO_NACIONAL_BENFORD
05,028,02,04,000004,86,8,RELLENO_NACIONAL_BENFORD
05,028,99,43,000001,97,9,RELLENO_NACIONAL_BENFORD
05,037,00,00,000003,97,9,RELLENO_NACIONAL_BENFORD
05,041,00,00,000007,98,9,RELLENO_NACIONAL_BENFORD
05,059,00,00,000006,81,8,RELLENO_NACIONAL_BENFORD
05,063,00,00,000010,83,8,RELLENO_NACIONAL_BENFORD
05,065,00,00,000013,86,8,RELLENO_NACIONAL_BENFORD
05,070,99,05,000004,90,9,RELLENO_NACIONAL_BENFORD
07,001,02,01,000031,86,8,RELLENO_NACIONAL_BENFORD
07,001,02,03,000010,91,9,RELLENO_NACIONAL_BENFORD
07,001,02,03,000011,85,8,RELLENO_NACIONAL_BENFORD
05,097,99,23,000002,98,9,RELLENO_NACIONAL_BENFORD
16,001,10,09,000028,85,8,RELLENO_NACIONAL_BENFORD
16,001,10,16,000025,81,8,RELLENO_NACIONAL_BENFORD
16,001,10,21,000027,85,8,RELLENO_NACIONAL_BENFORD
16,001,10,24,000011,85,8,RELLENO_NACIONAL_BENFORD
16,001,10,34,000030,98,9,RELLENO_NACIONAL_BENFORD
16,001,10,35,000024,90,9,RELLENO_NACIONAL_BENFORD
16,001,10,37,000030,87,8,RELLENO_NACIONAL_BENFORD
27,082,01,01,000018,90,9,RELLENO_NACIONAL_BENFORD
01,001,02,03,000018,83,8,RELLENO_NACIONAL_BENFORD
01,001,03,02,000037,80,8,RELLENO_NACIONAL_BENFORD
01,001,05,04,000034,91,9,RELLENO_NACIONAL_BENFORD
01,001,07,04,000032,93,9,RELLENO_NACIONAL_BENFORD
01,001,07,06,000004,80,8,RELLENO_NACIONAL_BENFORD
01,001,07,07,000005,82,8,RELLENO_NACIONAL_BENFORD
01,001,09,03,000033,87,8,RELLENO_NACIONAL_BENFORD
01,001,10,02,000024,82,8,RELLENO_NACIONAL_BENFORD
01,001,11,01,000022,99,9,RELLENO_NACIONAL_BENFORD
01,001,11,03,000014,99,9,RELLENO_NACIONAL_BENFORD
01,001,12,05,000019,89,8,RELLENO_NACIONAL_BENFORD
01,001,13,07,000017,94,9,RELLENO_NACIONAL_BENFORD
01,001,17,09,000010,89,8,RELLENO_NACIONAL_BENFORD
01,001,18,02,000033,88,8,RELLENO_NACIONAL_BENFORD
01,001,23,04,000011,96,9,RELLENO_NACIONAL_BENFORD
27,019,05,07,000001,85,8,RELLENO_NACIONAL_BENFORD
27,019,99,A1,000010,99,9,RELLENO_NACIONAL_BENFORD
27,045,02,02,000009,94,9,RELLENO_NACIONAL_BENFORD
27,130,00,02,000009,93,9,RELLENO_NACIONAL_BENFORD
27,160,02,02,000006,84,8,RELLENO_NACIONAL_BENFORD
27,174,02,02,000003,97,9,RELLENO_NACIONAL_BENFORD
27,181,01,05,000006,97,9,RELLENO_NACIONAL_BENFORD
28,001,03,01,000034,98,9,RELLENO_NACIONAL_BENFORD
28,001,04,04,000005,88,8,RELLENO_NACIONAL_BENFORD
28,001,04,04,000006,86,8,RELLENO_NACIONAL_BENFORD
28,001,04,07,000001,88,8,RELLENO_NACIONAL_BENFORD
28,001,06,03,000010,86,8,RELLENO_NACIONAL_BENFORD
28,001,99,09,000002,81,8,RELLENO_NACIONAL_BENFORD
28,190,00,00,000001,98,9,RELLENO_NACIONAL_BENFORD
05,001,22,01,000007,98,9,RELLENO_NACIONAL_BENFORD
05,007,01,01,000005,81,8,RELLENO_NACIONAL_BENFORD
05,015,00,00,000005,88,8,RELLENO_NACIONAL_BENFORD
05,015,99,35,000002,88,8,RELLENO_NACIONAL_BENFORD
05,015,99,35,000003,89,8,RELLENO_NACIONAL_BENFORD
05,022,02,02,000017,85,8,RELLENO_NACIONAL_BENFORD
05,028,02,03,000008,94,9,RELLENO_NACIONAL_BENFORD
05,028,90,01,000001,81,8,RELLENO_NACIONAL_BENFORD
07,079,01,04,000007,92,9,RELLENO_NACIONAL_BENFORD
07,079,01,05,000011,9,9,RELLENO_NACIONAL_BENFORD
07,079,02,07,000004,90,9,RELLENO_NACIONAL_BENFORD
07,148,99,62,000001,95,9,RELLENO_NACIONAL_BENFORD
07,166,99,01,000001,98,9,RELLENO_NACIONAL_BENFORD
07,181,01,01,000019,83,8,RELLENO_NACIONAL_BENFORD
07,214,01,01,000001,97,9,RELLENO_NACIONAL_BENFORD
07,277,02,02,000020,94,9,RELLENO_NACIONAL_BENFORD
07,277,02,04,000021,94,9,RELLENO_NACIONAL_BENFORD
07,277,99,04,000001,93,9,RELLENO_NACIONAL_BENFORD
16,001,08,35,000025,86,8,RELLENO_NACIONAL_BENFORD
16,001,08,48,000029,93,9,RELLENO_NACIONAL_BENFORD
16,001,08,51,000024,89,8,RELLENO_NACIONAL_BENFORD
16,001,08,51,000025,91,9,RELLENO_NACIONAL_BENFORD
16,001,08,51,000026,95,9,RELLENO_NACIONAL_BENFORD
16,001,08,59,000021,96,9,RELLENO_NACIONAL_BENFORD
16,001,08,63,000016,89,8,RELLENO_NACIONAL_BENFORD
16,001,08,64,000032,83,8,RELLENO_NACIONAL_BENFORD
16,001,08,68,000014,96,9,RELLENO_NACIONAL_BENFORD
16,001,08,78,000051,81,8,RELLENO_NACIONAL_BENFORD
16,001,08,95,000004,88,8,RELLENO_NACIONAL_BENFORD
16,001,08,C2,000002,85,8,RELLENO_NACIONAL_BENFORD
16,001,09,02,000040,91,9,RELLENO_NACIONAL_BENFORD
16,001,09,04,000034,83,8,RELLENO_NACIONAL_BENFORD
16,001,09,16,000012,94,9,RELLENO_NACIONAL_BENFORD
16,001,09,22,000012,94,9,RELLENO_NACIONAL_BENFORD
16,001,10,55,000026,97,9,RELLENO_NACIONAL_BENFORD
16,001,10,59,000016,89,8,RELLENO_NACIONAL_BENFORD
16,001,10,64,000004,94,9,RELLENO_NACIONAL_BENFORD
16,001,10,79,000005,88,8,RELLENO_NACIONAL_BENFORD
16,001,10,83,000009,92,9,RELLENO_NACIONAL_BENFORD
16,001,10,85,000012,88,8,RELLENO_NACIONAL_BENFORD
16,001,10,86,000004,93,9,RELLENO_NACIONAL_BENFORD
16,001,11,18,000027,97,9,RELLENO_NACIONAL_BENFORD
16,001,11,32,000023,84,8,RELLENO_NACIONAL_BENFORD
16,001,11,34,000013,89,8,RELLENO_NACIONAL_BENFORD
16,001,11,68,000002,9,9,RELLENO_NACIONAL_BENFORD
16,001,11,89,000046,82,8,RELLENO_NACIONAL_BENFORD
16,001,11,B1,000005,86,8,RELLENO_NACIONAL_BENFORD
16,001,12,02,000020,83,8,RELLENO_NACIONAL_BENFORD
16,001,12,11,000008,90,9,RELLENO_NACIONAL_BENFORD
16,001,12,24,000010,9,9,RELLENO_NACIONAL_BENFORD
16,001,12,25,000030,98,9,RELLENO_NACIONAL_BENFORD
16,001,12,33,000001,81,8,RELLENO_NACIONAL_BENFORD
16,001,13,13,000021,98,9,RELLENO_NACIONAL_BENFORD
16,001,13,28,000009,86,8,RELLENO_NACIONAL_BENFORD
16,001,13,32,000014,84,8,RELLENO_NACIONAL_BENFORD
16,001,14,18,000009,87,8,RELLENO_NACIONAL_BENFORD
16,001,15,10,000006,98,9,RELLENO_NACIONAL_BENFORD
16,001,15,12,000021,95,9,RELLENO_NACIONAL_BENFORD
16,001,15,14,000015,84,8,RELLENO_NACIONAL_BENFORD
01,001,99,A1,000035,96,9,RELLENO_NACIONAL_BENFORD
01,001,99,A2,000032,98,9,RELLENO_NACIONAL_BENFORD
01,001,99,A2,000036,86,8,RELLENO_NACIONAL_BENFORD
01,001,99,A3,000012,98,9,RELLENO_NACIONAL_BENFORD
01,001,99,A4,000013,86,8,RELLENO_NACIONAL_BENFORD
29,055,02,02,000015,82,8,RELLENO_NACIONAL_BENFORD
29,055,99,35,000002,83,8,RELLENO_NACIONAL_BENFORD
09,082,00,02,000001,85,8,RELLENO_NACIONAL_BENFORD
09,085,00,00,000017,90,9,RELLENO_NACIONAL_BENFORD
09,103,01,02,000013,98,9,RELLENO_NACIONAL_BENFORD
09,103,01,03,000001,88,8,RELLENO_NACIONAL_BENFORD
09,103,99,14,000001,80,8,RELLENO_NACIONAL_BENFORD
09,106,99,02,000001,90,9,RELLENO_NACIONAL_BENFORD
09,124,02,02,000006,90,9,RELLENO_NACIONAL_BENFORD
09,130,02,02,000007,96,9,RELLENO_NACIONAL_BENFORD
09,133,00,01,000013,85,8,RELLENO_NACIONAL_BENFORD
11,001,02,05,000007,93,9,RELLENO_NACIONAL_BENFORD
16,001,19,24,000010,88,8,RELLENO_NACIONAL_BENFORD
16,001,19,24,000012,82,8,RELLENO_NACIONAL_BENFORD
16,001,19,26,000003,80,8,RELLENO_NACIONAL_BENFORD
16,001,19,31,000016,90,9,RELLENO_NACIONAL_BENFORD
16,001,19,35,000004,89,8,RELLENO_NACIONAL_BENFORD
16,001,19,59,000016,94,9,RELLENO_NACIONAL_BENFORD
16,001,19,70,000009,95,9,RELLENO_NACIONAL_BENFORD
16,001,90,01,000028,9,9,RELLENO_NACIONAL_BENFORD
16,001,90,01,000056,97,9,RELLENO_NACIONAL_BENFORD
16,001,90,01,000167,8,8,RELLENO_NACIONAL_BENFORD
01,055,00,02,000006,80,8,RELLENO_NACIONAL_BENFORD
01,061,99,05,000003,96,9,RELLENO_NACIONAL_BENFORD
01,062,00,00,000006,83,8,RELLENO_NACIONAL_BENFORD
01,070,02,01,000020,84,8,RELLENO_NACIONAL_BENFORD
01,078,00,00,000009,94,9,RELLENO_NACIONAL_BENFORD
01,078,00,00,000012,86,8,RELLENO_NACIONAL_BENFORD
01,080,02,01,000001,89,8,RELLENO_NACIONAL_BENFORD
01,080,02,01,000003,98,9,RELLENO_NACIONAL_BENFORD
01,080,03,01,000003,81,8,RELLENO_NACIONAL_BENFORD
29,064,90,01,000009,98,9,RELLENO_NACIONAL_BENFORD
29,070,00,00,000012,93,9,RELLENO_NACIONAL_BENFORD
29,085,00,00,000019,99,9,RELLENO_NACIONAL_BENFORD
29,089,00,00,000042,92,9,RELLENO_NACIONAL_BENFORD
29,094,00,00,000031,94,9,RELLENO_NACIONAL_BENFORD
29,105,00,00,000020,96,9,RELLENO_NACIONAL_BENFORD
29,105,00,00,000023,98,9,RELLENO_NACIONAL_BENFORD
11,001,05,05,000001,95,9,RELLENO_NACIONAL_BENFORD
11,001,06,02,000005,98,9,RELLENO_NACIONAL_BENFORD
11,001,07,04,000004,94,9,RELLENO_NACIONAL_BENFORD
11,001,98,02,000001,8,8,RELLENO_NACIONAL_BENFORD
11,007,99,17,000001,8,8,RELLENO_NACIONAL_BENFORD
11,010,00,00,000005,85,8,RELLENO_NACIONAL_BENFORD
11,010,99,11,000001,94,9,RELLENO_NACIONAL_BENFORD
11,013,99,23,000001,96,9,RELLENO_NACIONAL_BENFORD
17,010,00,00,000011,9,9,RELLENO_NACIONAL_BENFORD
17,010,99,37,000001,8,8,RELLENO_NACIONAL_BENFORD
17,016,00,00,000013,95,9,RELLENO_NACIONAL_BENFORD
17,019,00,00,000035,8,8,RELLENO_NACIONAL_BENFORD
01,082,03,01,000015,98,9,RELLENO_NACIONAL_BENFORD
01,091,00,00,000021,98,9,RELLENO_NACIONAL_BENFORD
01,100,00,00,000028,86,8,RELLENO_NACIONAL_BENFORD
01,103,01,01,000005,91,9,RELLENO_NACIONAL_BENFORD
01,103,02,02,000005,93,9,RELLENO_NACIONAL_BENFORD
31,001,19,02,000006,93,9,RELLENO_NACIONAL_BENFORD
31,001,19,02,000016,82,8,RELLENO_NACIONAL_BENFORD
31,001,19,03,000011,83,8,RELLENO_NACIONAL_BENFORD
31,001,19,04,000006,81,8,RELLENO_NACIONAL_BENFORD
31,001,19,04,000008,91,9,RELLENO_NACIONAL_BENFORD
31,001,19,05,000004,83,8,RELLENO_NACIONAL_BENFORD
31,001,19,06,000002,97,9,RELLENO_NACIONAL_BENFORD
31,001,19,06,000003,90,9,RELLENO_NACIONAL_BENFORD
31,001,20,03,000003,94,9,RELLENO_NACIONAL_BENFORD
31,001,21,02,000001,93,9,RELLENO_NACIONAL_BENFORD
31,001,21,04,000009,93,9,RELLENO_NACIONAL_BENFORD
31,001,22,01,000016,82,8,RELLENO_NACIONAL_BENFORD
31,001,22,02,000015,85,8,RELLENO_NACIONAL_BENFORD
31,001,23,01,000001,99,9,RELLENO_NACIONAL_BENFORD
31,001,23,02,000006,94,9,RELLENO_NACIONAL_BENFORD
31,001,23,02,000014,98,9,RELLENO_NACIONAL_BENFORD
12,001,01,03,000003,85,8,RELLENO_NACIONAL_BENFORD
12,001,01,06,000017,99,9,RELLENO_NACIONAL_BENFORD
12,001,02,01,000015,96,9,RELLENO_NACIONAL_BENFORD
12,001,02,02,000025,97,9,RELLENO_NACIONAL_BENFORD
12,001,02,04,000018,94,9,RELLENO_NACIONAL_BENFORD
12,001,02,04,000025,95,9,RELLENO_NACIONAL_BENFORD
12,001,02,04,000027,92,9,RELLENO_NACIONAL_BENFORD
12,001,03,01,000025,85,8,RELLENO_NACIONAL_BENFORD
12,001,03,03,000003,99,9,RELLENO_NACIONAL_BENFORD
12,001,03,05,000002,97,9,RELLENO_NACIONAL_BENFORD
12,001,03,07,000002,89,8,RELLENO_NACIONAL_BENFORD
12,001,04,01,000027,88,8,RELLENO_NACIONAL_BENFORD
12,001,04,02,000019,98,9,RELLENO_NACIONAL_BENFORD
12,001,04,06,000020,86,8,RELLENO_NACIONAL_BENFORD
12,001,05,04,000004,99,9,RELLENO_NACIONAL_BENFORD
12,001,05,04,000005,92,9,RELLENO_NACIONAL_BENFORD
12,001,05,06,000001,90,9,RELLENO_NACIONAL_BENFORD
12,001,06,01,000007,93,9,RELLENO_NACIONAL_BENFORD
19,049,01,04,000008,86,8,RELLENO_NACIONAL_BENFORD
19,049,02,01,000010,82,8,RELLENO_NACIONAL_BENFORD
19,049,02,02,000008,82,8,RELLENO_NACIONAL_BENFORD
19,049,02,03,000004,87,8,RELLENO_NACIONAL_BENFORD
19,049,02,03,000008,97,9,RELLENO_NACIONAL_BENFORD
19,055,00,00,000024,81,8,RELLENO_NACIONAL_BENFORD
19,061,01,01,000010,87,8,RELLENO_NACIONAL_BENFORD
19,061,01,02,000015,99,9,RELLENO_NACIONAL_BENFORD
19,061,01,04,000013,96,9,RELLENO_NACIONAL_BENFORD
19,061,02,01,000018,92,9,RELLENO_NACIONAL_BENFORD
19,061,02,03,000012,81,8,RELLENO_NACIONAL_BENFORD
19,064,00,00,000026,92,9,RELLENO_NACIONAL_BENFORD
19,070,00,00,000053,80,8,RELLENO_NACIONAL_BENFORD
19,070,00,00,000055,96,9,RELLENO_NACIONAL_BENFORD
01,151,01,04,000006,84,8,RELLENO_NACIONAL_BENFORD
01,151,01,04,000014,81,8,RELLENO_NACIONAL_BENFORD
01,151,02,02,000032,97,9,RELLENO_NACIONAL_BENFORD
01,151,02,02,000033,92,9,RELLENO_NACIONAL_BENFORD
01,151,04,01,000018,87,8,RELLENO_NACIONAL_BENFORD
01,151,04,03,000003,94,9,RELLENO_NACIONAL_BENFORD
01,151,05,01,000025,89,8,RELLENO_NACIONAL_BENFORD
01,151,05,03,000033,95,9,RELLENO_NACIONAL_BENFORD
01,151,06,04,000007,90,9,RELLENO_NACIONAL_BENFORD
01,151,07,01,000016,94,9,RELLENO_NACIONAL_BENFORD
01,001,99,B2,000013,83,8,RELLENO_NACIONAL_BENFORD
01,001,99,B2,000028,85,8,RELLENO_NACIONAL_BENFORD
01,001,99,B3,000028,83,8,RELLENO_NACIONAL_BENFORD
01,001,99,B4,000011,86,8,RELLENO_NACIONAL_BENFORD
01,016,00,01,000027,88,8,RELLENO_NACIONAL_BENFORD
01,016,00,02,000007,91,9,RELLENO_NACIONAL_BENFORD
01,016,00,02,000021,97,9,RELLENO_NACIONAL_BENFORD
01,022,00,00,000014,96,9,RELLENO_NACIONAL_BENFORD
01,028,00,00,000012,84,8,RELLENO_NACIONAL_BENFORD
01,031,01,01,000013,85,8,RELLENO_NACIONAL_BENFORD
28,200,99,63,000002,92,9,RELLENO_NACIONAL_BENFORD
28,200,99,68,000001,95,9,RELLENO_NACIONAL_BENFORD
28,200,99,95,000001,86,8,RELLENO_NACIONAL_BENFORD
28,220,99,27,000003,91,9,RELLENO_NACIONAL_BENFORD
28,220,99,50,000001,98,9,RELLENO_NACIONAL_BENFORD
28,300,01,02,000009,99,9,RELLENO_NACIONAL_BENFORD
28,300,99,85,000003,9,9,RELLENO_NACIONAL_BENFORD
28,320,00,00,000004,95,9,RELLENO_NACIONAL_BENFORD
28,320,00,00,000008,88,8,RELLENO_NACIONAL_BENFORD
28,320,99,28,000002,83,8,RELLENO_NACIONAL_BENFORD
28,320,99,65,000002,90,9,RELLENO_NACIONAL_BENFORD
29,001,01,03,000020,97,9,RELLENO_NACIONAL_BENFORD
29,001,01,05,000005,85,8,RELLENO_NACIONAL_BENFORD
29,001,01,05,000007,82,8,RELLENO_NACIONAL_BENFORD
29,001,01,07,000011,87,8,RELLENO_NACIONAL_BENFORD
29,001,02,04,000018,90,9,RELLENO_NACIONAL_BENFORD
29,001,03,01,000013,97,9,RELLENO_NACIONAL_BENFORD
29,001,03,03,000020,84,8,RELLENO_NACIONAL_BENFORD
09,001,01,05,000013,86,8,RELLENO_NACIONAL_BENFORD
09,001,03,03,000012,81,8,RELLENO_NACIONAL_BENFORD
09,001,04,01,000014,95,9,RELLENO_NACIONAL_BENFORD
09,001,04,02,000020,91,9,RELLENO_NACIONAL_BENFORD
09,001,04,04,000006,84,8,RELLENO_NACIONAL_BENFORD
09,001,05,04,000006,98,9,RELLENO_NACIONAL_BENFORD
09,001,05,04,000007,83,8,RELLENO_NACIONAL_BENFORD
09,001,06,01,000023,90,9,RELLENO_NACIONAL_BENFORD
09,001,06,02,000008,96,9,RELLENO_NACIONAL_BENFORD
09,001,09,02,000010,88,8,RELLENO_NACIONAL_BENFORD
09,001,10,02,000016,81,8,RELLENO_NACIONAL_BENFORD
09,001,10,04,000008,92,9,RELLENO_NACIONAL_BENFORD
09,001,12,01,000017,86,8,RELLENO_NACIONAL_BENFORD
16,001,16,02,000026,81,8,RELLENO_NACIONAL_BENFORD
16,001,16,08,000009,84,8,RELLENO_NACIONAL_BENFORD
16,001,16,15,000014,93,9,RELLENO_NACIONAL_BENFORD
16,001,16,18,000010,94,9,RELLENO_NACIONAL_BENFORD
16,001,16,19,000014,88,8,RELLENO_NACIONAL_BENFORD
16,001,16,20,000015,89,8,RELLENO_NACIONAL_BENFORD
16,001,16,22,000019,93,9,RELLENO_NACIONAL_BENFORD
16,001,16,22,000021,85,8,RELLENO_NACIONAL_BENFORD
16,001,16,24,000013,88,8,RELLENO_NACIONAL_BENFORD
16,001,16,52,000002,97,9,RELLENO_NACIONAL_BENFORD
16,001,17,02,000002,92,9,RELLENO_NACIONAL_BENFORD
16,001,17,03,000008,88,8,RELLENO_NACIONAL_BENFORD
16,001,17,04,000005,89,8,RELLENO_NACIONAL_BENFORD
16,001,17,04,000011,80,8,RELLENO_NACIONAL_BENFORD
16,001,17,06,000010,97,9,RELLENO_NACIONAL_BENFORD
16,001,18,14,000028,85,8,RELLENO_NACIONAL_BENFORD
16,001,18,15,000004,89,8,RELLENO_NACIONAL_BENFORD
01,035,02,01,000006,83,8,RELLENO_NACIONAL_BENFORD
01,035,02,01,000010,92,9,RELLENO_NACIONAL_BENFORD
01,035,04,02,000009,87,8,RELLENO_NACIONAL_BENFORD
01,037,00,00,000004,91,9,RELLENO_NACIONAL_BENFORD
01,037,00,00,000011,95,9,RELLENO_NACIONAL_BENFORD
01,037,99,80,000001,89,8,RELLENO_NACIONAL_BENFORD
01,043,01,01,000014,87,8,RELLENO_NACIONAL_BENFORD
01,043,01,01,000016,84,8,RELLENO_NACIONAL_BENFORD
01,043,01,02,000005,80,8,RELLENO_NACIONAL_BENFORD
01,043,02,04,000021,85,8,RELLENO_NACIONAL_BENFORD
01,043,02,04,000022,81,8,RELLENO_NACIONAL_BENFORD
01,049,01,02,000021,88,8,RELLENO_NACIONAL_BENFORD
01,049,01,04,000003,83,8,RELLENO_NACIONAL_BENFORD
01,049,02,01,000040,97,9,RELLENO_NACIONAL_BENFORD
01,049,02,01,000041,95,9,RELLENO_NACIONAL_BENFORD
29,001,04,02,000012,84,8,RELLENO_NACIONAL_BENFORD
29,001,05,01,000031,87,8,RELLENO_NACIONAL_BENFORD
29,001,05,01,000036,97,9,RELLENO_NACIONAL_BENFORD
29,001,06,01,000010,83,8,RELLENO_NACIONAL_BENFORD
29,001,06,03,000030,96,9,RELLENO_NACIONAL_BENFORD
29,001,06,04,000011,81,8,RELLENO_NACIONAL_BENFORD
29,001,06,04,000021,81,8,RELLENO_NACIONAL_BENFORD
29,001,06,04,000022,89,8,RELLENO_NACIONAL_BENFORD
29,001,06,04,000023,85,8,RELLENO_NACIONAL_BENFORD
29,001,07,07,000007,88,8,RELLENO_NACIONAL_BENFORD
29,001,08,03,000009,89,8,RELLENO_NACIONAL_BENFORD
29,001,08,05,000017,85,8,RELLENO_NACIONAL_BENFORD
29,001,08,06,000009,80,8,RELLENO_NACIONAL_BENFORD
29,001,08,09,000013,95,9,RELLENO_NACIONAL_BENFORD
29,001,09,02,000024,95,9,RELLENO_NACIONAL_BENFORD
29,001,09,03,000011,93,9,RELLENO_NACIONAL_BENFORD
29,001,09,04,000011,97,9,RELLENO_NACIONAL_BENFORD
29,001,10,04,000028,81,8,RELLENO_NACIONAL_BENFORD
29,001,11,03,000020,80,8,RELLENO_NACIONAL_BENFORD
29,001,11,05,000018,85,8,RELLENO_NACIONAL_BENFORD
09,001,12,06,000002,81,8,RELLENO_NACIONAL_BENFORD
09,001,90,01,000001,86,8,RELLENO_NACIONAL_BENFORD
09,001,99,04,000004,89,8,RELLENO_NACIONAL_BENFORD
09,007,01,04,000013,85,8,RELLENO_NACIONAL_BENFORD
09,007,02,02,000006,89,8,RELLENO_NACIONAL_BENFORD
09,034,01,02,000015,89,8,RELLENO_NACIONAL_BENFORD
09,037,00,00,000014,93,9,RELLENO_NACIONAL_BENFORD
09,049,01,01,000006,91,9,RELLENO_NACIONAL_BENFORD
09,049,01,02,000015,91,9,RELLENO_NACIONAL_BENFORD
09,049,01,02,000016,96,9,RELLENO_NACIONAL_BENFORD
09,049,01,04,000004,96,9,RELLENO_NACIONAL_BENFORD
09,049,02,02,000006,96,9,RELLENO_NACIONAL_BENFORD
09,049,02,03,000009,95,9,RELLENO_NACIONAL_BENFORD
09,055,00,00,000023,93,9,RELLENO_NACIONAL_BENFORD
09,055,00,00,000036,91,9,RELLENO_NACIONAL_BENFORD
09,076,01,01,000009,99,9,RELLENO_NACIONAL_BENFORD
09,078,00,02,000008,81,8,RELLENO_NACIONAL_BENFORD
16,001,18,18,000008,84,8,RELLENO_NACIONAL_BENFORD
16,001,18,19,000002,89,8,RELLENO_NACIONAL_BENFORD
16,001,18,22,000006,97,9,RELLENO_NACIONAL_BENFORD
16,001,18,22,000008,93,9,RELLENO_NACIONAL_BENFORD
16,001,18,27,000003,98,9,RELLENO_NACIONAL_BENFORD
16,001,18,29,000008,96,9,RELLENO_NACIONAL_BENFORD
16,001,18,29,000011,84,8,RELLENO_NACIONAL_BENFORD
16,001,18,29,000013,97,9,RELLENO_NACIONAL_BENFORD
16,001,18,33,000002,99,9,RELLENO_NACIONAL_BENFORD
16,001,18,47,000003,98,9,RELLENO_NACIONAL_BENFORD
16,001,18,48,000002,88,8,RELLENO_NACIONAL_BENFORD
16,001,18,50,000015,82,8,RELLENO_NACIONAL_BENFORD
16,001,18,59,000001,84,8,RELLENO_NACIONAL_BENFORD
16,001,19,01,000007,97,9,RELLENO_NACIONAL_BENFORD
16,001,19,01,000008,90,9,RELLENO_NACIONAL_BENFORD
16,001,19,02,000007,92,9,RELLENO_NACIONAL_BENFORD
16,001,19,04,000001,99,9,RELLENO_NACIONAL_BENFORD
16,001,19,04,000010,81,8,RELLENO_NACIONAL_BENFORD
16,001,19,07,000007,91,9,RELLENO_NACIONAL_BENFORD
16,001,19,07,000009,83,8,RELLENO_NACIONAL_BENFORD
16,001,19,07,000017,81,8,RELLENO_NACIONAL_BENFORD
16,001,19,09,000025,9,9,RELLENO_NACIONAL_BENFORD
16,001,19,11,000026,91,9,RELLENO_NACIONAL_BENFORD
16,001,19,17,000001,91,9,RELLENO_NACIONAL_BENFORD
01,049,02,06,000015,91,9,RELLENO_NACIONAL_BENFORD
01,049,02,06,000019,82,8,RELLENO_NACIONAL_BENFORD
01,049,03,02,000027,84,8,RELLENO_NACIONAL_BENFORD
01,049,03,02,000036,91,9,RELLENO_NACIONAL_BENFORD
01,049,03,02,000037,82,8,RELLENO_NACIONAL_BENFORD
01,049,04,01,000013,99,9,RELLENO_NACIONAL_BENFORD
01,049,04,01,000016,90,9,RELLENO_NACIONAL_BENFORD
01,049,04,01,000020,90,9,RELLENO_NACIONAL_BENFORD
01,049,04,06,000037,95,9,RELLENO_NACIONAL_BENFORD
01,049,06,03,000024,98,9,RELLENO_NACIONAL_BENFORD
01,049,06,04,000027,82,8,RELLENO_NACIONAL_BENFORD
01,049,08,04,000023,99,9,RELLENO_NACIONAL_BENFORD
01,049,10,01,000009,91,9,RELLENO_NACIONAL_BENFORD
01,049,11,02,000021,84,8,RELLENO_NACIONAL_BENFORD
01,049,11,02,000022,90,9,RELLENO_NACIONAL_BENFORD
01,049,11,03,000012,82,8,RELLENO_NACIONAL_BENFORD
29,001,99,25,000002,89,8,RELLENO_NACIONAL_BENFORD
29,019,00,00,000012,94,9,RELLENO_NACIONAL_BENFORD
29,019,99,10,000003,99,9,RELLENO_NACIONAL_BENFORD
29,022,00,01,000004,94,9,RELLENO_NACIONAL_BENFORD
29,022,00,01,000005,98,9,RELLENO_NACIONAL_BENFORD
29,022,00,01,000007,86,8,RELLENO_NACIONAL_BENFORD
29,034,99,05,000001,98,9,RELLENO_NACIONAL_BENFORD
29,034,99,20,000001,93,9,RELLENO_NACIONAL_BENFORD
29,034,99,24,000001,95,9,RELLENO_NACIONAL_BENFORD
29,040,01,01,000013,92,9,RELLENO_NACIONAL_BENFORD
29,040,01,01,000016,93,9,RELLENO_NACIONAL_BENFORD
29,040,01,02,000017,89,8,RELLENO_NACIONAL_BENFORD
29,043,99,18,000002,96,9,RELLENO_NACIONAL_BENFORD
29,046,02,01,000009,98,9,RELLENO_NACIONAL_BENFORD
29,046,02,04,000011,89,8,RELLENO_NACIONAL_BENFORD
29,052,00,01,000001,98,9,RELLENO_NACIONAL_BENFORD
15,112,00,00,000027,91,9,RELLENO_NACIONAL_BENFORD
15,115,00,01,000031,86,8,RELLENO_NACIONAL_BENFORD
15,118,00,00,000032,94,9,RELLENO_NACIONAL_BENFORD
15,118,00,00,000035,90,9,RELLENO_NACIONAL_BENFORD
15,139,02,02,000002,97,9,RELLENO_NACIONAL_BENFORD
15,142,01,01,000014,91,9,RELLENO_NACIONAL_BENFORD
15,145,99,10,000001,94,9,RELLENO_NACIONAL_BENFORD
15,160,01,06,000015,81,8,RELLENO_NACIONAL_BENFORD
15,160,01,11,000006,98,9,RELLENO_NACIONAL_BENFORD
15,160,02,01,000020,8,8,RELLENO_NACIONAL_BENFORD
15,160,02,04,000011,89,8,RELLENO_NACIONAL_BENFORD
15,160,02,08,000010,94,9,RELLENO_NACIONAL_BENFORD
15,169,01,02,000018,95,9,RELLENO_NACIONAL_BENFORD
24,001,03,03,000016,89,8,RELLENO_NACIONAL_BENFORD
24,001,03,03,000017,83,8,RELLENO_NACIONAL_BENFORD
24,001,05,01,000017,82,8,RELLENO_NACIONAL_BENFORD
24,001,05,01,000019,96,9,RELLENO_NACIONAL_BENFORD
24,001,09,01,000019,81,8,RELLENO_NACIONAL_BENFORD
24,001,09,02,000035,89,8,RELLENO_NACIONAL_BENFORD
24,001,09,02,000036,94,9,RELLENO_NACIONAL_BENFORD
24,001,09,02,000039,92,9,RELLENO_NACIONAL_BENFORD
24,001,10,01,000032,83,8,RELLENO_NACIONAL_BENFORD
24,001,10,03,000017,90,9,RELLENO_NACIONAL_BENFORD
24,001,10,06,000012,84,8,RELLENO_NACIONAL_BENFORD
24,001,10,06,000019,88,8,RELLENO_NACIONAL_BENFORD
48,001,01,02,000009,92,9,RELLENO_NACIONAL_BENFORD
48,001,01,03,000006,88,8,RELLENO_NACIONAL_BENFORD
48,001,01,03,000033,81,8,RELLENO_NACIONAL_BENFORD
48,001,01,07,000009,83,8,RELLENO_NACIONAL_BENFORD
48,001,02,03,000008,92,9,RELLENO_NACIONAL_BENFORD
48,001,02,03,000012,90,9,RELLENO_NACIONAL_BENFORD
48,001,02,04,000003,95,9,RELLENO_NACIONAL_BENFORD
48,001,02,05,000008,84,8,RELLENO_NACIONAL_BENFORD
48,001,03,01,000015,92,9,RELLENO_NACIONAL_BENFORD
48,001,03,03,000004,85,8,RELLENO_NACIONAL_BENFORD
48,001,03,03,000006,86,8,RELLENO_NACIONAL_BENFORD
48,001,03,03,000009,88,8,RELLENO_NACIONAL_BENFORD
48,005,00,00,000006,86,8,RELLENO_NACIONAL_BENFORD
48,005,99,08,000001,86,8,RELLENO_NACIONAL_BENFORD
48,005,99,41,000002,88,8,RELLENO_NACIONAL_BENFORD
03,001,99,10,000003,80,8,RELLENO_NACIONAL_BENFORD
03,001,99,10,000008,80,8,RELLENO_NACIONAL_BENFORD
03,001,99,10,000018,90,9,RELLENO_NACIONAL_BENFORD
03,001,99,10,000019,80,8,RELLENO_NACIONAL_BENFORD
03,001,99,25,000003,80,8,RELLENO_NACIONAL_BENFORD
03,004,01,02,000002,83,8,RELLENO_NACIONAL_BENFORD
03,004,01,02,000004,85,8,RELLENO_NACIONAL_BENFORD
03,004,01,03,000007,81,8,RELLENO_NACIONAL_BENFORD
03,004,01,05,000003,86,8,RELLENO_NACIONAL_BENFORD
03,004,01,05,000007,95,9,RELLENO_NACIONAL_BENFORD
03,004,99,01,000007,95,9,RELLENO_NACIONAL_BENFORD
03,004,99,01,000010,80,8,RELLENO_NACIONAL_BENFORD
03,007,01,02,000013,81,8,RELLENO_NACIONAL_BENFORD
03,007,02,01,000006,87,8,RELLENO_NACIONAL_BENFORD
03,013,01,02,000014,88,8,RELLENO_NACIONAL_BENFORD
03,013,03,02,000006,93,9,RELLENO_NACIONAL_BENFORD
05,082,00,00,000008,89,8,RELLENO_NACIONAL_BENFORD
05,113,99,21,000001,82,8,RELLENO_NACIONAL_BENFORD
16,001,10,05,000010,97,9,RELLENO_NACIONAL_BENFORD
16,001,10,14,000020,86,8,RELLENO_NACIONAL_BENFORD
16,001,10,37,000026,82,8,RELLENO_NACIONAL_BENFORD
16,001,10,37,000027,82,8,RELLENO_NACIONAL_BENFORD
16,001,10,40,000038,90,9,RELLENO_NACIONAL_BENFORD
01,001,07,03,000019,89,8,RELLENO_NACIONAL_BENFORD
01,001,07,03,000028,96,9,RELLENO_NACIONAL_BENFORD
01,001,08,01,000028,81,8,RELLENO_NACIONAL_BENFORD
01,001,08,04,000023,98,9,RELLENO_NACIONAL_BENFORD
01,001,09,03,000018,93,9,RELLENO_NACIONAL_BENFORD
01,001,11,01,000031,86,8,RELLENO_NACIONAL_BENFORD
01,001,11,06,000008,86,8,RELLENO_NACIONAL_BENFORD
01,001,14,03,000006,93,9,RELLENO_NACIONAL_BENFORD
01,001,14,05,000014,81,8,RELLENO_NACIONAL_BENFORD
01,001,17,05,000011,86,8,RELLENO_NACIONAL_BENFORD
01,001,26,02,000017,96,9,RELLENO_NACIONAL_BENFORD
27,019,02,03,000005,88,8,RELLENO_NACIONAL_BENFORD
27,019,02,06,000004,88,8,RELLENO_NACIONAL_BENFORD
27,160,02,01,000022,90,9,RELLENO_NACIONAL_BENFORD
27,160,02,02,000011,85,8,RELLENO_NACIONAL_BENFORD
27,160,05,02,000012,81,8,RELLENO_NACIONAL_BENFORD
27,160,99,40,000001,94,9,RELLENO_NACIONAL_BENFORD
27,167,00,00,000006,99,9,RELLENO_NACIONAL_BENFORD
28,001,02,03,000020,88,8,RELLENO_NACIONAL_BENFORD
28,001,03,01,000033,84,8,RELLENO_NACIONAL_BENFORD
28,001,04,01,000012,84,8,RELLENO_NACIONAL_BENFORD
28,001,04,06,000002,82,8,RELLENO_NACIONAL_BENFORD
28,120,99,75,000002,87,8,RELLENO_NACIONAL_BENFORD
05,007,02,03,000010,87,8,RELLENO_NACIONAL_BENFORD
05,028,99,25,000002,81,8,RELLENO_NACIONAL_BENFORD
05,028,99,33,000003,93,9,RELLENO_NACIONAL_BENFORD
05,124,00,00,000013,91,9,RELLENO_NACIONAL_BENFORD
07,001,01,04,000021,91,9,RELLENO_NACIONAL_BENFORD
07,001,02,07,000012,90,9,RELLENO_NACIONAL_BENFORD
07,001,03,04,000013,93,9,RELLENO_NACIONAL_BENFORD
07,001,03,04,000018,97,9,RELLENO_NACIONAL_BENFORD
07,001,03,06,000019,82,8,RELLENO_NACIONAL_BENFORD
07,001,02,08,000009,90,9,RELLENO_NACIONAL_BENFORD
07,037,00,00,000006,99,9,RELLENO_NACIONAL_BENFORD
07,043,00,00,000010,96,9,RELLENO_NACIONAL_BENFORD
07,049,98,01,000001,8,8,RELLENO_NACIONAL_BENFORD
07,067,02,04,000012,90,9,RELLENO_NACIONAL_BENFORD
07,079,01,06,000014,82,8,RELLENO_NACIONAL_BENFORD
07,079,99,07,000008,85,8,RELLENO_NACIONAL_BENFORD
07,199,00,00,000005,94,9,RELLENO_NACIONAL_BENFORD
07,214,01,01,000022,86,8,RELLENO_NACIONAL_BENFORD
16,001,08,35,000036,81,8,RELLENO_NACIONAL_BENFORD
16,001,08,48,000027,81,8,RELLENO_NACIONAL_BENFORD
16,001,08,60,000042,92,9,RELLENO_NACIONAL_BENFORD
16,001,08,90,000002,90,9,RELLENO_NACIONAL_BENFORD
16,001,08,A1,000002,85,8,RELLENO_NACIONAL_BENFORD
16,001,08,A3,000011,89,8,RELLENO_NACIONAL_BENFORD
16,001,08,B5,000004,85,8,RELLENO_NACIONAL_BENFORD
16,001,09,04,000026,84,8,RELLENO_NACIONAL_BENFORD
16,001,09,11,000031,87,8,RELLENO_NACIONAL_BENFORD
16,001,09,11,000032,87,8,RELLENO_NACIONAL_BENFORD
16,001,09,13,000015,86,8,RELLENO_NACIONAL_BENFORD
16,001,09,30,000004,81,8,RELLENO_NACIONAL_BENFORD
16,001,10,41,000018,94,9,RELLENO_NACIONAL_BENFORD
16,001,10,43,000012,94,9,RELLENO_NACIONAL_BENFORD
16,001,10,46,000014,81,8,RELLENO_NACIONAL_BENFORD
16,001,10,67,000036,89,8,RELLENO_NACIONAL_BENFORD
16,001,10,69,000004,93,9,RELLENO_NACIONAL_BENFORD
16,001,11,01,000027,99,9,RELLENO_NACIONAL_BENFORD
16,001,11,03,000017,87,8,RELLENO_NACIONAL_BENFORD
16,001,11,08,000030,97,9,RELLENO_NACIONAL_BENFORD
16,001,11,10,000014,83,8,RELLENO_NACIONAL_BENFORD
16,001,11,40,000014,93,9,RELLENO_NACIONAL_BENFORD
16,001,11,63,000008,8,8,RELLENO_NACIONAL_BENFORD
16,001,11,99,000012,86,8,RELLENO_NACIONAL_BENFORD
16,001,13,11,000006,99,9,RELLENO_NACIONAL_BENFORD
16,001,15,02,000011,85,8,RELLENO_NACIONAL_BENFORD
16,001,15,08,000010,93,9,RELLENO_NACIONAL_BENFORD
16,001,15,12,000018,94,9,RELLENO_NACIONAL_BENFORD
29,055,01,02,000007,95,9,RELLENO_NACIONAL_BENFORD
29,055,01,03,000001,97,9,RELLENO_NACIONAL_BENFORD
09,109,00,00,000035,83,8,RELLENO_NACIONAL_BENFORD
09,124,02,02,000005,81,8,RELLENO_NACIONAL_BENFORD
09,130,02,03,000004,80,8,RELLENO_NACIONAL_BENFORD
11,001,02,06,000017,93,9,RELLENO_NACIONAL_BENFORD
16,001,19,25,000016,92,9,RELLENO_NACIONAL_BENFORD
16,001,19,35,000008,82,8,RELLENO_NACIONAL_BENFORD
16,001,19,36,000001,98,9,RELLENO_NACIONAL_BENFORD
16,001,19,68,000016,88,8,RELLENO_NACIONAL_BENFORD
16,001,90,01,000006,96,9,RELLENO_NACIONAL_BENFORD
01,064,99,05,000002,80,8,RELLENO_NACIONAL_BENFORD
01,070,02,01,000019,94,9,RELLENO_NACIONAL_BENFORD
01,070,05,01,000012,87,8,RELLENO_NACIONAL_BENFORD
01,080,01,01,000002,93,9,RELLENO_NACIONAL_BENFORD
29,070,00,00,000023,87,8,RELLENO_NACIONAL_BENFORD
29,076,01,01,000018,94,9,RELLENO_NACIONAL_BENFORD
29,082,00,02,000006,85,8,RELLENO_NACIONAL_BENFORD
29,085,00,00,000014,99,9,RELLENO_NACIONAL_BENFORD
29,097,00,01,000005,86,8,RELLENO_NACIONAL_BENFORD
29,103,00,00,000026,91,9,RELLENO_NACIONAL_BENFORD
29,103,00,00,000030,95,9,RELLENO_NACIONAL_BENFORD
29,105,00,00,000021,94,9,RELLENO_NACIONAL_BENFORD
11,001,04,01,000005,93,9,RELLENO_NACIONAL_BENFORD
11,001,04,02,000014,80,8,RELLENO_NACIONAL_BENFORD
11,007,99,55,000001,8,8,RELLENO_NACIONAL_BENFORD
11,010,99,60,000004,96,9,RELLENO_NACIONAL_BENFORD
11,013,99,01,000003,89,8,RELLENO_NACIONAL_BENFORD
11,013,99,01,000004,84,8,RELLENO_NACIONAL_BENFORD
17,034,99,22,000001,80,8,RELLENO_NACIONAL_BENFORD
19,001,01,01,000030,86,8,RELLENO_NACIONAL_BENFORD
01,088,01,04,000004,94,9,RELLENO_NACIONAL_BENFORD
27,091,02,01,000027,93,9,RELLENO_NACIONAL_BENFORD
05,028,02,01,000008,94,9,RELLENO_NACIONAL_BENFORD
07,001,01,05,000014,87,8,RELLENO_NACIONAL_BENFORD
07,067,02,03,000009,88,8,RELLENO_NACIONAL_BENFORD
07,079,02,02,000029,92,9,RELLENO_NACIONAL_BENFORD
07,181,01,02,000012,94,9,RELLENO_NACIONAL_BENFORD
07,268,00,00,000015,90,9,RELLENO_NACIONAL_BENFORD
07,274,99,15,000001,83,8,RELLENO_NACIONAL_BENFORD
07,277,01,01,000027,84,8,RELLENO_NACIONAL_BENFORD
07,277,02,02,000031,81,8,RELLENO_NACIONAL_BENFORD
07,277,02,03,000016,98,9,RELLENO_NACIONAL_BENFORD
07,277,02,03,000022,87,8,RELLENO_NACIONAL_BENFORD
07,277,02,04,000020,89,8,RELLENO_NACIONAL_BENFORD
16,001,08,48,000036,86,8,RELLENO_NACIONAL_BENFORD
16,001,08,60,000028,87,8,RELLENO_NACIONAL_BENFORD
16,001,08,69,000013,82,8,RELLENO_NACIONAL_BENFORD
16,001,08,70,000019,89,8,RELLENO_NACIONAL_BENFORD
16,001,08,99,000005,83,8,RELLENO_NACIONAL_BENFORD
16,001,09,02,000014,95,9,RELLENO_NACIONAL_BENFORD
16,001,09,07,000024,88,8,RELLENO_NACIONAL_BENFORD
16,001,09,07,000028,83,8,RELLENO_NACIONAL_BENFORD
16,001,10,42,000035,94,9,RELLENO_NACIONAL_BENFORD
16,001,10,52,000005,93,9,RELLENO_NACIONAL_BENFORD
16,001,10,77,000004,99,9,RELLENO_NACIONAL_BENFORD
16,001,10,85,000017,98,9,RELLENO_NACIONAL_BENFORD
16,001,10,85,000021,90,9,RELLENO_NACIONAL_BENFORD
16,001,10,89,000003,92,9,RELLENO_NACIONAL_BENFORD
16,001,11,01,000062,81,8,RELLENO_NACIONAL_BENFORD
16,001,11,21,000016,92,9,RELLENO_NACIONAL_BENFORD
16,001,11,35,000031,99,9,RELLENO_NACIONAL_BENFORD
16,001,11,66,000014,98,9,RELLENO_NACIONAL_BENFORD
16,001,11,89,000028,89,8,RELLENO_NACIONAL_BENFORD
16,001,11,99,000009,86,8,RELLENO_NACIONAL_BENFORD
16,001,12,01,000016,92,9,RELLENO_NACIONAL_BENFORD
16,001,12,15,000010,97,9,RELLENO_NACIONAL_BENFORD
16,001,12,25,000028,97,9,RELLENO_NACIONAL_BENFORD
16,001,13,17,000007,96,9,RELLENO_NACIONAL_BENFORD
16,001,13,28,000005,85,8,RELLENO_NACIONAL_BENFORD
16,001,14,07,000009,95,9,RELLENO_NACIONAL_BENFORD
16,001,14,15,000008,9,9,RELLENO_NACIONAL_BENFORD
16,001,14,18,000011,96,9,RELLENO_NACIONAL_BENFORD
16,001,15,02,000015,90,9,RELLENO_NACIONAL_BENFORD
01,001,99,03,000016,95,9,RELLENO_NACIONAL_BENFORD
01,001,99,A2,000018,98,9,RELLENO_NACIONAL_BENFORD
01,001,99,A4,000018,91,9,RELLENO_NACIONAL_BENFORD
29,055,98,01,000001,9,9,RELLENO_NACIONAL_BENFORD
29,058,02,03,000001,98,9,RELLENO_NACIONAL_BENFORD
29,058,99,81,000001,95,9,RELLENO_NACIONAL_BENFORD
09,079,98,01,000001,9,9,RELLENO_NACIONAL_BENFORD
09,103,01,03,000006,97,9,RELLENO_NACIONAL_BENFORD
09,124,99,01,000001,87,8,RELLENO_NACIONAL_BENFORD
09,130,02,03,000007,8,8,RELLENO_NACIONAL_BENFORD
11,001,01,01,000019,81,8,RELLENO_NACIONAL_BENFORD
11,001,01,05,000003,95,9,RELLENO_NACIONAL_BENFORD
11,001,02,01,000002,90,9,RELLENO_NACIONAL_BENFORD
11,001,03,02,000007,94,9,RELLENO_NACIONAL_BENFORD
16,001,19,24,000013,99,9,RELLENO_NACIONAL_BENFORD
16,001,19,25,000012,90,9,RELLENO_NACIONAL_BENFORD
16,001,19,26,000010,99,9,RELLENO_NACIONAL_BENFORD
16,001,19,28,000013,85,8,RELLENO_NACIONAL_BENFORD
16,001,19,41,000002,97,9,RELLENO_NACIONAL_BENFORD
16,001,19,45,000004,90,9,RELLENO_NACIONAL_BENFORD
16,001,19,46,000027,85,8,RELLENO_NACIONAL_BENFORD
16,001,19,59,000035,82,8,RELLENO_NACIONAL_BENFORD
16,001,90,01,000018,9,9,RELLENO_NACIONAL_BENFORD
16,001,90,01,000166,9,9,RELLENO_NACIONAL_BENFORD
01,058,01,02,000019,92,9,RELLENO_NACIONAL_BENFORD
01,070,05,02,000012,93,9,RELLENO_NACIONAL_BENFORD
01,073,00,00,000016,85,8,RELLENO_NACIONAL_BENFORD
01,080,01,02,000002,82,8,RELLENO_NACIONAL_BENFORD
29,064,02,01,000009,83,8,RELLENO_NACIONAL_BENFORD
29,064,02,02,000007,95,9,RELLENO_NACIONAL_BENFORD
29,076,02,02,000008,97,9,RELLENO_NACIONAL_BENFORD
29,076,02,02,000016,87,8,RELLENO_NACIONAL_BENFORD
29,079,01,02,000011,84,8,RELLENO_NACIONAL_BENFORD
29,079,01,03,000006,95,9,RELLENO_NACIONAL_BENFORD
29,082,99,05,000005,9,9,RELLENO_NACIONAL_BENFORD
29,097,00,01,000012,95,9,RELLENO_NACIONAL_BENFORD
29,103,00,00,000023,93,9,RELLENO_NACIONAL_BENFORD
11,001,04,01,000001,88,8,RELLENO_NACIONAL_BENFORD
11,001,04,03,000012,85,8,RELLENO_NACIONAL_BENFORD
11,001,05,03,000002,88,8,RELLENO_NACIONAL_BENFORD
11,001,06,01,000011,81,8,RELLENO_NACIONAL_BENFORD
11,010,99,60,000003,96,9,RELLENO_NACIONAL_BENFORD
11,013,99,03,000004,91,9,RELLENO_NACIONAL_BENFORD
17,001,01,03,000024,8,8,RELLENO_NACIONAL_BENFORD
17,082,99,02,000002,80,8,RELLENO_NACIONAL_BENFORD
01,088,01,08,000001,85,8,RELLENO_NACIONAL_BENFORD
01,088,01,08,000002,8,8,RELLENO_NACIONAL_BENFORD
07,001,01,01,000021,80,8,RELLENO_NACIONAL_BENFORD
07,001,01,02,000012,80,8,RELLENO_NACIONAL_BENFORD
07,001,02,04,000012,84,8,RELLENO_NACIONAL_BENFORD
07,001,02,08,000008,91,9,RELLENO_NACIONAL_BENFORD
07,001,03,04,000014,98,9,RELLENO_NACIONAL_BENFORD
07,001,03,06,000015,90,9,RELLENO_NACIONAL_BENFORD
07,043,00,00,000009,94,9,RELLENO_NACIONAL_BENFORD
07,079,02,01,000034,98,9,RELLENO_NACIONAL_BENFORD
07,079,02,03,000021,90,9,RELLENO_NACIONAL_BENFORD
07,079,02,04,000012,84,8,RELLENO_NACIONAL_BENFORD
07,079,02,05,000014,82,8,RELLENO_NACIONAL_BENFORD
07,163,99,08,000001,99,9,RELLENO_NACIONAL_BENFORD
07,166,00,00,000023,87,8,RELLENO_NACIONAL_BENFORD
07,166,99,01,000003,97,9,RELLENO_NACIONAL_BENFORD
07,176,99,02,000001,84,8,RELLENO_NACIONAL_BENFORD
07,178,00,00,000006,87,8,RELLENO_NACIONAL_BENFORD
07,214,02,02,000010,99,9,RELLENO_NACIONAL_BENFORD
07,241,99,10,000001,86,8,RELLENO_NACIONAL_BENFORD
07,268,00,00,000021,85,8,RELLENO_NACIONAL_BENFORD
07,277,01,04,000021,88,8,RELLENO_NACIONAL_BENFORD
07,277,01,05,000006,97,9,RELLENO_NACIONAL_BENFORD
07,277,02,02,000028,97,9,RELLENO_NACIONAL_BENFORD
07,307,00,00,000024,96,9,RELLENO_NACIONAL_BENFORD
16,001,08,35,000024,81,8,RELLENO_NACIONAL_BENFORD
16,001,08,35,000033,81,8,RELLENO_NACIONAL_BENFORD
16,001,08,38,000021,90,9,RELLENO_NACIONAL_BENFORD
16,001,08,38,000030,80,8,RELLENO_NACIONAL_BENFORD
16,001,08,57,000010,96,9,RELLENO_NACIONAL_BENFORD
16,001,08,59,000022,95,9,RELLENO_NACIONAL_BENFORD
16,001,08,66,000015,86,8,RELLENO_NACIONAL_BENFORD
16,001,08,73,000009,81,8,RELLENO_NACIONAL_BENFORD
16,001,08,96,000006,90,9,RELLENO_NACIONAL_BENFORD
16,001,08,A8,000005,81,8,RELLENO_NACIONAL_BENFORD
16,001,08,B8,000004,91,9,RELLENO_NACIONAL_BENFORD
16,001,08,C5,000003,95,9,RELLENO_NACIONAL_BENFORD
16,001,09,18,000038,85,8,RELLENO_NACIONAL_BENFORD
16,001,09,20,000008,93,9,RELLENO_NACIONAL_BENFORD
16,001,09,25,000002,86,8,RELLENO_NACIONAL_BENFORD
16,001,09,31,000005,85,8,RELLENO_NACIONAL_BENFORD
16,001,10,41,000015,82,8,RELLENO_NACIONAL_BENFORD
16,001,10,41,000017,88,8,RELLENO_NACIONAL_BENFORD
16,001,10,42,000028,87,8,RELLENO_NACIONAL_BENFORD
16,001,10,46,000013,94,9,RELLENO_NACIONAL_BENFORD
16,001,10,48,000012,80,8,RELLENO_NACIONAL_BENFORD
16,001,10,55,000042,81,8,RELLENO_NACIONAL_BENFORD
16,001,10,58,000031,97,9,RELLENO_NACIONAL_BENFORD
16,001,10,62,000006,87,8,RELLENO_NACIONAL_BENFORD
16,001,10,67,000015,90,9,RELLENO_NACIONAL_BENFORD
16,001,10,67,000033,84,8,RELLENO_NACIONAL_BENFORD
16,001,10,74,000004,99,9,RELLENO_NACIONAL_BENFORD
16,001,10,77,000005,98,9,RELLENO_NACIONAL_BENFORD
16,001,10,85,000013,99,9,RELLENO_NACIONAL_BENFORD
16,001,10,85,000022,87,8,RELLENO_NACIONAL_BENFORD
16,001,10,95,000020,87,8,RELLENO_NACIONAL_BENFORD
16,001,11,01,000057,83,8,RELLENO_NACIONAL_BENFORD
16,001,11,01,000073,80,8,RELLENO_NACIONAL_BENFORD
16,001,11,05,000039,8,8,RELLENO_NACIONAL_BENFORD
16,001,11,10,000015,84,8,RELLENO_NACIONAL_BENFORD
16,001,11,10,000016,84,8,RELLENO_NACIONAL_BENFORD
16,001,11,11,000044,80,8,RELLENO_NACIONAL_BENFORD
16,001,11,11,000045,85,8,RELLENO_NACIONAL_BENFORD
16,001,11,22,000023,83,8,RELLENO_NACIONAL_BENFORD
16,001,11,31,000029,94,9,RELLENO_NACIONAL_BENFORD
16,001,11,40,000017,81,8,RELLENO_NACIONAL_BENFORD
16,001,11,44,000010,83,8,RELLENO_NACIONAL_BENFORD
16,001,11,52,000017,87,8,RELLENO_NACIONAL_BENFORD
16,001,11,99,000011,90,9,RELLENO_NACIONAL_BENFORD
16,001,11,99,000013,94,9,RELLENO_NACIONAL_BENFORD
16,001,12,02,000014,87,8,RELLENO_NACIONAL_BENFORD
16,001,12,10,000022,96,9,RELLENO_NACIONAL_BENFORD
16,001,12,19,000015,91,9,RELLENO_NACIONAL_BENFORD
16,001,12,22,000014,84,8,RELLENO_NACIONAL_BENFORD
16,001,13,04,000019,96,9,RELLENO_NACIONAL_BENFORD
16,001,13,08,000014,81,8,RELLENO_NACIONAL_BENFORD
16,001,13,17,000008,82,8,RELLENO_NACIONAL_BENFORD
16,001,13,32,000020,88,8,RELLENO_NACIONAL_BENFORD
16,001,13,34,000002,80,8,RELLENO_NACIONAL_BENFORD
16,001,14,02,000013,88,8,RELLENO_NACIONAL_BENFORD
16,001,14,06,000022,86,8,RELLENO_NACIONAL_BENFORD
16,001,14,09,000011,95,9,RELLENO_NACIONAL_BENFORD
16,001,14,12,000003,81,8,RELLENO_NACIONAL_BENFORD
16,001,14,18,000010,97,9,RELLENO_NACIONAL_BENFORD
16,001,15,01,000002,99,9,RELLENO_NACIONAL_BENFORD
16,001,15,06,000018,80,8,RELLENO_NACIONAL_BENFORD
16,001,15,06,000022,81,8,RELLENO_NACIONAL_BENFORD
16,001,15,07,000013,98,9,RELLENO_NACIONAL_BENFORD
16,001,15,07,000014,82,8,RELLENO_NACIONAL_BENFORD
16,001,15,07,000015,98,9,RELLENO_NACIONAL_BENFORD
16,001,15,07,000027,86,8,RELLENO_NACIONAL_BENFORD
16,001,15,08,000006,93,9,RELLENO_NACIONAL_BENFORD
16,001,15,12,000020,94,9,RELLENO_NACIONAL_BENFORD
29,055,01,01,000014,87,8,RELLENO_NACIONAL_BENFORD
29,055,02,02,000013,95,9,RELLENO_NACIONAL_BENFORD
29,055,02,03,000005,96,9,RELLENO_NACIONAL_BENFORD
29,055,02,03,000008,97,9,RELLENO_NACIONAL_BENFORD
09,079,00,00,000017,96,9,RELLENO_NACIONAL_BENFORD
09,106,00,00,000025,91,9,RELLENO_NACIONAL_BENFORD
09,109,00,00,000031,96,9,RELLENO_NACIONAL_BENFORD
09,109,00,00,000034,80,8,RELLENO_NACIONAL_BENFORD
09,124,02,01,000014,81,8,RELLENO_NACIONAL_BENFORD
09,124,02,01,000015,99,9,RELLENO_NACIONAL_BENFORD
09,124,02,04,000006,91,9,RELLENO_NACIONAL_BENFORD
11,001,01,01,000018,80,8,RELLENO_NACIONAL_BENFORD
11,001,01,05,000005,87,8,RELLENO_NACIONAL_BENFORD
11,001,02,02,000025,83,8,RELLENO_NACIONAL_BENFORD
16,001,19,35,000003,92,9,RELLENO_NACIONAL_BENFORD
16,001,19,68,000010,92,9,RELLENO_NACIONAL_BENFORD
16,001,19,68,000014,82,8,RELLENO_NACIONAL_BENFORD
16,001,90,01,000019,95,9,RELLENO_NACIONAL_BENFORD
01,055,00,02,000005,97,9,RELLENO_NACIONAL_BENFORD
01,058,01,02,000015,98,9,RELLENO_NACIONAL_BENFORD
01,061,00,00,000015,92,9,RELLENO_NACIONAL_BENFORD
01,067,00,00,000014,98,9,RELLENO_NACIONAL_BENFORD
01,070,02,01,000021,82,8,RELLENO_NACIONAL_BENFORD
01,080,02,01,000005,82,8,RELLENO_NACIONAL_BENFORD
01,080,03,01,000002,92,9,RELLENO_NACIONAL_BENFORD
01,080,03,03,000009,8,8,RELLENO_NACIONAL_BENFORD
29,064,01,01,000019,89,8,RELLENO_NACIONAL_BENFORD
29,064,01,02,000006,87,8,RELLENO_NACIONAL_BENFORD
29,064,01,02,000007,93,9,RELLENO_NACIONAL_BENFORD
29,064,90,01,000001,89,8,RELLENO_NACIONAL_BENFORD
29,073,90,01,000002,97,9,RELLENO_NACIONAL_BENFORD
29,076,01,01,000020,95,9,RELLENO_NACIONAL_BENFORD
29,079,01,02,000012,82,8,RELLENO_NACIONAL_BENFORD
29,082,00,01,000011,87,8,RELLENO_NACIONAL_BENFORD
29,085,00,00,000024,88,8,RELLENO_NACIONAL_BENFORD
29,094,00,00,000036,97,9,RELLENO_NACIONAL_BENFORD
29,097,99,01,000009,93,9,RELLENO_NACIONAL_BENFORD
29,097,99,13,000001,9,9,RELLENO_NACIONAL_BENFORD
29,103,00,00,000037,93,9,RELLENO_NACIONAL_BENFORD
29,105,00,00,000022,95,9,RELLENO_NACIONAL_BENFORD
11,001,03,04,000001,94,9,RELLENO_NACIONAL_BENFORD
11,001,05,02,000001,96,9,RELLENO_NACIONAL_BENFORD
11,001,05,02,000018,99,9,RELLENO_NACIONAL_BENFORD
11,001,05,02,000021,90,9,RELLENO_NACIONAL_BENFORD
11,001,06,03,000002,98,9,RELLENO_NACIONAL_BENFORD
11,007,00,00,000002,92,9,RELLENO_NACIONAL_BENFORD
11,007,00,00,000011,81,8,RELLENO_NACIONAL_BENFORD
11,007,99,57,000001,8,8,RELLENO_NACIONAL_BENFORD
11,010,00,00,000002,84,8,RELLENO_NACIONAL_BENFORD
11,013,99,03,000002,91,9,RELLENO_NACIONAL_BENFORD
17,002,99,30,000002,8,8,RELLENO_NACIONAL_BENFORD
17,004,00,00,000004,99,9,RELLENO_NACIONAL_BENFORD
17,014,00,00,000001,82,8,RELLENO_NACIONAL_BENFORD
17,043,00,00,000010,89,8,RELLENO_NACIONAL_BENFORD
19,001,01,01,000037,98,9,RELLENO_NACIONAL_BENFORD
01,088,01,01,000008,93,9,RELLENO_NACIONAL_BENFORD
01,088,01,07,000007,80,8,RELLENO_NACIONAL_BENFORD
01,088,02,05,000007,86,8,RELLENO_NACIONAL_BENFORD
01,088,99,05,000002,88,8,RELLENO_NACIONAL_BENFORD
01,088,99,28,000002,8,8,RELLENO_NACIONAL_BENFORD
01,091,00,00,000024,83,8,RELLENO_NACIONAL_BENFORD
01,103,01,03,000003,97,9,RELLENO_NACIONAL_BENFORD
01,103,01,03,000008,80,8,RELLENO_NACIONAL_BENFORD
01,106,03,01,000010,83,8,RELLENO_NACIONAL_BENFORD
29,121,00,00,000021,98,9,RELLENO_NACIONAL_BENFORD
29,124,00,00,000013,85,8,RELLENO_NACIONAL_BENFORD
31,001,01,01,000005,83,8,RELLENO_NACIONAL_BENFORD
31,001,01,01,000009,86,8,RELLENO_NACIONAL_BENFORD
31,001,01,02,000004,94,9,RELLENO_NACIONAL_BENFORD
31,001,01,03,000019,82,8,RELLENO_NACIONAL_BENFORD
31,001,03,01,000024,93,9,RELLENO_NACIONAL_BENFORD
31,001,03,03,000029,83,8,RELLENO_NACIONAL_BENFORD
31,001,03,06,000002,81,8,RELLENO_NACIONAL_BENFORD
31,001,04,05,000004,99,9,RELLENO_NACIONAL_BENFORD
31,001,04,05,000007,98,9,RELLENO_NACIONAL_BENFORD
31,001,05,02,000003,89,8,RELLENO_NACIONAL_BENFORD
31,001,05,02,000007,89,8,RELLENO_NACIONAL_BENFORD
31,001,05,03,000003,98,9,RELLENO_NACIONAL_BENFORD
31,001,05,03,000014,93,9,RELLENO_NACIONAL_BENFORD
31,001,05,03,000017,94,9,RELLENO_NACIONAL_BENFORD
31,001,05,04,000040,85,8,RELLENO_NACIONAL_BENFORD
31,001,06,04,000032,80,8,RELLENO_NACIONAL_BENFORD
11,019,99,32,000001,86,8,RELLENO_NACIONAL_BENFORD
11,022,00,00,000015,80,8,RELLENO_NACIONAL_BENFORD
11,025,00,00,000002,85,8,RELLENO_NACIONAL_BENFORD
11,025,00,00,000005,83,8,RELLENO_NACIONAL_BENFORD
11,025,00,00,000010,93,9,RELLENO_NACIONAL_BENFORD
11,025,99,15,000001,91,9,RELLENO_NACIONAL_BENFORD
11,025,99,25,000001,91,9,RELLENO_NACIONAL_BENFORD
11,027,00,00,000002,83,8,RELLENO_NACIONAL_BENFORD
11,037,00,00,000004,92,9,RELLENO_NACIONAL_BENFORD
11,040,99,29,000002,9,9,RELLENO_NACIONAL_BENFORD
11,052,00,01,000008,88,8,RELLENO_NACIONAL_BENFORD
11,052,99,01,000004,87,8,RELLENO_NACIONAL_BENFORD
11,055,99,41,000001,80,8,RELLENO_NACIONAL_BENFORD
11,058,00,01,000008,84,8,RELLENO_NACIONAL_BENFORD
11,058,00,01,000012,81,8,RELLENO_NACIONAL_BENFORD
11,058,99,23,000001,81,8,RELLENO_NACIONAL_BENFORD
11,058,99,37,000001,98,9,RELLENO_NACIONAL_BENFORD
11,058,99,37,000002,93,9,RELLENO_NACIONAL_BENFORD
19,001,01,02,000022,91,9,RELLENO_NACIONAL_BENFORD
19,001,01,02,000027,92,9,RELLENO_NACIONAL_BENFORD
19,001,01,04,000019,93,9,RELLENO_NACIONAL_BENFORD
19,001,01,08,000005,82,8,RELLENO_NACIONAL_BENFORD
19,001,02,02,000019,85,8,RELLENO_NACIONAL_BENFORD
13,001,01,02,000013,90,9,RELLENO_NACIONAL_BENFORD
13,001,01,04,000019,93,9,RELLENO_NACIONAL_BENFORD
13,001,01,04,000021,97,9,RELLENO_NACIONAL_BENFORD
13,001,02,02,000008,94,9,RELLENO_NACIONAL_BENFORD
13,001,02,03,000001,96,9,RELLENO_NACIONAL_BENFORD
13,001,02,03,000020,94,9,RELLENO_NACIONAL_BENFORD
13,001,02,03,000021,93,9,RELLENO_NACIONAL_BENFORD
13,001,02,03,000022,91,9,RELLENO_NACIONAL_BENFORD
13,001,02,05,000010,95,9,RELLENO_NACIONAL_BENFORD
13,001,03,01,000018,88,8,RELLENO_NACIONAL_BENFORD
13,001,03,04,000005,94,9,RELLENO_NACIONAL_BENFORD
13,001,03,05,000001,90,9,RELLENO_NACIONAL_BENFORD
13,001,03,07,000013,81,8,RELLENO_NACIONAL_BENFORD
13,001,04,04,000011,98,9,RELLENO_NACIONAL_BENFORD
13,001,04,05,000011,98,9,RELLENO_NACIONAL_BENFORD
21,015,00,00,000001,85,8,RELLENO_NACIONAL_BENFORD
21,016,01,01,000011,93,9,RELLENO_NACIONAL_BENFORD
21,016,01,02,000009,81,8,RELLENO_NACIONAL_BENFORD
21,016,02,08,000001,90,9,RELLENO_NACIONAL_BENFORD
21,016,90,01,000002,83,8,RELLENO_NACIONAL_BENFORD
21,016,90,01,000008,90,9,RELLENO_NACIONAL_BENFORD
21,025,02,02,000005,96,9,RELLENO_NACIONAL_BENFORD
21,025,02,03,000004,80,8,RELLENO_NACIONAL_BENFORD
21,025,99,46,000001,84,8,RELLENO_NACIONAL_BENFORD
21,031,01,01,000009,82,8,RELLENO_NACIONAL_BENFORD
21,031,01,02,000014,89,8,RELLENO_NACIONAL_BENFORD
21,031,02,03,000004,94,9,RELLENO_NACIONAL_BENFORD
21,040,00,00,000006,94,9,RELLENO_NACIONAL_BENFORD
21,040,99,05,000003,9,9,RELLENO_NACIONAL_BENFORD
13,001,05,04,000001,91,9,RELLENO_NACIONAL_BENFORD
13,001,05,05,000007,80,8,RELLENO_NACIONAL_BENFORD
13,001,05,07,000001,95,9,RELLENO_NACIONAL_BENFORD
13,001,06,08,000008,97,9,RELLENO_NACIONAL_BENFORD
13,001,06,08,000009,80,8,RELLENO_NACIONAL_BENFORD
13,001,90,01,000014,96,9,RELLENO_NACIONAL_BENFORD
13,001,99,06,000001,99,9,RELLENO_NACIONAL_BENFORD
13,001,99,14,000001,85,8,RELLENO_NACIONAL_BENFORD
13,001,99,14,000002,98,9,RELLENO_NACIONAL_BENFORD
13,001,99,17,000001,88,8,RELLENO_NACIONAL_BENFORD
13,001,99,17,000003,93,9,RELLENO_NACIONAL_BENFORD
13,001,99,37,000009,90,9,RELLENO_NACIONAL_BENFORD
13,001,99,53,000003,96,9,RELLENO_NACIONAL_BENFORD
13,004,02,01,000011,89,8,RELLENO_NACIONAL_BENFORD
13,007,99,15,000002,95,9,RELLENO_NACIONAL_BENFORD
13,009,99,05,000002,94,9,RELLENO_NACIONAL_BENFORD
13,010,01,02,000003,91,9,RELLENO_NACIONAL_BENFORD
13,010,02,02,000005,97,9,RELLENO_NACIONAL_BENFORD
13,010,99,21,000005,93,9,RELLENO_NACIONAL_BENFORD
13,013,01,01,000006,83,8,RELLENO_NACIONAL_BENFORD
13,013,02,01,000007,81,8,RELLENO_NACIONAL_BENFORD
13,014,00,00,000003,91,9,RELLENO_NACIONAL_BENFORD
13,014,99,20,000002,90,9,RELLENO_NACIONAL_BENFORD
13,019,99,01,000001,89,8,RELLENO_NACIONAL_BENFORD
13,019,99,75,000001,90,9,RELLENO_NACIONAL_BENFORD
13,020,00,02,000001,82,8,RELLENO_NACIONAL_BENFORD
13,022,01,02,000004,82,8,RELLENO_NACIONAL_BENFORD
13,022,02,05,000003,89,8,RELLENO_NACIONAL_BENFORD
13,022,90,01,000004,91,9,RELLENO_NACIONAL_BENFORD
13,022,99,04,000001,87,8,RELLENO_NACIONAL_BENFORD
13,022,99,08,000005,83,8,RELLENO_NACIONAL_BENFORD
13,022,99,14,000003,93,9,RELLENO_NACIONAL_BENFORD
13,022,99,17,000004,91,9,RELLENO_NACIONAL_BENFORD
13,022,99,19,000010,92,9,RELLENO_NACIONAL_BENFORD
13,023,00,00,000023,81,8,RELLENO_NACIONAL_BENFORD
13,023,99,04,000002,87,8,RELLENO_NACIONAL_BENFORD
13,024,00,00,000026,94,9,RELLENO_NACIONAL_BENFORD
13,025,01,03,000003,81,8,RELLENO_NACIONAL_BENFORD
13,025,02,01,000005,80,8,RELLENO_NACIONAL_BENFORD
13,027,99,20,000001,93,9,RELLENO_NACIONAL_BENFORD
13,028,01,02,000025,84,8,RELLENO_NACIONAL_BENFORD
13,028,02,01,000013,81,8,RELLENO_NACIONAL_BENFORD
13,028,99,03,000002,83,8,RELLENO_NACIONAL_BENFORD
13,031,00,01,000001,94,9,RELLENO_NACIONAL_BENFORD
13,031,99,10,000002,97,9,RELLENO_NACIONAL_BENFORD
13,033,00,00,000004,98,9,RELLENO_NACIONAL_BENFORD
13,034,00,00,000021,92,9,RELLENO_NACIONAL_BENFORD
13,037,01,03,000007,85,8,RELLENO_NACIONAL_BENFORD
13,037,02,03,000010,87,8,RELLENO_NACIONAL_BENFORD
13,037,02,04,000005,86,8,RELLENO_NACIONAL_BENFORD
13,037,99,01,000002,93,9,RELLENO_NACIONAL_BENFORD
13,037,99,11,000004,8,8,RELLENO_NACIONAL_BENFORD
13,037,99,16,000004,81,8,RELLENO_NACIONAL_BENFORD
13,040,00,01,000020,94,9,RELLENO_NACIONAL_BENFORD
13,040,00,02,000002,85,8,RELLENO_NACIONAL_BENFORD
13,040,00,02,000018,91,9,RELLENO_NACIONAL_BENFORD
13,040,99,06,000005,96,9,RELLENO_NACIONAL_BENFORD
13,040,99,06,000006,90,9,RELLENO_NACIONAL_BENFORD
13,040,99,10,000004,9,9,RELLENO_NACIONAL_BENFORD
13,040,99,19,000004,8,8,RELLENO_NACIONAL_BENFORD
13,043,00,02,000007,94,9,RELLENO_NACIONAL_BENFORD
13,043,00,02,000008,93,9,RELLENO_NACIONAL_BENFORD
13,043,00,02,000019,84,8,RELLENO_NACIONAL_BENFORD
13,043,99,17,000002,92,9,RELLENO_NACIONAL_BENFORD
13,046,99,10,000001,88,8,RELLENO_NACIONAL_BENFORD
13,046,99,13,000002,93,9,RELLENO_NACIONAL_BENFORD
13,049,00,01,000007,94,9,RELLENO_NACIONAL_BENFORD
13,049,00,02,000013,90,9,RELLENO_NACIONAL_BENFORD
13,049,99,01,000004,83,8,RELLENO_NACIONAL_BENFORD
13,049,99,10,000002,93,9,RELLENO_NACIONAL_BENFORD
13,055,99,03,000008,98,9,RELLENO_NACIONAL_BENFORD
13,055,99,06,000003,83,8,RELLENO_NACIONAL_BENFORD
13,058,01,01,000007,87,8,RELLENO_NACIONAL_BENFORD
13,058,99,22,000003,8,8,RELLENO_NACIONAL_BENFORD
13,060,00,02,000005,90,9,RELLENO_NACIONAL_BENFORD
13,061,00,01,000010,95,9,RELLENO_NACIONAL_BENFORD
13,061,00,01,000027,80,8,RELLENO_NACIONAL_BENFORD
13,061,00,01,000028,80,8,RELLENO_NACIONAL_BENFORD
13,061,00,01,000036,83,8,RELLENO_NACIONAL_BENFORD
13,061,99,03,000002,91,9,RELLENO_NACIONAL_BENFORD
13,061,99,05,000001,80,8,RELLENO_NACIONAL_BENFORD
15,010,00,01,000017,83,8,RELLENO_NACIONAL_BENFORD
15,030,00,00,000024,90,9,RELLENO_NACIONAL_BENFORD
15,031,01,04,000008,98,9,RELLENO_NACIONAL_BENFORD
15,031,02,01,000017,94,9,RELLENO_NACIONAL_BENFORD
15,031,02,06,000015,94,9,RELLENO_NACIONAL_BENFORD
15,037,99,01,000001,86,8,RELLENO_NACIONAL_BENFORD
15,046,02,02,000009,90,9,RELLENO_NACIONAL_BENFORD
15,055,02,03,000023,93,9,RELLENO_NACIONAL_BENFORD
15,055,02,14,000002,86,8,RELLENO_NACIONAL_BENFORD
15,067,00,02,000008,85,8,RELLENO_NACIONAL_BENFORD
15,072,02,01,000011,86,8,RELLENO_NACIONAL_BENFORD
15,076,01,06,000017,89,8,RELLENO_NACIONAL_BENFORD
15,076,02,03,000016,94,9,RELLENO_NACIONAL_BENFORD
15,076,02,05,000014,85,8,RELLENO_NACIONAL_BENFORD
15,076,02,08,000008,85,8,RELLENO_NACIONAL_BENFORD
31,031,99,01,000003,85,8,RELLENO_NACIONAL_BENFORD
31,031,99,11,000002,91,9,RELLENO_NACIONAL_BENFORD
31,031,99,38,000002,96,9,RELLENO_NACIONAL_BENFORD
31,031,99,38,000010,88,8,RELLENO_NACIONAL_BENFORD
31,031,99,38,000012,96,9,RELLENO_NACIONAL_BENFORD
31,034,01,01,000005,81,8,RELLENO_NACIONAL_BENFORD
31,034,01,01,000008,97,9,RELLENO_NACIONAL_BENFORD
31,034,01,04,000009,85,8,RELLENO_NACIONAL_BENFORD
31,034,02,01,000007,96,9,RELLENO_NACIONAL_BENFORD
31,034,02,04,000018,82,8,RELLENO_NACIONAL_BENFORD
31,034,04,01,000020,89,8,RELLENO_NACIONAL_BENFORD
31,034,04,02,000004,94,9,RELLENO_NACIONAL_BENFORD
31,034,04,03,000014,83,8,RELLENO_NACIONAL_BENFORD
31,034,05,02,000008,88,8,RELLENO_NACIONAL_BENFORD
31,037,99,69,000001,94,9,RELLENO_NACIONAL_BENFORD
31,040,00,00,000011,96,9,RELLENO_NACIONAL_BENFORD
31,040,00,00,000023,82,8,RELLENO_NACIONAL_BENFORD
31,040,99,44,000001,87,8,RELLENO_NACIONAL_BENFORD
31,043,00,00,000008,92,9,RELLENO_NACIONAL_BENFORD
31,043,00,00,000011,85,8,RELLENO_NACIONAL_BENFORD
31,049,01,01,000009,87,8,RELLENO_NACIONAL_BENFORD
31,049,01,02,000001,84,8,RELLENO_NACIONAL_BENFORD
31,049,02,02,000003,81,8,RELLENO_NACIONAL_BENFORD
31,049,99,15,000016,9,9,RELLENO_NACIONAL_BENFORD
31,055,02,03,000006,94,9,RELLENO_NACIONAL_BENFORD
31,058,99,02,000003,80,8,RELLENO_NACIONAL_BENFORD
31,064,02,01,000007,93,9,RELLENO_NACIONAL_BENFORD
31,064,02,02,000001,97,9,RELLENO_NACIONAL_BENFORD
31,064,02,03,000005,94,9,RELLENO_NACIONAL_BENFORD
31,064,02,05,000006,85,8,RELLENO_NACIONAL_BENFORD
31,064,90,01,000008,98,9,RELLENO_NACIONAL_BENFORD
31,064,99,45,000005,9,9,RELLENO_NACIONAL_BENFORD
31,067,99,01,000004,96,9,RELLENO_NACIONAL_BENFORD
31,073,00,00,000006,97,9,RELLENO_NACIONAL_BENFORD
31,073,00,00,000021,92,9,RELLENO_NACIONAL_BENFORD
19,001,04,01,000013,99,9,RELLENO_NACIONAL_BENFORD
19,001,04,02,000034,87,8,RELLENO_NACIONAL_BENFORD
19,001,04,03,000025,92,9,RELLENO_NACIONAL_BENFORD
19,001,05,01,000011,90,9,RELLENO_NACIONAL_BENFORD
19,001,05,07,000002,90,9,RELLENO_NACIONAL_BENFORD
19,001,06,04,000008,91,9,RELLENO_NACIONAL_BENFORD
19,001,99,03,000013,82,8,RELLENO_NACIONAL_BENFORD
01,106,04,03,000003,80,8,RELLENO_NACIONAL_BENFORD
01,109,00,02,000007,94,9,RELLENO_NACIONAL_BENFORD
01,112,00,00,000030,92,9,RELLENO_NACIONAL_BENFORD
01,112,00,00,000046,87,8,RELLENO_NACIONAL_BENFORD
01,117,01,02,000004,82,8,RELLENO_NACIONAL_BENFORD
01,117,01,02,000005,80,8,RELLENO_NACIONAL_BENFORD
01,117,02,01,000007,97,9,RELLENO_NACIONAL_BENFORD
01,117,02,02,000004,91,9,RELLENO_NACIONAL_BENFORD
01,117,02,02,000005,93,9,RELLENO_NACIONAL_BENFORD
01,117,02,02,000010,91,9,RELLENO_NACIONAL_BENFORD
01,121,03,02,000034,98,9,RELLENO_NACIONAL_BENFORD
31,001,07,02,000013,97,9,RELLENO_NACIONAL_BENFORD
31,001,07,02,000016,86,8,RELLENO_NACIONAL_BENFORD
31,001,07,03,000003,90,9,RELLENO_NACIONAL_BENFORD
31,001,07,03,000014,92,9,RELLENO_NACIONAL_BENFORD
31,001,07,03,000018,83,8,RELLENO_NACIONAL_BENFORD
31,001,07,03,000019,94,9,RELLENO_NACIONAL_BENFORD
31,001,07,04,000005,98,9,RELLENO_NACIONAL_BENFORD
31,001,08,02,000005,97,9,RELLENO_NACIONAL_BENFORD
31,001,08,02,000015,92,9,RELLENO_NACIONAL_BENFORD
31,001,08,03,000008,97,9,RELLENO_NACIONAL_BENFORD
31,001,08,03,000009,91,9,RELLENO_NACIONAL_BENFORD
31,001,08,03,000014,91,9,RELLENO_NACIONAL_BENFORD
31,001,08,04,000012,83,8,RELLENO_NACIONAL_BENFORD
31,001,08,04,000015,94,9,RELLENO_NACIONAL_BENFORD
31,001,08,04,000016,98,9,RELLENO_NACIONAL_BENFORD
31,001,09,02,000008,86,8,RELLENO_NACIONAL_BENFORD
31,001,09,03,000001,83,8,RELLENO_NACIONAL_BENFORD
31,001,10,03,000002,85,8,RELLENO_NACIONAL_BENFORD
31,001,10,03,000005,90,9,RELLENO_NACIONAL_BENFORD
31,001,12,01,000033,86,8,RELLENO_NACIONAL_BENFORD
31,001,12,02,000003,88,8,RELLENO_NACIONAL_BENFORD
31,001,12,02,000004,95,9,RELLENO_NACIONAL_BENFORD
31,001,12,02,000008,96,9,RELLENO_NACIONAL_BENFORD
31,001,12,02,000010,94,9,RELLENO_NACIONAL_BENFORD
31,001,12,02,000011,94,9,RELLENO_NACIONAL_BENFORD
31,001,13,02,000010,95,9,RELLENO_NACIONAL_BENFORD
31,001,13,02,000014,97,9,RELLENO_NACIONAL_BENFORD
31,001,14,02,000001,87,8,RELLENO_NACIONAL_BENFORD
31,001,14,02,000009,86,8,RELLENO_NACIONAL_BENFORD
31,001,14,02,000010,98,9,RELLENO_NACIONAL_BENFORD
31,001,14,05,000007,87,8,RELLENO_NACIONAL_BENFORD
31,001,15,03,000027,80,8,RELLENO_NACIONAL_BENFORD
31,001,16,01,000009,97,9,RELLENO_NACIONAL_BENFORD
31,001,16,01,000019,99,9,RELLENO_NACIONAL_BENFORD
31,001,16,02,000005,93,9,RELLENO_NACIONAL_BENFORD
11,061,00,01,000020,88,8,RELLENO_NACIONAL_BENFORD
11,064,01,01,000021,9,9,RELLENO_NACIONAL_BENFORD
11,073,99,01,000003,9,9,RELLENO_NACIONAL_BENFORD
11,076,02,01,000004,85,8,RELLENO_NACIONAL_BENFORD
11,076,90,01,000020,92,9,RELLENO_NACIONAL_BENFORD
11,076,90,01,000021,84,8,RELLENO_NACIONAL_BENFORD
11,076,99,23,000004,87,8,RELLENO_NACIONAL_BENFORD
11,082,00,00,000004,89,8,RELLENO_NACIONAL_BENFORD
11,082,00,00,000008,98,9,RELLENO_NACIONAL_BENFORD
11,082,99,13,000001,9,9,RELLENO_NACIONAL_BENFORD
11,085,00,00,000002,81,8,RELLENO_NACIONAL_BENFORD
11,085,99,07,000001,97,9,RELLENO_NACIONAL_BENFORD
11,088,02,01,000011,90,9,RELLENO_NACIONAL_BENFORD
11,088,99,09,000001,92,9,RELLENO_NACIONAL_BENFORD
11,088,99,09,000002,86,8,RELLENO_NACIONAL_BENFORD
19,010,00,00,000021,87,8,RELLENO_NACIONAL_BENFORD
19,022,01,01,000019,88,8,RELLENO_NACIONAL_BENFORD
19,028,99,05,000003,81,8,RELLENO_NACIONAL_BENFORD
19,034,01,01,000020,87,8,RELLENO_NACIONAL_BENFORD
19,034,01,03,000014,94,9,RELLENO_NACIONAL_BENFORD
19,044,00,02,000006,88,8,RELLENO_NACIONAL_BENFORD
01,121,10,03,000020,97,9,RELLENO_NACIONAL_BENFORD
01,127,00,01,000003,98,9,RELLENO_NACIONAL_BENFORD
01,133,02,03,000012,93,9,RELLENO_NACIONAL_BENFORD
01,133,02,03,000017,93,9,RELLENO_NACIONAL_BENFORD
01,140,00,00,000007,99,9,RELLENO_NACIONAL_BENFORD
01,148,00,00,000008,92,9,RELLENO_NACIONAL_BENFORD
01,148,00,00,000010,92,9,RELLENO_NACIONAL_BENFORD
01,148,99,04,000001,88,8,RELLENO_NACIONAL_BENFORD
07,059,00,00,000012,94,9,RELLENO_NACIONAL_BENFORD
07,079,01,03,000012,83,8,RELLENO_NACIONAL_BENFORD
07,079,02,03,000025,85,8,RELLENO_NACIONAL_BENFORD
07,106,00,00,000024,98,9,RELLENO_NACIONAL_BENFORD
07,214,01,01,000015,95,9,RELLENO_NACIONAL_BENFORD
07,241,99,20,000001,94,9,RELLENO_NACIONAL_BENFORD
07,277,02,06,000017,84,8,RELLENO_NACIONAL_BENFORD
16,001,08,43,000028,88,8,RELLENO_NACIONAL_BENFORD
16,001,08,46,000009,81,8,RELLENO_NACIONAL_BENFORD
16,001,08,57,000025,93,9,RELLENO_NACIONAL_BENFORD
16,001,08,57,000027,84,8,RELLENO_NACIONAL_BENFORD
16,001,08,60,000030,80,8,RELLENO_NACIONAL_BENFORD
16,001,08,64,000035,87,8,RELLENO_NACIONAL_BENFORD
16,001,08,68,000010,87,8,RELLENO_NACIONAL_BENFORD
16,001,08,68,000016,90,9,RELLENO_NACIONAL_BENFORD
16,001,08,70,000014,91,9,RELLENO_NACIONAL_BENFORD
16,001,08,94,000008,82,8,RELLENO_NACIONAL_BENFORD
16,001,09,02,000024,84,8,RELLENO_NACIONAL_BENFORD
16,001,09,02,000031,80,8,RELLENO_NACIONAL_BENFORD
16,001,09,07,000023,90,9,RELLENO_NACIONAL_BENFORD
16,001,09,07,000029,86,8,RELLENO_NACIONAL_BENFORD
16,001,09,26,000023,84,8,RELLENO_NACIONAL_BENFORD
16,001,10,42,000038,97,9,RELLENO_NACIONAL_BENFORD
16,001,10,51,000005,92,9,RELLENO_NACIONAL_BENFORD
16,001,10,54,000032,83,8,RELLENO_NACIONAL_BENFORD
16,001,10,56,000006,84,8,RELLENO_NACIONAL_BENFORD
16,001,10,59,000015,85,8,RELLENO_NACIONAL_BENFORD
16,001,10,60,000006,81,8,RELLENO_NACIONAL_BENFORD
16,001,10,67,000029,94,9,RELLENO_NACIONAL_BENFORD
16,001,10,72,000005,94,9,RELLENO_NACIONAL_BENFORD
16,001,10,83,000010,94,9,RELLENO_NACIONAL_BENFORD
16,001,10,84,000008,84,8,RELLENO_NACIONAL_BENFORD
16,001,11,09,000018,97,9,RELLENO_NACIONAL_BENFORD
16,001,11,12,000022,84,8,RELLENO_NACIONAL_BENFORD
16,001,11,40,000026,97,9,RELLENO_NACIONAL_BENFORD
16,001,11,45,000010,91,9,RELLENO_NACIONAL_BENFORD
16,001,11,89,000039,83,8,RELLENO_NACIONAL_BENFORD
16,001,11,91,000009,98,9,RELLENO_NACIONAL_BENFORD
16,001,11,91,000018,92,9,RELLENO_NACIONAL_BENFORD
16,001,11,94,000013,92,9,RELLENO_NACIONAL_BENFORD
16,001,11,95,000041,85,8,RELLENO_NACIONAL_BENFORD
16,001,11,A8,000004,90,9,RELLENO_NACIONAL_BENFORD
16,001,12,02,000016,86,8,RELLENO_NACIONAL_BENFORD
16,001,12,04,000014,82,8,RELLENO_NACIONAL_BENFORD
16,001,12,07,000027,97,9,RELLENO_NACIONAL_BENFORD
16,001,12,08,000018,92,9,RELLENO_NACIONAL_BENFORD
16,001,12,10,000018,99,9,RELLENO_NACIONAL_BENFORD
16,001,12,15,000011,99,9,RELLENO_NACIONAL_BENFORD
16,001,12,17,000009,86,8,RELLENO_NACIONAL_BENFORD
16,001,12,18,000005,93,9,RELLENO_NACIONAL_BENFORD
16,001,12,26,000007,99,9,RELLENO_NACIONAL_BENFORD
16,001,13,07,000020,81,8,RELLENO_NACIONAL_BENFORD
16,001,13,10,000014,92,9,RELLENO_NACIONAL_BENFORD
16,001,13,18,000003,99,9,RELLENO_NACIONAL_BENFORD
16,001,14,10,000009,98,9,RELLENO_NACIONAL_BENFORD
16,001,14,15,000005,81,8,RELLENO_NACIONAL_BENFORD
16,001,14,17,000006,97,9,RELLENO_NACIONAL_BENFORD
16,001,14,20,000002,97,9,RELLENO_NACIONAL_BENFORD
16,001,15,10,000011,90,9,RELLENO_NACIONAL_BENFORD
29,055,02,03,000003,80,8,RELLENO_NACIONAL_BENFORD
29,058,01,01,000014,95,9,RELLENO_NACIONAL_BENFORD
09,130,02,03,000005,85,8,RELLENO_NACIONAL_BENFORD
09,130,99,06,000003,89,8,RELLENO_NACIONAL_BENFORD
11,001,01,02,000029,88,8,RELLENO_NACIONAL_BENFORD
16,001,19,29,000007,95,9,RELLENO_NACIONAL_BENFORD
16,001,19,32,000004,94,9,RELLENO_NACIONAL_BENFORD
16,001,19,33,000006,83,8,RELLENO_NACIONAL_BENFORD
16,001,19,46,000031,89,8,RELLENO_NACIONAL_BENFORD
16,001,19,48,000003,86,8,RELLENO_NACIONAL_BENFORD
16,001,19,48,000004,97,9,RELLENO_NACIONAL_BENFORD
16,001,19,50,000003,90,9,RELLENO_NACIONAL_BENFORD
16,001,90,01,000036,97,9,RELLENO_NACIONAL_BENFORD
01,058,99,08,000003,85,8,RELLENO_NACIONAL_BENFORD
01,070,01,03,000018,97,9,RELLENO_NACIONAL_BENFORD
01,073,00,00,000010,84,8,RELLENO_NACIONAL_BENFORD
01,073,00,00,000018,99,9,RELLENO_NACIONAL_BENFORD
01,082,01,02,000016,94,9,RELLENO_NACIONAL_BENFORD
29,085,00,00,000005,98,9,RELLENO_NACIONAL_BENFORD
29,089,99,60,000009,81,8,RELLENO_NACIONAL_BENFORD
29,091,00,00,000013,99,9,RELLENO_NACIONAL_BENFORD
29,100,00,00,000006,96,9,RELLENO_NACIONAL_BENFORD
11,001,04,02,000013,81,8,RELLENO_NACIONAL_BENFORD
11,001,05,01,000003,87,8,RELLENO_NACIONAL_BENFORD
11,001,06,02,000003,86,8,RELLENO_NACIONAL_BENFORD
11,001,90,01,000007,86,8,RELLENO_NACIONAL_BENFORD
11,001,90,01,000027,93,9,RELLENO_NACIONAL_BENFORD
11,001,99,21,000001,98,9,RELLENO_NACIONAL_BENFORD
11,007,99,49,000001,8,8,RELLENO_NACIONAL_BENFORD
17,016,00,00,000017,92,9,RELLENO_NACIONAL_BENFORD
17,043,99,29,000001,8,8,RELLENO_NACIONAL_BENFORD
17,082,00,00,000002,87,8,RELLENO_NACIONAL_BENFORD
01,088,02,01,000002,91,9,RELLENO_NACIONAL_BENFORD
01,088,02,05,000001,85,8,RELLENO_NACIONAL_BENFORD
01,088,02,05,000006,85,8,RELLENO_NACIONAL_BENFORD
07,001,01,05,000017,82,8,RELLENO_NACIONAL_BENFORD
07,001,01,06,000017,89,8,RELLENO_NACIONAL_BENFORD
07,001,03,05,000006,91,9,RELLENO_NACIONAL_BENFORD
07,008,99,27,000001,87,8,RELLENO_NACIONAL_BENFORD
07,049,00,00,000022,99,9,RELLENO_NACIONAL_BENFORD
07,070,99,23,000001,87,8,RELLENO_NACIONAL_BENFORD
07,184,00,00,000002,98,9,RELLENO_NACIONAL_BENFORD
07,214,02,02,000014,95,9,RELLENO_NACIONAL_BENFORD
07,251,00,00,000008,97,9,RELLENO_NACIONAL_BENFORD
16,001,08,45,000030,86,8,RELLENO_NACIONAL_BENFORD
16,001,08,47,000009,91,9,RELLENO_NACIONAL_BENFORD
16,001,08,55,000034,85,8,RELLENO_NACIONAL_BENFORD
16,001,08,57,000026,84,8,RELLENO_NACIONAL_BENFORD
16,001,08,60,000040,98,9,RELLENO_NACIONAL_BENFORD
16,001,08,62,000004,91,9,RELLENO_NACIONAL_BENFORD
16,001,08,68,000009,80,8,RELLENO_NACIONAL_BENFORD
16,001,08,70,000017,92,9,RELLENO_NACIONAL_BENFORD
16,001,08,70,000021,85,8,RELLENO_NACIONAL_BENFORD
16,001,08,75,000005,90,9,RELLENO_NACIONAL_BENFORD
16,001,08,C4,000002,85,8,RELLENO_NACIONAL_BENFORD
16,001,09,03,000029,99,9,RELLENO_NACIONAL_BENFORD
16,001,09,06,000024,95,9,RELLENO_NACIONAL_BENFORD
16,001,09,08,000020,93,9,RELLENO_NACIONAL_BENFORD
16,001,09,20,000011,90,9,RELLENO_NACIONAL_BENFORD
16,001,09,40,000002,86,8,RELLENO_NACIONAL_BENFORD
16,001,10,42,000022,90,9,RELLENO_NACIONAL_BENFORD
16,001,10,54,000024,85,8,RELLENO_NACIONAL_BENFORD
16,001,10,55,000024,82,8,RELLENO_NACIONAL_BENFORD
16,001,10,67,000024,80,8,RELLENO_NACIONAL_BENFORD
16,001,10,67,000039,91,9,RELLENO_NACIONAL_BENFORD
16,001,10,79,000004,85,8,RELLENO_NACIONAL_BENFORD
16,001,11,01,000054,80,8,RELLENO_NACIONAL_BENFORD
16,001,11,13,000016,90,9,RELLENO_NACIONAL_BENFORD
16,001,11,21,000017,95,9,RELLENO_NACIONAL_BENFORD
16,001,11,23,000016,98,9,RELLENO_NACIONAL_BENFORD
16,001,11,32,000024,81,8,RELLENO_NACIONAL_BENFORD
16,001,11,39,000013,89,8,RELLENO_NACIONAL_BENFORD
16,001,11,48,000017,84,8,RELLENO_NACIONAL_BENFORD
16,001,11,53,000033,93,9,RELLENO_NACIONAL_BENFORD
16,001,11,54,000034,86,8,RELLENO_NACIONAL_BENFORD
16,001,11,68,000001,81,8,RELLENO_NACIONAL_BENFORD
16,001,11,70,000024,81,8,RELLENO_NACIONAL_BENFORD
16,001,11,91,000013,92,9,RELLENO_NACIONAL_BENFORD
16,001,11,95,000029,95,9,RELLENO_NACIONAL_BENFORD
16,001,11,A7,000006,92,9,RELLENO_NACIONAL_BENFORD
16,001,11,A7,000007,89,8,RELLENO_NACIONAL_BENFORD
16,001,12,06,000019,92,9,RELLENO_NACIONAL_BENFORD
16,001,12,06,000021,90,9,RELLENO_NACIONAL_BENFORD
16,001,12,12,000010,92,9,RELLENO_NACIONAL_BENFORD
16,001,12,12,000012,85,8,RELLENO_NACIONAL_BENFORD
16,001,12,15,000012,82,8,RELLENO_NACIONAL_BENFORD
16,001,13,02,000008,84,8,RELLENO_NACIONAL_BENFORD
16,001,13,10,000013,95,9,RELLENO_NACIONAL_BENFORD
16,001,13,32,000013,89,8,RELLENO_NACIONAL_BENFORD
16,001,13,32,000023,89,8,RELLENO_NACIONAL_BENFORD
16,001,13,39,000003,86,8,RELLENO_NACIONAL_BENFORD
16,001,14,14,000003,80,8,RELLENO_NACIONAL_BENFORD
16,001,14,15,000006,97,9,RELLENO_NACIONAL_BENFORD
16,001,15,05,000023,97,9,RELLENO_NACIONAL_BENFORD
16,001,15,09,000014,80,8,RELLENO_NACIONAL_BENFORD
16,001,15,09,000016,91,9,RELLENO_NACIONAL_BENFORD
16,001,15,12,000023,80,8,RELLENO_NACIONAL_BENFORD
01,001,99,10,000018,92,9,RELLENO_NACIONAL_BENFORD
01,001,99,A2,000034,93,9,RELLENO_NACIONAL_BENFORD
29,058,01,02,000009,90,9,RELLENO_NACIONAL_BENFORD
09,103,99,01,000006,89,8,RELLENO_NACIONAL_BENFORD
09,103,99,01,000008,90,9,RELLENO_NACIONAL_BENFORD
09,106,00,00,000018,97,9,RELLENO_NACIONAL_BENFORD
09,120,00,00,000012,96,9,RELLENO_NACIONAL_BENFORD
09,130,02,01,000019,83,8,RELLENO_NACIONAL_BENFORD
09,133,00,01,000020,84,8,RELLENO_NACIONAL_BENFORD
11,001,03,02,000010,99,9,RELLENO_NACIONAL_BENFORD
16,001,19,25,000007,96,9,RELLENO_NACIONAL_BENFORD
16,001,19,25,000015,99,9,RELLENO_NACIONAL_BENFORD
16,001,19,32,000005,95,9,RELLENO_NACIONAL_BENFORD
16,001,19,35,000005,81,8,RELLENO_NACIONAL_BENFORD
16,001,19,39,000002,86,8,RELLENO_NACIONAL_BENFORD
16,001,19,43,000002,92,9,RELLENO_NACIONAL_BENFORD
16,001,19,44,000008,94,9,RELLENO_NACIONAL_BENFORD
16,001,19,47,000002,81,8,RELLENO_NACIONAL_BENFORD
16,001,19,76,000008,85,8,RELLENO_NACIONAL_BENFORD
16,001,20,03,000001,94,9,RELLENO_NACIONAL_BENFORD
16,001,90,01,000026,8,8,RELLENO_NACIONAL_BENFORD
16,001,90,01,000190,82,8,RELLENO_NACIONAL_BENFORD
01,062,99,22,000001,98,9,RELLENO_NACIONAL_BENFORD
01,064,99,05,000003,83,8,RELLENO_NACIONAL_BENFORD
01,067,00,00,000013,88,8,RELLENO_NACIONAL_BENFORD
01,070,02,01,000016,94,9,RELLENO_NACIONAL_BENFORD
01,070,02,02,000026,93,9,RELLENO_NACIONAL_BENFORD
01,070,03,03,000026,96,9,RELLENO_NACIONAL_BENFORD
01,079,00,00,000012,8,8,RELLENO_NACIONAL_BENFORD
29,064,02,02,000006,83,8,RELLENO_NACIONAL_BENFORD
29,073,90,01,000008,92,9,RELLENO_NACIONAL_BENFORD
29,073,99,25,000001,96,9,RELLENO_NACIONAL_BENFORD
29,076,02,03,000006,83,8,RELLENO_NACIONAL_BENFORD
29,079,99,50,000002,8,8,RELLENO_NACIONAL_BENFORD
29,080,00,00,000004,93,9,RELLENO_NACIONAL_BENFORD
29,085,00,00,000026,82,8,RELLENO_NACIONAL_BENFORD
29,089,00,00,000038,90,9,RELLENO_NACIONAL_BENFORD
29,089,00,00,000039,89,8,RELLENO_NACIONAL_BENFORD
29,094,00,00,000042,85,8,RELLENO_NACIONAL_BENFORD
29,097,00,02,000005,86,8,RELLENO_NACIONAL_BENFORD
29,097,00,02,000008,81,8,RELLENO_NACIONAL_BENFORD
29,097,99,01,000006,80,8,RELLENO_NACIONAL_BENFORD
29,103,00,00,000027,96,9,RELLENO_NACIONAL_BENFORD
29,105,99,18,000001,80,8,RELLENO_NACIONAL_BENFORD
11,001,04,02,000023,83,8,RELLENO_NACIONAL_BENFORD
11,001,05,01,000007,86,8,RELLENO_NACIONAL_BENFORD
11,001,05,02,000003,83,8,RELLENO_NACIONAL_BENFORD
11,001,05,03,000006,94,9,RELLENO_NACIONAL_BENFORD
11,001,90,01,000004,94,9,RELLENO_NACIONAL_BENFORD
11,001,90,01,000011,83,8,RELLENO_NACIONAL_BENFORD
11,001,99,17,000002,90,9,RELLENO_NACIONAL_BENFORD
11,001,99,25,000002,81,8,RELLENO_NACIONAL_BENFORD
11,016,00,00,000021,8,8,RELLENO_NACIONAL_BENFORD
11,019,00,01,000003,91,9,RELLENO_NACIONAL_BENFORD
17,004,99,03,000001,90,9,RELLENO_NACIONAL_BENFORD
17,004,99,14,000001,8,8,RELLENO_NACIONAL_BENFORD
17,010,99,53,000002,8,8,RELLENO_NACIONAL_BENFORD
17,011,99,10,000001,8,8,RELLENO_NACIONAL_BENFORD
17,016,00,00,000011,90,9,RELLENO_NACIONAL_BENFORD
17,019,99,05,000001,9,9,RELLENO_NACIONAL_BENFORD
17,019,99,41,000002,8,8,RELLENO_NACIONAL_BENFORD
17,034,99,29,000001,90,9,RELLENO_NACIONAL_BENFORD
17,035,00,00,000001,89,8,RELLENO_NACIONAL_BENFORD
17,082,99,07,000002,8,8,RELLENO_NACIONAL_BENFORD
19,001,01,01,000029,95,9,RELLENO_NACIONAL_BENFORD
01,088,01,02,000004,80,8,RELLENO_NACIONAL_BENFORD
01,088,02,03,000018,80,8,RELLENO_NACIONAL_BENFORD
01,088,02,04,000008,82,8,RELLENO_NACIONAL_BENFORD
01,088,02,04,000009,94,9,RELLENO_NACIONAL_BENFORD
01,088,02,08,000001,97,9,RELLENO_NACIONAL_BENFORD
01,088,99,01,000002,81,8,RELLENO_NACIONAL_BENFORD
28,001,06,05,000002,96,9,RELLENO_NACIONAL_BENFORD
28,120,99,85,000002,85,8,RELLENO_NACIONAL_BENFORD
07,079,01,02,000016,88,8,RELLENO_NACIONAL_BENFORD
07,079,01,06,000013,80,8,RELLENO_NACIONAL_BENFORD
07,079,90,01,000014,83,8,RELLENO_NACIONAL_BENFORD
07,079,99,07,000007,89,8,RELLENO_NACIONAL_BENFORD
07,091,00,00,000009,96,9,RELLENO_NACIONAL_BENFORD
07,160,99,63,000001,91,9,RELLENO_NACIONAL_BENFORD
07,181,02,02,000006,87,8,RELLENO_NACIONAL_BENFORD
07,199,00,00,000008,89,8,RELLENO_NACIONAL_BENFORD
07,277,01,01,000023,97,9,RELLENO_NACIONAL_BENFORD
07,277,02,03,000021,90,9,RELLENO_NACIONAL_BENFORD
16,001,08,38,000022,88,8,RELLENO_NACIONAL_BENFORD
16,001,08,38,000027,97,9,RELLENO_NACIONAL_BENFORD
16,001,08,42,000015,98,9,RELLENO_NACIONAL_BENFORD
16,001,08,48,000025,84,8,RELLENO_NACIONAL_BENFORD
16,001,08,60,000045,98,9,RELLENO_NACIONAL_BENFORD
16,001,08,65,000024,93,9,RELLENO_NACIONAL_BENFORD
16,001,08,66,000016,82,8,RELLENO_NACIONAL_BENFORD
16,001,08,68,000019,95,9,RELLENO_NACIONAL_BENFORD
16,001,08,71,000006,96,9,RELLENO_NACIONAL_BENFORD
16,001,08,C5,000004,96,9,RELLENO_NACIONAL_BENFORD
16,001,09,01,000048,83,8,RELLENO_NACIONAL_BENFORD
16,001,09,04,000024,82,8,RELLENO_NACIONAL_BENFORD
16,001,09,05,000019,82,8,RELLENO_NACIONAL_BENFORD
16,001,09,10,000013,95,9,RELLENO_NACIONAL_BENFORD
16,001,09,11,000026,80,8,RELLENO_NACIONAL_BENFORD
16,001,09,20,000009,92,9,RELLENO_NACIONAL_BENFORD
16,001,09,27,000022,96,9,RELLENO_NACIONAL_BENFORD
16,001,09,31,000007,83,8,RELLENO_NACIONAL_BENFORD
16,001,10,67,000025,85,8,RELLENO_NACIONAL_BENFORD
16,001,10,67,000034,86,8,RELLENO_NACIONAL_BENFORD
16,001,10,91,000004,84,8,RELLENO_NACIONAL_BENFORD
16,001,11,14,000007,80,8,RELLENO_NACIONAL_BENFORD
16,001,11,22,000022,86,8,RELLENO_NACIONAL_BENFORD
16,001,11,48,000011,80,8,RELLENO_NACIONAL_BENFORD
16,001,11,49,000022,81,8,RELLENO_NACIONAL_BENFORD
16,001,11,52,000014,81,8,RELLENO_NACIONAL_BENFORD
16,001,11,78,000045,96,9,RELLENO_NACIONAL_BENFORD
16,001,11,A7,000004,89,8,RELLENO_NACIONAL_BENFORD
16,001,12,06,000022,83,8,RELLENO_NACIONAL_BENFORD
16,001,12,08,000019,97,9,RELLENO_NACIONAL_BENFORD
16,001,13,08,000012,93,9,RELLENO_NACIONAL_BENFORD
16,001,13,24,000010,81,8,RELLENO_NACIONAL_BENFORD
16,001,13,26,000007,83,8,RELLENO_NACIONAL_BENFORD
16,001,13,32,000016,90,9,RELLENO_NACIONAL_BENFORD
16,001,14,05,000016,97,9,RELLENO_NACIONAL_BENFORD
16,001,14,06,000021,86,8,RELLENO_NACIONAL_BENFORD
16,001,14,08,000014,84,8,RELLENO_NACIONAL_BENFORD
16,001,14,16,000002,89,8,RELLENO_NACIONAL_BENFORD
16,001,14,18,000017,87,8,RELLENO_NACIONAL_BENFORD
16,001,15,05,000022,84,8,RELLENO_NACIONAL_BENFORD
16,001,15,06,000032,87,8,RELLENO_NACIONAL_BENFORD
16,001,15,07,000031,94,9,RELLENO_NACIONAL_BENFORD
16,001,15,12,000022,91,9,RELLENO_NACIONAL_BENFORD
16,001,15,14,000011,99,9,RELLENO_NACIONAL_BENFORD
01,001,99,17,000006,94,9,RELLENO_NACIONAL_BENFORD
01,001,99,A1,000042,83,8,RELLENO_NACIONAL_BENFORD
29,055,01,02,000012,95,9,RELLENO_NACIONAL_BENFORD
09,115,99,06,000002,93,9,RELLENO_NACIONAL_BENFORD
09,120,00,00,000010,85,8,RELLENO_NACIONAL_BENFORD
11,001,01,01,000024,91,9,RELLENO_NACIONAL_BENFORD
11,001,01,05,000006,81,8,RELLENO_NACIONAL_BENFORD
11,001,03,02,000008,80,8,RELLENO_NACIONAL_BENFORD
16,001,19,21,000002,97,9,RELLENO_NACIONAL_BENFORD
16,001,19,21,000004,82,8,RELLENO_NACIONAL_BENFORD
16,001,19,24,000015,86,8,RELLENO_NACIONAL_BENFORD
16,001,19,29,000015,93,9,RELLENO_NACIONAL_BENFORD
16,001,19,31,000035,89,8,RELLENO_NACIONAL_BENFORD
16,001,19,33,000007,84,8,RELLENO_NACIONAL_BENFORD
16,001,19,35,000007,90,9,RELLENO_NACIONAL_BENFORD
16,001,19,59,000046,81,8,RELLENO_NACIONAL_BENFORD
16,001,90,01,000039,83,8,RELLENO_NACIONAL_BENFORD
01,064,99,05,000006,88,8,RELLENO_NACIONAL_BENFORD
01,080,01,02,000003,82,8,RELLENO_NACIONAL_BENFORD
01,080,02,01,000015,80,8,RELLENO_NACIONAL_BENFORD
29,067,99,03,000001,86,8,RELLENO_NACIONAL_BENFORD
29,070,00,00,000014,97,9,RELLENO_NACIONAL_BENFORD
29,076,01,02,000013,84,8,RELLENO_NACIONAL_BENFORD
29,076,02,02,000009,92,9,RELLENO_NACIONAL_BENFORD
29,076,02,02,000017,92,9,RELLENO_NACIONAL_BENFORD
29,079,01,02,000013,94,9,RELLENO_NACIONAL_BENFORD
29,082,00,02,000001,94,9,RELLENO_NACIONAL_BENFORD
29,082,00,02,000002,99,9,RELLENO_NACIONAL_BENFORD
29,082,99,05,000004,80,8,RELLENO_NACIONAL_BENFORD
29,085,00,00,000018,86,8,RELLENO_NACIONAL_BENFORD
29,085,00,00,000027,86,8,RELLENO_NACIONAL_BENFORD
29,089,00,00,000031,85,8,RELLENO_NACIONAL_BENFORD
29,089,00,00,000036,82,8,RELLENO_NACIONAL_BENFORD
29,097,99,01,000007,88,8,RELLENO_NACIONAL_BENFORD
11,001,05,02,000019,99,9,RELLENO_NACIONAL_BENFORD
11,001,07,05,000003,91,9,RELLENO_NACIONAL_BENFORD
11,001,99,25,000001,94,9,RELLENO_NACIONAL_BENFORD
11,005,99,04,000003,8,8,RELLENO_NACIONAL_BENFORD
11,013,00,00,000019,82,8,RELLENO_NACIONAL_BENFORD
17,001,01,06,000004,8,8,RELLENO_NACIONAL_BENFORD
17,004,00,00,000002,89,8,RELLENO_NACIONAL_BENFORD
17,004,00,00,000010,84,8,RELLENO_NACIONAL_BENFORD
17,004,00,00,000012,80,8,RELLENO_NACIONAL_BENFORD
17,006,00,00,000006,8,8,RELLENO_NACIONAL_BENFORD
17,027,99,09,000001,8,8,RELLENO_NACIONAL_BENFORD
17,060,99,20,000003,8,8,RELLENO_NACIONAL_BENFORD
01,088,01,02,000002,99,9,RELLENO_NACIONAL_BENFORD
01,088,02,04,000006,83,8,RELLENO_NACIONAL_BENFORD
01,091,00,00,000022,84,8,RELLENO_NACIONAL_BENFORD
01,091,00,00,000031,93,9,RELLENO_NACIONAL_BENFORD
01,091,00,00,000036,86,8,RELLENO_NACIONAL_BENFORD
01,100,00,00,000040,93,9,RELLENO_NACIONAL_BENFORD
01,103,01,02,000017,98,9,RELLENO_NACIONAL_BENFORD
01,103,01,03,000010,92,9,RELLENO_NACIONAL_BENFORD
01,103,01,04,000015,97,9,RELLENO_NACIONAL_BENFORD
01,103,02,02,000043,81,8,RELLENO_NACIONAL_BENFORD
01,103,03,03,000019,82,8,RELLENO_NACIONAL_BENFORD
01,103,03,04,000004,94,9,RELLENO_NACIONAL_BENFORD
01,106,01,02,000003,99,9,RELLENO_NACIONAL_BENFORD
07,001,02,08,000007,87,8,RELLENO_NACIONAL_BENFORD
16,001,11,14,000005,83,8,RELLENO_NACIONAL_BENFORD
16,001,13,31,000005,94,9,RELLENO_NACIONAL_BENFORD
29,085,99,21,000001,99,9,RELLENO_NACIONAL_BENFORD
29,094,99,15,000002,9,9,RELLENO_NACIONAL_BENFORD
17,048,99,10,000002,92,9,RELLENO_NACIONAL_BENFORD
19,001,01,01,000040,84,8,RELLENO_NACIONAL_BENFORD
07,001,01,01,000020,96,9,RELLENO_NACIONAL_BENFORD
07,001,01,04,000017,99,9,RELLENO_NACIONAL_BENFORD
07,067,01,04,000009,95,9,RELLENO_NACIONAL_BENFORD
07,079,02,02,000028,87,8,RELLENO_NACIONAL_BENFORD
07,106,00,00,000017,84,8,RELLENO_NACIONAL_BENFORD
07,199,00,00,000011,91,9,RELLENO_NACIONAL_BENFORD
07,251,00,00,000006,98,9,RELLENO_NACIONAL_BENFORD
16,001,08,35,000027,81,8,RELLENO_NACIONAL_BENFORD
16,001,08,42,000023,88,8,RELLENO_NACIONAL_BENFORD
16,001,08,60,000035,98,9,RELLENO_NACIONAL_BENFORD
16,001,08,68,000017,83,8,RELLENO_NACIONAL_BENFORD
16,001,08,75,000007,84,8,RELLENO_NACIONAL_BENFORD
16,001,08,79,000002,86,8,RELLENO_NACIONAL_BENFORD
16,001,08,B7,000004,83,8,RELLENO_NACIONAL_BENFORD
16,001,09,02,000039,83,8,RELLENO_NACIONAL_BENFORD
16,001,10,42,000040,99,9,RELLENO_NACIONAL_BENFORD
16,001,10,52,000003,87,8,RELLENO_NACIONAL_BENFORD
16,001,10,54,000019,89,8,RELLENO_NACIONAL_BENFORD
16,001,10,67,000022,84,8,RELLENO_NACIONAL_BENFORD
16,001,10,76,000010,89,8,RELLENO_NACIONAL_BENFORD
16,001,10,81,000016,98,9,RELLENO_NACIONAL_BENFORD
16,001,10,82,000008,80,8,RELLENO_NACIONAL_BENFORD
16,001,10,85,000015,84,8,RELLENO_NACIONAL_BENFORD
16,001,10,85,000023,97,9,RELLENO_NACIONAL_BENFORD
16,001,10,86,000006,93,9,RELLENO_NACIONAL_BENFORD
16,001,11,12,000021,87,8,RELLENO_NACIONAL_BENFORD
16,001,11,16,000013,84,8,RELLENO_NACIONAL_BENFORD
16,001,11,41,000023,82,8,RELLENO_NACIONAL_BENFORD
16,001,11,45,000011,86,8,RELLENO_NACIONAL_BENFORD
16,001,11,49,000020,90,9,RELLENO_NACIONAL_BENFORD
16,001,11,67,000005,99,9,RELLENO_NACIONAL_BENFORD
16,001,11,70,000014,89,8,RELLENO_NACIONAL_BENFORD
16,001,11,73,000008,95,9,RELLENO_NACIONAL_BENFORD
16,001,11,90,000007,85,8,RELLENO_NACIONAL_BENFORD
16,001,11,91,000014,84,8,RELLENO_NACIONAL_BENFORD
16,001,11,95,000037,90,9,RELLENO_NACIONAL_BENFORD
16,001,11,B1,000008,88,8,RELLENO_NACIONAL_BENFORD
16,001,12,20,000010,96,9,RELLENO_NACIONAL_BENFORD
16,001,13,05,000020,80,8,RELLENO_NACIONAL_BENFORD
16,001,13,14,000009,91,9,RELLENO_NACIONAL_BENFORD
16,001,15,05,000020,99,9,RELLENO_NACIONAL_BENFORD
16,001,15,14,000012,98,9,RELLENO_NACIONAL_BENFORD
01,001,99,03,000026,82,8,RELLENO_NACIONAL_BENFORD
01,001,99,17,000008,83,8,RELLENO_NACIONAL_BENFORD
29,055,02,02,000014,88,8,RELLENO_NACIONAL_BENFORD
09,082,00,01,000021,93,9,RELLENO_NACIONAL_BENFORD
09,103,99,09,000002,82,8,RELLENO_NACIONAL_BENFORD
11,001,02,01,000006,99,9,RELLENO_NACIONAL_BENFORD
16,001,19,21,000001,88,8,RELLENO_NACIONAL_BENFORD
16,001,19,27,000003,89,8,RELLENO_NACIONAL_BENFORD
16,001,19,29,000008,84,8,RELLENO_NACIONAL_BENFORD
16,001,19,31,000034,96,9,RELLENO_NACIONAL_BENFORD
16,001,19,55,000002,92,9,RELLENO_NACIONAL_BENFORD
16,001,19,68,000009,90,9,RELLENO_NACIONAL_BENFORD
01,062,00,00,000004,93,9,RELLENO_NACIONAL_BENFORD
01,070,04,01,000007,86,8,RELLENO_NACIONAL_BENFORD
29,073,90,01,000010,86,8,RELLENO_NACIONAL_BENFORD
29,079,99,30,000002,89,8,RELLENO_NACIONAL_BENFORD
29,085,00,00,000006,99,9,RELLENO_NACIONAL_BENFORD
29,089,00,00,000006,87,8,RELLENO_NACIONAL_BENFORD
29,089,99,30,000005,93,9,RELLENO_NACIONAL_BENFORD
11,001,04,02,000018,98,9,RELLENO_NACIONAL_BENFORD
11,001,05,01,000008,84,8,RELLENO_NACIONAL_BENFORD
11,001,05,02,000012,98,9,RELLENO_NACIONAL_BENFORD
11,001,06,01,000008,92,9,RELLENO_NACIONAL_BENFORD
11,001,90,01,000003,95,9,RELLENO_NACIONAL_BENFORD
11,001,90,01,000009,81,8,RELLENO_NACIONAL_BENFORD
11,001,90,01,000026,94,9,RELLENO_NACIONAL_BENFORD
11,001,99,06,000001,98,9,RELLENO_NACIONAL_BENFORD
11,001,99,25,000003,95,9,RELLENO_NACIONAL_BENFORD
11,005,99,25,000001,9,9,RELLENO_NACIONAL_BENFORD
11,016,99,25,000006,84,8,RELLENO_NACIONAL_BENFORD
11,019,00,01,000004,90,9,RELLENO_NACIONAL_BENFORD
17,004,00,00,000009,98,9,RELLENO_NACIONAL_BENFORD
17,004,99,04,000003,82,8,RELLENO_NACIONAL_BENFORD
19,001,01,01,000027,96,9,RELLENO_NACIONAL_BENFORD
07,079,01,01,000017,98,9,RELLENO_NACIONAL_BENFORD
07,079,02,01,000018,90,9,RELLENO_NACIONAL_BENFORD
07,079,99,70,000003,81,8,RELLENO_NACIONAL_BENFORD
07,214,01,02,000019,91,9,RELLENO_NACIONAL_BENFORD
07,214,02,02,000012,97,9,RELLENO_NACIONAL_BENFORD
07,238,99,08,000002,80,8,RELLENO_NACIONAL_BENFORD
07,277,02,05,000026,91,9,RELLENO_NACIONAL_BENFORD
16,001,08,35,000031,97,9,RELLENO_NACIONAL_BENFORD
16,001,08,51,000019,95,9,RELLENO_NACIONAL_BENFORD
16,001,08,64,000034,85,8,RELLENO_NACIONAL_BENFORD
16,001,08,70,000015,98,9,RELLENO_NACIONAL_BENFORD
16,001,08,80,000028,80,8,RELLENO_NACIONAL_BENFORD
16,001,09,13,000014,85,8,RELLENO_NACIONAL_BENFORD
16,001,10,49,000005,85,8,RELLENO_NACIONAL_BENFORD
16,001,10,82,000010,98,9,RELLENO_NACIONAL_BENFORD
16,001,10,84,000007,90,9,RELLENO_NACIONAL_BENFORD
16,001,11,02,000019,85,8,RELLENO_NACIONAL_BENFORD
16,001,11,11,000046,94,9,RELLENO_NACIONAL_BENFORD
16,001,11,23,000015,87,8,RELLENO_NACIONAL_BENFORD
16,001,11,29,000017,97,9,RELLENO_NACIONAL_BENFORD
16,001,11,31,000032,98,9,RELLENO_NACIONAL_BENFORD
16,001,11,44,000014,93,9,RELLENO_NACIONAL_BENFORD
16,001,11,45,000014,92,9,RELLENO_NACIONAL_BENFORD
16,001,12,01,000017,96,9,RELLENO_NACIONAL_BENFORD
16,001,12,19,000014,88,8,RELLENO_NACIONAL_BENFORD
16,001,13,11,000008,87,8,RELLENO_NACIONAL_BENFORD
16,001,13,16,000005,84,8,RELLENO_NACIONAL_BENFORD
16,001,13,32,000012,80,8,RELLENO_NACIONAL_BENFORD
16,001,14,02,000005,93,9,RELLENO_NACIONAL_BENFORD
16,001,14,06,000017,80,8,RELLENO_NACIONAL_BENFORD
16,001,15,03,000018,90,9,RELLENO_NACIONAL_BENFORD
16,001,15,14,000010,80,8,RELLENO_NACIONAL_BENFORD
01,001,99,34,000012,93,9,RELLENO_NACIONAL_BENFORD
01,001,99,A5,000010,98,9,RELLENO_NACIONAL_BENFORD
16,001,19,26,000011,80,8,RELLENO_NACIONAL_BENFORD
16,001,19,28,000047,83,8,RELLENO_NACIONAL_BENFORD
16,001,19,45,000006,94,9,RELLENO_NACIONAL_BENFORD
16,001,90,01,000146,8,8,RELLENO_NACIONAL_BENFORD
01,058,01,02,000013,80,8,RELLENO_NACIONAL_BENFORD
01,058,01,02,000016,94,9,RELLENO_NACIONAL_BENFORD
01,070,05,02,000011,82,8,RELLENO_NACIONAL_BENFORD
01,070,05,02,000013,80,8,RELLENO_NACIONAL_BENFORD
01,080,01,03,000003,83,8,RELLENO_NACIONAL_BENFORD
29,070,99,05,000001,96,9,RELLENO_NACIONAL_BENFORD
29,073,02,02,000002,82,8,RELLENO_NACIONAL_BENFORD
29,076,02,01,000011,83,8,RELLENO_NACIONAL_BENFORD
29,076,02,01,000013,81,8,RELLENO_NACIONAL_BENFORD
29,079,01,03,000012,98,9,RELLENO_NACIONAL_BENFORD
29,079,02,01,000018,99,9,RELLENO_NACIONAL_BENFORD
29,082,00,01,000003,91,9,RELLENO_NACIONAL_BENFORD
29,085,00,00,000017,95,9,RELLENO_NACIONAL_BENFORD
29,085,00,00,000028,85,8,RELLENO_NACIONAL_BENFORD
29,103,00,00,000029,90,9,RELLENO_NACIONAL_BENFORD
29,103,00,00,000034,99,9,RELLENO_NACIONAL_BENFORD
29,105,00,00,000032,98,9,RELLENO_NACIONAL_BENFORD
11,001,06,01,000009,99,9,RELLENO_NACIONAL_BENFORD
11,001,07,01,000020,86,8,RELLENO_NACIONAL_BENFORD
11,004,00,00,000013,9,9,RELLENO_NACIONAL_BENFORD
11,006,99,10,000002,8,8,RELLENO_NACIONAL_BENFORD
11,007,00,00,000019,8,8,RELLENO_NACIONAL_BENFORD
11,013,00,00,000005,89,8,RELLENO_NACIONAL_BENFORD
11,013,00,00,000008,91,9,RELLENO_NACIONAL_BENFORD
17,013,00,00,000025,9,9,RELLENO_NACIONAL_BENFORD
17,013,99,30,000001,8,8,RELLENO_NACIONAL_BENFORD
17,043,00,00,000002,85,8,RELLENO_NACIONAL_BENFORD
17,043,99,01,000002,9,9,RELLENO_NACIONAL_BENFORD
19,001,01,01,000028,94,9,RELLENO_NACIONAL_BENFORD
01,088,01,01,000011,87,8,RELLENO_NACIONAL_BENFORD
01,088,99,05,000003,82,8,RELLENO_NACIONAL_BENFORD
01,091,00,00,000035,87,8,RELLENO_NACIONAL_BENFORD
01,100,00,00,000033,96,9,RELLENO_NACIONAL_BENFORD
01,103,01,03,000006,97,9,RELLENO_NACIONAL_BENFORD
01,103,02,04,000012,82,8,RELLENO_NACIONAL_BENFORD
01,103,03,02,000030,89,8,RELLENO_NACIONAL_BENFORD
01,106,01,01,000016,92,9,RELLENO_NACIONAL_BENFORD
01,106,01,02,000011,84,8,RELLENO_NACIONAL_BENFORD
01,106,03,01,000005,94,9,RELLENO_NACIONAL_BENFORD
29,121,00,00,000026,82,8,RELLENO_NACIONAL_BENFORD
29,121,00,00,000027,95,9,RELLENO_NACIONAL_BENFORD
29,124,00,00,000012,81,8,RELLENO_NACIONAL_BENFORD
29,124,00,00,000014,89,8,RELLENO_NACIONAL_BENFORD
31,001,01,03,000010,92,9,RELLENO_NACIONAL_BENFORD
31,001,01,03,000012,86,8,RELLENO_NACIONAL_BENFORD
31,001,01,07,000002,94,9,RELLENO_NACIONAL_BENFORD
31,001,02,03,000030,91,9,RELLENO_NACIONAL_BENFORD
31,001,02,04,000011,81,8,RELLENO_NACIONAL_BENFORD
31,001,03,04,000018,90,9,RELLENO_NACIONAL_BENFORD
31,001,03,04,000026,86,8,RELLENO_NACIONAL_BENFORD
31,001,04,05,000006,94,9,RELLENO_NACIONAL_BENFORD
01,103,01,04,000013,98,9,RELLENO_NACIONAL_BENFORD
01,103,01,04,000021,98,9,RELLENO_NACIONAL_BENFORD
01,103,01,05,000004,85,8,RELLENO_NACIONAL_BENFORD
01,103,02,02,000034,87,8,RELLENO_NACIONAL_BENFORD
01,103,03,02,000021,81,8,RELLENO_NACIONAL_BENFORD
01,103,03,02,000027,95,9,RELLENO_NACIONAL_BENFORD
01,106,01,01,000003,91,9,RELLENO_NACIONAL_BENFORD
01,106,01,01,000008,86,8,RELLENO_NACIONAL_BENFORD
29,121,00,00,000020,97,9,RELLENO_NACIONAL_BENFORD
29,121,00,00,000022,92,9,RELLENO_NACIONAL_BENFORD
29,127,00,00,000012,81,8,RELLENO_NACIONAL_BENFORD
31,001,01,02,000002,95,9,RELLENO_NACIONAL_BENFORD
31,001,03,02,000026,92,9,RELLENO_NACIONAL_BENFORD
31,001,03,04,000022,89,8,RELLENO_NACIONAL_BENFORD
31,001,04,05,000001,83,8,RELLENO_NACIONAL_BENFORD
31,001,05,02,000001,82,8,RELLENO_NACIONAL_BENFORD
31,001,05,02,000004,89,8,RELLENO_NACIONAL_BENFORD
31,001,05,02,000008,88,8,RELLENO_NACIONAL_BENFORD
31,001,05,03,000011,89,8,RELLENO_NACIONAL_BENFORD
31,001,05,04,000026,86,8,RELLENO_NACIONAL_BENFORD
31,001,06,02,000041,82,8,RELLENO_NACIONAL_BENFORD
31,001,06,04,000005,99,9,RELLENO_NACIONAL_BENFORD
11,022,99,07,000002,9,9,RELLENO_NACIONAL_BENFORD
11,022,99,19,000004,8,8,RELLENO_NACIONAL_BENFORD
11,025,00,00,000009,93,9,RELLENO_NACIONAL_BENFORD
11,025,99,08,000001,85,8,RELLENO_NACIONAL_BENFORD
11,025,99,09,000001,95,9,RELLENO_NACIONAL_BENFORD
11,025,99,13,000002,95,9,RELLENO_NACIONAL_BENFORD
11,025,99,23,000001,9,9,RELLENO_NACIONAL_BENFORD
11,027,00,00,000006,83,8,RELLENO_NACIONAL_BENFORD
11,031,99,29,000001,97,9,RELLENO_NACIONAL_BENFORD
11,034,99,03,000002,8,8,RELLENO_NACIONAL_BENFORD
11,040,99,01,000001,83,8,RELLENO_NACIONAL_BENFORD
11,040,99,17,000004,9,9,RELLENO_NACIONAL_BENFORD
11,040,99,21,000002,80,8,RELLENO_NACIONAL_BENFORD
11,052,00,01,000014,83,8,RELLENO_NACIONAL_BENFORD
11,055,99,49,000002,8,8,RELLENO_NACIONAL_BENFORD
11,060,99,30,000001,86,8,RELLENO_NACIONAL_BENFORD
11,060,99,30,000002,81,8,RELLENO_NACIONAL_BENFORD
11,061,00,01,000001,92,9,RELLENO_NACIONAL_BENFORD
19,001,01,02,000020,88,8,RELLENO_NACIONAL_BENFORD
19,001,01,05,000003,90,9,RELLENO_NACIONAL_BENFORD
19,001,01,06,000012,80,8,RELLENO_NACIONAL_BENFORD
19,001,01,07,000025,80,8,RELLENO_NACIONAL_BENFORD
19,001,02,01,000025,88,8,RELLENO_NACIONAL_BENFORD
19,001,02,01,000027,92,9,RELLENO_NACIONAL_BENFORD
13,001,01,04,000013,86,8,RELLENO_NACIONAL_BENFORD
13,001,02,04,000001,91,9,RELLENO_NACIONAL_BENFORD
13,001,02,05,000001,85,8,RELLENO_NACIONAL_BENFORD
13,001,02,08,000001,93,9,RELLENO_NACIONAL_BENFORD
21,016,01,02,000008,93,9,RELLENO_NACIONAL_BENFORD
21,016,01,03,000003,83,8,RELLENO_NACIONAL_BENFORD
21,025,02,01,000022,80,8,RELLENO_NACIONAL_BENFORD
21,025,99,29,000004,9,9,RELLENO_NACIONAL_BENFORD
21,031,01,03,000014,83,8,RELLENO_NACIONAL_BENFORD
21,040,99,04,000002,80,8,RELLENO_NACIONAL_BENFORD
13,001,05,01,000027,93,9,RELLENO_NACIONAL_BENFORD
13,001,05,02,000004,80,8,RELLENO_NACIONAL_BENFORD
13,001,05,02,000007,94,9,RELLENO_NACIONAL_BENFORD
13,001,05,02,000010,97,9,RELLENO_NACIONAL_BENFORD
13,001,06,04,000016,97,9,RELLENO_NACIONAL_BENFORD
13,001,06,04,000026,93,9,RELLENO_NACIONAL_BENFORD
13,001,07,01,000006,88,8,RELLENO_NACIONAL_BENFORD
13,001,90,01,000007,96,9,RELLENO_NACIONAL_BENFORD
13,001,90,01,000009,98,9,RELLENO_NACIONAL_BENFORD
13,001,99,21,000005,94,9,RELLENO_NACIONAL_BENFORD
13,001,99,27,000002,93,9,RELLENO_NACIONAL_BENFORD
13,001,99,32,000004,90,9,RELLENO_NACIONAL_BENFORD
13,004,01,02,000019,86,8,RELLENO_NACIONAL_BENFORD
13,004,02,01,000010,91,9,RELLENO_NACIONAL_BENFORD
13,004,99,23,000003,87,8,RELLENO_NACIONAL_BENFORD
13,007,00,01,000008,89,8,RELLENO_NACIONAL_BENFORD
13,007,99,10,000002,9,9,RELLENO_NACIONAL_BENFORD
13,009,99,10,000001,82,8,RELLENO_NACIONAL_BENFORD
13,010,01,01,000002,98,9,RELLENO_NACIONAL_BENFORD
13,010,02,01,000001,83,8,RELLENO_NACIONAL_BENFORD
13,010,02,03,000004,91,9,RELLENO_NACIONAL_BENFORD
13,010,02,03,000005,96,9,RELLENO_NACIONAL_BENFORD
13,013,02,02,000004,84,8,RELLENO_NACIONAL_BENFORD
13,013,99,01,000004,84,8,RELLENO_NACIONAL_BENFORD
13,013,99,09,000002,96,9,RELLENO_NACIONAL_BENFORD
13,013,99,10,000002,8,8,RELLENO_NACIONAL_BENFORD
13,016,00,00,000002,92,9,RELLENO_NACIONAL_BENFORD
13,019,99,18,000001,85,8,RELLENO_NACIONAL_BENFORD
13,019,99,22,000002,90,9,RELLENO_NACIONAL_BENFORD
13,019,99,72,000001,99,9,RELLENO_NACIONAL_BENFORD
13,022,01,01,000016,91,9,RELLENO_NACIONAL_BENFORD
13,022,01,02,000001,92,9,RELLENO_NACIONAL_BENFORD
13,022,01,02,000007,80,8,RELLENO_NACIONAL_BENFORD
13,022,02,02,000006,83,8,RELLENO_NACIONAL_BENFORD
13,022,02,05,000004,99,9,RELLENO_NACIONAL_BENFORD
13,022,02,06,000003,95,9,RELLENO_NACIONAL_BENFORD
13,022,99,05,000003,97,9,RELLENO_NACIONAL_BENFORD
13,022,99,10,000004,85,8,RELLENO_NACIONAL_BENFORD
13,022,99,25,000004,91,9,RELLENO_NACIONAL_BENFORD
13,022,99,38,000001,99,9,RELLENO_NACIONAL_BENFORD
13,022,99,52,000006,9,9,RELLENO_NACIONAL_BENFORD
13,023,00,00,000017,85,8,RELLENO_NACIONAL_BENFORD
13,025,01,01,000005,93,9,RELLENO_NACIONAL_BENFORD
13,025,02,04,000001,90,9,RELLENO_NACIONAL_BENFORD
13,027,00,01,000005,95,9,RELLENO_NACIONAL_BENFORD
13,027,99,03,000003,88,8,RELLENO_NACIONAL_BENFORD
13,028,01,02,000023,91,9,RELLENO_NACIONAL_BENFORD
13,028,99,09,000005,91,9,RELLENO_NACIONAL_BENFORD
13,028,99,12,000004,8,8,RELLENO_NACIONAL_BENFORD
13,031,99,03,000002,83,8,RELLENO_NACIONAL_BENFORD
13,031,99,09,000003,93,9,RELLENO_NACIONAL_BENFORD
13,032,99,45,000001,89,8,RELLENO_NACIONAL_BENFORD
13,032,99,45,000004,8,8,RELLENO_NACIONAL_BENFORD
13,033,99,90,000004,98,9,RELLENO_NACIONAL_BENFORD
13,034,00,00,000008,90,9,RELLENO_NACIONAL_BENFORD
13,037,01,03,000003,86,8,RELLENO_NACIONAL_BENFORD
13,037,01,03,000006,90,9,RELLENO_NACIONAL_BENFORD
13,037,02,01,000001,86,8,RELLENO_NACIONAL_BENFORD
13,037,02,01,000004,93,9,RELLENO_NACIONAL_BENFORD
13,037,02,02,000001,94,9,RELLENO_NACIONAL_BENFORD
13,037,02,04,000006,93,9,RELLENO_NACIONAL_BENFORD
13,037,99,01,000001,87,8,RELLENO_NACIONAL_BENFORD
13,037,99,02,000001,95,9,RELLENO_NACIONAL_BENFORD
13,037,99,23,000003,94,9,RELLENO_NACIONAL_BENFORD
13,040,00,01,000017,80,8,RELLENO_NACIONAL_BENFORD
13,040,00,01,000025,90,9,RELLENO_NACIONAL_BENFORD
13,043,99,04,000001,84,8,RELLENO_NACIONAL_BENFORD
13,046,00,02,000001,98,9,RELLENO_NACIONAL_BENFORD
13,046,99,05,000003,95,9,RELLENO_NACIONAL_BENFORD
13,055,99,01,000003,98,9,RELLENO_NACIONAL_BENFORD
13,055,99,03,000007,98,9,RELLENO_NACIONAL_BENFORD
13,058,01,01,000001,91,9,RELLENO_NACIONAL_BENFORD
13,058,01,02,000008,93,9,RELLENO_NACIONAL_BENFORD
13,058,02,03,000001,93,9,RELLENO_NACIONAL_BENFORD
13,058,02,05,000008,84,8,RELLENO_NACIONAL_BENFORD
13,058,99,09,000001,90,9,RELLENO_NACIONAL_BENFORD
13,058,99,18,000003,92,9,RELLENO_NACIONAL_BENFORD
13,058,99,26,000001,95,9,RELLENO_NACIONAL_BENFORD
13,058,99,27,000001,83,8,RELLENO_NACIONAL_BENFORD
13,061,00,02,000002,97,9,RELLENO_NACIONAL_BENFORD
13,061,99,10,000003,99,9,RELLENO_NACIONAL_BENFORD
13,061,99,17,000004,86,8,RELLENO_NACIONAL_BENFORD
15,030,00,00,000017,99,9,RELLENO_NACIONAL_BENFORD
15,031,01,02,000019,8,8,RELLENO_NACIONAL_BENFORD
15,031,01,04,000005,81,8,RELLENO_NACIONAL_BENFORD
15,031,02,07,000018,94,9,RELLENO_NACIONAL_BENFORD
15,043,00,01,000027,80,8,RELLENO_NACIONAL_BENFORD
15,055,01,02,000009,95,9,RELLENO_NACIONAL_BENFORD
15,055,02,02,000018,92,9,RELLENO_NACIONAL_BENFORD
15,055,02,04,000005,83,8,RELLENO_NACIONAL_BENFORD
15,055,02,06,000006,80,8,RELLENO_NACIONAL_BENFORD
15,067,00,02,000011,97,9,RELLENO_NACIONAL_BENFORD
15,067,00,02,000016,90,9,RELLENO_NACIONAL_BENFORD
15,072,02,01,000023,91,9,RELLENO_NACIONAL_BENFORD
15,076,01,01,000007,98,9,RELLENO_NACIONAL_BENFORD
15,076,01,04,000011,98,9,RELLENO_NACIONAL_BENFORD
15,076,02,03,000014,94,9,RELLENO_NACIONAL_BENFORD
15,076,02,03,000015,95,9,RELLENO_NACIONAL_BENFORD
31,031,01,02,000002,87,8,RELLENO_NACIONAL_BENFORD
31,031,01,02,000005,87,8,RELLENO_NACIONAL_BENFORD
31,031,99,09,000001,85,8,RELLENO_NACIONAL_BENFORD
31,034,04,05,000003,80,8,RELLENO_NACIONAL_BENFORD
31,034,05,06,000005,88,8,RELLENO_NACIONAL_BENFORD
31,034,99,13,000001,88,8,RELLENO_NACIONAL_BENFORD
31,046,00,00,000009,82,8,RELLENO_NACIONAL_BENFORD
31,046,00,00,000011,89,8,RELLENO_NACIONAL_BENFORD
31,049,01,04,000010,86,8,RELLENO_NACIONAL_BENFORD
31,049,02,02,000002,93,9,RELLENO_NACIONAL_BENFORD
31,049,02,02,000006,98,9,RELLENO_NACIONAL_BENFORD
31,049,99,29,000009,93,9,RELLENO_NACIONAL_BENFORD
31,052,00,00,000020,95,9,RELLENO_NACIONAL_BENFORD
31,052,00,00,000022,89,8,RELLENO_NACIONAL_BENFORD
31,055,01,01,000001,86,8,RELLENO_NACIONAL_BENFORD
31,055,01,03,000005,80,8,RELLENO_NACIONAL_BENFORD
31,055,02,02,000001,96,9,RELLENO_NACIONAL_BENFORD
31,061,99,09,000003,95,9,RELLENO_NACIONAL_BENFORD
31,064,01,03,000003,83,8,RELLENO_NACIONAL_BENFORD
31,064,02,05,000005,96,9,RELLENO_NACIONAL_BENFORD
31,064,04,01,000012,8,8,RELLENO_NACIONAL_BENFORD
31,067,00,01,000001,83,8,RELLENO_NACIONAL_BENFORD
31,070,01,04,000008,81,8,RELLENO_NACIONAL_BENFORD
19,001,04,02,000030,85,8,RELLENO_NACIONAL_BENFORD
19,001,04,05,000016,80,8,RELLENO_NACIONAL_BENFORD
19,001,05,04,000025,92,9,RELLENO_NACIONAL_BENFORD
19,001,05,04,000031,90,9,RELLENO_NACIONAL_BENFORD
19,001,99,03,000010,90,9,RELLENO_NACIONAL_BENFORD
01,106,04,03,000001,92,9,RELLENO_NACIONAL_BENFORD
01,117,02,02,000002,92,9,RELLENO_NACIONAL_BENFORD
01,121,04,03,000019,96,9,RELLENO_NACIONAL_BENFORD
01,121,06,02,000001,80,8,RELLENO_NACIONAL_BENFORD
01,121,07,01,000020,91,9,RELLENO_NACIONAL_BENFORD
31,001,07,02,000009,86,8,RELLENO_NACIONAL_BENFORD
31,001,07,02,000017,89,8,RELLENO_NACIONAL_BENFORD
31,001,07,02,000022,87,8,RELLENO_NACIONAL_BENFORD
31,001,07,03,000011,99,9,RELLENO_NACIONAL_BENFORD
31,001,07,04,000006,81,8,RELLENO_NACIONAL_BENFORD
31,001,08,02,000019,99,9,RELLENO_NACIONAL_BENFORD
31,001,08,05,000002,81,8,RELLENO_NACIONAL_BENFORD
31,001,09,01,000008,98,9,RELLENO_NACIONAL_BENFORD
31,001,09,05,000001,81,8,RELLENO_NACIONAL_BENFORD
31,001,10,01,000002,98,9,RELLENO_NACIONAL_BENFORD
31,001,10,01,000005,92,9,RELLENO_NACIONAL_BENFORD
31,001,10,04,000003,83,8,RELLENO_NACIONAL_BENFORD
31,001,11,01,000015,88,8,RELLENO_NACIONAL_BENFORD
31,001,11,01,000017,91,9,RELLENO_NACIONAL_BENFORD
31,001,14,01,000022,89,8,RELLENO_NACIONAL_BENFORD
31,001,14,02,000008,90,9,RELLENO_NACIONAL_BENFORD
31,001,14,02,000014,86,8,RELLENO_NACIONAL_BENFORD
31,001,14,02,000015,98,9,RELLENO_NACIONAL_BENFORD
31,001,15,04,000006,94,9,RELLENO_NACIONAL_BENFORD
11,061,00,01,000009,89,8,RELLENO_NACIONAL_BENFORD
11,061,00,01,000013,95,9,RELLENO_NACIONAL_BENFORD
11,070,00,00,000004,97,9,RELLENO_NACIONAL_BENFORD
11,070,00,00,000007,86,8,RELLENO_NACIONAL_BENFORD
11,076,01,01,000001,92,9,RELLENO_NACIONAL_BENFORD
11,076,01,01,000005,91,9,RELLENO_NACIONAL_BENFORD
11,076,01,01,000020,96,9,RELLENO_NACIONAL_BENFORD
11,076,01,04,000003,91,9,RELLENO_NACIONAL_BENFORD
11,076,90,01,000006,97,9,RELLENO_NACIONAL_BENFORD
11,076,99,27,000005,82,8,RELLENO_NACIONAL_BENFORD
11,082,00,00,000001,87,8,RELLENO_NACIONAL_BENFORD
11,087,00,00,000008,99,9,RELLENO_NACIONAL_BENFORD
11,088,01,01,000011,99,9,RELLENO_NACIONAL_BENFORD
11,088,01,02,000002,90,9,RELLENO_NACIONAL_BENFORD
11,088,99,05,000003,89,8,RELLENO_NACIONAL_BENFORD
11,088,99,24,000002,99,9,RELLENO_NACIONAL_BENFORD
11,094,99,01,000001,8,8,RELLENO_NACIONAL_BENFORD
11,094,99,09,000003,9,9,RELLENO_NACIONAL_BENFORD
11,097,99,07,000001,86,8,RELLENO_NACIONAL_BENFORD
19,010,00,00,000038,89,8,RELLENO_NACIONAL_BENFORD
19,034,02,01,000015,86,8,RELLENO_NACIONAL_BENFORD
19,034,02,01,000016,8,8,RELLENO_NACIONAL_BENFORD
19,034,99,02,000008,86,8,RELLENO_NACIONAL_BENFORD
19,043,00,00,000011,95,9,RELLENO_NACIONAL_BENFORD
19,044,00,01,000028,83,8,RELLENO_NACIONAL_BENFORD
19,047,00,00,000021,98,9,RELLENO_NACIONAL_BENFORD
01,088,02,03,000001,94,9,RELLENO_NACIONAL_BENFORD
01,088,02,03,000002,93,9,RELLENO_NACIONAL_BENFORD
01,088,02,04,000011,91,9,RELLENO_NACIONAL_BENFORD
01,103,02,04,000014,80,8,RELLENO_NACIONAL_BENFORD
01,103,03,01,000003,82,8,RELLENO_NACIONAL_BENFORD
01,103,99,02,000001,93,9,RELLENO_NACIONAL_BENFORD
01,106,01,02,000005,93,9,RELLENO_NACIONAL_BENFORD
01,106,03,01,000002,80,8,RELLENO_NACIONAL_BENFORD
31,001,01,02,000003,80,8,RELLENO_NACIONAL_BENFORD
31,001,03,01,000028,92,9,RELLENO_NACIONAL_BENFORD
31,001,03,05,000028,84,8,RELLENO_NACIONAL_BENFORD
31,001,04,03,000006,98,9,RELLENO_NACIONAL_BENFORD
31,001,04,05,000010,99,9,RELLENO_NACIONAL_BENFORD
31,001,05,03,000018,95,9,RELLENO_NACIONAL_BENFORD
31,001,05,04,000041,82,8,RELLENO_NACIONAL_BENFORD
31,001,05,04,000045,85,8,RELLENO_NACIONAL_BENFORD
31,001,05,06,000009,86,8,RELLENO_NACIONAL_BENFORD
11,025,99,92,000001,85,8,RELLENO_NACIONAL_BENFORD
11,031,99,15,000001,85,8,RELLENO_NACIONAL_BENFORD
11,034,99,05,000003,9,9,RELLENO_NACIONAL_BENFORD
11,037,00,00,000010,93,9,RELLENO_NACIONAL_BENFORD
11,040,99,24,000001,8,8,RELLENO_NACIONAL_BENFORD
11,049,00,01,000022,84,8,RELLENO_NACIONAL_BENFORD
11,052,99,01,000005,98,9,RELLENO_NACIONAL_BENFORD
11,052,99,30,000001,93,9,RELLENO_NACIONAL_BENFORD
11,052,99,30,000002,8,8,RELLENO_NACIONAL_BENFORD
11,055,99,33,000002,9,9,RELLENO_NACIONAL_BENFORD
11,058,99,16,000001,90,9,RELLENO_NACIONAL_BENFORD
13,001,01,01,000001,81,8,RELLENO_NACIONAL_BENFORD
13,001,01,04,000022,85,8,RELLENO_NACIONAL_BENFORD
13,001,01,07,000011,93,9,RELLENO_NACIONAL_BENFORD
13,001,01,07,000017,94,9,RELLENO_NACIONAL_BENFORD
13,001,02,06,000002,86,8,RELLENO_NACIONAL_BENFORD
13,001,02,06,000023,87,8,RELLENO_NACIONAL_BENFORD
13,001,03,02,000002,99,9,RELLENO_NACIONAL_BENFORD
13,001,03,03,000001,81,8,RELLENO_NACIONAL_BENFORD
13,001,03,03,000004,85,8,RELLENO_NACIONAL_BENFORD
13,001,03,04,000001,85,8,RELLENO_NACIONAL_BENFORD
13,001,03,04,000003,96,9,RELLENO_NACIONAL_BENFORD
13,001,04,07,000011,91,9,RELLENO_NACIONAL_BENFORD
21,015,00,00,000017,96,9,RELLENO_NACIONAL_BENFORD
21,015,00,00,000035,93,9,RELLENO_NACIONAL_BENFORD
21,016,01,01,000008,86,8,RELLENO_NACIONAL_BENFORD
21,016,01,02,000004,80,8,RELLENO_NACIONAL_BENFORD
21,016,02,01,000001,84,8,RELLENO_NACIONAL_BENFORD
21,025,01,01,000015,95,9,RELLENO_NACIONAL_BENFORD
21,025,99,05,000003,98,9,RELLENO_NACIONAL_BENFORD
21,025,99,11,000006,93,9,RELLENO_NACIONAL_BENFORD
21,025,99,38,000001,93,9,RELLENO_NACIONAL_BENFORD
21,031,02,01,000012,84,8,RELLENO_NACIONAL_BENFORD
21,031,02,01,000025,81,8,RELLENO_NACIONAL_BENFORD
21,031,02,02,000010,82,8,RELLENO_NACIONAL_BENFORD
21,031,02,03,000002,95,9,RELLENO_NACIONAL_BENFORD
21,031,99,40,000002,97,9,RELLENO_NACIONAL_BENFORD
21,040,00,00,000003,86,8,RELLENO_NACIONAL_BENFORD
21,040,99,02,000001,99,9,RELLENO_NACIONAL_BENFORD
13,001,05,01,000020,82,8,RELLENO_NACIONAL_BENFORD
13,001,05,02,000009,95,9,RELLENO_NACIONAL_BENFORD
13,001,06,04,000027,88,8,RELLENO_NACIONAL_BENFORD
13,001,07,01,000015,87,8,RELLENO_NACIONAL_BENFORD
13,001,07,02,000018,89,8,RELLENO_NACIONAL_BENFORD
13,001,99,33,000002,91,9,RELLENO_NACIONAL_BENFORD
13,001,99,39,000003,88,8,RELLENO_NACIONAL_BENFORD
13,001,99,43,000003,95,9,RELLENO_NACIONAL_BENFORD
13,001,99,53,000002,99,9,RELLENO_NACIONAL_BENFORD
13,001,99,55,000002,96,9,RELLENO_NACIONAL_BENFORD
13,007,00,01,000003,80,8,RELLENO_NACIONAL_BENFORD
13,009,99,11,000003,89,8,RELLENO_NACIONAL_BENFORD
13,010,01,01,000005,81,8,RELLENO_NACIONAL_BENFORD
13,010,01,03,000003,98,9,RELLENO_NACIONAL_BENFORD
13,010,02,01,000011,87,8,RELLENO_NACIONAL_BENFORD
13,010,02,02,000010,84,8,RELLENO_NACIONAL_BENFORD
13,014,99,25,000001,88,8,RELLENO_NACIONAL_BENFORD
13,016,00,00,000005,84,8,RELLENO_NACIONAL_BENFORD
13,016,99,05,000001,85,8,RELLENO_NACIONAL_BENFORD
13,019,01,01,000011,99,9,RELLENO_NACIONAL_BENFORD
13,020,00,01,000013,80,8,RELLENO_NACIONAL_BENFORD
13,022,01,01,000014,91,9,RELLENO_NACIONAL_BENFORD
13,022,01,03,000003,99,9,RELLENO_NACIONAL_BENFORD
13,022,02,05,000009,84,8,RELLENO_NACIONAL_BENFORD
13,022,99,05,000004,81,8,RELLENO_NACIONAL_BENFORD
13,022,99,26,000004,88,8,RELLENO_NACIONAL_BENFORD
13,023,99,50,000002,87,8,RELLENO_NACIONAL_BENFORD
13,023,99,60,000003,9,9,RELLENO_NACIONAL_BENFORD
13,024,00,00,000024,90,9,RELLENO_NACIONAL_BENFORD
13,024,00,00,000025,92,9,RELLENO_NACIONAL_BENFORD
13,025,01,01,000007,94,9,RELLENO_NACIONAL_BENFORD
13,025,02,01,000004,92,9,RELLENO_NACIONAL_BENFORD
13,031,99,07,000002,90,9,RELLENO_NACIONAL_BENFORD
13,034,00,00,000018,99,9,RELLENO_NACIONAL_BENFORD
13,037,01,02,000001,96,9,RELLENO_NACIONAL_BENFORD
13,037,02,02,000002,92,9,RELLENO_NACIONAL_BENFORD
13,037,02,02,000010,8,8,RELLENO_NACIONAL_BENFORD
13,037,02,05,000002,81,8,RELLENO_NACIONAL_BENFORD
13,037,99,15,000002,97,9,RELLENO_NACIONAL_BENFORD
13,040,99,06,000009,97,9,RELLENO_NACIONAL_BENFORD
13,040,99,31,000002,80,8,RELLENO_NACIONAL_BENFORD
13,040,99,33,000005,95,9,RELLENO_NACIONAL_BENFORD
13,049,00,02,000006,80,8,RELLENO_NACIONAL_BENFORD
13,049,00,02,000011,92,9,RELLENO_NACIONAL_BENFORD
13,049,00,02,000012,80,8,RELLENO_NACIONAL_BENFORD
13,049,99,05,000006,94,9,RELLENO_NACIONAL_BENFORD
13,055,00,01,000006,96,9,RELLENO_NACIONAL_BENFORD
13,055,00,02,000012,80,8,RELLENO_NACIONAL_BENFORD
13,055,99,15,000005,99,9,RELLENO_NACIONAL_BENFORD
13,058,01,02,000002,92,9,RELLENO_NACIONAL_BENFORD
13,058,01,02,000009,95,9,RELLENO_NACIONAL_BENFORD
13,058,99,26,000002,88,8,RELLENO_NACIONAL_BENFORD
13,060,00,01,000003,97,9,RELLENO_NACIONAL_BENFORD
13,060,00,01,000031,83,8,RELLENO_NACIONAL_BENFORD
13,060,00,02,000008,81,8,RELLENO_NACIONAL_BENFORD
13,061,00,01,000006,97,9,RELLENO_NACIONAL_BENFORD
15,013,00,00,000019,97,9,RELLENO_NACIONAL_BENFORD
15,019,99,01,000003,92,9,RELLENO_NACIONAL_BENFORD
15,029,00,00,000006,89,8,RELLENO_NACIONAL_BENFORD
15,030,00,00,000025,93,9,RELLENO_NACIONAL_BENFORD
15,031,01,01,000013,90,9,RELLENO_NACIONAL_BENFORD
15,031,01,02,000015,87,8,RELLENO_NACIONAL_BENFORD
15,040,99,02,000001,85,8,RELLENO_NACIONAL_BENFORD
15,046,01,01,000023,86,8,RELLENO_NACIONAL_BENFORD
15,046,02,02,000004,98,9,RELLENO_NACIONAL_BENFORD
15,046,02,02,000007,94,9,RELLENO_NACIONAL_BENFORD
15,055,01,02,000010,82,8,RELLENO_NACIONAL_BENFORD
15,055,01,02,000021,81,8,RELLENO_NACIONAL_BENFORD
15,055,01,02,000023,89,8,RELLENO_NACIONAL_BENFORD
15,055,01,04,000015,98,9,RELLENO_NACIONAL_BENFORD
15,055,01,04,000017,99,9,RELLENO_NACIONAL_BENFORD
15,055,02,09,000006,91,9,RELLENO_NACIONAL_BENFORD
15,067,00,03,000008,95,9,RELLENO_NACIONAL_BENFORD
15,072,02,01,000027,96,9,RELLENO_NACIONAL_BENFORD
15,076,02,02,000014,83,8,RELLENO_NACIONAL_BENFORD
31,031,99,22,000005,90,9,RELLENO_NACIONAL_BENFORD
31,031,99,23,000004,97,9,RELLENO_NACIONAL_BENFORD
31,031,99,40,000005,99,9,RELLENO_NACIONAL_BENFORD
31,034,02,04,000016,97,9,RELLENO_NACIONAL_BENFORD
31,034,05,06,000007,89,8,RELLENO_NACIONAL_BENFORD
31,037,99,69,000002,89,8,RELLENO_NACIONAL_BENFORD
31,040,00,00,000028,80,8,RELLENO_NACIONAL_BENFORD
31,049,99,29,000004,90,9,RELLENO_NACIONAL_BENFORD
31,058,99,01,000002,97,9,RELLENO_NACIONAL_BENFORD
31,058,99,03,000002,9,9,RELLENO_NACIONAL_BENFORD
31,064,01,01,000006,87,8,RELLENO_NACIONAL_BENFORD
31,064,02,04,000003,96,9,RELLENO_NACIONAL_BENFORD
31,064,02,04,000006,90,9,RELLENO_NACIONAL_BENFORD
31,064,03,04,000005,90,9,RELLENO_NACIONAL_BENFORD
31,064,03,04,000018,9,9,RELLENO_NACIONAL_BENFORD
31,064,99,37,000003,85,8,RELLENO_NACIONAL_BENFORD
31,067,00,01,000008,88,8,RELLENO_NACIONAL_BENFORD
31,067,99,02,000002,81,8,RELLENO_NACIONAL_BENFORD
31,070,02,02,000015,91,9,RELLENO_NACIONAL_BENFORD
19,001,03,03,000021,99,9,RELLENO_NACIONAL_BENFORD
19,001,04,03,000018,91,9,RELLENO_NACIONAL_BENFORD
19,001,04,04,000033,98,9,RELLENO_NACIONAL_BENFORD
19,001,04,04,000044,90,9,RELLENO_NACIONAL_BENFORD
19,001,05,04,000027,94,9,RELLENO_NACIONAL_BENFORD
19,001,06,02,000019,97,9,RELLENO_NACIONAL_BENFORD
19,001,06,04,000004,95,9,RELLENO_NACIONAL_BENFORD
19,001,06,04,000012,80,8,RELLENO_NACIONAL_BENFORD
01,109,00,01,000018,96,9,RELLENO_NACIONAL_BENFORD
01,109,00,02,000008,80,8,RELLENO_NACIONAL_BENFORD
01,109,99,70,000001,9,9,RELLENO_NACIONAL_BENFORD
01,112,00,00,000031,97,9,RELLENO_NACIONAL_BENFORD
01,117,01,01,000027,83,8,RELLENO_NACIONAL_BENFORD
01,117,02,02,000006,84,8,RELLENO_NACIONAL_BENFORD
01,121,04,03,000015,92,9,RELLENO_NACIONAL_BENFORD
31,001,07,02,000018,92,9,RELLENO_NACIONAL_BENFORD
31,001,08,04,000009,86,8,RELLENO_NACIONAL_BENFORD
31,001,09,03,000016,97,9,RELLENO_NACIONAL_BENFORD
31,001,11,01,000009,88,8,RELLENO_NACIONAL_BENFORD
31,001,11,02,000020,99,9,RELLENO_NACIONAL_BENFORD
31,001,11,03,000014,93,9,RELLENO_NACIONAL_BENFORD
31,001,11,04,000006,93,9,RELLENO_NACIONAL_BENFORD
31,001,12,02,000006,87,8,RELLENO_NACIONAL_BENFORD
31,001,12,02,000014,91,9,RELLENO_NACIONAL_BENFORD
31,001,13,01,000006,93,9,RELLENO_NACIONAL_BENFORD
31,001,13,04,000017,86,8,RELLENO_NACIONAL_BENFORD
31,001,14,01,000026,81,8,RELLENO_NACIONAL_BENFORD
31,001,15,02,000031,80,8,RELLENO_NACIONAL_BENFORD
11,061,99,49,000001,87,8,RELLENO_NACIONAL_BENFORD
11,064,99,05,000003,8,8,RELLENO_NACIONAL_BENFORD
11,070,00,00,000003,92,9,RELLENO_NACIONAL_BENFORD
11,076,01,01,000011,95,9,RELLENO_NACIONAL_BENFORD
11,082,00,00,000003,85,8,RELLENO_NACIONAL_BENFORD
11,082,99,17,000002,90,9,RELLENO_NACIONAL_BENFORD
11,085,99,07,000002,85,8,RELLENO_NACIONAL_BENFORD
11,085,99,16,000001,80,8,RELLENO_NACIONAL_BENFORD
11,086,99,70,000001,9,9,RELLENO_NACIONAL_BENFORD
11,087,00,00,000013,92,9,RELLENO_NACIONAL_BENFORD
11,087,00,00,000017,86,8,RELLENO_NACIONAL_BENFORD
11,087,00,00,000018,82,8,RELLENO_NACIONAL_BENFORD
11,088,01,01,000008,95,9,RELLENO_NACIONAL_BENFORD
11,088,99,17,000002,93,9,RELLENO_NACIONAL_BENFORD
11,094,00,00,000007,8,8,RELLENO_NACIONAL_BENFORD
11,094,00,00,000017,9,9,RELLENO_NACIONAL_BENFORD
19,010,00,00,000022,84,8,RELLENO_NACIONAL_BENFORD
19,010,99,01,000002,91,9,RELLENO_NACIONAL_BENFORD
19,022,02,01,000009,97,9,RELLENO_NACIONAL_BENFORD
19,049,01,02,000012,86,8,RELLENO_NACIONAL_BENFORD
01,127,00,01,000012,90,9,RELLENO_NACIONAL_BENFORD
01,130,00,00,000009,98,9,RELLENO_NACIONAL_BENFORD
01,133,01,02,000030,82,8,RELLENO_NACIONAL_BENFORD
01,133,02,02,000025,92,9,RELLENO_NACIONAL_BENFORD
01,133,02,03,000005,84,8,RELLENO_NACIONAL_BENFORD
01,142,02,02,000023,82,8,RELLENO_NACIONAL_BENFORD
31,001,16,04,000006,92,9,RELLENO_NACIONAL_BENFORD
31,001,16,04,000007,80,8,RELLENO_NACIONAL_BENFORD
31,001,17,02,000008,97,9,RELLENO_NACIONAL_BENFORD
31,001,17,02,000012,91,9,RELLENO_NACIONAL_BENFORD
31,001,17,04,000007,89,8,RELLENO_NACIONAL_BENFORD
31,001,18,05,000002,93,9,RELLENO_NACIONAL_BENFORD
31,001,18,05,000009,80,8,RELLENO_NACIONAL_BENFORD
31,001,19,02,000019,80,8,RELLENO_NACIONAL_BENFORD
31,001,19,04,000005,88,8,RELLENO_NACIONAL_BENFORD
31,001,20,02,000002,93,9,RELLENO_NACIONAL_BENFORD
31,001,20,03,000006,95,9,RELLENO_NACIONAL_BENFORD
31,001,21,01,000040,9,9,RELLENO_NACIONAL_BENFORD
31,001,22,02,000012,91,9,RELLENO_NACIONAL_BENFORD
31,001,23,01,000020,92,9,RELLENO_NACIONAL_BENFORD
12,001,01,07,000004,90,9,RELLENO_NACIONAL_BENFORD
12,001,02,02,000017,86,8,RELLENO_NACIONAL_BENFORD
12,001,02,04,000028,91,9,RELLENO_NACIONAL_BENFORD
12,001,02,06,000003,96,9,RELLENO_NACIONAL_BENFORD
12,001,02,08,000005,80,8,RELLENO_NACIONAL_BENFORD
12,001,03,02,000016,80,8,RELLENO_NACIONAL_BENFORD
12,001,03,02,000018,89,8,RELLENO_NACIONAL_BENFORD
12,001,03,03,000012,93,9,RELLENO_NACIONAL_BENFORD
12,001,03,03,000018,81,8,RELLENO_NACIONAL_BENFORD
12,001,03,04,000020,99,9,RELLENO_NACIONAL_BENFORD
12,001,03,04,000025,92,9,RELLENO_NACIONAL_BENFORD
12,001,03,04,000026,81,8,RELLENO_NACIONAL_BENFORD
12,001,04,01,000040,93,9,RELLENO_NACIONAL_BENFORD
12,001,04,05,000017,94,9,RELLENO_NACIONAL_BENFORD
12,001,05,02,000019,82,8,RELLENO_NACIONAL_BENFORD
12,001,05,03,000005,92,9,RELLENO_NACIONAL_BENFORD
12,001,05,04,000017,95,9,RELLENO_NACIONAL_BENFORD
12,001,05,07,000025,83,8,RELLENO_NACIONAL_BENFORD
19,049,02,02,000009,99,9,RELLENO_NACIONAL_BENFORD
19,049,02,03,000006,91,9,RELLENO_NACIONAL_BENFORD
19,049,99,01,000007,92,9,RELLENO_NACIONAL_BENFORD
19,049,99,09,000005,9,9,RELLENO_NACIONAL_BENFORD
19,051,00,00,000019,89,8,RELLENO_NACIONAL_BENFORD
19,061,01,01,000012,91,9,RELLENO_NACIONAL_BENFORD
19,061,01,02,000013,98,9,RELLENO_NACIONAL_BENFORD
19,061,01,05,000012,84,8,RELLENO_NACIONAL_BENFORD
19,061,01,06,000013,90,9,RELLENO_NACIONAL_BENFORD
19,061,02,03,000015,99,9,RELLENO_NACIONAL_BENFORD
19,061,99,01,000021,82,8,RELLENO_NACIONAL_BENFORD
19,064,00,00,000034,99,9,RELLENO_NACIONAL_BENFORD
19,064,00,00,000037,85,8,RELLENO_NACIONAL_BENFORD
01,151,02,01,000026,89,8,RELLENO_NACIONAL_BENFORD
01,151,03,02,000025,94,9,RELLENO_NACIONAL_BENFORD
01,151,03,03,000019,90,9,RELLENO_NACIONAL_BENFORD
01,151,04,04,000003,82,8,RELLENO_NACIONAL_BENFORD
01,151,08,01,000018,87,8,RELLENO_NACIONAL_BENFORD
01,001,99,B1,000029,80,8,RELLENO_NACIONAL_BENFORD
01,001,99,B2,000027,95,9,RELLENO_NACIONAL_BENFORD
01,001,99,B2,000033,92,9,RELLENO_NACIONAL_BENFORD
01,001,99,B3,000026,98,9,RELLENO_NACIONAL_BENFORD
01,001,99,B4,000014,88,8,RELLENO_NACIONAL_BENFORD
01,016,00,02,000009,95,9,RELLENO_NACIONAL_BENFORD
01,016,00,02,000010,96,9,RELLENO_NACIONAL_BENFORD
01,019,01,02,000008,80,8,RELLENO_NACIONAL_BENFORD
01,028,00,00,000011,96,9,RELLENO_NACIONAL_BENFORD
01,028,00,00,000022,86,8,RELLENO_NACIONAL_BENFORD
28,240,00,00,000025,97,9,RELLENO_NACIONAL_BENFORD
28,240,00,00,000034,91,9,RELLENO_NACIONAL_BENFORD
28,280,99,35,000003,86,8,RELLENO_NACIONAL_BENFORD
28,280,99,70,000001,81,8,RELLENO_NACIONAL_BENFORD
28,300,01,01,000003,91,9,RELLENO_NACIONAL_BENFORD
28,320,99,21,000002,8,8,RELLENO_NACIONAL_BENFORD
28,320,99,65,000001,95,9,RELLENO_NACIONAL_BENFORD
28,320,99,80,000008,99,9,RELLENO_NACIONAL_BENFORD
29,001,02,01,000024,87,8,RELLENO_NACIONAL_BENFORD
29,001,03,04,000011,86,8,RELLENO_NACIONAL_BENFORD
29,001,03,05,000015,87,8,RELLENO_NACIONAL_BENFORD
29,001,03,05,000018,80,8,RELLENO_NACIONAL_BENFORD
09,001,03,03,000009,97,9,RELLENO_NACIONAL_BENFORD
09,001,04,03,000010,85,8,RELLENO_NACIONAL_BENFORD
09,001,04,04,000008,99,9,RELLENO_NACIONAL_BENFORD
09,001,07,02,000013,80,8,RELLENO_NACIONAL_BENFORD
09,001,08,02,000008,84,8,RELLENO_NACIONAL_BENFORD
09,001,08,02,000009,89,8,RELLENO_NACIONAL_BENFORD
09,001,11,04,000022,87,8,RELLENO_NACIONAL_BENFORD
16,001,16,01,000011,86,8,RELLENO_NACIONAL_BENFORD
16,001,16,02,000017,88,8,RELLENO_NACIONAL_BENFORD
16,001,16,02,000020,88,8,RELLENO_NACIONAL_BENFORD
16,001,16,02,000021,95,9,RELLENO_NACIONAL_BENFORD
16,001,16,02,000023,84,8,RELLENO_NACIONAL_BENFORD
16,001,16,06,000015,99,9,RELLENO_NACIONAL_BENFORD
16,001,16,06,000017,93,9,RELLENO_NACIONAL_BENFORD
16,001,16,12,000011,86,8,RELLENO_NACIONAL_BENFORD
16,001,16,17,000015,90,9,RELLENO_NACIONAL_BENFORD
16,001,16,17,000016,80,8,RELLENO_NACIONAL_BENFORD
16,001,16,25,000008,94,9,RELLENO_NACIONAL_BENFORD
16,001,16,26,000010,81,8,RELLENO_NACIONAL_BENFORD
16,001,16,33,000006,94,9,RELLENO_NACIONAL_BENFORD
16,001,16,40,000006,84,8,RELLENO_NACIONAL_BENFORD
16,001,16,62,000003,81,8,RELLENO_NACIONAL_BENFORD
16,001,17,02,000015,80,8,RELLENO_NACIONAL_BENFORD
16,001,17,05,000002,99,9,RELLENO_NACIONAL_BENFORD
16,001,18,01,000012,85,8,RELLENO_NACIONAL_BENFORD
16,001,18,15,000003,81,8,RELLENO_NACIONAL_BENFORD
01,031,99,05,000002,93,9,RELLENO_NACIONAL_BENFORD
01,035,03,02,000001,92,9,RELLENO_NACIONAL_BENFORD
01,035,03,02,000012,96,9,RELLENO_NACIONAL_BENFORD
01,035,04,05,000012,97,9,RELLENO_NACIONAL_BENFORD
01,039,99,04,000001,82,8,RELLENO_NACIONAL_BENFORD
01,043,01,01,000015,91,9,RELLENO_NACIONAL_BENFORD
01,043,02,01,000006,90,9,RELLENO_NACIONAL_BENFORD
01,049,01,02,000019,80,8,RELLENO_NACIONAL_BENFORD
01,049,01,04,000012,87,8,RELLENO_NACIONAL_BENFORD
01,049,02,01,000042,96,9,RELLENO_NACIONAL_BENFORD
29,001,04,01,000017,88,8,RELLENO_NACIONAL_BENFORD
29,001,04,01,000020,93,9,RELLENO_NACIONAL_BENFORD
29,001,04,01,000023,83,8,RELLENO_NACIONAL_BENFORD
29,001,04,02,000011,94,9,RELLENO_NACIONAL_BENFORD
29,001,04,06,000023,80,8,RELLENO_NACIONAL_BENFORD
29,001,07,01,000018,83,8,RELLENO_NACIONAL_BENFORD
29,001,07,02,000015,82,8,RELLENO_NACIONAL_BENFORD
29,001,07,03,000019,83,8,RELLENO_NACIONAL_BENFORD
29,001,07,08,000015,95,9,RELLENO_NACIONAL_BENFORD
29,001,07,08,000019,88,8,RELLENO_NACIONAL_BENFORD
29,001,08,09,000011,81,8,RELLENO_NACIONAL_BENFORD
29,001,09,01,000025,85,8,RELLENO_NACIONAL_BENFORD
29,001,09,03,000010,94,9,RELLENO_NACIONAL_BENFORD
29,001,11,03,000023,81,8,RELLENO_NACIONAL_BENFORD
09,001,13,03,000004,89,8,RELLENO_NACIONAL_BENFORD
09,001,13,03,000008,96,9,RELLENO_NACIONAL_BENFORD
09,001,99,03,000007,98,9,RELLENO_NACIONAL_BENFORD
09,001,99,05,000009,85,8,RELLENO_NACIONAL_BENFORD
09,007,01,01,000008,86,8,RELLENO_NACIONAL_BENFORD
09,007,01,04,000011,87,8,RELLENO_NACIONAL_BENFORD
09,007,02,02,000005,91,9,RELLENO_NACIONAL_BENFORD
09,007,02,04,000011,99,9,RELLENO_NACIONAL_BENFORD
09,013,99,01,000001,89,8,RELLENO_NACIONAL_BENFORD
09,034,01,01,000026,82,8,RELLENO_NACIONAL_BENFORD
09,034,02,01,000010,90,9,RELLENO_NACIONAL_BENFORD
09,049,01,03,000018,95,9,RELLENO_NACIONAL_BENFORD
09,049,01,04,000006,83,8,RELLENO_NACIONAL_BENFORD
09,049,01,07,000007,98,9,RELLENO_NACIONAL_BENFORD
09,061,00,00,000024,89,8,RELLENO_NACIONAL_BENFORD
09,078,00,01,000009,86,8,RELLENO_NACIONAL_BENFORD
16,001,18,16,000008,99,9,RELLENO_NACIONAL_BENFORD
16,001,18,18,000007,99,9,RELLENO_NACIONAL_BENFORD
16,001,18,20,000024,91,9,RELLENO_NACIONAL_BENFORD
16,001,18,25,000005,93,9,RELLENO_NACIONAL_BENFORD
16,001,18,28,000015,87,8,RELLENO_NACIONAL_BENFORD
16,001,18,61,000001,91,9,RELLENO_NACIONAL_BENFORD
16,001,18,63,000003,96,9,RELLENO_NACIONAL_BENFORD
16,001,19,01,000003,94,9,RELLENO_NACIONAL_BENFORD
16,001,19,10,000003,82,8,RELLENO_NACIONAL_BENFORD
16,001,19,11,000005,95,9,RELLENO_NACIONAL_BENFORD
01,049,04,01,000012,81,8,RELLENO_NACIONAL_BENFORD
01,049,04,01,000022,9,9,RELLENO_NACIONAL_BENFORD
01,049,04,05,000014,88,8,RELLENO_NACIONAL_BENFORD
01,049,06,03,000028,82,8,RELLENO_NACIONAL_BENFORD
01,049,07,03,000019,86,8,RELLENO_NACIONAL_BENFORD
29,013,00,00,000011,98,9,RELLENO_NACIONAL_BENFORD
29,016,00,00,000006,84,8,RELLENO_NACIONAL_BENFORD
29,019,99,02,000001,83,8,RELLENO_NACIONAL_BENFORD
29,034,00,00,000011,94,9,RELLENO_NACIONAL_BENFORD
29,034,99,01,000007,98,9,RELLENO_NACIONAL_BENFORD
29,040,01,01,000015,84,8,RELLENO_NACIONAL_BENFORD
29,040,01,03,000008,92,9,RELLENO_NACIONAL_BENFORD
29,046,01,03,000014,91,9,RELLENO_NACIONAL_BENFORD
29,046,02,03,000008,98,9,RELLENO_NACIONAL_BENFORD
29,052,00,01,000032,91,9,RELLENO_NACIONAL_BENFORD
15,139,02,01,000036,89,8,RELLENO_NACIONAL_BENFORD
15,160,02,04,000012,84,8,RELLENO_NACIONAL_BENFORD
15,160,02,04,000013,81,8,RELLENO_NACIONAL_BENFORD
15,160,02,06,000015,9,9,RELLENO_NACIONAL_BENFORD
15,160,02,08,000019,85,8,RELLENO_NACIONAL_BENFORD
15,160,02,09,000003,85,8,RELLENO_NACIONAL_BENFORD
15,169,02,03,000019,92,9,RELLENO_NACIONAL_BENFORD
24,001,02,03,000005,94,9,RELLENO_NACIONAL_BENFORD
24,001,03,05,000016,87,8,RELLENO_NACIONAL_BENFORD
24,001,06,01,000018,90,9,RELLENO_NACIONAL_BENFORD
24,001,06,01,000022,86,8,RELLENO_NACIONAL_BENFORD
24,001,06,05,000010,88,8,RELLENO_NACIONAL_BENFORD
24,001,07,04,000003,92,9,RELLENO_NACIONAL_BENFORD
24,001,09,01,000017,91,9,RELLENO_NACIONAL_BENFORD
24,001,09,01,000021,91,9,RELLENO_NACIONAL_BENFORD
24,001,09,02,000032,85,8,RELLENO_NACIONAL_BENFORD
24,001,09,03,000014,84,8,RELLENO_NACIONAL_BENFORD
24,001,10,01,000036,89,8,RELLENO_NACIONAL_BENFORD
24,001,10,06,000009,80,8,RELLENO_NACIONAL_BENFORD
48,001,01,02,000010,85,8,RELLENO_NACIONAL_BENFORD
48,001,01,04,000006,98,9,RELLENO_NACIONAL_BENFORD
48,001,01,04,000011,95,9,RELLENO_NACIONAL_BENFORD
48,001,01,07,000001,88,8,RELLENO_NACIONAL_BENFORD
48,001,02,04,000012,98,9,RELLENO_NACIONAL_BENFORD
48,001,02,04,000019,99,9,RELLENO_NACIONAL_BENFORD
48,001,03,06,000002,82,8,RELLENO_NACIONAL_BENFORD
48,001,03,06,000015,93,9,RELLENO_NACIONAL_BENFORD
48,001,99,07,000002,83,8,RELLENO_NACIONAL_BENFORD
48,004,00,01,000007,88,8,RELLENO_NACIONAL_BENFORD
48,004,00,01,000013,88,8,RELLENO_NACIONAL_BENFORD
48,004,00,01,000025,83,8,RELLENO_NACIONAL_BENFORD
01,106,01,02,000008,85,8,RELLENO_NACIONAL_BENFORD
01,106,03,01,000004,92,9,RELLENO_NACIONAL_BENFORD
29,118,99,01,000002,94,9,RELLENO_NACIONAL_BENFORD
31,001,03,02,000025,89,8,RELLENO_NACIONAL_BENFORD
31,001,03,03,000033,83,8,RELLENO_NACIONAL_BENFORD
31,001,04,01,000006,97,9,RELLENO_NACIONAL_BENFORD
31,001,04,01,000010,83,8,RELLENO_NACIONAL_BENFORD
31,001,04,01,000012,92,9,RELLENO_NACIONAL_BENFORD
31,001,05,01,000006,98,9,RELLENO_NACIONAL_BENFORD
31,001,05,03,000004,84,8,RELLENO_NACIONAL_BENFORD
31,001,05,03,000012,86,8,RELLENO_NACIONAL_BENFORD
31,001,05,04,000043,83,8,RELLENO_NACIONAL_BENFORD
31,001,06,05,000014,89,8,RELLENO_NACIONAL_BENFORD
31,001,07,01,000020,96,9,RELLENO_NACIONAL_BENFORD
11,022,00,00,000008,83,8,RELLENO_NACIONAL_BENFORD
11,025,99,40,000002,82,8,RELLENO_NACIONAL_BENFORD
11,031,99,09,000003,80,8,RELLENO_NACIONAL_BENFORD
19,001,01,02,000017,81,8,RELLENO_NACIONAL_BENFORD
19,001,01,05,000004,98,9,RELLENO_NACIONAL_BENFORD
19,001,02,03,000002,95,9,RELLENO_NACIONAL_BENFORD
19,001,03,01,000011,93,9,RELLENO_NACIONAL_BENFORD
12,900,99,10,000003,98,9,RELLENO_NACIONAL_BENFORD
13,001,01,02,000017,96,9,RELLENO_NACIONAL_BENFORD
13,001,01,03,000019,88,8,RELLENO_NACIONAL_BENFORD
13,001,02,02,000009,84,8,RELLENO_NACIONAL_BENFORD
13,001,02,02,000011,97,9,RELLENO_NACIONAL_BENFORD
13,001,02,06,000007,96,9,RELLENO_NACIONAL_BENFORD
13,001,02,07,000004,81,8,RELLENO_NACIONAL_BENFORD
13,001,03,01,000001,84,8,RELLENO_NACIONAL_BENFORD
13,001,03,01,000023,9,9,RELLENO_NACIONAL_BENFORD
13,001,03,06,000014,83,8,RELLENO_NACIONAL_BENFORD
21,015,00,00,000025,95,9,RELLENO_NACIONAL_BENFORD
21,016,02,01,000008,91,9,RELLENO_NACIONAL_BENFORD
21,025,01,02,000011,85,8,RELLENO_NACIONAL_BENFORD
21,025,01,02,000012,89,8,RELLENO_NACIONAL_BENFORD
21,025,99,13,000003,85,8,RELLENO_NACIONAL_BENFORD
21,025,99,29,000002,81,8,RELLENO_NACIONAL_BENFORD
21,028,99,05,000002,80,8,RELLENO_NACIONAL_BENFORD
21,028,99,13,000002,8,8,RELLENO_NACIONAL_BENFORD
21,031,01,01,000001,90,9,RELLENO_NACIONAL_BENFORD
21,031,01,02,000009,83,8,RELLENO_NACIONAL_BENFORD
13,001,05,04,000003,95,9,RELLENO_NACIONAL_BENFORD
13,001,05,05,000010,99,9,RELLENO_NACIONAL_BENFORD
13,001,06,01,000020,89,8,RELLENO_NACIONAL_BENFORD
13,001,06,01,000021,87,8,RELLENO_NACIONAL_BENFORD
13,001,06,02,000016,93,9,RELLENO_NACIONAL_BENFORD
13,001,07,01,000010,98,9,RELLENO_NACIONAL_BENFORD
13,001,99,29,000011,93,9,RELLENO_NACIONAL_BENFORD
13,001,99,41,000003,93,9,RELLENO_NACIONAL_BENFORD
13,001,99,53,000004,84,8,RELLENO_NACIONAL_BENFORD
13,001,99,54,000005,93,9,RELLENO_NACIONAL_BENFORD
13,009,99,08,000001,82,8,RELLENO_NACIONAL_BENFORD
13,010,02,03,000016,95,9,RELLENO_NACIONAL_BENFORD
13,010,99,21,000004,88,8,RELLENO_NACIONAL_BENFORD
13,010,99,23,000003,86,8,RELLENO_NACIONAL_BENFORD
13,014,99,18,000003,89,8,RELLENO_NACIONAL_BENFORD
13,016,99,05,000003,80,8,RELLENO_NACIONAL_BENFORD
13,016,99,30,000001,83,8,RELLENO_NACIONAL_BENFORD
13,022,01,01,000004,87,8,RELLENO_NACIONAL_BENFORD
13,022,01,01,000015,99,9,RELLENO_NACIONAL_BENFORD
13,022,99,13,000004,80,8,RELLENO_NACIONAL_BENFORD
13,022,99,38,000004,93,9,RELLENO_NACIONAL_BENFORD
13,023,99,50,000001,86,8,RELLENO_NACIONAL_BENFORD
13,023,99,50,000003,81,8,RELLENO_NACIONAL_BENFORD
13,031,99,11,000004,87,8,RELLENO_NACIONAL_BENFORD
13,033,00,00,000012,84,8,RELLENO_NACIONAL_BENFORD
13,033,99,36,000004,94,9,RELLENO_NACIONAL_BENFORD
13,033,99,70,000003,82,8,RELLENO_NACIONAL_BENFORD
13,034,00,00,000020,97,9,RELLENO_NACIONAL_BENFORD
13,037,01,03,000005,80,8,RELLENO_NACIONAL_BENFORD
13,037,01,04,000013,9,9,RELLENO_NACIONAL_BENFORD
13,037,02,01,000006,96,9,RELLENO_NACIONAL_BENFORD
13,037,99,15,000001,93,9,RELLENO_NACIONAL_BENFORD
13,037,99,50,000001,96,9,RELLENO_NACIONAL_BENFORD
13,037,99,75,000003,96,9,RELLENO_NACIONAL_BENFORD
13,040,00,01,000004,89,8,RELLENO_NACIONAL_BENFORD
13,040,00,02,000015,83,8,RELLENO_NACIONAL_BENFORD
13,040,99,06,000011,9,9,RELLENO_NACIONAL_BENFORD
13,043,99,05,000005,80,8,RELLENO_NACIONAL_BENFORD
13,046,99,05,000004,88,8,RELLENO_NACIONAL_BENFORD
13,055,99,01,000008,84,8,RELLENO_NACIONAL_BENFORD
13,058,01,02,000003,98,9,RELLENO_NACIONAL_BENFORD
13,058,01,02,000010,90,9,RELLENO_NACIONAL_BENFORD
13,060,00,01,000019,84,8,RELLENO_NACIONAL_BENFORD
13,060,00,02,000006,86,8,RELLENO_NACIONAL_BENFORD
13,060,99,25,000003,9,9,RELLENO_NACIONAL_BENFORD
13,061,00,01,000029,88,8,RELLENO_NACIONAL_BENFORD
13,061,00,01,000033,80,8,RELLENO_NACIONAL_BENFORD
15,004,00,02,000007,90,9,RELLENO_NACIONAL_BENFORD
15,031,01,01,000011,94,9,RELLENO_NACIONAL_BENFORD
15,031,01,02,000016,88,8,RELLENO_NACIONAL_BENFORD
15,031,01,03,000017,98,9,RELLENO_NACIONAL_BENFORD
15,072,01,01,000024,83,8,RELLENO_NACIONAL_BENFORD
15,076,01,01,000013,83,8,RELLENO_NACIONAL_BENFORD
15,076,01,05,000010,84,8,RELLENO_NACIONAL_BENFORD
15,076,01,05,000011,83,8,RELLENO_NACIONAL_BENFORD
31,031,01,02,000003,95,9,RELLENO_NACIONAL_BENFORD
31,031,99,38,000007,86,8,RELLENO_NACIONAL_BENFORD
31,034,01,01,000002,97,9,RELLENO_NACIONAL_BENFORD
31,034,01,02,000006,98,9,RELLENO_NACIONAL_BENFORD
31,034,02,05,000027,83,8,RELLENO_NACIONAL_BENFORD
31,037,99,01,000014,83,8,RELLENO_NACIONAL_BENFORD
31,043,99,21,000003,82,8,RELLENO_NACIONAL_BENFORD
31,052,00,00,000021,97,9,RELLENO_NACIONAL_BENFORD
31,055,99,17,000001,9,9,RELLENO_NACIONAL_BENFORD
31,064,01,01,000008,88,8,RELLENO_NACIONAL_BENFORD
31,064,02,03,000013,89,8,RELLENO_NACIONAL_BENFORD
31,064,03,02,000004,97,9,RELLENO_NACIONAL_BENFORD
31,064,03,02,000008,86,8,RELLENO_NACIONAL_BENFORD
31,064,03,04,000007,98,9,RELLENO_NACIONAL_BENFORD
31,064,04,02,000028,88,8,RELLENO_NACIONAL_BENFORD
31,064,99,37,000001,92,9,RELLENO_NACIONAL_BENFORD
31,067,00,01,000009,95,9,RELLENO_NACIONAL_BENFORD
19,001,04,02,000022,86,8,RELLENO_NACIONAL_BENFORD
19,001,04,02,000033,82,8,RELLENO_NACIONAL_BENFORD
19,001,04,03,000016,98,9,RELLENO_NACIONAL_BENFORD
19,001,04,05,000022,83,8,RELLENO_NACIONAL_BENFORD
19,001,04,06,000006,94,9,RELLENO_NACIONAL_BENFORD
01,117,01,01,000001,81,8,RELLENO_NACIONAL_BENFORD
01,117,01,01,000008,92,9,RELLENO_NACIONAL_BENFORD
01,121,06,04,000017,94,9,RELLENO_NACIONAL_BENFORD
31,001,07,03,000009,97,9,RELLENO_NACIONAL_BENFORD
31,001,08,01,000001,86,8,RELLENO_NACIONAL_BENFORD
31,001,08,01,000004,90,9,RELLENO_NACIONAL_BENFORD
31,001,08,04,000006,92,9,RELLENO_NACIONAL_BENFORD
31,001,10,03,000010,90,9,RELLENO_NACIONAL_BENFORD
31,001,11,01,000008,80,8,RELLENO_NACIONAL_BENFORD
31,001,11,01,000011,97,9,RELLENO_NACIONAL_BENFORD
31,001,12,01,000012,99,9,RELLENO_NACIONAL_BENFORD
31,001,13,01,000001,98,9,RELLENO_NACIONAL_BENFORD
31,001,14,03,000034,93,9,RELLENO_NACIONAL_BENFORD
31,001,15,01,000006,91,9,RELLENO_NACIONAL_BENFORD
31,001,15,02,000037,8,8,RELLENO_NACIONAL_BENFORD
31,001,16,01,000007,88,8,RELLENO_NACIONAL_BENFORD
11,064,90,01,000012,8,8,RELLENO_NACIONAL_BENFORD
11,070,00,00,000009,98,9,RELLENO_NACIONAL_BENFORD
11,076,01,02,000007,90,9,RELLENO_NACIONAL_BENFORD
11,076,99,01,000005,9,9,RELLENO_NACIONAL_BENFORD
11,082,99,03,000001,8,8,RELLENO_NACIONAL_BENFORD
11,082,99,05,000003,8,8,RELLENO_NACIONAL_BENFORD
11,085,99,05,000001,90,9,RELLENO_NACIONAL_BENFORD
11,088,01,01,000012,89,8,RELLENO_NACIONAL_BENFORD
11,088,02,01,000004,91,9,RELLENO_NACIONAL_BENFORD
11,091,99,70,000001,8,8,RELLENO_NACIONAL_BENFORD
19,022,02,01,000010,8,8,RELLENO_NACIONAL_BENFORD
19,037,99,01,000012,91,9,RELLENO_NACIONAL_BENFORD
19,043,00,00,000019,8,8,RELLENO_NACIONAL_BENFORD
19,046,99,70,000007,9,9,RELLENO_NACIONAL_BENFORD
01,121,10,04,000024,92,9,RELLENO_NACIONAL_BENFORD
01,121,10,04,000029,90,9,RELLENO_NACIONAL_BENFORD
01,124,00,02,000004,96,9,RELLENO_NACIONAL_BENFORD
01,127,00,01,000011,96,9,RELLENO_NACIONAL_BENFORD
01,127,00,01,000021,94,9,RELLENO_NACIONAL_BENFORD
01,133,01,01,000014,81,8,RELLENO_NACIONAL_BENFORD
01,133,01,02,000025,92,9,RELLENO_NACIONAL_BENFORD
01,133,02,01,000023,86,8,RELLENO_NACIONAL_BENFORD
01,133,02,03,000016,86,8,RELLENO_NACIONAL_BENFORD
01,136,00,00,000014,99,9,RELLENO_NACIONAL_BENFORD
01,139,99,40,000001,84,8,RELLENO_NACIONAL_BENFORD
01,140,00,00,000012,85,8,RELLENO_NACIONAL_BENFORD
01,140,00,00,000013,92,9,RELLENO_NACIONAL_BENFORD
31,001,17,02,000003,87,8,RELLENO_NACIONAL_BENFORD
31,001,17,03,000004,85,8,RELLENO_NACIONAL_BENFORD
31,001,18,03,000011,83,8,RELLENO_NACIONAL_BENFORD
31,001,18,06,000006,91,9,RELLENO_NACIONAL_BENFORD
31,001,19,03,000002,84,8,RELLENO_NACIONAL_BENFORD
31,001,19,04,000004,87,8,RELLENO_NACIONAL_BENFORD
31,001,19,05,000001,91,9,RELLENO_NACIONAL_BENFORD
31,001,19,05,000007,82,8,RELLENO_NACIONAL_BENFORD
31,001,19,06,000008,94,9,RELLENO_NACIONAL_BENFORD
31,001,20,01,000023,9,9,RELLENO_NACIONAL_BENFORD
31,001,21,02,000004,84,8,RELLENO_NACIONAL_BENFORD
31,001,21,04,000005,84,8,RELLENO_NACIONAL_BENFORD
31,001,22,02,000002,82,8,RELLENO_NACIONAL_BENFORD
31,001,22,03,000005,88,8,RELLENO_NACIONAL_BENFORD
31,001,22,05,000001,93,9,RELLENO_NACIONAL_BENFORD
31,001,22,05,000024,9,9,RELLENO_NACIONAL_BENFORD
31,001,23,01,000011,89,8,RELLENO_NACIONAL_BENFORD
31,001,23,01,000013,89,8,RELLENO_NACIONAL_BENFORD
12,001,01,01,000019,94,9,RELLENO_NACIONAL_BENFORD
12,001,02,01,000025,89,8,RELLENO_NACIONAL_BENFORD
12,001,02,02,000009,81,8,RELLENO_NACIONAL_BENFORD
12,001,02,02,000016,87,8,RELLENO_NACIONAL_BENFORD
12,001,02,04,000029,85,8,RELLENO_NACIONAL_BENFORD
12,001,02,06,000005,94,9,RELLENO_NACIONAL_BENFORD
12,001,02,08,000011,93,9,RELLENO_NACIONAL_BENFORD
12,001,03,01,000001,96,9,RELLENO_NACIONAL_BENFORD
12,001,03,01,000011,80,8,RELLENO_NACIONAL_BENFORD
12,001,03,02,000013,88,8,RELLENO_NACIONAL_BENFORD
12,001,04,01,000030,99,9,RELLENO_NACIONAL_BENFORD
12,001,05,02,000024,82,8,RELLENO_NACIONAL_BENFORD
12,001,05,04,000001,89,8,RELLENO_NACIONAL_BENFORD
19,049,02,01,000014,96,9,RELLENO_NACIONAL_BENFORD
19,055,99,05,000003,98,9,RELLENO_NACIONAL_BENFORD
19,055,99,30,000005,90,9,RELLENO_NACIONAL_BENFORD
19,061,01,02,000017,93,9,RELLENO_NACIONAL_BENFORD
19,061,01,05,000010,89,8,RELLENO_NACIONAL_BENFORD
19,064,00,00,000036,98,9,RELLENO_NACIONAL_BENFORD
19,070,00,00,000001,98,9,RELLENO_NACIONAL_BENFORD
19,070,00,00,000036,85,8,RELLENO_NACIONAL_BENFORD
19,070,00,00,000049,86,8,RELLENO_NACIONAL_BENFORD
01,151,01,01,000035,84,8,RELLENO_NACIONAL_BENFORD
01,151,02,01,000052,94,9,RELLENO_NACIONAL_BENFORD
01,151,03,02,000024,88,8,RELLENO_NACIONAL_BENFORD
01,151,04,05,000007,81,8,RELLENO_NACIONAL_BENFORD
01,151,07,03,000010,99,9,RELLENO_NACIONAL_BENFORD
01,151,07,03,000011,96,9,RELLENO_NACIONAL_BENFORD
01,004,99,11,000002,9,9,RELLENO_NACIONAL_BENFORD
01,016,98,01,000001,8,8,RELLENO_NACIONAL_BENFORD
01,019,02,02,000003,90,9,RELLENO_NACIONAL_BENFORD
01,019,02,02,000007,89,8,RELLENO_NACIONAL_BENFORD
01,019,99,03,000002,9,9,RELLENO_NACIONAL_BENFORD
01,022,00,00,000013,90,9,RELLENO_NACIONAL_BENFORD
28,240,00,00,000037,94,9,RELLENO_NACIONAL_BENFORD
28,240,00,00,000041,90,9,RELLENO_NACIONAL_BENFORD
28,260,02,02,000006,96,9,RELLENO_NACIONAL_BENFORD
28,320,00,00,000009,84,8,RELLENO_NACIONAL_BENFORD
28,320,99,20,000002,89,8,RELLENO_NACIONAL_BENFORD
28,320,99,50,000003,99,9,RELLENO_NACIONAL_BENFORD
29,001,01,08,000021,98,9,RELLENO_NACIONAL_BENFORD
29,001,02,02,000010,95,9,RELLENO_NACIONAL_BENFORD
29,001,02,02,000013,94,9,RELLENO_NACIONAL_BENFORD
29,001,02,02,000023,9,9,RELLENO_NACIONAL_BENFORD
29,001,03,01,000012,93,9,RELLENO_NACIONAL_BENFORD
07,313,00,00,000023,92,9,RELLENO_NACIONAL_BENFORD
07,337,00,00,000032,99,9,RELLENO_NACIONAL_BENFORD
07,337,00,00,000033,91,9,RELLENO_NACIONAL_BENFORD
09,001,01,01,000012,88,8,RELLENO_NACIONAL_BENFORD
09,001,01,03,000018,99,9,RELLENO_NACIONAL_BENFORD
09,001,02,01,000002,92,9,RELLENO_NACIONAL_BENFORD
09,001,03,04,000012,83,8,RELLENO_NACIONAL_BENFORD
09,001,04,01,000015,94,9,RELLENO_NACIONAL_BENFORD
09,001,04,04,000007,91,9,RELLENO_NACIONAL_BENFORD
09,001,04,05,000003,82,8,RELLENO_NACIONAL_BENFORD
09,001,06,05,000008,98,9,RELLENO_NACIONAL_BENFORD
09,001,08,01,000015,97,9,RELLENO_NACIONAL_BENFORD
09,001,08,02,000010,88,8,RELLENO_NACIONAL_BENFORD
09,001,09,06,000017,88,8,RELLENO_NACIONAL_BENFORD
09,001,11,03,000008,94,9,RELLENO_NACIONAL_BENFORD
09,001,11,05,000008,95,9,RELLENO_NACIONAL_BENFORD
09,001,12,01,000018,81,8,RELLENO_NACIONAL_BENFORD
16,001,16,02,000016,80,8,RELLENO_NACIONAL_BENFORD
16,001,16,02,000025,93,9,RELLENO_NACIONAL_BENFORD
16,001,16,03,000016,93,9,RELLENO_NACIONAL_BENFORD
16,001,16,06,000016,85,8,RELLENO_NACIONAL_BENFORD
16,001,16,10,000012,90,9,RELLENO_NACIONAL_BENFORD
16,001,16,11,000007,99,9,RELLENO_NACIONAL_BENFORD
16,001,16,15,000013,97,9,RELLENO_NACIONAL_BENFORD
16,001,16,19,000016,85,8,RELLENO_NACIONAL_BENFORD
16,001,16,21,000024,86,8,RELLENO_NACIONAL_BENFORD
16,001,16,24,000011,91,9,RELLENO_NACIONAL_BENFORD
16,001,16,25,000005,96,9,RELLENO_NACIONAL_BENFORD
16,001,16,28,000005,97,9,RELLENO_NACIONAL_BENFORD
16,001,16,28,000006,92,9,RELLENO_NACIONAL_BENFORD
16,001,16,29,000004,93,9,RELLENO_NACIONAL_BENFORD
16,001,16,35,000009,80,8,RELLENO_NACIONAL_BENFORD
16,001,16,36,000006,81,8,RELLENO_NACIONAL_BENFORD
16,001,16,46,000008,86,8,RELLENO_NACIONAL_BENFORD
16,001,17,02,000004,93,9,RELLENO_NACIONAL_BENFORD
16,001,17,03,000003,80,8,RELLENO_NACIONAL_BENFORD
16,001,17,04,000002,99,9,RELLENO_NACIONAL_BENFORD
16,001,17,04,000006,84,8,RELLENO_NACIONAL_BENFORD
16,001,18,07,000020,82,8,RELLENO_NACIONAL_BENFORD
16,001,18,10,000016,98,9,RELLENO_NACIONAL_BENFORD
01,031,02,02,000010,95,9,RELLENO_NACIONAL_BENFORD
01,035,01,01,000025,9,9,RELLENO_NACIONAL_BENFORD
01,035,03,02,000016,83,8,RELLENO_NACIONAL_BENFORD
01,037,00,00,000016,82,8,RELLENO_NACIONAL_BENFORD
01,037,00,00,000029,89,8,RELLENO_NACIONAL_BENFORD
01,043,01,02,000011,88,8,RELLENO_NACIONAL_BENFORD
01,043,01,02,000017,82,8,RELLENO_NACIONAL_BENFORD
01,043,02,04,000025,86,8,RELLENO_NACIONAL_BENFORD
01,043,99,01,000010,97,9,RELLENO_NACIONAL_BENFORD
01,049,01,06,000020,86,8,RELLENO_NACIONAL_BENFORD
29,001,04,01,000019,89,8,RELLENO_NACIONAL_BENFORD
29,001,04,04,000032,92,9,RELLENO_NACIONAL_BENFORD
29,001,05,01,000028,94,9,RELLENO_NACIONAL_BENFORD
29,001,05,01,000032,99,9,RELLENO_NACIONAL_BENFORD
29,001,05,01,000034,86,8,RELLENO_NACIONAL_BENFORD
29,001,05,03,000017,80,8,RELLENO_NACIONAL_BENFORD
29,001,05,03,000019,90,9,RELLENO_NACIONAL_BENFORD
29,001,05,03,000020,86,8,RELLENO_NACIONAL_BENFORD
29,001,05,05,000009,96,9,RELLENO_NACIONAL_BENFORD
29,001,06,02,000002,88,8,RELLENO_NACIONAL_BENFORD
29,001,06,03,000032,94,9,RELLENO_NACIONAL_BENFORD
29,001,06,04,000015,81,8,RELLENO_NACIONAL_BENFORD
29,001,06,07,000009,85,8,RELLENO_NACIONAL_BENFORD
29,001,07,03,000021,86,8,RELLENO_NACIONAL_BENFORD
29,001,07,08,000013,91,9,RELLENO_NACIONAL_BENFORD
29,001,08,01,000016,88,8,RELLENO_NACIONAL_BENFORD
29,001,08,05,000022,84,8,RELLENO_NACIONAL_BENFORD
29,001,08,06,000012,82,8,RELLENO_NACIONAL_BENFORD
29,001,09,01,000026,81,8,RELLENO_NACIONAL_BENFORD
29,001,10,03,000022,95,9,RELLENO_NACIONAL_BENFORD
29,001,11,01,000011,87,8,RELLENO_NACIONAL_BENFORD
29,001,11,04,000017,82,8,RELLENO_NACIONAL_BENFORD
29,001,99,12,000004,98,9,RELLENO_NACIONAL_BENFORD
09,001,13,02,000012,92,9,RELLENO_NACIONAL_BENFORD
09,001,99,12,000001,80,8,RELLENO_NACIONAL_BENFORD
09,013,00,01,000018,93,9,RELLENO_NACIONAL_BENFORD
09,022,00,00,000015,91,9,RELLENO_NACIONAL_BENFORD
09,034,01,02,000014,88,8,RELLENO_NACIONAL_BENFORD
09,034,01,04,000004,88,8,RELLENO_NACIONAL_BENFORD
09,034,02,01,000011,94,9,RELLENO_NACIONAL_BENFORD
09,034,99,03,000003,97,9,RELLENO_NACIONAL_BENFORD
09,034,99,03,000004,92,9,RELLENO_NACIONAL_BENFORD
09,049,01,01,000019,92,9,RELLENO_NACIONAL_BENFORD
09,049,01,02,000019,85,8,RELLENO_NACIONAL_BENFORD
09,049,01,03,000019,91,9,RELLENO_NACIONAL_BENFORD
09,049,01,04,000010,94,9,RELLENO_NACIONAL_BENFORD
09,049,01,07,000002,85,8,RELLENO_NACIONAL_BENFORD
09,049,01,07,000004,94,9,RELLENO_NACIONAL_BENFORD
09,049,02,02,000027,84,8,RELLENO_NACIONAL_BENFORD
09,052,00,00,000008,95,9,RELLENO_NACIONAL_BENFORD
09,055,00,00,000024,96,9,RELLENO_NACIONAL_BENFORD
09,058,00,00,000001,88,8,RELLENO_NACIONAL_BENFORD
09,061,00,00,000022,93,9,RELLENO_NACIONAL_BENFORD
09,061,99,01,000002,83,8,RELLENO_NACIONAL_BENFORD
16,001,18,20,000015,92,9,RELLENO_NACIONAL_BENFORD
16,001,18,26,000006,86,8,RELLENO_NACIONAL_BENFORD
16,001,18,27,000004,99,9,RELLENO_NACIONAL_BENFORD
16,001,18,28,000005,97,9,RELLENO_NACIONAL_BENFORD
16,001,19,07,000010,84,8,RELLENO_NACIONAL_BENFORD
16,001,19,07,000011,89,8,RELLENO_NACIONAL_BENFORD
16,001,19,08,000008,82,8,RELLENO_NACIONAL_BENFORD
16,001,19,09,000009,83,8,RELLENO_NACIONAL_BENFORD
16,001,19,12,000009,87,8,RELLENO_NACIONAL_BENFORD
16,001,19,13,000010,98,9,RELLENO_NACIONAL_BENFORD
16,001,19,17,000003,82,8,RELLENO_NACIONAL_BENFORD
16,001,19,19,000005,98,9,RELLENO_NACIONAL_BENFORD
01,049,04,01,000003,98,9,RELLENO_NACIONAL_BENFORD
01,049,04,05,000010,80,8,RELLENO_NACIONAL_BENFORD
01,049,04,05,000011,86,8,RELLENO_NACIONAL_BENFORD
01,049,04,05,000018,91,9,RELLENO_NACIONAL_BENFORD
01,049,04,07,000020,92,9,RELLENO_NACIONAL_BENFORD
01,049,04,08,000015,88,8,RELLENO_NACIONAL_BENFORD
01,049,05,02,000014,81,8,RELLENO_NACIONAL_BENFORD
01,049,07,01,000020,99,9,RELLENO_NACIONAL_BENFORD
01,049,07,02,000017,96,9,RELLENO_NACIONAL_BENFORD
01,049,07,03,000011,86,8,RELLENO_NACIONAL_BENFORD
01,049,08,03,000019,83,8,RELLENO_NACIONAL_BENFORD
01,049,08,04,000029,97,9,RELLENO_NACIONAL_BENFORD
01,049,09,02,000003,96,9,RELLENO_NACIONAL_BENFORD
01,049,10,02,000023,98,9,RELLENO_NACIONAL_BENFORD
01,049,11,02,000028,95,9,RELLENO_NACIONAL_BENFORD
01,049,11,03,000015,96,9,RELLENO_NACIONAL_BENFORD
29,007,00,00,000013,93,9,RELLENO_NACIONAL_BENFORD
29,010,00,00,000014,93,9,RELLENO_NACIONAL_BENFORD
29,016,00,00,000005,80,8,RELLENO_NACIONAL_BENFORD
29,016,00,00,000008,86,8,RELLENO_NACIONAL_BENFORD
29,022,00,01,000014,92,9,RELLENO_NACIONAL_BENFORD
29,031,00,00,000008,87,8,RELLENO_NACIONAL_BENFORD
29,034,00,00,000006,88,8,RELLENO_NACIONAL_BENFORD
29,034,00,00,000031,86,8,RELLENO_NACIONAL_BENFORD
29,040,02,01,000007,82,8,RELLENO_NACIONAL_BENFORD
29,040,02,01,000008,93,9,RELLENO_NACIONAL_BENFORD
29,040,02,01,000009,85,8,RELLENO_NACIONAL_BENFORD
29,040,99,10,000001,89,8,RELLENO_NACIONAL_BENFORD
29,040,99,10,000004,91,9,RELLENO_NACIONAL_BENFORD
29,046,01,01,000009,90,9,RELLENO_NACIONAL_BENFORD
29,046,01,02,000004,81,8,RELLENO_NACIONAL_BENFORD
29,046,02,01,000013,91,9,RELLENO_NACIONAL_BENFORD
29,046,02,02,000005,82,8,RELLENO_NACIONAL_BENFORD
29,046,02,03,000013,99,9,RELLENO_NACIONAL_BENFORD
29,046,02,03,000015,84,8,RELLENO_NACIONAL_BENFORD
29,049,00,00,000008,96,9,RELLENO_NACIONAL_BENFORD
29,049,00,00,000009,82,8,RELLENO_NACIONAL_BENFORD
29,049,00,00,000010,96,9,RELLENO_NACIONAL_BENFORD
29,052,00,01,000035,95,9,RELLENO_NACIONAL_BENFORD
29,052,00,02,000007,98,9,RELLENO_NACIONAL_BENFORD
15,115,00,01,000030,90,9,RELLENO_NACIONAL_BENFORD
15,132,00,00,000019,91,9,RELLENO_NACIONAL_BENFORD
15,142,02,01,000018,95,9,RELLENO_NACIONAL_BENFORD
15,142,02,02,000005,92,9,RELLENO_NACIONAL_BENFORD
15,142,02,02,000015,84,8,RELLENO_NACIONAL_BENFORD
15,160,01,06,000013,84,8,RELLENO_NACIONAL_BENFORD
15,160,02,01,000014,87,8,RELLENO_NACIONAL_BENFORD
15,160,02,05,000004,82,8,RELLENO_NACIONAL_BENFORD
15,169,01,01,000018,84,8,RELLENO_NACIONAL_BENFORD
15,169,01,02,000011,81,8,RELLENO_NACIONAL_BENFORD
15,169,01,04,000006,95,9,RELLENO_NACIONAL_BENFORD
15,169,01,08,000012,86,8,RELLENO_NACIONAL_BENFORD
24,001,01,04,000006,8,8,RELLENO_NACIONAL_BENFORD
24,001,03,05,000017,83,8,RELLENO_NACIONAL_BENFORD
24,001,04,03,000024,88,8,RELLENO_NACIONAL_BENFORD
24,001,05,02,000005,94,9,RELLENO_NACIONAL_BENFORD
24,001,05,02,000042,87,8,RELLENO_NACIONAL_BENFORD
24,001,06,03,000020,87,8,RELLENO_NACIONAL_BENFORD
24,001,06,03,000022,84,8,RELLENO_NACIONAL_BENFORD
24,001,06,05,000015,93,9,RELLENO_NACIONAL_BENFORD
24,001,08,01,000025,89,8,RELLENO_NACIONAL_BENFORD
24,001,09,01,000020,82,8,RELLENO_NACIONAL_BENFORD
24,001,10,02,000034,90,9,RELLENO_NACIONAL_BENFORD
24,001,11,03,000029,88,8,RELLENO_NACIONAL_BENFORD
46,865,99,20,000001,80,8,RELLENO_NACIONAL_BENFORD
48,001,01,05,000007,92,9,RELLENO_NACIONAL_BENFORD
48,001,01,05,000010,83,8,RELLENO_NACIONAL_BENFORD
48,001,02,01,000004,94,9,RELLENO_NACIONAL_BENFORD
48,001,03,03,000007,89,8,RELLENO_NACIONAL_BENFORD
48,001,03,03,000021,85,8,RELLENO_NACIONAL_BENFORD
48,001,99,15,000001,9,9,RELLENO_NACIONAL_BENFORD
48,004,99,04,000002,90,9,RELLENO_NACIONAL_BENFORD
48,005,99,22,000007,90,9,RELLENO_NACIONAL_BENFORD
48,005,99,28,000005,8,8,RELLENO_NACIONAL_BENFORD
03,001,37,02,000005,94,9,RELLENO_NACIONAL_BENFORD
03,001,37,02,000008,88,8,RELLENO_NACIONAL_BENFORD
03,004,01,01,000003,90,9,RELLENO_NACIONAL_BENFORD
03,004,01,02,000007,83,8,RELLENO_NACIONAL_BENFORD
03,004,01,02,000008,88,8,RELLENO_NACIONAL_BENFORD
03,007,01,01,000012,84,8,RELLENO_NACIONAL_BENFORD
03,007,02,01,000004,93,9,RELLENO_NACIONAL_BENFORD
03,010,00,00,000016,92,9,RELLENO_NACIONAL_BENFORD
03,010,00,00,000019,90,9,RELLENO_NACIONAL_BENFORD
03,013,03,02,000019,86,8,RELLENO_NACIONAL_BENFORD
03,019,00,00,000019,89,8,RELLENO_NACIONAL_BENFORD
03,019,00,00,000029,81,8,RELLENO_NACIONAL_BENFORD
03,019,00,00,000032,81,8,RELLENO_NACIONAL_BENFORD
01,103,03,01,000007,90,9,RELLENO_NACIONAL_BENFORD
01,106,01,01,000018,85,8,RELLENO_NACIONAL_BENFORD
31,001,01,01,000001,90,9,RELLENO_NACIONAL_BENFORD
31,001,02,02,000008,83,8,RELLENO_NACIONAL_BENFORD
31,001,02,03,000038,96,9,RELLENO_NACIONAL_BENFORD
31,001,02,06,000036,87,8,RELLENO_NACIONAL_BENFORD
31,001,02,06,000037,96,9,RELLENO_NACIONAL_BENFORD
31,001,04,01,000004,83,8,RELLENO_NACIONAL_BENFORD
31,001,05,03,000009,85,8,RELLENO_NACIONAL_BENFORD
31,001,05,04,000039,96,9,RELLENO_NACIONAL_BENFORD
31,001,06,02,000046,83,8,RELLENO_NACIONAL_BENFORD
31,001,06,05,000021,93,9,RELLENO_NACIONAL_BENFORD
11,019,00,01,000007,81,8,RELLENO_NACIONAL_BENFORD
11,019,00,01,000008,83,8,RELLENO_NACIONAL_BENFORD
11,025,99,21,000004,99,9,RELLENO_NACIONAL_BENFORD
11,025,99,93,000001,9,9,RELLENO_NACIONAL_BENFORD
11,031,99,05,000002,9,9,RELLENO_NACIONAL_BENFORD
11,043,99,13,000001,8,8,RELLENO_NACIONAL_BENFORD
11,049,99,25,000001,8,8,RELLENO_NACIONAL_BENFORD
11,053,99,03,000002,8,8,RELLENO_NACIONAL_BENFORD
11,055,00,00,000002,87,8,RELLENO_NACIONAL_BENFORD
11,058,00,02,000002,95,9,RELLENO_NACIONAL_BENFORD
19,001,01,02,000023,96,9,RELLENO_NACIONAL_BENFORD
19,001,01,02,000031,81,8,RELLENO_NACIONAL_BENFORD
19,001,01,03,000020,82,8,RELLENO_NACIONAL_BENFORD
19,001,02,03,000012,85,8,RELLENO_NACIONAL_BENFORD
19,001,03,02,000004,80,8,RELLENO_NACIONAL_BENFORD
12,900,99,48,000001,87,8,RELLENO_NACIONAL_BENFORD
13,001,01,02,000014,81,8,RELLENO_NACIONAL_BENFORD
13,001,01,02,000016,84,8,RELLENO_NACIONAL_BENFORD
13,001,01,03,000004,98,9,RELLENO_NACIONAL_BENFORD
13,001,01,08,000004,95,9,RELLENO_NACIONAL_BENFORD
13,001,02,02,000010,84,8,RELLENO_NACIONAL_BENFORD
13,001,02,06,000015,90,9,RELLENO_NACIONAL_BENFORD
13,001,03,01,000019,83,8,RELLENO_NACIONAL_BENFORD
21,016,02,07,000011,83,8,RELLENO_NACIONAL_BENFORD
21,025,01,01,000013,80,8,RELLENO_NACIONAL_BENFORD
21,025,90,01,000008,89,8,RELLENO_NACIONAL_BENFORD
21,028,00,00,000014,95,9,RELLENO_NACIONAL_BENFORD
21,031,99,80,000004,97,9,RELLENO_NACIONAL_BENFORD
13,001,05,02,000008,99,9,RELLENO_NACIONAL_BENFORD
13,001,06,01,000022,95,9,RELLENO_NACIONAL_BENFORD
13,001,06,04,000030,87,8,RELLENO_NACIONAL_BENFORD
13,001,99,06,000013,91,9,RELLENO_NACIONAL_BENFORD
13,001,99,06,000015,80,8,RELLENO_NACIONAL_BENFORD
13,001,99,21,000004,92,9,RELLENO_NACIONAL_BENFORD
13,001,99,25,000005,85,8,RELLENO_NACIONAL_BENFORD
13,001,99,37,000006,97,9,RELLENO_NACIONAL_BENFORD
13,001,99,42,000002,96,9,RELLENO_NACIONAL_BENFORD
13,004,01,02,000001,95,9,RELLENO_NACIONAL_BENFORD
13,004,01,02,000003,95,9,RELLENO_NACIONAL_BENFORD
13,004,01,04,000001,99,9,RELLENO_NACIONAL_BENFORD
13,004,02,02,000006,88,8,RELLENO_NACIONAL_BENFORD
13,004,02,02,000007,93,9,RELLENO_NACIONAL_BENFORD
13,009,99,06,000002,87,8,RELLENO_NACIONAL_BENFORD
13,010,01,02,000014,99,9,RELLENO_NACIONAL_BENFORD
13,010,01,03,000006,89,8,RELLENO_NACIONAL_BENFORD
13,010,02,02,000011,95,9,RELLENO_NACIONAL_BENFORD
13,010,99,05,000001,84,8,RELLENO_NACIONAL_BENFORD
13,019,99,05,000006,99,9,RELLENO_NACIONAL_BENFORD
13,019,99,08,000001,91,9,RELLENO_NACIONAL_BENFORD
13,022,01,04,000002,93,9,RELLENO_NACIONAL_BENFORD
13,022,99,06,000003,83,8,RELLENO_NACIONAL_BENFORD
13,022,99,07,000001,95,9,RELLENO_NACIONAL_BENFORD
13,022,99,07,000002,88,8,RELLENO_NACIONAL_BENFORD
13,027,00,01,000001,88,8,RELLENO_NACIONAL_BENFORD
13,027,00,01,000016,84,8,RELLENO_NACIONAL_BENFORD
13,027,99,09,000003,83,8,RELLENO_NACIONAL_BENFORD
13,027,99,10,000001,96,9,RELLENO_NACIONAL_BENFORD
13,028,01,01,000026,83,8,RELLENO_NACIONAL_BENFORD
13,028,01,02,000003,99,9,RELLENO_NACIONAL_BENFORD
13,028,01,02,000030,80,8,RELLENO_NACIONAL_BENFORD
13,028,99,13,000002,91,9,RELLENO_NACIONAL_BENFORD
13,031,00,01,000021,86,8,RELLENO_NACIONAL_BENFORD
13,031,99,04,000005,86,8,RELLENO_NACIONAL_BENFORD
13,032,00,01,000007,86,8,RELLENO_NACIONAL_BENFORD
13,032,00,01,000013,97,9,RELLENO_NACIONAL_BENFORD
13,034,99,30,000003,88,8,RELLENO_NACIONAL_BENFORD
13,037,01,01,000008,99,9,RELLENO_NACIONAL_BENFORD
13,037,01,02,000006,94,9,RELLENO_NACIONAL_BENFORD
13,037,02,01,000002,90,9,RELLENO_NACIONAL_BENFORD
13,037,02,01,000011,80,8,RELLENO_NACIONAL_BENFORD
13,037,99,16,000001,99,9,RELLENO_NACIONAL_BENFORD
13,037,99,29,000002,87,8,RELLENO_NACIONAL_BENFORD
13,043,00,01,000029,81,8,RELLENO_NACIONAL_BENFORD
13,043,00,01,000031,84,8,RELLENO_NACIONAL_BENFORD
13,046,00,01,000002,83,8,RELLENO_NACIONAL_BENFORD
13,049,00,01,000008,84,8,RELLENO_NACIONAL_BENFORD
13,049,00,02,000009,88,8,RELLENO_NACIONAL_BENFORD
13,055,00,01,000016,87,8,RELLENO_NACIONAL_BENFORD
13,055,99,05,000011,85,8,RELLENO_NACIONAL_BENFORD
13,055,99,13,000001,82,8,RELLENO_NACIONAL_BENFORD
13,055,99,17,000001,91,9,RELLENO_NACIONAL_BENFORD
13,058,01,02,000007,98,9,RELLENO_NACIONAL_BENFORD
13,058,02,01,000005,92,9,RELLENO_NACIONAL_BENFORD
13,058,02,01,000008,93,9,RELLENO_NACIONAL_BENFORD
13,058,99,18,000004,95,9,RELLENO_NACIONAL_BENFORD
13,060,00,01,000027,91,9,RELLENO_NACIONAL_BENFORD
13,060,00,01,000030,83,8,RELLENO_NACIONAL_BENFORD
13,060,00,01,000035,85,8,RELLENO_NACIONAL_BENFORD
13,060,99,30,000004,97,9,RELLENO_NACIONAL_BENFORD
13,061,00,01,000035,87,8,RELLENO_NACIONAL_BENFORD
15,010,00,02,000009,99,9,RELLENO_NACIONAL_BENFORD
15,025,00,00,000016,88,8,RELLENO_NACIONAL_BENFORD
15,031,02,03,000020,88,8,RELLENO_NACIONAL_BENFORD
15,031,02,03,000022,85,8,RELLENO_NACIONAL_BENFORD
15,055,01,01,000025,97,9,RELLENO_NACIONAL_BENFORD
15,055,01,02,000026,90,9,RELLENO_NACIONAL_BENFORD
15,055,01,04,000013,98,9,RELLENO_NACIONAL_BENFORD
15,055,01,07,000004,84,8,RELLENO_NACIONAL_BENFORD
15,055,01,08,000005,98,9,RELLENO_NACIONAL_BENFORD
15,055,02,08,000004,92,9,RELLENO_NACIONAL_BENFORD
15,070,00,00,000009,91,9,RELLENO_NACIONAL_BENFORD
15,072,02,01,000008,86,8,RELLENO_NACIONAL_BENFORD
15,076,01,02,000002,97,9,RELLENO_NACIONAL_BENFORD
15,076,01,05,000012,83,8,RELLENO_NACIONAL_BENFORD
15,076,02,03,000024,91,9,RELLENO_NACIONAL_BENFORD
15,076,02,08,000005,88,8,RELLENO_NACIONAL_BENFORD
31,031,99,09,000004,81,8,RELLENO_NACIONAL_BENFORD
31,031,99,38,000003,99,9,RELLENO_NACIONAL_BENFORD
31,031,99,38,000011,95,9,RELLENO_NACIONAL_BENFORD
31,034,01,04,000008,95,9,RELLENO_NACIONAL_BENFORD
31,034,01,06,000012,88,8,RELLENO_NACIONAL_BENFORD
31,034,02,01,000002,91,9,RELLENO_NACIONAL_BENFORD
31,034,02,01,000004,98,9,RELLENO_NACIONAL_BENFORD
31,034,02,04,000021,93,9,RELLENO_NACIONAL_BENFORD
31,034,99,33,000010,83,8,RELLENO_NACIONAL_BENFORD
31,037,99,01,000018,87,8,RELLENO_NACIONAL_BENFORD
31,037,99,13,000001,8,8,RELLENO_NACIONAL_BENFORD
31,049,01,01,000002,95,9,RELLENO_NACIONAL_BENFORD
31,052,00,00,000019,91,9,RELLENO_NACIONAL_BENFORD
31,058,99,01,000003,96,9,RELLENO_NACIONAL_BENFORD
31,061,00,01,000014,85,8,RELLENO_NACIONAL_BENFORD
31,061,00,01,000015,99,9,RELLENO_NACIONAL_BENFORD
31,061,00,01,000025,91,9,RELLENO_NACIONAL_BENFORD
31,061,99,13,000001,81,8,RELLENO_NACIONAL_BENFORD
31,064,02,04,000011,91,9,RELLENO_NACIONAL_BENFORD
31,064,02,04,000013,94,9,RELLENO_NACIONAL_BENFORD
31,064,04,04,000006,90,9,RELLENO_NACIONAL_BENFORD
31,067,99,01,000001,93,9,RELLENO_NACIONAL_BENFORD
19,001,04,04,000035,88,8,RELLENO_NACIONAL_BENFORD
19,001,06,02,000020,85,8,RELLENO_NACIONAL_BENFORD
19,001,06,02,000022,86,8,RELLENO_NACIONAL_BENFORD
01,106,04,01,000005,98,9,RELLENO_NACIONAL_BENFORD
01,117,02,01,000008,96,9,RELLENO_NACIONAL_BENFORD
01,117,99,60,000002,88,8,RELLENO_NACIONAL_BENFORD
31,001,07,02,000004,92,9,RELLENO_NACIONAL_BENFORD
31,001,07,05,000004,92,9,RELLENO_NACIONAL_BENFORD
31,001,07,05,000007,87,8,RELLENO_NACIONAL_BENFORD
31,001,08,05,000001,87,8,RELLENO_NACIONAL_BENFORD
31,001,10,04,000002,82,8,RELLENO_NACIONAL_BENFORD
31,001,10,04,000010,93,9,RELLENO_NACIONAL_BENFORD
31,001,12,02,000002,90,9,RELLENO_NACIONAL_BENFORD
31,001,13,03,000001,90,9,RELLENO_NACIONAL_BENFORD
31,001,14,02,000006,97,9,RELLENO_NACIONAL_BENFORD
31,001,14,04,000005,90,9,RELLENO_NACIONAL_BENFORD
31,001,15,02,000033,81,8,RELLENO_NACIONAL_BENFORD
31,001,16,01,000023,97,9,RELLENO_NACIONAL_BENFORD
11,061,00,01,000008,89,8,RELLENO_NACIONAL_BENFORD
11,061,00,01,000011,86,8,RELLENO_NACIONAL_BENFORD
11,061,00,01,000018,98,9,RELLENO_NACIONAL_BENFORD
11,061,99,20,000003,9,9,RELLENO_NACIONAL_BENFORD
11,076,02,01,000001,95,9,RELLENO_NACIONAL_BENFORD
11,076,02,01,000008,84,8,RELLENO_NACIONAL_BENFORD
11,076,90,01,000023,99,9,RELLENO_NACIONAL_BENFORD
11,086,99,55,000001,8,8,RELLENO_NACIONAL_BENFORD
19,004,99,71,000002,89,8,RELLENO_NACIONAL_BENFORD
19,016,00,00,000007,99,9,RELLENO_NACIONAL_BENFORD
19,022,01,01,000028,86,8,RELLENO_NACIONAL_BENFORD
19,034,01,02,000022,86,8,RELLENO_NACIONAL_BENFORD
19,034,99,05,000003,97,9,RELLENO_NACIONAL_BENFORD
19,044,00,01,000031,92,9,RELLENO_NACIONAL_BENFORD
19,049,01,03,000004,99,9,RELLENO_NACIONAL_BENFORD
01,124,00,01,000030,99,9,RELLENO_NACIONAL_BENFORD
01,127,00,01,000025,94,9,RELLENO_NACIONAL_BENFORD
01,133,01,02,000026,82,8,RELLENO_NACIONAL_BENFORD
31,001,16,03,000006,98,9,RELLENO_NACIONAL_BENFORD
31,001,16,04,000002,88,8,RELLENO_NACIONAL_BENFORD
31,001,16,04,000003,92,9,RELLENO_NACIONAL_BENFORD
31,001,16,04,000013,90,9,RELLENO_NACIONAL_BENFORD
31,001,16,04,000014,96,9,RELLENO_NACIONAL_BENFORD
31,001,17,02,000004,91,9,RELLENO_NACIONAL_BENFORD
31,001,18,03,000012,95,9,RELLENO_NACIONAL_BENFORD
31,001,19,04,000002,93,9,RELLENO_NACIONAL_BENFORD
31,001,21,03,000015,82,8,RELLENO_NACIONAL_BENFORD
31,001,22,03,000001,80,8,RELLENO_NACIONAL_BENFORD
31,001,22,05,000009,80,8,RELLENO_NACIONAL_BENFORD
31,001,23,01,000004,95,9,RELLENO_NACIONAL_BENFORD
31,001,23,01,000009,96,9,RELLENO_NACIONAL_BENFORD
12,001,01,03,000005,84,8,RELLENO_NACIONAL_BENFORD
12,001,01,03,000008,84,8,RELLENO_NACIONAL_BENFORD
12,001,02,07,000005,86,8,RELLENO_NACIONAL_BENFORD
12,001,02,08,000007,94,9,RELLENO_NACIONAL_BENFORD
12,001,03,01,000023,90,9,RELLENO_NACIONAL_BENFORD
12,001,03,01,000029,83,8,RELLENO_NACIONAL_BENFORD
12,001,04,02,000056,86,8,RELLENO_NACIONAL_BENFORD
12,001,04,04,000012,82,8,RELLENO_NACIONAL_BENFORD
12,001,04,05,000021,88,8,RELLENO_NACIONAL_BENFORD
19,049,01,04,000004,81,8,RELLENO_NACIONAL_BENFORD
19,055,00,00,000025,88,8,RELLENO_NACIONAL_BENFORD
19,061,02,05,000018,96,9,RELLENO_NACIONAL_BENFORD
19,061,99,10,000006,81,8,RELLENO_NACIONAL_BENFORD
19,064,00,00,000025,81,8,RELLENO_NACIONAL_BENFORD
01,151,02,01,000035,82,8,RELLENO_NACIONAL_BENFORD
01,151,03,03,000017,90,9,RELLENO_NACIONAL_BENFORD
01,151,03,03,000022,94,9,RELLENO_NACIONAL_BENFORD
01,151,03,03,000025,97,9,RELLENO_NACIONAL_BENFORD
01,151,03,03,000027,96,9,RELLENO_NACIONAL_BENFORD
01,151,05,03,000022,96,9,RELLENO_NACIONAL_BENFORD
01,151,07,03,000014,92,9,RELLENO_NACIONAL_BENFORD
01,001,99,B2,000035,95,9,RELLENO_NACIONAL_BENFORD
01,016,00,01,000029,81,8,RELLENO_NACIONAL_BENFORD
01,016,00,02,000012,99,9,RELLENO_NACIONAL_BENFORD
01,016,00,02,000015,95,9,RELLENO_NACIONAL_BENFORD
01,016,00,02,000016,85,8,RELLENO_NACIONAL_BENFORD
01,016,00,02,000017,96,9,RELLENO_NACIONAL_BENFORD
01,022,00,00,000010,92,9,RELLENO_NACIONAL_BENFORD
01,025,00,00,000014,89,8,RELLENO_NACIONAL_BENFORD
01,028,00,00,000007,80,8,RELLENO_NACIONAL_BENFORD
28,200,02,03,000013,94,9,RELLENO_NACIONAL_BENFORD
28,220,99,57,000001,8,8,RELLENO_NACIONAL_BENFORD
28,240,99,30,000001,91,9,RELLENO_NACIONAL_BENFORD
28,280,00,00,000005,80,8,RELLENO_NACIONAL_BENFORD
28,280,00,00,000014,91,9,RELLENO_NACIONAL_BENFORD
29,001,02,05,000003,93,9,RELLENO_NACIONAL_BENFORD
09,001,01,01,000011,82,8,RELLENO_NACIONAL_BENFORD
09,001,01,02,000015,96,9,RELLENO_NACIONAL_BENFORD
09,001,01,02,000016,85,8,RELLENO_NACIONAL_BENFORD
09,001,01,05,000011,94,9,RELLENO_NACIONAL_BENFORD
09,001,03,02,000007,92,9,RELLENO_NACIONAL_BENFORD
09,001,03,03,000002,88,8,RELLENO_NACIONAL_BENFORD
09,001,05,02,000023,94,9,RELLENO_NACIONAL_BENFORD
09,001,08,02,000011,84,8,RELLENO_NACIONAL_BENFORD
16,001,16,04,000015,90,9,RELLENO_NACIONAL_BENFORD
16,001,16,12,000015,98,9,RELLENO_NACIONAL_BENFORD
16,001,16,15,000015,91,9,RELLENO_NACIONAL_BENFORD
16,001,16,21,000025,96,9,RELLENO_NACIONAL_BENFORD
16,001,16,22,000017,84,8,RELLENO_NACIONAL_BENFORD
16,001,16,25,000009,83,8,RELLENO_NACIONAL_BENFORD
16,001,16,35,000008,82,8,RELLENO_NACIONAL_BENFORD
16,001,17,01,000004,90,9,RELLENO_NACIONAL_BENFORD
16,001,17,02,000008,99,9,RELLENO_NACIONAL_BENFORD
16,001,17,02,000022,88,8,RELLENO_NACIONAL_BENFORD
16,001,18,14,000036,81,8,RELLENO_NACIONAL_BENFORD
01,031,02,02,000006,98,9,RELLENO_NACIONAL_BENFORD
01,035,01,02,000017,91,9,RELLENO_NACIONAL_BENFORD
01,049,01,04,000011,97,9,RELLENO_NACIONAL_BENFORD
01,049,02,02,000026,80,8,RELLENO_NACIONAL_BENFORD
29,001,04,01,000016,81,8,RELLENO_NACIONAL_BENFORD
29,001,04,02,000009,82,8,RELLENO_NACIONAL_BENFORD
29,001,04,07,000023,98,9,RELLENO_NACIONAL_BENFORD
29,001,05,01,000027,94,9,RELLENO_NACIONAL_BENFORD
29,001,05,02,000008,92,9,RELLENO_NACIONAL_BENFORD
29,001,05,04,000012,99,9,RELLENO_NACIONAL_BENFORD
29,001,06,03,000029,97,9,RELLENO_NACIONAL_BENFORD
29,001,08,04,000007,96,9,RELLENO_NACIONAL_BENFORD
29,001,11,02,000006,93,9,RELLENO_NACIONAL_BENFORD
09,004,99,01,000004,87,8,RELLENO_NACIONAL_BENFORD
09,034,01,04,000001,93,9,RELLENO_NACIONAL_BENFORD
09,034,02,01,000009,81,8,RELLENO_NACIONAL_BENFORD
09,049,01,01,000001,97,9,RELLENO_NACIONAL_BENFORD
09,049,01,01,000015,99,9,RELLENO_NACIONAL_BENFORD
09,049,01,02,000017,81,8,RELLENO_NACIONAL_BENFORD
09,049,01,03,000016,98,9,RELLENO_NACIONAL_BENFORD
09,055,99,02,000001,89,8,RELLENO_NACIONAL_BENFORD
09,055,99,03,000001,83,8,RELLENO_NACIONAL_BENFORD
09,058,99,02,000001,83,8,RELLENO_NACIONAL_BENFORD
09,078,00,01,000005,93,9,RELLENO_NACIONAL_BENFORD
16,001,18,20,000017,97,9,RELLENO_NACIONAL_BENFORD
16,001,18,31,000003,84,8,RELLENO_NACIONAL_BENFORD
16,001,18,49,000003,94,9,RELLENO_NACIONAL_BENFORD
16,001,18,56,000003,82,8,RELLENO_NACIONAL_BENFORD
16,001,19,08,000022,87,8,RELLENO_NACIONAL_BENFORD
16,001,19,13,000013,87,8,RELLENO_NACIONAL_BENFORD
16,001,19,13,000014,81,8,RELLENO_NACIONAL_BENFORD
01,049,03,02,000035,98,9,RELLENO_NACIONAL_BENFORD
01,049,04,06,000033,88,8,RELLENO_NACIONAL_BENFORD
01,049,05,01,000024,85,8,RELLENO_NACIONAL_BENFORD
01,049,05,01,000029,94,9,RELLENO_NACIONAL_BENFORD
01,049,05,04,000028,83,8,RELLENO_NACIONAL_BENFORD
01,049,06,03,000026,85,8,RELLENO_NACIONAL_BENFORD
01,049,08,04,000018,81,8,RELLENO_NACIONAL_BENFORD
01,049,10,02,000018,95,9,RELLENO_NACIONAL_BENFORD
01,049,11,02,000020,86,8,RELLENO_NACIONAL_BENFORD
01,049,11,03,000016,91,9,RELLENO_NACIONAL_BENFORD
01,049,11,03,000021,80,8,RELLENO_NACIONAL_BENFORD
29,001,99,34,000001,97,9,RELLENO_NACIONAL_BENFORD
29,022,00,02,000026,88,8,RELLENO_NACIONAL_BENFORD
29,034,00,00,000018,81,8,RELLENO_NACIONAL_BENFORD
29,034,00,00,000036,9,9,RELLENO_NACIONAL_BENFORD
29,040,01,01,000018,90,9,RELLENO_NACIONAL_BENFORD
29,040,02,01,000010,80,8,RELLENO_NACIONAL_BENFORD
29,046,01,01,000010,82,8,RELLENO_NACIONAL_BENFORD
29,046,99,10,000004,91,9,RELLENO_NACIONAL_BENFORD
29,046,99,A2,000004,97,9,RELLENO_NACIONAL_BENFORD
15,128,99,80,000001,87,8,RELLENO_NACIONAL_BENFORD
15,139,99,02,000002,91,9,RELLENO_NACIONAL_BENFORD
15,142,02,01,000019,84,8,RELLENO_NACIONAL_BENFORD
15,160,01,08,000004,95,9,RELLENO_NACIONAL_BENFORD
15,160,02,08,000011,91,9,RELLENO_NACIONAL_BENFORD
15,160,02,08,000018,81,8,RELLENO_NACIONAL_BENFORD
15,169,01,02,000007,88,8,RELLENO_NACIONAL_BENFORD
24,001,01,02,000003,98,9,RELLENO_NACIONAL_BENFORD
24,001,01,02,000004,89,8,RELLENO_NACIONAL_BENFORD
24,001,05,02,000040,93,9,RELLENO_NACIONAL_BENFORD
24,001,06,05,000011,89,8,RELLENO_NACIONAL_BENFORD
24,001,07,03,000015,85,8,RELLENO_NACIONAL_BENFORD
24,001,07,04,000015,83,8,RELLENO_NACIONAL_BENFORD
24,001,08,04,000011,81,8,RELLENO_NACIONAL_BENFORD
24,001,09,01,000014,93,9,RELLENO_NACIONAL_BENFORD
48,001,01,03,000023,97,9,RELLENO_NACIONAL_BENFORD
48,001,02,01,000003,91,9,RELLENO_NACIONAL_BENFORD
48,001,02,03,000006,84,8,RELLENO_NACIONAL_BENFORD
48,001,03,01,000012,98,9,RELLENO_NACIONAL_BENFORD
48,001,03,04,000012,80,8,RELLENO_NACIONAL_BENFORD
48,001,03,06,000010,91,9,RELLENO_NACIONAL_BENFORD
48,001,99,20,000003,9,9,RELLENO_NACIONAL_BENFORD
48,005,99,41,000003,81,8,RELLENO_NACIONAL_BENFORD
03,001,37,04,000002,81,8,RELLENO_NACIONAL_BENFORD
03,004,01,01,000006,92,9,RELLENO_NACIONAL_BENFORD
31,001,05,03,000006,91,9,RELLENO_NACIONAL_BENFORD
31,001,06,04,000008,94,9,RELLENO_NACIONAL_BENFORD
31,001,07,01,000005,88,8,RELLENO_NACIONAL_BENFORD
11,019,99,18,000002,87,8,RELLENO_NACIONAL_BENFORD
11,025,99,77,000004,80,8,RELLENO_NACIONAL_BENFORD
11,027,99,25,000002,8,8,RELLENO_NACIONAL_BENFORD
11,028,99,37,000001,8,8,RELLENO_NACIONAL_BENFORD
11,034,00,00,000007,8,8,RELLENO_NACIONAL_BENFORD
11,046,99,06,000001,9,9,RELLENO_NACIONAL_BENFORD
11,046,99,80,000001,9,9,RELLENO_NACIONAL_BENFORD
11,049,00,02,000001,84,8,RELLENO_NACIONAL_BENFORD
11,055,00,00,000006,83,8,RELLENO_NACIONAL_BENFORD
11,058,99,20,000003,8,8,RELLENO_NACIONAL_BENFORD
11,060,99,10,000001,9,9,RELLENO_NACIONAL_BENFORD
19,001,01,02,000035,95,9,RELLENO_NACIONAL_BENFORD
19,001,01,05,000002,93,9,RELLENO_NACIONAL_BENFORD
19,001,01,07,000026,85,8,RELLENO_NACIONAL_BENFORD
19,001,02,02,000027,88,8,RELLENO_NACIONAL_BENFORD
19,001,03,01,000012,85,8,RELLENO_NACIONAL_BENFORD
13,001,01,01,000005,98,9,RELLENO_NACIONAL_BENFORD
13,001,01,03,000001,91,9,RELLENO_NACIONAL_BENFORD
13,001,01,09,000001,80,8,RELLENO_NACIONAL_BENFORD
13,001,02,02,000012,88,8,RELLENO_NACIONAL_BENFORD
13,001,03,02,000001,97,9,RELLENO_NACIONAL_BENFORD
13,001,03,03,000011,95,9,RELLENO_NACIONAL_BENFORD
13,001,04,02,000012,99,9,RELLENO_NACIONAL_BENFORD
13,001,04,05,000013,86,8,RELLENO_NACIONAL_BENFORD
13,001,04,07,000008,82,8,RELLENO_NACIONAL_BENFORD
21,015,00,00,000009,83,8,RELLENO_NACIONAL_BENFORD
21,016,02,01,000006,82,8,RELLENO_NACIONAL_BENFORD
21,016,02,07,000010,85,8,RELLENO_NACIONAL_BENFORD
21,016,90,01,000007,85,8,RELLENO_NACIONAL_BENFORD
21,016,99,13,000001,89,8,RELLENO_NACIONAL_BENFORD
21,025,01,01,000018,87,8,RELLENO_NACIONAL_BENFORD
21,025,02,03,000002,81,8,RELLENO_NACIONAL_BENFORD
21,025,99,05,000001,84,8,RELLENO_NACIONAL_BENFORD
21,025,99,38,000002,91,9,RELLENO_NACIONAL_BENFORD
21,028,00,00,000001,83,8,RELLENO_NACIONAL_BENFORD
21,028,99,05,000001,84,8,RELLENO_NACIONAL_BENFORD
21,028,99,05,000003,87,8,RELLENO_NACIONAL_BENFORD
21,031,01,02,000012,87,8,RELLENO_NACIONAL_BENFORD
21,040,00,00,000012,85,8,RELLENO_NACIONAL_BENFORD
21,040,00,00,000014,80,8,RELLENO_NACIONAL_BENFORD
21,040,00,00,000016,90,9,RELLENO_NACIONAL_BENFORD
13,001,05,01,000025,87,8,RELLENO_NACIONAL_BENFORD
13,001,05,03,000004,93,9,RELLENO_NACIONAL_BENFORD
13,001,05,03,000016,89,8,RELLENO_NACIONAL_BENFORD
13,001,06,01,000013,88,8,RELLENO_NACIONAL_BENFORD
13,001,06,04,000019,85,8,RELLENO_NACIONAL_BENFORD
13,001,07,01,000003,92,9,RELLENO_NACIONAL_BENFORD
13,001,07,01,000013,96,9,RELLENO_NACIONAL_BENFORD
13,001,07,01,000017,81,8,RELLENO_NACIONAL_BENFORD
13,001,90,01,000023,94,9,RELLENO_NACIONAL_BENFORD
13,001,99,18,000002,95,9,RELLENO_NACIONAL_BENFORD
13,001,99,18,000003,92,9,RELLENO_NACIONAL_BENFORD
13,001,99,29,000009,99,9,RELLENO_NACIONAL_BENFORD
13,001,99,29,000010,87,8,RELLENO_NACIONAL_BENFORD
13,001,99,29,000014,99,9,RELLENO_NACIONAL_BENFORD
13,001,99,31,000002,93,9,RELLENO_NACIONAL_BENFORD
13,001,99,33,000001,87,8,RELLENO_NACIONAL_BENFORD
13,001,99,45,000002,81,8,RELLENO_NACIONAL_BENFORD
13,001,99,53,000001,88,8,RELLENO_NACIONAL_BENFORD
13,004,01,01,000013,91,9,RELLENO_NACIONAL_BENFORD
13,004,02,01,000018,81,8,RELLENO_NACIONAL_BENFORD
13,004,02,01,000021,82,8,RELLENO_NACIONAL_BENFORD
13,007,00,01,000005,91,9,RELLENO_NACIONAL_BENFORD
13,010,01,03,000001,92,9,RELLENO_NACIONAL_BENFORD
13,010,01,03,000002,97,9,RELLENO_NACIONAL_BENFORD
13,010,02,01,000020,88,8,RELLENO_NACIONAL_BENFORD
13,010,99,13,000001,82,8,RELLENO_NACIONAL_BENFORD
13,013,02,02,000013,80,8,RELLENO_NACIONAL_BENFORD
13,014,00,00,000025,83,8,RELLENO_NACIONAL_BENFORD
13,016,00,00,000006,92,9,RELLENO_NACIONAL_BENFORD
13,016,00,00,000007,90,9,RELLENO_NACIONAL_BENFORD
13,019,01,01,000016,97,9,RELLENO_NACIONAL_BENFORD
13,019,99,17,000003,93,9,RELLENO_NACIONAL_BENFORD
13,022,01,01,000017,93,9,RELLENO_NACIONAL_BENFORD
13,022,02,01,000005,88,8,RELLENO_NACIONAL_BENFORD
13,022,02,01,000008,81,8,RELLENO_NACIONAL_BENFORD
13,022,02,03,000004,89,8,RELLENO_NACIONAL_BENFORD
13,022,99,10,000005,99,9,RELLENO_NACIONAL_BENFORD
13,022,99,21,000006,91,9,RELLENO_NACIONAL_BENFORD
13,022,99,45,000002,84,8,RELLENO_NACIONAL_BENFORD
13,023,00,00,000018,86,8,RELLENO_NACIONAL_BENFORD
13,023,00,00,000022,90,9,RELLENO_NACIONAL_BENFORD
13,023,99,48,000002,9,9,RELLENO_NACIONAL_BENFORD
13,024,00,00,000020,91,9,RELLENO_NACIONAL_BENFORD
13,024,99,08,000001,83,8,RELLENO_NACIONAL_BENFORD
13,025,01,02,000002,85,8,RELLENO_NACIONAL_BENFORD
13,025,02,01,000006,88,8,RELLENO_NACIONAL_BENFORD
13,025,90,01,000001,88,8,RELLENO_NACIONAL_BENFORD
13,025,90,01,000007,98,9,RELLENO_NACIONAL_BENFORD
13,027,00,02,000010,93,9,RELLENO_NACIONAL_BENFORD
13,027,99,03,000002,97,9,RELLENO_NACIONAL_BENFORD
13,028,01,02,000033,89,8,RELLENO_NACIONAL_BENFORD
13,028,99,09,000003,82,8,RELLENO_NACIONAL_BENFORD
13,033,99,20,000003,93,9,RELLENO_NACIONAL_BENFORD
13,033,99,60,000001,90,9,RELLENO_NACIONAL_BENFORD
13,034,00,00,000001,97,9,RELLENO_NACIONAL_BENFORD
13,034,00,00,000027,94,9,RELLENO_NACIONAL_BENFORD
13,034,00,00,000030,89,8,RELLENO_NACIONAL_BENFORD
13,037,01,01,000007,85,8,RELLENO_NACIONAL_BENFORD
13,037,01,02,000008,99,9,RELLENO_NACIONAL_BENFORD
13,037,02,03,000008,80,8,RELLENO_NACIONAL_BENFORD
13,037,99,01,000004,83,8,RELLENO_NACIONAL_BENFORD
13,037,99,15,000003,95,9,RELLENO_NACIONAL_BENFORD
13,037,99,23,000004,84,8,RELLENO_NACIONAL_BENFORD
13,037,99,24,000001,84,8,RELLENO_NACIONAL_BENFORD
13,037,99,25,000004,90,9,RELLENO_NACIONAL_BENFORD
13,037,99,36,000001,93,9,RELLENO_NACIONAL_BENFORD
13,037,99,36,000003,90,9,RELLENO_NACIONAL_BENFORD
13,037,99,40,000002,97,9,RELLENO_NACIONAL_BENFORD
13,040,00,01,000008,83,8,RELLENO_NACIONAL_BENFORD
13,040,00,01,000012,90,9,RELLENO_NACIONAL_BENFORD
13,040,99,11,000002,82,8,RELLENO_NACIONAL_BENFORD
13,040,99,33,000004,86,8,RELLENO_NACIONAL_BENFORD
13,043,00,01,000018,98,9,RELLENO_NACIONAL_BENFORD
13,043,00,02,000002,96,9,RELLENO_NACIONAL_BENFORD
13,043,00,02,000014,93,9,RELLENO_NACIONAL_BENFORD
13,046,00,01,000009,88,8,RELLENO_NACIONAL_BENFORD
13,046,99,86,000001,86,8,RELLENO_NACIONAL_BENFORD
13,049,00,01,000009,90,9,RELLENO_NACIONAL_BENFORD
13,049,99,06,000003,89,8,RELLENO_NACIONAL_BENFORD
13,055,99,01,000007,94,9,RELLENO_NACIONAL_BENFORD
13,055,99,13,000003,90,9,RELLENO_NACIONAL_BENFORD
13,055,99,13,000005,92,9,RELLENO_NACIONAL_BENFORD
13,055,99,15,000006,94,9,RELLENO_NACIONAL_BENFORD
13,055,99,17,000006,86,8,RELLENO_NACIONAL_BENFORD
13,055,99,30,000005,93,9,RELLENO_NACIONAL_BENFORD
13,058,01,01,000009,99,9,RELLENO_NACIONAL_BENFORD
13,058,99,23,000003,91,9,RELLENO_NACIONAL_BENFORD
13,060,00,01,000018,85,8,RELLENO_NACIONAL_BENFORD
13,060,00,01,000028,89,8,RELLENO_NACIONAL_BENFORD
13,060,00,01,000032,95,9,RELLENO_NACIONAL_BENFORD
13,061,00,01,000011,92,9,RELLENO_NACIONAL_BENFORD
13,061,99,10,000001,89,8,RELLENO_NACIONAL_BENFORD
15,010,00,02,000008,92,9,RELLENO_NACIONAL_BENFORD
15,013,99,09,000003,82,8,RELLENO_NACIONAL_BENFORD
15,025,00,00,000017,87,8,RELLENO_NACIONAL_BENFORD
15,031,01,03,000020,90,9,RELLENO_NACIONAL_BENFORD
15,031,01,04,000009,87,8,RELLENO_NACIONAL_BENFORD
15,031,02,07,000016,94,9,RELLENO_NACIONAL_BENFORD
15,043,00,02,000008,97,9,RELLENO_NACIONAL_BENFORD
15,046,01,01,000020,95,9,RELLENO_NACIONAL_BENFORD
15,046,02,02,000014,82,8,RELLENO_NACIONAL_BENFORD
15,055,01,02,000020,84,8,RELLENO_NACIONAL_BENFORD
15,055,01,03,000017,85,8,RELLENO_NACIONAL_BENFORD
15,055,01,03,000018,84,8,RELLENO_NACIONAL_BENFORD
15,055,01,04,000014,92,9,RELLENO_NACIONAL_BENFORD
15,055,01,06,000007,8,8,RELLENO_NACIONAL_BENFORD
15,055,02,05,000026,98,9,RELLENO_NACIONAL_BENFORD
15,055,02,10,000007,96,9,RELLENO_NACIONAL_BENFORD
15,067,00,02,000017,99,9,RELLENO_NACIONAL_BENFORD
15,072,02,01,000012,97,9,RELLENO_NACIONAL_BENFORD
15,072,02,01,000028,90,9,RELLENO_NACIONAL_BENFORD
15,076,01,03,000014,88,8,RELLENO_NACIONAL_BENFORD
15,076,02,04,000022,98,9,RELLENO_NACIONAL_BENFORD
15,076,02,10,000009,95,9,RELLENO_NACIONAL_BENFORD
31,031,99,22,000003,99,9,RELLENO_NACIONAL_BENFORD
31,031,99,23,000007,98,9,RELLENO_NACIONAL_BENFORD
31,031,99,38,000013,86,8,RELLENO_NACIONAL_BENFORD
31,031,99,39,000005,81,8,RELLENO_NACIONAL_BENFORD
31,034,01,03,000005,90,9,RELLENO_NACIONAL_BENFORD
31,034,02,04,000019,81,8,RELLENO_NACIONAL_BENFORD
31,034,03,02,000013,93,9,RELLENO_NACIONAL_BENFORD
31,034,05,04,000002,97,9,RELLENO_NACIONAL_BENFORD
31,034,99,05,000001,86,8,RELLENO_NACIONAL_BENFORD
31,034,99,33,000008,80,8,RELLENO_NACIONAL_BENFORD
31,037,99,41,000001,90,9,RELLENO_NACIONAL_BENFORD
31,037,99,41,000002,85,8,RELLENO_NACIONAL_BENFORD
31,049,02,01,000007,81,8,RELLENO_NACIONAL_BENFORD
31,049,99,29,000005,91,9,RELLENO_NACIONAL_BENFORD
31,052,00,00,000023,87,8,RELLENO_NACIONAL_BENFORD
31,055,02,01,000006,95,9,RELLENO_NACIONAL_BENFORD
31,055,99,37,000001,94,9,RELLENO_NACIONAL_BENFORD
31,058,00,00,000016,95,9,RELLENO_NACIONAL_BENFORD
31,061,00,01,000003,84,8,RELLENO_NACIONAL_BENFORD
31,061,00,01,000012,80,8,RELLENO_NACIONAL_BENFORD
31,061,00,01,000018,80,8,RELLENO_NACIONAL_BENFORD
31,061,00,02,000002,82,8,RELLENO_NACIONAL_BENFORD
31,061,99,09,000002,93,9,RELLENO_NACIONAL_BENFORD
31,064,01,01,000007,97,9,RELLENO_NACIONAL_BENFORD
31,064,01,01,000017,85,8,RELLENO_NACIONAL_BENFORD
31,064,01,02,000004,91,9,RELLENO_NACIONAL_BENFORD
31,064,01,03,000001,87,8,RELLENO_NACIONAL_BENFORD
31,064,02,02,000002,81,8,RELLENO_NACIONAL_BENFORD
31,064,02,03,000001,97,9,RELLENO_NACIONAL_BENFORD
31,064,04,02,000032,81,8,RELLENO_NACIONAL_BENFORD
31,064,99,02,000002,9,9,RELLENO_NACIONAL_BENFORD
31,070,01,01,000011,99,9,RELLENO_NACIONAL_BENFORD
31,070,01,02,000016,98,9,RELLENO_NACIONAL_BENFORD
31,070,01,03,000003,89,8,RELLENO_NACIONAL_BENFORD
19,001,03,04,000007,94,9,RELLENO_NACIONAL_BENFORD
19,001,04,02,000023,86,8,RELLENO_NACIONAL_BENFORD
19,001,04,02,000028,96,9,RELLENO_NACIONAL_BENFORD
19,001,04,03,000022,80,8,RELLENO_NACIONAL_BENFORD
19,001,04,04,000030,84,8,RELLENO_NACIONAL_BENFORD
19,001,04,05,000020,86,8,RELLENO_NACIONAL_BENFORD
19,001,04,05,000023,80,8,RELLENO_NACIONAL_BENFORD
19,001,04,05,000029,81,8,RELLENO_NACIONAL_BENFORD
19,001,04,07,000004,83,8,RELLENO_NACIONAL_BENFORD
19,001,05,01,000013,80,8,RELLENO_NACIONAL_BENFORD
19,001,05,02,000011,84,8,RELLENO_NACIONAL_BENFORD
19,001,05,02,000013,93,9,RELLENO_NACIONAL_BENFORD
19,001,05,04,000026,84,8,RELLENO_NACIONAL_BENFORD
19,001,06,01,000017,94,9,RELLENO_NACIONAL_BENFORD
19,001,06,02,000021,85,8,RELLENO_NACIONAL_BENFORD
19,001,06,02,000023,82,8,RELLENO_NACIONAL_BENFORD
19,001,99,04,000008,86,8,RELLENO_NACIONAL_BENFORD
01,106,99,05,000002,86,8,RELLENO_NACIONAL_BENFORD
01,109,00,01,000002,90,9,RELLENO_NACIONAL_BENFORD
01,112,00,00,000042,92,9,RELLENO_NACIONAL_BENFORD
01,115,00,00,000014,98,9,RELLENO_NACIONAL_BENFORD
01,117,02,01,000002,90,9,RELLENO_NACIONAL_BENFORD
01,117,02,02,000001,90,9,RELLENO_NACIONAL_BENFORD
01,117,02,02,000011,81,8,RELLENO_NACIONAL_BENFORD
01,117,99,60,000007,81,8,RELLENO_NACIONAL_BENFORD
01,117,99,65,000010,8,8,RELLENO_NACIONAL_BENFORD
01,118,00,00,000028,93,9,RELLENO_NACIONAL_BENFORD
01,121,03,02,000022,82,8,RELLENO_NACIONAL_BENFORD
01,121,05,01,000003,86,8,RELLENO_NACIONAL_BENFORD
31,001,07,02,000012,88,8,RELLENO_NACIONAL_BENFORD
31,001,07,02,000015,95,9,RELLENO_NACIONAL_BENFORD
31,001,07,03,000008,87,8,RELLENO_NACIONAL_BENFORD
31,001,08,02,000016,97,9,RELLENO_NACIONAL_BENFORD
31,001,08,02,000018,97,9,RELLENO_NACIONAL_BENFORD
31,001,08,02,000022,81,8,RELLENO_NACIONAL_BENFORD
31,001,09,01,000002,89,8,RELLENO_NACIONAL_BENFORD
31,001,09,02,000001,92,9,RELLENO_NACIONAL_BENFORD
31,001,09,03,000011,83,8,RELLENO_NACIONAL_BENFORD
31,001,10,01,000032,9,9,RELLENO_NACIONAL_BENFORD
31,001,10,03,000007,89,8,RELLENO_NACIONAL_BENFORD
31,001,10,04,000009,82,8,RELLENO_NACIONAL_BENFORD
31,001,11,01,000001,99,9,RELLENO_NACIONAL_BENFORD
31,001,11,02,000009,83,8,RELLENO_NACIONAL_BENFORD
31,001,11,05,000004,80,8,RELLENO_NACIONAL_BENFORD
31,001,12,03,000012,96,9,RELLENO_NACIONAL_BENFORD
31,001,13,01,000011,97,9,RELLENO_NACIONAL_BENFORD
31,001,13,03,000002,87,8,RELLENO_NACIONAL_BENFORD
31,001,13,03,000009,85,8,RELLENO_NACIONAL_BENFORD
31,001,14,05,000009,89,8,RELLENO_NACIONAL_BENFORD
31,001,15,01,000036,80,8,RELLENO_NACIONAL_BENFORD
31,001,15,02,000016,98,9,RELLENO_NACIONAL_BENFORD
31,001,15,04,000009,82,8,RELLENO_NACIONAL_BENFORD
31,001,16,01,000021,95,9,RELLENO_NACIONAL_BENFORD
11,061,99,09,000003,90,9,RELLENO_NACIONAL_BENFORD
11,061,99,30,000001,82,8,RELLENO_NACIONAL_BENFORD
11,073,99,01,000004,9,9,RELLENO_NACIONAL_BENFORD
11,076,01,01,000012,89,8,RELLENO_NACIONAL_BENFORD
11,076,02,05,000001,93,9,RELLENO_NACIONAL_BENFORD
11,079,99,17,000001,93,9,RELLENO_NACIONAL_BENFORD
11,082,00,00,000010,90,9,RELLENO_NACIONAL_BENFORD
11,085,00,00,000001,96,9,RELLENO_NACIONAL_BENFORD
11,085,99,60,000001,97,9,RELLENO_NACIONAL_BENFORD
11,087,00,00,000011,87,8,RELLENO_NACIONAL_BENFORD
11,087,00,00,000016,84,8,RELLENO_NACIONAL_BENFORD
11,087,00,00,000022,99,9,RELLENO_NACIONAL_BENFORD
11,088,01,02,000008,90,9,RELLENO_NACIONAL_BENFORD
19,010,00,00,000036,94,9,RELLENO_NACIONAL_BENFORD
19,019,99,02,000001,87,8,RELLENO_NACIONAL_BENFORD
19,022,02,01,000007,98,9,RELLENO_NACIONAL_BENFORD
19,034,01,03,000009,81,8,RELLENO_NACIONAL_BENFORD
19,049,01,01,000007,88,8,RELLENO_NACIONAL_BENFORD
01,124,99,03,000002,98,9,RELLENO_NACIONAL_BENFORD
01,127,00,01,000023,89,8,RELLENO_NACIONAL_BENFORD
01,133,01,01,000011,84,8,RELLENO_NACIONAL_BENFORD
01,133,99,10,000004,92,9,RELLENO_NACIONAL_BENFORD
01,150,00,00,000015,86,8,RELLENO_NACIONAL_BENFORD
31,001,16,03,000001,96,9,RELLENO_NACIONAL_BENFORD
31,001,16,04,000016,91,9,RELLENO_NACIONAL_BENFORD
31,001,17,01,000003,92,9,RELLENO_NACIONAL_BENFORD
31,001,17,01,000007,98,9,RELLENO_NACIONAL_BENFORD
31,001,17,02,000007,95,9,RELLENO_NACIONAL_BENFORD
31,001,17,02,000013,91,9,RELLENO_NACIONAL_BENFORD
31,001,17,03,000012,99,9,RELLENO_NACIONAL_BENFORD
31,001,18,01,000002,91,9,RELLENO_NACIONAL_BENFORD
31,001,18,02,000009,98,9,RELLENO_NACIONAL_BENFORD
31,001,18,02,000012,88,8,RELLENO_NACIONAL_BENFORD
31,001,18,03,000004,89,8,RELLENO_NACIONAL_BENFORD
31,001,19,03,000015,82,8,RELLENO_NACIONAL_BENFORD
31,001,19,06,000005,92,9,RELLENO_NACIONAL_BENFORD
31,001,20,02,000001,85,8,RELLENO_NACIONAL_BENFORD
31,001,20,03,000005,88,8,RELLENO_NACIONAL_BENFORD
31,001,20,04,000009,82,8,RELLENO_NACIONAL_BENFORD
31,001,20,04,000011,81,8,RELLENO_NACIONAL_BENFORD
31,001,20,06,000004,87,8,RELLENO_NACIONAL_BENFORD
31,001,21,03,000016,92,9,RELLENO_NACIONAL_BENFORD
31,001,21,04,000014,83,8,RELLENO_NACIONAL_BENFORD
31,001,23,02,000003,93,9,RELLENO_NACIONAL_BENFORD
31,001,23,02,000027,92,9,RELLENO_NACIONAL_BENFORD
12,001,01,07,000006,84,8,RELLENO_NACIONAL_BENFORD
07,166,00,00,000026,87,8,RELLENO_NACIONAL_BENFORD
16,001,10,96,000005,92,9,RELLENO_NACIONAL_BENFORD
16,001,12,19,000017,86,8,RELLENO_NACIONAL_BENFORD
11,001,90,01,000025,93,9,RELLENO_NACIONAL_BENFORD
01,082,03,01,000016,94,9,RELLENO_NACIONAL_BENFORD
01,088,02,03,000015,80,8,RELLENO_NACIONAL_BENFORD
01,088,02,05,000005,88,8,RELLENO_NACIONAL_BENFORD
01,088,02,06,000005,92,9,RELLENO_NACIONAL_BENFORD
01,103,01,02,000013,85,8,RELLENO_NACIONAL_BENFORD
01,103,02,02,000044,90,9,RELLENO_NACIONAL_BENFORD
03,019,00,00,000038,88,8,RELLENO_NACIONAL_BENFORD
15,169,02,04,000026,82,8,RELLENO_NACIONAL_BENFORD
15,169,02,05,000016,81,8,RELLENO_NACIONAL_BENFORD
15,169,02,08,000016,91,9,RELLENO_NACIONAL_BENFORD
15,172,00,00,000007,93,9,RELLENO_NACIONAL_BENFORD
15,175,00,02,000003,93,9,RELLENO_NACIONAL_BENFORD
15,198,99,70,000002,84,8,RELLENO_NACIONAL_BENFORD
15,202,00,01,000016,91,9,RELLENO_NACIONAL_BENFORD
15,202,00,02,000011,92,9,RELLENO_NACIONAL_BENFORD
15,218,00,01,000019,82,8,RELLENO_NACIONAL_BENFORD
15,218,00,02,000009,96,9,RELLENO_NACIONAL_BENFORD
15,239,01,04,000003,82,8,RELLENO_NACIONAL_BENFORD
15,239,02,03,000002,80,8,RELLENO_NACIONAL_BENFORD
15,241,99,01,000004,97,9,RELLENO_NACIONAL_BENFORD
15,244,00,02,000015,85,8,RELLENO_NACIONAL_BENFORD
15,247,01,02,000011,99,9,RELLENO_NACIONAL_BENFORD
15,247,01,04,000004,97,9,RELLENO_NACIONAL_BENFORD
15,247,01,04,000005,89,8,RELLENO_NACIONAL_BENFORD
15,247,01,06,000010,84,8,RELLENO_NACIONAL_BENFORD
24,001,90,01,000013,89,8,RELLENO_NACIONAL_BENFORD
24,001,99,30,000011,85,8,RELLENO_NACIONAL_BENFORD
24,001,99,48,000007,88,8,RELLENO_NACIONAL_BENFORD
24,008,00,01,000007,99,9,RELLENO_NACIONAL_BENFORD
24,021,00,02,000003,97,9,RELLENO_NACIONAL_BENFORD
24,025,01,03,000012,93,9,RELLENO_NACIONAL_BENFORD
24,025,01,03,000019,87,8,RELLENO_NACIONAL_BENFORD
24,025,02,01,000018,81,8,RELLENO_NACIONAL_BENFORD
24,025,03,03,000012,88,8,RELLENO_NACIONAL_BENFORD
24,025,04,01,000023,82,8,RELLENO_NACIONAL_BENFORD
24,025,11,02,000003,82,8,RELLENO_NACIONAL_BENFORD
24,025,11,02,000004,91,9,RELLENO_NACIONAL_BENFORD
24,025,12,01,000020,99,9,RELLENO_NACIONAL_BENFORD
24,025,12,02,000034,80,8,RELLENO_NACIONAL_BENFORD
24,025,12,02,000036,99,9,RELLENO_NACIONAL_BENFORD
24,046,01,02,000008,99,9,RELLENO_NACIONAL_BENFORD
48,006,00,00,000021,93,9,RELLENO_NACIONAL_BENFORD
48,007,01,01,000012,88,8,RELLENO_NACIONAL_BENFORD
48,007,01,02,000009,93,9,RELLENO_NACIONAL_BENFORD
48,007,02,01,000004,85,8,RELLENO_NACIONAL_BENFORD
48,007,02,01,000005,88,8,RELLENO_NACIONAL_BENFORD
48,007,99,01,000004,9,9,RELLENO_NACIONAL_BENFORD
48,008,00,00,000003,98,9,RELLENO_NACIONAL_BENFORD
48,008,00,00,000013,85,8,RELLENO_NACIONAL_BENFORD
48,010,01,01,000016,81,8,RELLENO_NACIONAL_BENFORD
48,010,01,03,000028,83,8,RELLENO_NACIONAL_BENFORD
48,010,02,01,000002,82,8,RELLENO_NACIONAL_BENFORD
48,010,03,03,000012,85,8,RELLENO_NACIONAL_BENFORD
48,010,99,22,000003,8,8,RELLENO_NACIONAL_BENFORD
48,011,99,40,000010,86,8,RELLENO_NACIONAL_BENFORD
03,022,01,02,000014,88,8,RELLENO_NACIONAL_BENFORD
03,025,00,00,000032,91,9,RELLENO_NACIONAL_BENFORD
03,025,00,00,000037,85,8,RELLENO_NACIONAL_BENFORD
03,028,01,01,000016,90,9,RELLENO_NACIONAL_BENFORD
03,028,02,01,000008,87,8,RELLENO_NACIONAL_BENFORD
03,028,02,01,000015,80,8,RELLENO_NACIONAL_BENFORD
03,034,00,01,000006,84,8,RELLENO_NACIONAL_BENFORD
03,034,00,01,000014,80,8,RELLENO_NACIONAL_BENFORD
03,034,00,02,000001,94,9,RELLENO_NACIONAL_BENFORD
03,035,00,00,000030,94,9,RELLENO_NACIONAL_BENFORD
03,037,01,01,000013,84,8,RELLENO_NACIONAL_BENFORD
03,037,01,02,000003,97,9,RELLENO_NACIONAL_BENFORD
03,037,02,01,000005,84,8,RELLENO_NACIONAL_BENFORD
03,037,99,05,000006,83,8,RELLENO_NACIONAL_BENFORD
03,043,01,01,000012,96,9,RELLENO_NACIONAL_BENFORD
03,043,01,02,000005,83,8,RELLENO_NACIONAL_BENFORD
03,043,01,02,000008,81,8,RELLENO_NACIONAL_BENFORD
03,046,01,01,000007,88,8,RELLENO_NACIONAL_BENFORD
15,247,02,01,000012,80,8,RELLENO_NACIONAL_BENFORD
15,247,02,05,000011,94,9,RELLENO_NACIONAL_BENFORD
15,247,02,05,000013,89,8,RELLENO_NACIONAL_BENFORD
15,247,02,08,000008,86,8,RELLENO_NACIONAL_BENFORD
15,247,02,10,000025,83,8,RELLENO_NACIONAL_BENFORD
15,247,02,10,000026,84,8,RELLENO_NACIONAL_BENFORD
15,247,03,05,000008,95,9,RELLENO_NACIONAL_BENFORD
15,247,03,10,000016,91,9,RELLENO_NACIONAL_BENFORD
15,247,03,10,000039,86,8,RELLENO_NACIONAL_BENFORD
15,247,04,01,000002,89,8,RELLENO_NACIONAL_BENFORD
15,247,04,01,000003,84,8,RELLENO_NACIONAL_BENFORD
15,247,05,03,000012,99,9,RELLENO_NACIONAL_BENFORD
15,247,06,03,000007,88,8,RELLENO_NACIONAL_BENFORD
15,247,06,03,000018,96,9,RELLENO_NACIONAL_BENFORD
15,247,90,01,000009,93,9,RELLENO_NACIONAL_BENFORD
24,046,90,01,000001,94,9,RELLENO_NACIONAL_BENFORD
24,054,00,00,000030,87,8,RELLENO_NACIONAL_BENFORD
24,070,00,00,000015,80,8,RELLENO_NACIONAL_BENFORD
24,078,00,01,000006,96,9,RELLENO_NACIONAL_BENFORD
24,086,02,05,000011,99,9,RELLENO_NACIONAL_BENFORD
24,086,02,05,000017,92,9,RELLENO_NACIONAL_BENFORD
25,001,01,03,000038,90,9,RELLENO_NACIONAL_BENFORD
25,001,01,03,000043,95,9,RELLENO_NACIONAL_BENFORD
25,001,02,01,000007,93,9,RELLENO_NACIONAL_BENFORD
25,001,02,02,000017,95,9,RELLENO_NACIONAL_BENFORD
25,001,02,03,000038,89,8,RELLENO_NACIONAL_BENFORD
25,001,02,04,000042,85,8,RELLENO_NACIONAL_BENFORD
48,013,02,01,000013,96,9,RELLENO_NACIONAL_BENFORD
48,013,02,02,000003,86,8,RELLENO_NACIONAL_BENFORD
48,013,99,05,000001,99,9,RELLENO_NACIONAL_BENFORD
48,013,99,58,000001,9,9,RELLENO_NACIONAL_BENFORD
48,016,02,01,000007,9,9,RELLENO_NACIONAL_BENFORD
48,016,02,02,000019,90,9,RELLENO_NACIONAL_BENFORD
48,018,00,01,000001,81,8,RELLENO_NACIONAL_BENFORD
48,018,00,01,000002,96,9,RELLENO_NACIONAL_BENFORD
48,020,01,01,000017,95,9,RELLENO_NACIONAL_BENFORD
48,020,02,01,000012,89,8,RELLENO_NACIONAL_BENFORD
52,001,01,01,000016,81,8,RELLENO_NACIONAL_BENFORD
52,001,02,02,000014,94,9,RELLENO_NACIONAL_BENFORD
52,001,02,02,000018,82,8,RELLENO_NACIONAL_BENFORD
03,046,02,02,000011,93,9,RELLENO_NACIONAL_BENFORD
03,046,02,03,000014,84,8,RELLENO_NACIONAL_BENFORD
03,052,01,03,000016,9,9,RELLENO_NACIONAL_BENFORD
03,052,02,04,000001,94,9,RELLENO_NACIONAL_BENFORD
03,052,03,01,000017,85,8,RELLENO_NACIONAL_BENFORD
03,052,03,02,000006,91,9,RELLENO_NACIONAL_BENFORD
03,052,03,04,000004,87,8,RELLENO_NACIONAL_BENFORD
03,052,03,05,000003,92,9,RELLENO_NACIONAL_BENFORD
03,052,03,05,000004,84,8,RELLENO_NACIONAL_BENFORD
03,052,04,01,000002,94,9,RELLENO_NACIONAL_BENFORD
03,052,04,03,000019,87,8,RELLENO_NACIONAL_BENFORD
03,052,05,01,000001,90,9,RELLENO_NACIONAL_BENFORD
03,052,05,02,000007,85,8,RELLENO_NACIONAL_BENFORD
03,052,05,02,000008,90,9,RELLENO_NACIONAL_BENFORD
03,052,05,04,000004,86,8,RELLENO_NACIONAL_BENFORD
03,052,05,04,000005,90,9,RELLENO_NACIONAL_BENFORD
03,052,05,04,000007,88,8,RELLENO_NACIONAL_BENFORD
03,052,06,01,000011,88,8,RELLENO_NACIONAL_BENFORD
03,052,06,02,000014,87,8,RELLENO_NACIONAL_BENFORD
03,052,06,03,000006,88,8,RELLENO_NACIONAL_BENFORD
03,052,07,02,000007,87,8,RELLENO_NACIONAL_BENFORD
15,271,00,02,000014,86,8,RELLENO_NACIONAL_BENFORD
15,277,00,00,000010,90,9,RELLENO_NACIONAL_BENFORD
15,289,00,02,000005,97,9,RELLENO_NACIONAL_BENFORD
15,292,01,03,000014,87,8,RELLENO_NACIONAL_BENFORD
15,292,01,04,000007,80,8,RELLENO_NACIONAL_BENFORD
15,292,02,02,000005,90,9,RELLENO_NACIONAL_BENFORD
15,292,02,03,000011,94,9,RELLENO_NACIONAL_BENFORD
15,292,02,03,000015,87,8,RELLENO_NACIONAL_BENFORD
15,292,02,03,000016,85,8,RELLENO_NACIONAL_BENFORD
15,292,02,05,000005,85,8,RELLENO_NACIONAL_BENFORD
15,334,99,25,000001,90,9,RELLENO_NACIONAL_BENFORD
15,340,01,03,000030,95,9,RELLENO_NACIONAL_BENFORD
15,340,01,04,000011,99,9,RELLENO_NACIONAL_BENFORD
25,001,04,01,000013,96,9,RELLENO_NACIONAL_BENFORD
25,001,04,04,000021,99,9,RELLENO_NACIONAL_BENFORD
25,001,04,04,000029,81,8,RELLENO_NACIONAL_BENFORD
25,001,04,05,000013,97,9,RELLENO_NACIONAL_BENFORD
25,001,06,02,000042,81,8,RELLENO_NACIONAL_BENFORD
25,001,07,03,000036,82,8,RELLENO_NACIONAL_BENFORD
52,001,04,04,000009,99,9,RELLENO_NACIONAL_BENFORD
52,001,04,04,000020,91,9,RELLENO_NACIONAL_BENFORD
52,001,06,01,000007,99,9,RELLENO_NACIONAL_BENFORD
52,001,06,02,000016,89,8,RELLENO_NACIONAL_BENFORD
52,001,06,02,000026,87,8,RELLENO_NACIONAL_BENFORD
52,001,07,04,000031,88,8,RELLENO_NACIONAL_BENFORD
52,001,09,03,000015,84,8,RELLENO_NACIONAL_BENFORD
52,001,10,01,000011,82,8,RELLENO_NACIONAL_BENFORD
52,001,11,03,000014,97,9,RELLENO_NACIONAL_BENFORD
52,001,12,01,000012,86,8,RELLENO_NACIONAL_BENFORD
52,001,13,03,000001,88,8,RELLENO_NACIONAL_BENFORD
52,001,16,04,000009,80,8,RELLENO_NACIONAL_BENFORD
52,001,16,04,000017,94,9,RELLENO_NACIONAL_BENFORD
52,001,17,02,000017,80,8,RELLENO_NACIONAL_BENFORD
52,001,18,04,000009,99,9,RELLENO_NACIONAL_BENFORD
03,052,07,02,000028,87,8,RELLENO_NACIONAL_BENFORD
03,052,09,02,000002,89,8,RELLENO_NACIONAL_BENFORD
03,052,09,02,000023,9,9,RELLENO_NACIONAL_BENFORD
03,052,09,04,000002,83,8,RELLENO_NACIONAL_BENFORD
03,052,09,04,000016,97,9,RELLENO_NACIONAL_BENFORD
03,052,10,02,000012,85,8,RELLENO_NACIONAL_BENFORD
03,052,10,02,000013,84,8,RELLENO_NACIONAL_BENFORD
03,052,10,03,000004,82,8,RELLENO_NACIONAL_BENFORD
03,052,10,04,000009,81,8,RELLENO_NACIONAL_BENFORD
03,052,10,04,000010,89,8,RELLENO_NACIONAL_BENFORD
03,052,10,04,000018,99,9,RELLENO_NACIONAL_BENFORD
03,052,12,03,000001,98,9,RELLENO_NACIONAL_BENFORD
03,052,13,01,000002,91,9,RELLENO_NACIONAL_BENFORD
03,052,13,02,000009,81,8,RELLENO_NACIONAL_BENFORD
03,058,00,00,000003,85,8,RELLENO_NACIONAL_BENFORD
05,001,02,01,000005,98,9,RELLENO_NACIONAL_BENFORD
15,340,02,03,000019,92,9,RELLENO_NACIONAL_BENFORD
15,340,99,02,000012,80,8,RELLENO_NACIONAL_BENFORD
16,001,01,01,000020,99,9,RELLENO_NACIONAL_BENFORD
16,001,01,01,000049,84,8,RELLENO_NACIONAL_BENFORD
16,001,01,01,000056,94,9,RELLENO_NACIONAL_BENFORD
16,001,01,02,000044,87,8,RELLENO_NACIONAL_BENFORD
16,001,01,05,000018,82,8,RELLENO_NACIONAL_BENFORD
16,001,01,06,000027,97,9,RELLENO_NACIONAL_BENFORD
16,001,01,21,000006,99,9,RELLENO_NACIONAL_BENFORD
16,001,01,28,000015,99,9,RELLENO_NACIONAL_BENFORD
16,001,01,29,000009,83,8,RELLENO_NACIONAL_BENFORD
25,001,08,05,000028,84,8,RELLENO_NACIONAL_BENFORD
25,001,08,07,000012,95,9,RELLENO_NACIONAL_BENFORD
25,001,10,01,000020,83,8,RELLENO_NACIONAL_BENFORD
25,019,99,06,000001,99,9,RELLENO_NACIONAL_BENFORD
52,005,02,03,000024,98,9,RELLENO_NACIONAL_BENFORD
52,006,00,00,000011,95,9,RELLENO_NACIONAL_BENFORD
52,006,99,70,000001,91,9,RELLENO_NACIONAL_BENFORD
52,010,00,00,000014,92,9,RELLENO_NACIONAL_BENFORD
52,010,99,20,000001,97,9,RELLENO_NACIONAL_BENFORD
52,020,99,11,000001,95,9,RELLENO_NACIONAL_BENFORD
52,030,99,09,000002,94,9,RELLENO_NACIONAL_BENFORD
52,035,02,02,000013,97,9,RELLENO_NACIONAL_BENFORD
52,041,00,00,000013,85,8,RELLENO_NACIONAL_BENFORD
52,043,02,02,000020,89,8,RELLENO_NACIONAL_BENFORD
52,043,99,40,000006,80,8,RELLENO_NACIONAL_BENFORD
52,043,99,82,000006,85,8,RELLENO_NACIONAL_BENFORD
52,043,99,84,000001,8,8,RELLENO_NACIONAL_BENFORD
52,044,00,00,000013,85,8,RELLENO_NACIONAL_BENFORD
52,045,00,00,000029,85,8,RELLENO_NACIONAL_BENFORD
01,157,00,00,000026,92,9,RELLENO_NACIONAL_BENFORD
01,157,00,00,000027,98,9,RELLENO_NACIONAL_BENFORD
31,001,23,03,000002,96,9,RELLENO_NACIONAL_BENFORD
31,001,23,03,000016,97,9,RELLENO_NACIONAL_BENFORD
31,001,24,01,000003,87,8,RELLENO_NACIONAL_BENFORD
31,001,24,01,000005,87,8,RELLENO_NACIONAL_BENFORD
31,001,24,01,000007,86,8,RELLENO_NACIONAL_BENFORD
31,001,24,01,000011,81,8,RELLENO_NACIONAL_BENFORD
31,001,24,01,000012,85,8,RELLENO_NACIONAL_BENFORD
31,001,24,03,000012,96,9,RELLENO_NACIONAL_BENFORD
31,001,24,03,000016,84,8,RELLENO_NACIONAL_BENFORD
31,001,24,06,000029,89,8,RELLENO_NACIONAL_BENFORD
31,001,24,07,000008,98,9,RELLENO_NACIONAL_BENFORD
31,001,24,07,000011,83,8,RELLENO_NACIONAL_BENFORD
31,001,25,04,000033,91,9,RELLENO_NACIONAL_BENFORD
31,001,26,01,000029,97,9,RELLENO_NACIONAL_BENFORD
31,001,26,04,000021,92,9,RELLENO_NACIONAL_BENFORD
31,001,27,01,000006,85,8,RELLENO_NACIONAL_BENFORD
31,001,27,01,000012,91,9,RELLENO_NACIONAL_BENFORD
31,001,27,02,000028,83,8,RELLENO_NACIONAL_BENFORD
31,001,27,04,000004,97,9,RELLENO_NACIONAL_BENFORD
31,001,27,04,000013,82,8,RELLENO_NACIONAL_BENFORD
31,001,27,05,000019,80,8,RELLENO_NACIONAL_BENFORD
31,001,28,02,000027,95,9,RELLENO_NACIONAL_BENFORD
31,001,28,02,000031,86,8,RELLENO_NACIONAL_BENFORD
31,001,28,04,000004,85,8,RELLENO_NACIONAL_BENFORD
31,001,29,01,000043,86,8,RELLENO_NACIONAL_BENFORD
31,001,29,05,000032,97,9,RELLENO_NACIONAL_BENFORD
31,001,29,05,000035,93,9,RELLENO_NACIONAL_BENFORD
12,001,99,32,000001,8,8,RELLENO_NACIONAL_BENFORD
12,001,99,65,000002,91,9,RELLENO_NACIONAL_BENFORD
12,001,99,92,000002,98,9,RELLENO_NACIONAL_BENFORD
12,075,01,04,000009,80,8,RELLENO_NACIONAL_BENFORD
12,075,01,04,000022,85,8,RELLENO_NACIONAL_BENFORD
12,075,01,04,000024,97,9,RELLENO_NACIONAL_BENFORD
12,075,99,90,000003,85,8,RELLENO_NACIONAL_BENFORD
12,150,01,01,000005,83,8,RELLENO_NACIONAL_BENFORD
12,150,02,01,000029,83,8,RELLENO_NACIONAL_BENFORD
12,150,02,02,000010,86,8,RELLENO_NACIONAL_BENFORD
12,150,02,02,000012,90,9,RELLENO_NACIONAL_BENFORD
12,150,02,02,000023,93,9,RELLENO_NACIONAL_BENFORD
12,150,02,02,000025,90,9,RELLENO_NACIONAL_BENFORD
12,170,99,10,000001,96,9,RELLENO_NACIONAL_BENFORD
12,180,00,00,000016,85,8,RELLENO_NACIONAL_BENFORD
12,200,01,01,000013,88,8,RELLENO_NACIONAL_BENFORD
12,200,01,02,000002,87,8,RELLENO_NACIONAL_BENFORD
12,200,02,01,000003,95,9,RELLENO_NACIONAL_BENFORD
12,200,02,02,000017,81,8,RELLENO_NACIONAL_BENFORD
12,225,01,01,000011,94,9,RELLENO_NACIONAL_BENFORD
12,225,01,01,000023,87,8,RELLENO_NACIONAL_BENFORD
19,091,99,03,000004,85,8,RELLENO_NACIONAL_BENFORD
21,001,01,01,000001,85,8,RELLENO_NACIONAL_BENFORD
21,001,01,02,000012,85,8,RELLENO_NACIONAL_BENFORD
21,001,02,01,000007,84,8,RELLENO_NACIONAL_BENFORD
21,001,02,01,000012,85,8,RELLENO_NACIONAL_BENFORD
21,001,02,03,000002,99,9,RELLENO_NACIONAL_BENFORD
21,001,02,03,000006,98,9,RELLENO_NACIONAL_BENFORD
21,001,02,03,000009,88,8,RELLENO_NACIONAL_BENFORD
21,001,02,05,000019,84,8,RELLENO_NACIONAL_BENFORD
21,001,02,07,000003,98,9,RELLENO_NACIONAL_BENFORD
21,001,02,07,000028,82,8,RELLENO_NACIONAL_BENFORD
01,088,01,02,000006,86,8,RELLENO_NACIONAL_BENFORD
01,088,02,05,000008,89,8,RELLENO_NACIONAL_BENFORD
01,088,99,28,000001,81,8,RELLENO_NACIONAL_BENFORD
01,100,00,00,000029,80,8,RELLENO_NACIONAL_BENFORD
01,103,01,04,000016,81,8,RELLENO_NACIONAL_BENFORD
01,103,01,05,000003,81,8,RELLENO_NACIONAL_BENFORD
01,106,01,02,000012,97,9,RELLENO_NACIONAL_BENFORD
29,127,99,05,000002,88,8,RELLENO_NACIONAL_BENFORD
31,001,01,02,000008,84,8,RELLENO_NACIONAL_BENFORD
31,001,01,02,000009,90,9,RELLENO_NACIONAL_BENFORD
31,001,01,07,000001,97,9,RELLENO_NACIONAL_BENFORD
31,001,01,07,000009,9,9,RELLENO_NACIONAL_BENFORD
31,001,02,02,000011,98,9,RELLENO_NACIONAL_BENFORD
31,001,03,01,000031,95,9,RELLENO_NACIONAL_BENFORD
31,001,03,03,000030,89,8,RELLENO_NACIONAL_BENFORD
31,001,03,03,000031,94,9,RELLENO_NACIONAL_BENFORD
31,001,04,04,000023,87,8,RELLENO_NACIONAL_BENFORD
31,001,04,05,000009,93,9,RELLENO_NACIONAL_BENFORD
31,001,05,03,000007,82,8,RELLENO_NACIONAL_BENFORD
31,001,05,03,000016,85,8,RELLENO_NACIONAL_BENFORD
31,001,07,01,000023,86,8,RELLENO_NACIONAL_BENFORD
11,019,99,02,000001,9,9,RELLENO_NACIONAL_BENFORD
11,025,99,43,000001,87,8,RELLENO_NACIONAL_BENFORD
11,029,99,10,000003,9,9,RELLENO_NACIONAL_BENFORD
11,029,99,45,000003,84,8,RELLENO_NACIONAL_BENFORD
11,034,00,00,000004,8,8,RELLENO_NACIONAL_BENFORD
11,034,00,00,000009,9,9,RELLENO_NACIONAL_BENFORD
11,037,00,00,000012,85,8,RELLENO_NACIONAL_BENFORD
11,058,00,01,000014,87,8,RELLENO_NACIONAL_BENFORD
11,060,00,00,000003,98,9,RELLENO_NACIONAL_BENFORD
19,001,01,08,000007,96,9,RELLENO_NACIONAL_BENFORD
19,001,01,08,000008,98,9,RELLENO_NACIONAL_BENFORD
19,001,02,02,000016,84,8,RELLENO_NACIONAL_BENFORD
13,001,02,01,000005,96,9,RELLENO_NACIONAL_BENFORD
13,001,02,03,000023,95,9,RELLENO_NACIONAL_BENFORD
13,001,02,04,000011,90,9,RELLENO_NACIONAL_BENFORD
13,001,02,06,000004,99,9,RELLENO_NACIONAL_BENFORD
13,001,02,06,000006,91,9,RELLENO_NACIONAL_BENFORD
13,001,03,03,000006,93,9,RELLENO_NACIONAL_BENFORD
13,001,03,06,000008,90,9,RELLENO_NACIONAL_BENFORD
21,015,00,00,000019,82,8,RELLENO_NACIONAL_BENFORD
21,015,99,50,000004,92,9,RELLENO_NACIONAL_BENFORD
21,016,01,02,000011,80,8,RELLENO_NACIONAL_BENFORD
21,016,90,01,000009,93,9,RELLENO_NACIONAL_BENFORD
21,016,99,04,000004,92,9,RELLENO_NACIONAL_BENFORD
21,016,99,21,000002,82,8,RELLENO_NACIONAL_BENFORD
21,025,01,01,000014,89,8,RELLENO_NACIONAL_BENFORD
21,025,99,11,000004,98,9,RELLENO_NACIONAL_BENFORD
21,025,99,45,000001,98,9,RELLENO_NACIONAL_BENFORD
21,028,00,00,000013,99,9,RELLENO_NACIONAL_BENFORD
21,031,02,02,000008,92,9,RELLENO_NACIONAL_BENFORD
21,031,02,02,000023,81,8,RELLENO_NACIONAL_BENFORD
21,031,02,03,000010,83,8,RELLENO_NACIONAL_BENFORD
21,040,00,00,000001,97,9,RELLENO_NACIONAL_BENFORD
13,001,05,01,000017,97,9,RELLENO_NACIONAL_BENFORD
13,001,05,03,000020,82,8,RELLENO_NACIONAL_BENFORD
13,001,05,03,000022,9,9,RELLENO_NACIONAL_BENFORD
13,001,06,08,000006,80,8,RELLENO_NACIONAL_BENFORD
13,001,07,01,000005,80,8,RELLENO_NACIONAL_BENFORD
13,001,07,01,000007,81,8,RELLENO_NACIONAL_BENFORD
13,001,07,02,000004,85,8,RELLENO_NACIONAL_BENFORD
13,001,07,02,000016,88,8,RELLENO_NACIONAL_BENFORD
13,001,99,07,000005,81,8,RELLENO_NACIONAL_BENFORD
13,001,99,15,000001,91,9,RELLENO_NACIONAL_BENFORD
13,001,99,29,000016,88,8,RELLENO_NACIONAL_BENFORD
13,001,99,31,000001,87,8,RELLENO_NACIONAL_BENFORD
13,001,99,37,000002,83,8,RELLENO_NACIONAL_BENFORD
13,004,01,01,000010,96,9,RELLENO_NACIONAL_BENFORD
13,004,01,02,000026,84,8,RELLENO_NACIONAL_BENFORD
13,007,00,01,000006,95,9,RELLENO_NACIONAL_BENFORD
13,007,99,15,000003,82,8,RELLENO_NACIONAL_BENFORD
13,010,01,02,000005,93,9,RELLENO_NACIONAL_BENFORD
13,010,01,02,000010,90,9,RELLENO_NACIONAL_BENFORD
13,010,02,02,000008,84,8,RELLENO_NACIONAL_BENFORD
13,010,02,03,000006,99,9,RELLENO_NACIONAL_BENFORD
13,010,02,03,000011,89,8,RELLENO_NACIONAL_BENFORD
13,010,02,03,000012,84,8,RELLENO_NACIONAL_BENFORD
13,010,99,09,000005,83,8,RELLENO_NACIONAL_BENFORD
13,010,99,21,000010,81,8,RELLENO_NACIONAL_BENFORD
13,013,99,09,000003,96,9,RELLENO_NACIONAL_BENFORD
13,020,99,02,000002,8,8,RELLENO_NACIONAL_BENFORD
13,022,01,01,000006,87,8,RELLENO_NACIONAL_BENFORD
13,022,01,02,000003,98,9,RELLENO_NACIONAL_BENFORD
13,022,02,02,000001,93,9,RELLENO_NACIONAL_BENFORD
13,022,02,03,000003,93,9,RELLENO_NACIONAL_BENFORD
13,022,90,01,000002,90,9,RELLENO_NACIONAL_BENFORD
13,022,99,08,000003,99,9,RELLENO_NACIONAL_BENFORD
13,022,99,19,000011,96,9,RELLENO_NACIONAL_BENFORD
13,022,99,38,000003,90,9,RELLENO_NACIONAL_BENFORD
13,023,00,00,000013,87,8,RELLENO_NACIONAL_BENFORD
13,023,00,00,000019,85,8,RELLENO_NACIONAL_BENFORD
13,023,99,40,000003,82,8,RELLENO_NACIONAL_BENFORD
13,024,00,00,000001,91,9,RELLENO_NACIONAL_BENFORD
13,027,99,12,000004,96,9,RELLENO_NACIONAL_BENFORD
13,031,00,01,000014,99,9,RELLENO_NACIONAL_BENFORD
13,032,00,01,000010,89,8,RELLENO_NACIONAL_BENFORD
13,032,00,01,000012,81,8,RELLENO_NACIONAL_BENFORD
13,037,90,01,000003,93,9,RELLENO_NACIONAL_BENFORD
13,037,99,12,000001,98,9,RELLENO_NACIONAL_BENFORD
13,037,99,12,000002,9,9,RELLENO_NACIONAL_BENFORD
13,043,00,02,000004,88,8,RELLENO_NACIONAL_BENFORD
13,043,00,02,000006,94,9,RELLENO_NACIONAL_BENFORD
13,043,00,02,000015,89,8,RELLENO_NACIONAL_BENFORD
13,049,00,02,000005,81,8,RELLENO_NACIONAL_BENFORD
13,055,99,03,000006,96,9,RELLENO_NACIONAL_BENFORD
13,055,99,05,000010,81,8,RELLENO_NACIONAL_BENFORD
13,055,99,21,000005,80,8,RELLENO_NACIONAL_BENFORD
13,058,01,01,000006,88,8,RELLENO_NACIONAL_BENFORD
13,058,01,02,000013,88,8,RELLENO_NACIONAL_BENFORD
13,058,02,01,000007,88,8,RELLENO_NACIONAL_BENFORD
13,058,99,20,000002,81,8,RELLENO_NACIONAL_BENFORD
13,060,99,21,000001,90,9,RELLENO_NACIONAL_BENFORD
13,061,00,01,000022,96,9,RELLENO_NACIONAL_BENFORD
15,031,02,08,000005,97,9,RELLENO_NACIONAL_BENFORD
15,043,00,02,000009,83,8,RELLENO_NACIONAL_BENFORD
15,043,00,02,000011,86,8,RELLENO_NACIONAL_BENFORD
15,046,01,02,000014,92,9,RELLENO_NACIONAL_BENFORD
15,055,01,02,000025,89,8,RELLENO_NACIONAL_BENFORD
15,055,01,06,000006,92,9,RELLENO_NACIONAL_BENFORD
15,055,02,02,000019,99,9,RELLENO_NACIONAL_BENFORD
15,055,02,03,000006,95,9,RELLENO_NACIONAL_BENFORD
15,055,02,05,000019,94,9,RELLENO_NACIONAL_BENFORD
15,055,02,06,000008,88,8,RELLENO_NACIONAL_BENFORD
15,076,01,05,000009,99,9,RELLENO_NACIONAL_BENFORD
15,076,01,06,000012,83,8,RELLENO_NACIONAL_BENFORD
15,076,01,06,000013,93,9,RELLENO_NACIONAL_BENFORD
15,076,02,01,000015,80,8,RELLENO_NACIONAL_BENFORD
15,076,02,02,000019,81,8,RELLENO_NACIONAL_BENFORD
15,076,02,03,000013,86,8,RELLENO_NACIONAL_BENFORD
15,076,02,04,000025,89,8,RELLENO_NACIONAL_BENFORD
31,028,02,03,000011,92,9,RELLENO_NACIONAL_BENFORD
31,031,99,40,000004,84,8,RELLENO_NACIONAL_BENFORD
31,034,01,01,000006,95,9,RELLENO_NACIONAL_BENFORD
31,034,02,03,000014,85,8,RELLENO_NACIONAL_BENFORD
31,034,02,03,000015,80,8,RELLENO_NACIONAL_BENFORD
31,034,02,05,000022,91,9,RELLENO_NACIONAL_BENFORD
31,034,03,01,000003,97,9,RELLENO_NACIONAL_BENFORD
31,034,03,02,000010,96,9,RELLENO_NACIONAL_BENFORD
31,034,04,01,000021,99,9,RELLENO_NACIONAL_BENFORD
31,034,04,04,000008,92,9,RELLENO_NACIONAL_BENFORD
31,034,04,05,000005,97,9,RELLENO_NACIONAL_BENFORD
31,037,00,00,000005,89,8,RELLENO_NACIONAL_BENFORD
31,037,00,00,000026,83,8,RELLENO_NACIONAL_BENFORD
31,037,00,00,000028,82,8,RELLENO_NACIONAL_BENFORD
31,046,00,00,000008,89,8,RELLENO_NACIONAL_BENFORD
31,046,99,05,000001,91,9,RELLENO_NACIONAL_BENFORD
31,049,01,01,000004,84,8,RELLENO_NACIONAL_BENFORD
31,049,01,02,000007,85,8,RELLENO_NACIONAL_BENFORD
31,052,00,00,000014,98,9,RELLENO_NACIONAL_BENFORD
31,055,99,18,000001,99,9,RELLENO_NACIONAL_BENFORD
31,061,99,25,000001,84,8,RELLENO_NACIONAL_BENFORD
31,064,01,01,000005,95,9,RELLENO_NACIONAL_BENFORD
31,064,01,02,000010,81,8,RELLENO_NACIONAL_BENFORD
31,064,01,03,000009,9,9,RELLENO_NACIONAL_BENFORD
31,064,02,02,000003,90,9,RELLENO_NACIONAL_BENFORD
31,067,99,01,000003,95,9,RELLENO_NACIONAL_BENFORD
31,073,00,00,000018,80,8,RELLENO_NACIONAL_BENFORD
31,073,00,00,000025,81,8,RELLENO_NACIONAL_BENFORD
19,001,03,03,000022,90,9,RELLENO_NACIONAL_BENFORD
19,001,04,01,000012,99,9,RELLENO_NACIONAL_BENFORD
19,001,04,02,000031,98,9,RELLENO_NACIONAL_BENFORD
19,001,04,03,000017,99,9,RELLENO_NACIONAL_BENFORD
19,001,06,04,000009,95,9,RELLENO_NACIONAL_BENFORD
19,001,90,01,000017,83,8,RELLENO_NACIONAL_BENFORD
01,109,00,01,000017,82,8,RELLENO_NACIONAL_BENFORD
01,109,00,02,000001,88,8,RELLENO_NACIONAL_BENFORD
01,112,00,00,000044,86,8,RELLENO_NACIONAL_BENFORD
01,121,03,03,000003,96,9,RELLENO_NACIONAL_BENFORD
01,121,04,03,000008,99,9,RELLENO_NACIONAL_BENFORD
01,121,06,04,000013,88,8,RELLENO_NACIONAL_BENFORD
01,121,07,01,000026,93,9,RELLENO_NACIONAL_BENFORD
31,001,07,02,000019,98,9,RELLENO_NACIONAL_BENFORD
31,001,07,04,000008,95,9,RELLENO_NACIONAL_BENFORD
31,001,08,02,000008,99,9,RELLENO_NACIONAL_BENFORD
31,001,08,02,000011,98,9,RELLENO_NACIONAL_BENFORD
31,001,08,04,000014,99,9,RELLENO_NACIONAL_BENFORD
31,001,09,01,000011,88,8,RELLENO_NACIONAL_BENFORD
31,001,10,01,000011,98,9,RELLENO_NACIONAL_BENFORD
31,001,11,01,000007,99,9,RELLENO_NACIONAL_BENFORD
31,001,11,01,000014,88,8,RELLENO_NACIONAL_BENFORD
31,001,11,03,000003,98,9,RELLENO_NACIONAL_BENFORD
31,001,11,04,000003,80,8,RELLENO_NACIONAL_BENFORD
31,001,11,04,000009,91,9,RELLENO_NACIONAL_BENFORD
31,001,11,05,000010,80,8,RELLENO_NACIONAL_BENFORD
31,001,12,01,000025,82,8,RELLENO_NACIONAL_BENFORD
31,001,14,02,000012,86,8,RELLENO_NACIONAL_BENFORD
31,001,14,03,000027,81,8,RELLENO_NACIONAL_BENFORD
31,001,14,03,000033,82,8,RELLENO_NACIONAL_BENFORD
31,001,15,03,000026,85,8,RELLENO_NACIONAL_BENFORD
31,001,16,01,000006,96,9,RELLENO_NACIONAL_BENFORD
31,001,16,01,000017,91,9,RELLENO_NACIONAL_BENFORD
11,061,00,01,000019,93,9,RELLENO_NACIONAL_BENFORD
11,061,99,50,000002,99,9,RELLENO_NACIONAL_BENFORD
11,076,01,03,000003,86,8,RELLENO_NACIONAL_BENFORD
11,076,01,04,000001,98,9,RELLENO_NACIONAL_BENFORD
11,076,02,01,000009,80,8,RELLENO_NACIONAL_BENFORD
11,076,02,02,000004,88,8,RELLENO_NACIONAL_BENFORD
11,076,90,01,000007,87,8,RELLENO_NACIONAL_BENFORD
11,082,99,05,000007,9,9,RELLENO_NACIONAL_BENFORD
11,087,00,00,000019,92,9,RELLENO_NACIONAL_BENFORD
11,094,00,00,000024,8,8,RELLENO_NACIONAL_BENFORD
19,010,00,00,000023,90,9,RELLENO_NACIONAL_BENFORD
19,022,01,01,000018,95,9,RELLENO_NACIONAL_BENFORD
19,022,01,01,000024,91,9,RELLENO_NACIONAL_BENFORD
19,034,01,03,000006,81,8,RELLENO_NACIONAL_BENFORD
19,034,02,01,000009,87,8,RELLENO_NACIONAL_BENFORD
19,044,00,02,000003,96,9,RELLENO_NACIONAL_BENFORD
19,044,00,02,000015,95,9,RELLENO_NACIONAL_BENFORD
19,047,00,00,000016,84,8,RELLENO_NACIONAL_BENFORD
19,049,01,03,000003,91,9,RELLENO_NACIONAL_BENFORD
19,049,01,03,000009,99,9,RELLENO_NACIONAL_BENFORD
01,121,10,01,000007,87,8,RELLENO_NACIONAL_BENFORD
01,127,00,02,000002,80,8,RELLENO_NACIONAL_BENFORD
01,091,00,00,000032,93,9,RELLENO_NACIONAL_BENFORD
01,100,00,00,000041,94,9,RELLENO_NACIONAL_BENFORD
01,103,03,01,000008,95,9,RELLENO_NACIONAL_BENFORD
01,103,03,01,000011,9,9,RELLENO_NACIONAL_BENFORD
01,103,03,02,000023,96,9,RELLENO_NACIONAL_BENFORD
29,124,00,00,000011,99,9,RELLENO_NACIONAL_BENFORD
31,001,01,05,000001,82,8,RELLENO_NACIONAL_BENFORD
31,001,02,04,000017,95,9,RELLENO_NACIONAL_BENFORD
31,001,02,06,000038,83,8,RELLENO_NACIONAL_BENFORD
31,001,04,01,000007,92,9,RELLENO_NACIONAL_BENFORD
31,001,05,04,000037,81,8,RELLENO_NACIONAL_BENFORD
31,001,06,03,000032,83,8,RELLENO_NACIONAL_BENFORD
11,019,99,05,000004,9,9,RELLENO_NACIONAL_BENFORD
11,025,99,57,000001,99,9,RELLENO_NACIONAL_BENFORD
11,025,99,57,000005,8,8,RELLENO_NACIONAL_BENFORD
11,031,99,41,000001,84,8,RELLENO_NACIONAL_BENFORD
11,037,00,00,000013,83,8,RELLENO_NACIONAL_BENFORD
11,040,99,43,000001,8,8,RELLENO_NACIONAL_BENFORD
11,046,99,16,000001,8,8,RELLENO_NACIONAL_BENFORD
11,052,00,02,000001,98,9,RELLENO_NACIONAL_BENFORD
11,055,99,42,000004,8,8,RELLENO_NACIONAL_BENFORD
11,058,99,57,000001,9,9,RELLENO_NACIONAL_BENFORD
11,060,00,00,000001,85,8,RELLENO_NACIONAL_BENFORD
11,060,00,00,000002,90,9,RELLENO_NACIONAL_BENFORD
19,001,01,03,000019,89,8,RELLENO_NACIONAL_BENFORD
19,001,01,06,000011,98,9,RELLENO_NACIONAL_BENFORD
13,001,01,03,000012,95,9,RELLENO_NACIONAL_BENFORD
13,001,01,07,000013,92,9,RELLENO_NACIONAL_BENFORD
13,001,02,03,000014,97,9,RELLENO_NACIONAL_BENFORD
13,001,02,06,000005,93,9,RELLENO_NACIONAL_BENFORD
13,001,03,01,000010,99,9,RELLENO_NACIONAL_BENFORD
13,001,03,06,000021,8,8,RELLENO_NACIONAL_BENFORD
13,001,03,07,000006,98,9,RELLENO_NACIONAL_BENFORD
13,001,03,08,000003,86,8,RELLENO_NACIONAL_BENFORD
13,001,04,05,000008,86,8,RELLENO_NACIONAL_BENFORD
13,001,04,07,000009,80,8,RELLENO_NACIONAL_BENFORD
21,015,00,00,000020,85,8,RELLENO_NACIONAL_BENFORD
21,016,01,01,000010,94,9,RELLENO_NACIONAL_BENFORD
21,016,01,01,000013,89,8,RELLENO_NACIONAL_BENFORD
21,016,01,02,000007,98,9,RELLENO_NACIONAL_BENFORD
21,016,02,06,000006,85,8,RELLENO_NACIONAL_BENFORD
21,016,02,07,000008,85,8,RELLENO_NACIONAL_BENFORD
21,016,99,21,000001,80,8,RELLENO_NACIONAL_BENFORD
21,025,99,20,000003,90,9,RELLENO_NACIONAL_BENFORD
21,028,00,00,000005,99,9,RELLENO_NACIONAL_BENFORD
21,031,02,02,000003,94,9,RELLENO_NACIONAL_BENFORD
13,001,05,02,000002,88,8,RELLENO_NACIONAL_BENFORD
13,001,05,06,000005,84,8,RELLENO_NACIONAL_BENFORD
13,001,06,04,000020,91,9,RELLENO_NACIONAL_BENFORD
13,001,06,04,000025,82,8,RELLENO_NACIONAL_BENFORD
13,001,99,07,000007,83,8,RELLENO_NACIONAL_BENFORD
13,001,99,27,000001,83,8,RELLENO_NACIONAL_BENFORD
13,007,99,25,000001,95,9,RELLENO_NACIONAL_BENFORD
13,010,99,13,000006,98,9,RELLENO_NACIONAL_BENFORD
13,010,99,33,000001,95,9,RELLENO_NACIONAL_BENFORD
13,010,99,33,000004,87,8,RELLENO_NACIONAL_BENFORD
13,013,01,02,000002,94,9,RELLENO_NACIONAL_BENFORD
13,013,02,02,000007,88,8,RELLENO_NACIONAL_BENFORD
13,016,99,01,000007,94,9,RELLENO_NACIONAL_BENFORD
13,022,99,14,000002,99,9,RELLENO_NACIONAL_BENFORD
13,023,00,00,000021,85,8,RELLENO_NACIONAL_BENFORD
13,025,01,01,000010,83,8,RELLENO_NACIONAL_BENFORD
13,028,99,13,000001,98,9,RELLENO_NACIONAL_BENFORD
13,034,99,01,000003,8,8,RELLENO_NACIONAL_BENFORD
13,040,00,01,000021,88,8,RELLENO_NACIONAL_BENFORD
13,040,00,02,000009,80,8,RELLENO_NACIONAL_BENFORD
13,043,00,02,000013,94,9,RELLENO_NACIONAL_BENFORD
13,043,99,05,000004,83,8,RELLENO_NACIONAL_BENFORD
13,046,99,04,000001,90,9,RELLENO_NACIONAL_BENFORD
13,046,99,13,000001,93,9,RELLENO_NACIONAL_BENFORD
13,049,00,02,000015,81,8,RELLENO_NACIONAL_BENFORD
13,055,99,05,000007,88,8,RELLENO_NACIONAL_BENFORD
13,055,99,09,000001,91,9,RELLENO_NACIONAL_BENFORD
13,055,99,17,000003,89,8,RELLENO_NACIONAL_BENFORD
13,058,01,03,000002,99,9,RELLENO_NACIONAL_BENFORD
13,058,02,01,000003,94,9,RELLENO_NACIONAL_BENFORD
13,060,00,01,000024,94,9,RELLENO_NACIONAL_BENFORD
13,060,00,01,000033,86,8,RELLENO_NACIONAL_BENFORD
13,061,99,01,000003,97,9,RELLENO_NACIONAL_BENFORD
15,031,01,03,000016,90,9,RELLENO_NACIONAL_BENFORD
15,031,02,07,000019,96,9,RELLENO_NACIONAL_BENFORD
15,055,02,03,000021,96,9,RELLENO_NACIONAL_BENFORD
15,072,01,02,000003,80,8,RELLENO_NACIONAL_BENFORD
15,072,02,01,000022,91,9,RELLENO_NACIONAL_BENFORD
15,076,02,04,000024,93,9,RELLENO_NACIONAL_BENFORD
15,076,02,10,000007,95,9,RELLENO_NACIONAL_BENFORD
15,076,02,10,000008,95,9,RELLENO_NACIONAL_BENFORD
31,028,98,01,000001,9,9,RELLENO_NACIONAL_BENFORD
31,028,99,21,000001,87,8,RELLENO_NACIONAL_BENFORD
31,031,99,22,000011,82,8,RELLENO_NACIONAL_BENFORD
31,031,99,38,000006,99,9,RELLENO_NACIONAL_BENFORD
31,037,00,00,000013,84,8,RELLENO_NACIONAL_BENFORD
31,037,99,53,000005,97,9,RELLENO_NACIONAL_BENFORD
31,058,00,00,000006,98,9,RELLENO_NACIONAL_BENFORD
31,064,02,01,000005,99,9,RELLENO_NACIONAL_BENFORD
31,064,02,04,000008,84,8,RELLENO_NACIONAL_BENFORD
31,064,04,01,000009,93,9,RELLENO_NACIONAL_BENFORD
31,064,04,02,000029,95,9,RELLENO_NACIONAL_BENFORD
31,064,04,04,000005,80,8,RELLENO_NACIONAL_BENFORD
31,064,90,01,000005,89,8,RELLENO_NACIONAL_BENFORD
31,064,99,17,000005,95,9,RELLENO_NACIONAL_BENFORD
31,070,01,04,000006,85,8,RELLENO_NACIONAL_BENFORD
19,001,04,05,000019,88,8,RELLENO_NACIONAL_BENFORD
19,001,04,05,000024,88,8,RELLENO_NACIONAL_BENFORD
19,001,06,01,000020,82,8,RELLENO_NACIONAL_BENFORD
19,001,06,02,000027,95,9,RELLENO_NACIONAL_BENFORD
19,001,06,04,000010,87,8,RELLENO_NACIONAL_BENFORD
19,001,99,03,000015,97,9,RELLENO_NACIONAL_BENFORD
01,106,04,02,000001,80,8,RELLENO_NACIONAL_BENFORD
01,112,00,00,000032,99,9,RELLENO_NACIONAL_BENFORD
01,117,02,02,000003,93,9,RELLENO_NACIONAL_BENFORD
01,121,03,02,000037,91,9,RELLENO_NACIONAL_BENFORD
31,001,08,01,000002,81,8,RELLENO_NACIONAL_BENFORD
31,001,08,02,000013,81,8,RELLENO_NACIONAL_BENFORD
31,001,08,02,000014,99,9,RELLENO_NACIONAL_BENFORD
31,001,10,04,000011,82,8,RELLENO_NACIONAL_BENFORD
31,001,11,01,000018,83,8,RELLENO_NACIONAL_BENFORD
31,001,13,03,000010,84,8,RELLENO_NACIONAL_BENFORD
31,001,14,03,000026,83,8,RELLENO_NACIONAL_BENFORD
31,001,16,01,000010,80,8,RELLENO_NACIONAL_BENFORD
31,001,16,01,000014,82,8,RELLENO_NACIONAL_BENFORD
11,061,00,01,000007,99,9,RELLENO_NACIONAL_BENFORD
11,061,99,12,000001,92,9,RELLENO_NACIONAL_BENFORD
11,070,00,00,000008,88,8,RELLENO_NACIONAL_BENFORD
11,070,99,36,000001,84,8,RELLENO_NACIONAL_BENFORD
11,076,02,02,000005,95,9,RELLENO_NACIONAL_BENFORD
11,076,90,01,000018,95,9,RELLENO_NACIONAL_BENFORD
11,088,01,01,000009,94,9,RELLENO_NACIONAL_BENFORD
01,124,00,02,000003,99,9,RELLENO_NACIONAL_BENFORD
01,124,00,02,000010,92,9,RELLENO_NACIONAL_BENFORD
01,133,02,01,000026,94,9,RELLENO_NACIONAL_BENFORD
01,133,02,02,000030,90,9,RELLENO_NACIONAL_BENFORD
01,140,00,00,000004,96,9,RELLENO_NACIONAL_BENFORD
31,001,06,01,000036,80,8,RELLENO_NACIONAL_BENFORD
31,001,06,03,000029,94,9,RELLENO_NACIONAL_BENFORD
11,025,00,00,000012,84,8,RELLENO_NACIONAL_BENFORD
11,031,99,17,000003,8,8,RELLENO_NACIONAL_BENFORD
11,037,00,00,000003,82,8,RELLENO_NACIONAL_BENFORD
11,040,99,09,000001,9,9,RELLENO_NACIONAL_BENFORD
11,049,00,01,000002,85,8,RELLENO_NACIONAL_BENFORD
11,052,00,01,000010,93,9,RELLENO_NACIONAL_BENFORD
13,001,01,04,000020,90,9,RELLENO_NACIONAL_BENFORD
13,001,01,06,000002,84,8,RELLENO_NACIONAL_BENFORD
13,001,03,07,000003,93,9,RELLENO_NACIONAL_BENFORD
21,016,01,04,000001,97,9,RELLENO_NACIONAL_BENFORD
21,025,01,01,000017,97,9,RELLENO_NACIONAL_BENFORD
13,001,07,01,000009,82,8,RELLENO_NACIONAL_BENFORD
13,001,07,01,000016,83,8,RELLENO_NACIONAL_BENFORD
13,001,99,25,000001,97,9,RELLENO_NACIONAL_BENFORD
13,001,99,35,000002,87,8,RELLENO_NACIONAL_BENFORD
13,007,00,01,000015,83,8,RELLENO_NACIONAL_BENFORD
13,007,00,02,000001,91,9,RELLENO_NACIONAL_BENFORD
13,009,99,50,000001,98,9,RELLENO_NACIONAL_BENFORD
13,013,02,02,000009,85,8,RELLENO_NACIONAL_BENFORD
13,023,00,00,000001,94,9,RELLENO_NACIONAL_BENFORD
13,024,00,00,000032,91,9,RELLENO_NACIONAL_BENFORD
13,028,01,01,000025,83,8,RELLENO_NACIONAL_BENFORD
13,031,00,02,000003,9,9,RELLENO_NACIONAL_BENFORD
13,055,00,02,000013,82,8,RELLENO_NACIONAL_BENFORD
13,061,99,06,000002,86,8,RELLENO_NACIONAL_BENFORD
15,031,01,03,000021,98,9,RELLENO_NACIONAL_BENFORD
15,037,00,02,000016,80,8,RELLENO_NACIONAL_BENFORD
15,055,01,02,000027,85,8,RELLENO_NACIONAL_BENFORD
15,067,00,02,000015,90,9,RELLENO_NACIONAL_BENFORD
15,076,02,06,000018,94,9,RELLENO_NACIONAL_BENFORD
31,037,00,00,000007,97,9,RELLENO_NACIONAL_BENFORD
31,037,99,53,000003,93,9,RELLENO_NACIONAL_BENFORD
31,049,99,29,000008,96,9,RELLENO_NACIONAL_BENFORD
31,049,99,37,000001,84,8,RELLENO_NACIONAL_BENFORD
31,067,00,01,000011,95,9,RELLENO_NACIONAL_BENFORD
19,001,03,06,000019,89,8,RELLENO_NACIONAL_BENFORD
19,001,06,03,000018,82,8,RELLENO_NACIONAL_BENFORD
19,001,06,05,000021,88,8,RELLENO_NACIONAL_BENFORD
01,112,00,00,000045,90,9,RELLENO_NACIONAL_BENFORD
31,001,08,02,000012,99,9,RELLENO_NACIONAL_BENFORD
31,001,08,02,000020,92,9,RELLENO_NACIONAL_BENFORD
31,001,08,05,000003,90,9,RELLENO_NACIONAL_BENFORD
31,001,14,03,000030,91,9,RELLENO_NACIONAL_BENFORD
31,001,15,01,000012,94,9,RELLENO_NACIONAL_BENFORD
11,064,01,01,000017,9,9,RELLENO_NACIONAL_BENFORD
11,076,01,01,000016,85,8,RELLENO_NACIONAL_BENFORD
11,076,98,01,000001,8,8,RELLENO_NACIONAL_BENFORD
19,022,01,01,000016,93,9,RELLENO_NACIONAL_BENFORD
19,022,01,01,000027,90,9,RELLENO_NACIONAL_BENFORD
01,124,00,01,000026,80,8,RELLENO_NACIONAL_BENFORD
01,130,00,00,000008,84,8,RELLENO_NACIONAL_BENFORD
01,133,02,03,000018,85,8,RELLENO_NACIONAL_BENFORD
01,133,02,03,000019,88,8,RELLENO_NACIONAL_BENFORD
01,133,02,03,000025,84,8,RELLENO_NACIONAL_BENFORD
01,103,01,02,000015,90,9,RELLENO_NACIONAL_BENFORD
31,001,04,05,000008,84,8,RELLENO_NACIONAL_BENFORD
31,001,05,03,000001,81,8,RELLENO_NACIONAL_BENFORD
31,001,06,02,000042,82,8,RELLENO_NACIONAL_BENFORD
11,019,00,01,000011,88,8,RELLENO_NACIONAL_BENFORD
11,019,99,21,000001,9,9,RELLENO_NACIONAL_BENFORD
11,025,00,00,000001,95,9,RELLENO_NACIONAL_BENFORD
11,025,99,90,000001,80,8,RELLENO_NACIONAL_BENFORD
11,031,99,21,000003,8,8,RELLENO_NACIONAL_BENFORD
11,037,00,00,000002,80,8,RELLENO_NACIONAL_BENFORD
11,043,99,25,000002,9,9,RELLENO_NACIONAL_BENFORD
11,052,00,01,000009,94,9,RELLENO_NACIONAL_BENFORD
11,052,00,02,000007,94,9,RELLENO_NACIONAL_BENFORD
11,058,00,01,000004,96,9,RELLENO_NACIONAL_BENFORD
11,060,99,25,000001,9,9,RELLENO_NACIONAL_BENFORD
19,001,01,04,000014,87,8,RELLENO_NACIONAL_BENFORD
19,001,02,01,000029,85,8,RELLENO_NACIONAL_BENFORD
13,001,01,01,000004,91,9,RELLENO_NACIONAL_BENFORD
13,001,03,06,000001,96,9,RELLENO_NACIONAL_BENFORD
21,016,01,02,000010,85,8,RELLENO_NACIONAL_BENFORD
21,016,02,02,000007,87,8,RELLENO_NACIONAL_BENFORD
21,025,01,02,000013,98,9,RELLENO_NACIONAL_BENFORD
21,025,99,07,000002,83,8,RELLENO_NACIONAL_BENFORD
21,031,01,03,000015,84,8,RELLENO_NACIONAL_BENFORD
13,001,05,02,000011,90,9,RELLENO_NACIONAL_BENFORD
13,001,05,02,000013,95,9,RELLENO_NACIONAL_BENFORD
13,001,06,01,000015,91,9,RELLENO_NACIONAL_BENFORD
13,001,06,08,000010,98,9,RELLENO_NACIONAL_BENFORD
13,001,99,25,000008,84,8,RELLENO_NACIONAL_BENFORD
13,001,99,34,000002,81,8,RELLENO_NACIONAL_BENFORD
13,001,99,37,000001,88,8,RELLENO_NACIONAL_BENFORD
13,001,99,37,000003,96,9,RELLENO_NACIONAL_BENFORD
13,001,99,59,000001,98,9,RELLENO_NACIONAL_BENFORD
13,004,02,02,000008,94,9,RELLENO_NACIONAL_BENFORD
13,004,99,17,000002,98,9,RELLENO_NACIONAL_BENFORD
13,004,99,23,000002,97,9,RELLENO_NACIONAL_BENFORD
13,009,99,06,000003,95,9,RELLENO_NACIONAL_BENFORD
13,010,02,01,000019,85,8,RELLENO_NACIONAL_BENFORD
13,010,02,03,000001,81,8,RELLENO_NACIONAL_BENFORD
13,013,01,01,000005,84,8,RELLENO_NACIONAL_BENFORD
13,022,01,02,000005,84,8,RELLENO_NACIONAL_BENFORD
13,022,02,01,000007,88,8,RELLENO_NACIONAL_BENFORD
13,022,02,03,000001,80,8,RELLENO_NACIONAL_BENFORD
13,025,01,02,000004,80,8,RELLENO_NACIONAL_BENFORD
13,025,02,04,000002,80,8,RELLENO_NACIONAL_BENFORD
13,027,99,12,000003,97,9,RELLENO_NACIONAL_BENFORD
13,033,99,55,000003,92,9,RELLENO_NACIONAL_BENFORD
13,033,99,87,000004,91,9,RELLENO_NACIONAL_BENFORD
13,033,99,91,000003,83,8,RELLENO_NACIONAL_BENFORD
13,034,00,00,000019,98,9,RELLENO_NACIONAL_BENFORD
13,037,01,01,000014,86,8,RELLENO_NACIONAL_BENFORD
13,037,99,05,000003,85,8,RELLENO_NACIONAL_BENFORD
13,049,99,19,000004,93,9,RELLENO_NACIONAL_BENFORD
13,058,02,01,000009,87,8,RELLENO_NACIONAL_BENFORD
13,058,99,05,000001,82,8,RELLENO_NACIONAL_BENFORD
13,060,00,01,000008,99,9,RELLENO_NACIONAL_BENFORD
13,060,00,01,000012,93,9,RELLENO_NACIONAL_BENFORD
13,060,00,01,000029,86,8,RELLENO_NACIONAL_BENFORD
13,060,00,02,000001,97,9,RELLENO_NACIONAL_BENFORD
13,061,99,10,000007,80,8,RELLENO_NACIONAL_BENFORD
15,004,00,02,000006,82,8,RELLENO_NACIONAL_BENFORD
15,029,00,00,000001,93,9,RELLENO_NACIONAL_BENFORD
15,029,00,00,000002,84,8,RELLENO_NACIONAL_BENFORD
15,055,01,02,000019,94,9,RELLENO_NACIONAL_BENFORD
15,055,02,02,000012,97,9,RELLENO_NACIONAL_BENFORD
15,055,02,03,000009,81,8,RELLENO_NACIONAL_BENFORD
15,067,00,02,000007,95,9,RELLENO_NACIONAL_BENFORD
15,067,00,02,000009,98,9,RELLENO_NACIONAL_BENFORD
15,076,01,03,000015,91,9,RELLENO_NACIONAL_BENFORD
15,076,02,04,000019,86,8,RELLENO_NACIONAL_BENFORD
15,076,02,05,000018,89,8,RELLENO_NACIONAL_BENFORD
31,031,01,01,000003,80,8,RELLENO_NACIONAL_BENFORD
31,031,99,09,000002,94,9,RELLENO_NACIONAL_BENFORD
31,031,99,38,000014,82,8,RELLENO_NACIONAL_BENFORD
31,034,01,04,000001,88,8,RELLENO_NACIONAL_BENFORD
31,034,02,02,000007,81,8,RELLENO_NACIONAL_BENFORD
31,049,01,04,000011,82,8,RELLENO_NACIONAL_BENFORD
31,052,00,00,000018,86,8,RELLENO_NACIONAL_BENFORD
31,055,90,01,000006,88,8,RELLENO_NACIONAL_BENFORD
31,058,00,00,000017,96,9,RELLENO_NACIONAL_BENFORD
31,058,99,01,000007,84,8,RELLENO_NACIONAL_BENFORD
31,064,02,03,000010,99,9,RELLENO_NACIONAL_BENFORD
31,064,02,03,000012,95,9,RELLENO_NACIONAL_BENFORD
31,064,03,04,000009,86,8,RELLENO_NACIONAL_BENFORD
31,070,01,01,000012,92,9,RELLENO_NACIONAL_BENFORD
31,070,01,02,000015,99,9,RELLENO_NACIONAL_BENFORD
31,070,02,02,000014,95,9,RELLENO_NACIONAL_BENFORD
19,001,05,01,000012,81,8,RELLENO_NACIONAL_BENFORD
01,106,04,01,000002,86,8,RELLENO_NACIONAL_BENFORD
01,109,00,01,000020,83,8,RELLENO_NACIONAL_BENFORD
01,117,02,01,000004,93,9,RELLENO_NACIONAL_BENFORD
01,121,05,01,000017,84,8,RELLENO_NACIONAL_BENFORD
31,001,07,02,000008,88,8,RELLENO_NACIONAL_BENFORD
31,001,08,02,000003,83,8,RELLENO_NACIONAL_BENFORD
31,001,08,03,000005,94,9,RELLENO_NACIONAL_BENFORD
31,001,09,01,000015,85,8,RELLENO_NACIONAL_BENFORD
31,001,09,03,000013,96,9,RELLENO_NACIONAL_BENFORD
31,001,10,04,000001,93,9,RELLENO_NACIONAL_BENFORD
31,001,10,04,000004,90,9,RELLENO_NACIONAL_BENFORD
31,001,12,02,000005,97,9,RELLENO_NACIONAL_BENFORD
31,001,13,03,000005,94,9,RELLENO_NACIONAL_BENFORD
31,001,13,03,000011,87,8,RELLENO_NACIONAL_BENFORD
11,070,00,00,000005,88,8,RELLENO_NACIONAL_BENFORD
11,070,99,05,000002,96,9,RELLENO_NACIONAL_BENFORD
11,076,01,01,000003,84,8,RELLENO_NACIONAL_BENFORD
11,076,01,01,000009,99,9,RELLENO_NACIONAL_BENFORD
11,076,02,01,000002,94,9,RELLENO_NACIONAL_BENFORD
11,076,90,01,000017,99,9,RELLENO_NACIONAL_BENFORD
11,076,99,23,000002,86,8,RELLENO_NACIONAL_BENFORD
11,076,99,27,000006,8,8,RELLENO_NACIONAL_BENFORD
19,034,01,01,000015,90,9,RELLENO_NACIONAL_BENFORD
19,044,00,01,000001,97,9,RELLENO_NACIONAL_BENFORD
19,044,00,01,000014,90,9,RELLENO_NACIONAL_BENFORD
19,044,00,01,000034,88,8,RELLENO_NACIONAL_BENFORD
01,133,01,02,000024,99,9,RELLENO_NACIONAL_BENFORD
01,142,01,01,000018,94,9,RELLENO_NACIONAL_BENFORD
31,001,17,04,000001,82,8,RELLENO_NACIONAL_BENFORD
31,001,18,02,000016,81,8,RELLENO_NACIONAL_BENFORD
31,001,18,04,000008,89,8,RELLENO_NACIONAL_BENFORD
31,001,18,04,000010,82,8,RELLENO_NACIONAL_BENFORD
31,001,19,02,000010,97,9,RELLENO_NACIONAL_BENFORD
31,001,19,04,000003,81,8,RELLENO_NACIONAL_BENFORD
31,001,19,04,000014,83,8,RELLENO_NACIONAL_BENFORD
31,001,20,02,000012,85,8,RELLENO_NACIONAL_BENFORD
31,001,20,04,000002,81,8,RELLENO_NACIONAL_BENFORD
31,001,21,03,000001,81,8,RELLENO_NACIONAL_BENFORD
31,001,23,01,000005,95,9,RELLENO_NACIONAL_BENFORD
31,001,23,01,000014,89,8,RELLENO_NACIONAL_BENFORD
12,001,01,01,000028,99,9,RELLENO_NACIONAL_BENFORD
12,001,01,04,000009,94,9,RELLENO_NACIONAL_BENFORD
12,001,01,04,000014,94,9,RELLENO_NACIONAL_BENFORD
12,001,02,04,000019,93,9,RELLENO_NACIONAL_BENFORD
12,001,02,04,000023,88,8,RELLENO_NACIONAL_BENFORD
12,001,03,01,000013,97,9,RELLENO_NACIONAL_BENFORD
12,001,04,01,000022,96,9,RELLENO_NACIONAL_BENFORD
12,001,04,02,000037,88,8,RELLENO_NACIONAL_BENFORD
12,001,05,01,000017,98,9,RELLENO_NACIONAL_BENFORD
12,001,05,04,000021,84,8,RELLENO_NACIONAL_BENFORD
19,049,02,02,000014,82,8,RELLENO_NACIONAL_BENFORD
19,055,99,08,000002,82,8,RELLENO_NACIONAL_BENFORD
19,061,01,04,000008,90,9,RELLENO_NACIONAL_BENFORD
19,061,01,06,000014,83,8,RELLENO_NACIONAL_BENFORD
19,061,99,01,000038,94,9,RELLENO_NACIONAL_BENFORD
19,061,99,03,000009,87,8,RELLENO_NACIONAL_BENFORD
01,151,01,03,000023,92,9,RELLENO_NACIONAL_BENFORD
01,151,01,04,000011,99,9,RELLENO_NACIONAL_BENFORD
01,151,02,01,000028,81,8,RELLENO_NACIONAL_BENFORD
01,151,02,01,000053,88,8,RELLENO_NACIONAL_BENFORD
01,151,03,02,000029,97,9,RELLENO_NACIONAL_BENFORD
01,151,03,03,000026,93,9,RELLENO_NACIONAL_BENFORD
01,151,04,01,000022,94,9,RELLENO_NACIONAL_BENFORD
01,001,99,B6,000006,83,8,RELLENO_NACIONAL_BENFORD
01,016,00,01,000028,92,9,RELLENO_NACIONAL_BENFORD
01,016,00,01,000030,96,9,RELLENO_NACIONAL_BENFORD
01,028,00,00,000005,88,8,RELLENO_NACIONAL_BENFORD
01,028,00,00,000006,84,8,RELLENO_NACIONAL_BENFORD
01,028,00,00,000014,87,8,RELLENO_NACIONAL_BENFORD
01,031,01,02,000014,87,8,RELLENO_NACIONAL_BENFORD
28,240,00,00,000024,93,9,RELLENO_NACIONAL_BENFORD
28,260,02,02,000014,85,8,RELLENO_NACIONAL_BENFORD
28,280,00,00,000015,90,9,RELLENO_NACIONAL_BENFORD
28,280,99,80,000001,87,8,RELLENO_NACIONAL_BENFORD
28,280,99,97,000001,94,9,RELLENO_NACIONAL_BENFORD
28,300,01,01,000006,86,8,RELLENO_NACIONAL_BENFORD
28,320,00,00,000005,95,9,RELLENO_NACIONAL_BENFORD
29,001,01,07,000009,91,9,RELLENO_NACIONAL_BENFORD
29,001,01,08,000020,82,8,RELLENO_NACIONAL_BENFORD
09,001,02,02,000011,87,8,RELLENO_NACIONAL_BENFORD
09,001,03,03,000003,88,8,RELLENO_NACIONAL_BENFORD
09,001,03,03,000006,94,9,RELLENO_NACIONAL_BENFORD
09,001,03,03,000007,94,9,RELLENO_NACIONAL_BENFORD
09,001,03,03,000008,95,9,RELLENO_NACIONAL_BENFORD
09,001,04,02,000021,91,9,RELLENO_NACIONAL_BENFORD
09,001,04,04,000004,95,9,RELLENO_NACIONAL_BENFORD
09,001,04,05,000005,9,9,RELLENO_NACIONAL_BENFORD
09,001,05,02,000019,96,9,RELLENO_NACIONAL_BENFORD
09,001,05,02,000020,85,8,RELLENO_NACIONAL_BENFORD
09,001,05,03,000015,87,8,RELLENO_NACIONAL_BENFORD
09,001,08,05,000008,89,8,RELLENO_NACIONAL_BENFORD
09,001,10,01,000012,81,8,RELLENO_NACIONAL_BENFORD
16,001,15,16,000003,93,9,RELLENO_NACIONAL_BENFORD
16,001,16,05,000018,91,9,RELLENO_NACIONAL_BENFORD
16,001,16,13,000028,98,9,RELLENO_NACIONAL_BENFORD
16,001,16,17,000024,85,8,RELLENO_NACIONAL_BENFORD
16,001,16,35,000007,94,9,RELLENO_NACIONAL_BENFORD
16,001,16,41,000002,89,8,RELLENO_NACIONAL_BENFORD
16,001,16,42,000004,84,8,RELLENO_NACIONAL_BENFORD
16,001,17,02,000013,98,9,RELLENO_NACIONAL_BENFORD
16,001,17,04,000003,91,9,RELLENO_NACIONAL_BENFORD
16,001,18,06,000009,87,8,RELLENO_NACIONAL_BENFORD
01,035,01,01,000004,81,8,RELLENO_NACIONAL_BENFORD
01,035,03,02,000008,98,9,RELLENO_NACIONAL_BENFORD
01,035,04,02,000007,88,8,RELLENO_NACIONAL_BENFORD
01,037,00,00,000034,82,8,RELLENO_NACIONAL_BENFORD
01,043,01,01,000017,85,8,RELLENO_NACIONAL_BENFORD
01,043,01,03,000022,98,9,RELLENO_NACIONAL_BENFORD
01,049,01,03,000005,89,8,RELLENO_NACIONAL_BENFORD
01,049,02,01,000020,97,9,RELLENO_NACIONAL_BENFORD
01,049,02,01,000022,87,8,RELLENO_NACIONAL_BENFORD
29,001,04,01,000014,80,8,RELLENO_NACIONAL_BENFORD
29,001,04,01,000022,86,8,RELLENO_NACIONAL_BENFORD
29,001,04,05,000020,97,9,RELLENO_NACIONAL_BENFORD
29,001,05,01,000030,95,9,RELLENO_NACIONAL_BENFORD
29,001,05,01,000038,81,8,RELLENO_NACIONAL_BENFORD
29,001,05,05,000008,99,9,RELLENO_NACIONAL_BENFORD
29,001,06,04,000016,81,8,RELLENO_NACIONAL_BENFORD
29,001,07,03,000023,88,8,RELLENO_NACIONAL_BENFORD
29,001,07,03,000024,90,9,RELLENO_NACIONAL_BENFORD
29,001,08,01,000017,94,9,RELLENO_NACIONAL_BENFORD
29,001,08,05,000020,96,9,RELLENO_NACIONAL_BENFORD
29,001,09,02,000026,96,9,RELLENO_NACIONAL_BENFORD
29,001,09,02,000027,88,8,RELLENO_NACIONAL_BENFORD
29,001,09,04,000009,94,9,RELLENO_NACIONAL_BENFORD
29,001,10,04,000027,90,9,RELLENO_NACIONAL_BENFORD
29,001,11,03,000021,86,8,RELLENO_NACIONAL_BENFORD
29,001,11,04,000023,80,8,RELLENO_NACIONAL_BENFORD
09,001,13,02,000013,81,8,RELLENO_NACIONAL_BENFORD
09,007,01,02,000011,99,9,RELLENO_NACIONAL_BENFORD
09,034,02,02,000010,86,8,RELLENO_NACIONAL_BENFORD
09,037,00,00,000012,82,8,RELLENO_NACIONAL_BENFORD
09,049,02,02,000002,82,8,RELLENO_NACIONAL_BENFORD
09,049,02,02,000005,96,9,RELLENO_NACIONAL_BENFORD
09,049,02,02,000026,90,9,RELLENO_NACIONAL_BENFORD
09,049,02,03,000010,93,9,RELLENO_NACIONAL_BENFORD
09,049,99,05,000006,92,9,RELLENO_NACIONAL_BENFORD
09,052,00,00,000007,89,8,RELLENO_NACIONAL_BENFORD
09,055,00,00,000037,98,9,RELLENO_NACIONAL_BENFORD
09,058,00,00,000002,80,8,RELLENO_NACIONAL_BENFORD
09,061,00,00,000032,98,9,RELLENO_NACIONAL_BENFORD
16,001,18,23,000007,90,9,RELLENO_NACIONAL_BENFORD
16,001,18,27,000002,99,9,RELLENO_NACIONAL_BENFORD
16,001,18,28,000007,87,8,RELLENO_NACIONAL_BENFORD
16,001,18,29,000005,98,9,RELLENO_NACIONAL_BENFORD
16,001,18,29,000006,90,9,RELLENO_NACIONAL_BENFORD
16,001,18,31,000001,99,9,RELLENO_NACIONAL_BENFORD
16,001,18,35,000013,82,8,RELLENO_NACIONAL_BENFORD
16,001,18,47,000004,98,9,RELLENO_NACIONAL_BENFORD
16,001,18,54,000001,93,9,RELLENO_NACIONAL_BENFORD
16,001,19,01,000006,85,8,RELLENO_NACIONAL_BENFORD
16,001,19,10,000004,84,8,RELLENO_NACIONAL_BENFORD
16,001,19,12,000024,98,9,RELLENO_NACIONAL_BENFORD
16,001,19,15,000006,93,9,RELLENO_NACIONAL_BENFORD
16,001,19,15,000024,91,9,RELLENO_NACIONAL_BENFORD
16,001,19,15,000026,84,8,RELLENO_NACIONAL_BENFORD
01,049,02,06,000018,84,8,RELLENO_NACIONAL_BENFORD
01,049,02,06,000030,91,9,RELLENO_NACIONAL_BENFORD
01,049,03,02,000030,92,9,RELLENO_NACIONAL_BENFORD
01,049,03,03,000021,86,8,RELLENO_NACIONAL_BENFORD
01,049,04,01,000008,97,9,RELLENO_NACIONAL_BENFORD
01,049,04,03,000016,82,8,RELLENO_NACIONAL_BENFORD
01,049,04,05,000005,91,9,RELLENO_NACIONAL_BENFORD
01,049,04,05,000008,82,8,RELLENO_NACIONAL_BENFORD
01,049,04,06,000032,93,9,RELLENO_NACIONAL_BENFORD
01,049,08,01,000012,81,8,RELLENO_NACIONAL_BENFORD
01,049,08,02,000022,89,8,RELLENO_NACIONAL_BENFORD
29,034,00,00,000026,94,9,RELLENO_NACIONAL_BENFORD
29,034,99,22,000001,9,9,RELLENO_NACIONAL_BENFORD
03,001,35,04,000018,82,8,RELLENO_NACIONAL_BENFORD
15,115,00,01,000032,82,8,RELLENO_NACIONAL_BENFORD
15,115,99,05,000006,96,9,RELLENO_NACIONAL_BENFORD
15,118,00,00,000021,84,8,RELLENO_NACIONAL_BENFORD
15,139,02,01,000029,96,9,RELLENO_NACIONAL_BENFORD
15,142,01,02,000013,86,8,RELLENO_NACIONAL_BENFORD
15,142,02,02,000013,89,8,RELLENO_NACIONAL_BENFORD
15,160,01,04,000007,83,8,RELLENO_NACIONAL_BENFORD
15,160,01,06,000022,84,8,RELLENO_NACIONAL_BENFORD
15,160,01,09,000007,93,9,RELLENO_NACIONAL_BENFORD
15,160,02,09,000004,84,8,RELLENO_NACIONAL_BENFORD
15,160,99,01,000010,98,9,RELLENO_NACIONAL_BENFORD
15,169,01,09,000003,90,9,RELLENO_NACIONAL_BENFORD
24,001,01,03,000008,89,8,RELLENO_NACIONAL_BENFORD
24,001,05,01,000018,90,9,RELLENO_NACIONAL_BENFORD
24,001,05,02,000030,91,9,RELLENO_NACIONAL_BENFORD
24,001,05,02,000041,84,8,RELLENO_NACIONAL_BENFORD
24,001,05,02,000044,90,9,RELLENO_NACIONAL_BENFORD
24,001,06,05,000008,91,9,RELLENO_NACIONAL_BENFORD
24,001,07,01,000018,96,9,RELLENO_NACIONAL_BENFORD
24,001,07,03,000019,86,8,RELLENO_NACIONAL_BENFORD
24,001,08,01,000035,80,8,RELLENO_NACIONAL_BENFORD
24,001,09,01,000018,89,8,RELLENO_NACIONAL_BENFORD
24,001,10,07,000002,83,8,RELLENO_NACIONAL_BENFORD
24,001,11,03,000030,89,8,RELLENO_NACIONAL_BENFORD
46,865,99,80,000001,86,8,RELLENO_NACIONAL_BENFORD
48,001,01,01,000001,96,9,RELLENO_NACIONAL_BENFORD
48,001,01,04,000013,97,9,RELLENO_NACIONAL_BENFORD
48,001,01,05,000002,98,9,RELLENO_NACIONAL_BENFORD
48,001,01,07,000014,9,9,RELLENO_NACIONAL_BENFORD
48,001,02,03,000015,90,9,RELLENO_NACIONAL_BENFORD
48,001,02,09,000001,92,9,RELLENO_NACIONAL_BENFORD
48,001,03,01,000002,93,9,RELLENO_NACIONAL_BENFORD
48,001,03,01,000009,95,9,RELLENO_NACIONAL_BENFORD
48,001,03,02,000006,84,8,RELLENO_NACIONAL_BENFORD
48,001,03,07,000004,9,9,RELLENO_NACIONAL_BENFORD
48,005,00,00,000005,84,8,RELLENO_NACIONAL_BENFORD
48,005,99,17,000009,84,8,RELLENO_NACIONAL_BENFORD
48,005,99,22,000003,89,8,RELLENO_NACIONAL_BENFORD
03,001,37,01,000002,98,9,RELLENO_NACIONAL_BENFORD
03,001,99,10,000010,95,9,RELLENO_NACIONAL_BENFORD
03,001,99,10,000020,96,9,RELLENO_NACIONAL_BENFORD
03,004,01,01,000008,92,9,RELLENO_NACIONAL_BENFORD
03,004,01,02,000012,80,8,RELLENO_NACIONAL_BENFORD
03,004,01,03,000001,80,8,RELLENO_NACIONAL_BENFORD
03,004,01,04,000006,93,9,RELLENO_NACIONAL_BENFORD
03,004,02,02,000006,92,9,RELLENO_NACIONAL_BENFORD
03,004,99,05,000001,83,8,RELLENO_NACIONAL_BENFORD
03,007,01,01,000001,86,8,RELLENO_NACIONAL_BENFORD
03,007,01,02,000001,85,8,RELLENO_NACIONAL_BENFORD
03,007,01,02,000002,84,8,RELLENO_NACIONAL_BENFORD
03,010,99,05,000006,85,8,RELLENO_NACIONAL_BENFORD
03,013,03,02,000002,83,8,RELLENO_NACIONAL_BENFORD
03,013,03,02,000010,89,8,RELLENO_NACIONAL_BENFORD
03,019,00,00,000030,92,9,RELLENO_NACIONAL_BENFORD
15,169,02,04,000023,88,8,RELLENO_NACIONAL_BENFORD
15,169,02,05,000015,84,8,RELLENO_NACIONAL_BENFORD
15,169,02,08,000009,80,8,RELLENO_NACIONAL_BENFORD
15,172,00,00,000006,90,9,RELLENO_NACIONAL_BENFORD
16,001,10,54,000023,94,9,RELLENO_NACIONAL_BENFORD
16,001,11,15,000017,81,8,RELLENO_NACIONAL_BENFORD
16,001,13,32,000019,92,9,RELLENO_NACIONAL_BENFORD
11,019,00,01,000006,98,9,RELLENO_NACIONAL_BENFORD
17,004,00,00,000018,90,9,RELLENO_NACIONAL_BENFORD
01,088,01,02,000001,91,9,RELLENO_NACIONAL_BENFORD
01,088,01,02,000003,80,8,RELLENO_NACIONAL_BENFORD
01,088,01,03,000003,80,8,RELLENO_NACIONAL_BENFORD
01,088,01,05,000001,82,8,RELLENO_NACIONAL_BENFORD
01,088,01,06,000004,87,8,RELLENO_NACIONAL_BENFORD
01,088,02,04,000014,85,8,RELLENO_NACIONAL_BENFORD
01,103,01,02,000016,80,8,RELLENO_NACIONAL_BENFORD
31,001,01,03,000005,87,8,RELLENO_NACIONAL_BENFORD
31,001,05,03,000028,8,8,RELLENO_NACIONAL_BENFORD
11,025,99,57,000002,99,9,RELLENO_NACIONAL_BENFORD
11,025,99,67,000001,80,8,RELLENO_NACIONAL_BENFORD
11,027,99,40,000002,8,8,RELLENO_NACIONAL_BENFORD
11,058,00,01,000001,97,9,RELLENO_NACIONAL_BENFORD
11,058,00,02,000003,82,8,RELLENO_NACIONAL_BENFORD
19,001,03,03,000017,94,9,RELLENO_NACIONAL_BENFORD
13,001,02,04,000012,87,8,RELLENO_NACIONAL_BENFORD
13,001,03,04,000006,99,9,RELLENO_NACIONAL_BENFORD
13,001,03,07,000001,94,9,RELLENO_NACIONAL_BENFORD
13,001,03,09,000003,86,8,RELLENO_NACIONAL_BENFORD
21,015,00,00,000031,99,9,RELLENO_NACIONAL_BENFORD
21,016,01,01,000009,82,8,RELLENO_NACIONAL_BENFORD
21,016,02,03,000006,92,9,RELLENO_NACIONAL_BENFORD
21,016,02,07,000007,82,8,RELLENO_NACIONAL_BENFORD
21,028,00,00,000009,90,9,RELLENO_NACIONAL_BENFORD
21,031,01,03,000001,87,8,RELLENO_NACIONAL_BENFORD
21,031,02,01,000006,85,8,RELLENO_NACIONAL_BENFORD
13,001,99,18,000005,84,8,RELLENO_NACIONAL_BENFORD
13,001,99,18,000006,86,8,RELLENO_NACIONAL_BENFORD
13,001,99,35,000001,89,8,RELLENO_NACIONAL_BENFORD
13,001,99,35,000003,96,9,RELLENO_NACIONAL_BENFORD
13,001,99,37,000005,98,9,RELLENO_NACIONAL_BENFORD
13,004,01,02,000021,80,8,RELLENO_NACIONAL_BENFORD
13,010,01,01,000006,95,9,RELLENO_NACIONAL_BENFORD
13,010,02,03,000013,87,8,RELLENO_NACIONAL_BENFORD
13,010,99,23,000008,93,9,RELLENO_NACIONAL_BENFORD
13,010,99,40,000002,88,8,RELLENO_NACIONAL_BENFORD
13,014,99,01,000003,83,8,RELLENO_NACIONAL_BENFORD
13,016,00,00,000011,88,8,RELLENO_NACIONAL_BENFORD
13,022,90,01,000003,95,9,RELLENO_NACIONAL_BENFORD
13,022,99,08,000004,90,9,RELLENO_NACIONAL_BENFORD
13,023,99,40,000004,86,8,RELLENO_NACIONAL_BENFORD
13,024,00,00,000027,95,9,RELLENO_NACIONAL_BENFORD
13,031,99,04,000004,89,8,RELLENO_NACIONAL_BENFORD
13,031,99,05,000001,97,9,RELLENO_NACIONAL_BENFORD
13,031,99,25,000001,97,9,RELLENO_NACIONAL_BENFORD
13,033,99,70,000002,98,9,RELLENO_NACIONAL_BENFORD
13,037,02,03,000011,84,8,RELLENO_NACIONAL_BENFORD
13,037,99,13,000004,98,9,RELLENO_NACIONAL_BENFORD
13,037,99,19,000001,98,9,RELLENO_NACIONAL_BENFORD
13,040,99,35,000002,93,9,RELLENO_NACIONAL_BENFORD
13,043,00,02,000020,86,8,RELLENO_NACIONAL_BENFORD
13,049,00,01,000001,92,9,RELLENO_NACIONAL_BENFORD
13,055,99,30,000006,91,9,RELLENO_NACIONAL_BENFORD
13,058,99,05,000003,86,8,RELLENO_NACIONAL_BENFORD
13,060,00,01,000025,80,8,RELLENO_NACIONAL_BENFORD
13,060,00,01,000026,87,8,RELLENO_NACIONAL_BENFORD
15,004,00,02,000004,90,9,RELLENO_NACIONAL_BENFORD
15,031,01,02,000012,95,9,RELLENO_NACIONAL_BENFORD
15,034,99,04,000001,83,8,RELLENO_NACIONAL_BENFORD
15,055,01,01,000019,81,8,RELLENO_NACIONAL_BENFORD
15,055,01,04,000019,83,8,RELLENO_NACIONAL_BENFORD
15,055,02,03,000011,91,9,RELLENO_NACIONAL_BENFORD
15,076,01,06,000010,86,8,RELLENO_NACIONAL_BENFORD
15,076,02,04,000017,95,9,RELLENO_NACIONAL_BENFORD
15,076,02,05,000016,99,9,RELLENO_NACIONAL_BENFORD
31,028,99,01,000001,82,8,RELLENO_NACIONAL_BENFORD
31,031,99,22,000013,80,8,RELLENO_NACIONAL_BENFORD
31,034,01,04,000005,85,8,RELLENO_NACIONAL_BENFORD
31,034,01,06,000013,82,8,RELLENO_NACIONAL_BENFORD
31,043,99,06,000001,93,9,RELLENO_NACIONAL_BENFORD
31,049,01,02,000006,98,9,RELLENO_NACIONAL_BENFORD
31,064,02,01,000002,96,9,RELLENO_NACIONAL_BENFORD
31,064,04,02,000019,95,9,RELLENO_NACIONAL_BENFORD
31,064,04,02,000031,93,9,RELLENO_NACIONAL_BENFORD
31,070,02,01,000011,98,9,RELLENO_NACIONAL_BENFORD
19,001,06,04,000007,87,8,RELLENO_NACIONAL_BENFORD
01,109,00,01,000016,93,9,RELLENO_NACIONAL_BENFORD
01,109,99,01,000004,9,9,RELLENO_NACIONAL_BENFORD
31,001,07,03,000006,82,8,RELLENO_NACIONAL_BENFORD
31,001,08,02,000010,94,9,RELLENO_NACIONAL_BENFORD
31,001,09,06,000001,98,9,RELLENO_NACIONAL_BENFORD
31,001,10,03,000006,94,9,RELLENO_NACIONAL_BENFORD
31,001,13,03,000006,98,9,RELLENO_NACIONAL_BENFORD
31,001,16,01,000024,93,9,RELLENO_NACIONAL_BENFORD
11,076,01,01,000014,99,9,RELLENO_NACIONAL_BENFORD
11,076,01,01,000021,99,9,RELLENO_NACIONAL_BENFORD
11,076,02,03,000001,90,9,RELLENO_NACIONAL_BENFORD
01,121,10,05,000003,82,8,RELLENO_NACIONAL_BENFORD
01,133,01,02,000033,9,9,RELLENO_NACIONAL_BENFORD
31,001,03,03,000027,80,8,RELLENO_NACIONAL_BENFORD
11,037,00,00,000005,81,8,RELLENO_NACIONAL_BENFORD
11,046,99,19,000001,8,8,RELLENO_NACIONAL_BENFORD
11,049,99,17,000002,9,9,RELLENO_NACIONAL_BENFORD
11,055,99,09,000003,9,9,RELLENO_NACIONAL_BENFORD
19,001,02,01,000028,84,8,RELLENO_NACIONAL_BENFORD
13,001,01,02,000020,86,8,RELLENO_NACIONAL_BENFORD
13,001,03,02,000014,81,8,RELLENO_NACIONAL_BENFORD
21,016,02,01,000011,83,8,RELLENO_NACIONAL_BENFORD
21,016,02,06,000005,88,8,RELLENO_NACIONAL_BENFORD
21,028,00,00,000011,81,8,RELLENO_NACIONAL_BENFORD
21,028,99,17,000005,94,9,RELLENO_NACIONAL_BENFORD
21,031,02,02,000002,97,9,RELLENO_NACIONAL_BENFORD
21,031,02,02,000004,90,9,RELLENO_NACIONAL_BENFORD
21,031,02,03,000009,84,8,RELLENO_NACIONAL_BENFORD
13,001,99,32,000003,84,8,RELLENO_NACIONAL_BENFORD
13,004,01,02,000013,83,8,RELLENO_NACIONAL_BENFORD
13,004,02,02,000010,92,9,RELLENO_NACIONAL_BENFORD
13,009,99,70,000002,99,9,RELLENO_NACIONAL_BENFORD
13,009,99,80,000001,95,9,RELLENO_NACIONAL_BENFORD
13,010,01,03,000011,83,8,RELLENO_NACIONAL_BENFORD
13,013,01,02,000003,94,9,RELLENO_NACIONAL_BENFORD
13,013,99,01,000005,96,9,RELLENO_NACIONAL_BENFORD
13,013,99,01,000007,83,8,RELLENO_NACIONAL_BENFORD
13,013,99,09,000004,82,8,RELLENO_NACIONAL_BENFORD
13,019,02,01,000015,98,9,RELLENO_NACIONAL_BENFORD
13,019,02,02,000015,88,8,RELLENO_NACIONAL_BENFORD
13,022,02,01,000009,89,8,RELLENO_NACIONAL_BENFORD
13,022,99,08,000002,85,8,RELLENO_NACIONAL_BENFORD
13,024,00,00,000033,81,8,RELLENO_NACIONAL_BENFORD
13,024,00,00,000034,87,8,RELLENO_NACIONAL_BENFORD
13,025,01,01,000004,84,8,RELLENO_NACIONAL_BENFORD
13,031,00,01,000025,99,9,RELLENO_NACIONAL_BENFORD
13,031,99,01,000002,99,9,RELLENO_NACIONAL_BENFORD
13,033,99,56,000002,97,9,RELLENO_NACIONAL_BENFORD
13,033,99,90,000003,96,9,RELLENO_NACIONAL_BENFORD
13,037,99,37,000002,90,9,RELLENO_NACIONAL_BENFORD
13,037,99,39,000003,86,8,RELLENO_NACIONAL_BENFORD
13,043,00,02,000018,80,8,RELLENO_NACIONAL_BENFORD
13,055,99,13,000002,89,8,RELLENO_NACIONAL_BENFORD
13,060,00,01,000002,82,8,RELLENO_NACIONAL_BENFORD
13,060,00,02,000011,93,9,RELLENO_NACIONAL_BENFORD
13,061,99,07,000002,80,8,RELLENO_NACIONAL_BENFORD
15,025,00,00,000015,94,9,RELLENO_NACIONAL_BENFORD
15,029,99,80,000001,8,8,RELLENO_NACIONAL_BENFORD
15,043,00,01,000026,85,8,RELLENO_NACIONAL_BENFORD
15,055,02,03,000017,92,9,RELLENO_NACIONAL_BENFORD
15,072,02,02,000001,84,8,RELLENO_NACIONAL_BENFORD
31,034,03,01,000013,81,8,RELLENO_NACIONAL_BENFORD
31,037,99,57,000001,98,9,RELLENO_NACIONAL_BENFORD
31,049,99,05,000001,85,8,RELLENO_NACIONAL_BENFORD
31,055,01,01,000008,84,8,RELLENO_NACIONAL_BENFORD
31,055,02,03,000001,90,9,RELLENO_NACIONAL_BENFORD
31,055,90,01,000002,83,8,RELLENO_NACIONAL_BENFORD
31,070,01,04,000004,87,8,RELLENO_NACIONAL_BENFORD
31,073,00,00,000019,88,8,RELLENO_NACIONAL_BENFORD
19,001,03,07,000012,95,9,RELLENO_NACIONAL_BENFORD
19,001,04,02,000032,87,8,RELLENO_NACIONAL_BENFORD
19,001,04,02,000035,87,8,RELLENO_NACIONAL_BENFORD
19,001,04,03,000024,82,8,RELLENO_NACIONAL_BENFORD
19,001,04,04,000045,83,8,RELLENO_NACIONAL_BENFORD
19,001,04,04,000046,9,9,RELLENO_NACIONAL_BENFORD
01,112,00,00,000041,98,9,RELLENO_NACIONAL_BENFORD
01,121,03,02,000021,95,9,RELLENO_NACIONAL_BENFORD
31,001,07,02,000007,94,9,RELLENO_NACIONAL_BENFORD
31,001,07,03,000010,82,8,RELLENO_NACIONAL_BENFORD
31,001,07,03,000016,86,8,RELLENO_NACIONAL_BENFORD
31,001,08,03,000013,89,8,RELLENO_NACIONAL_BENFORD
31,001,08,05,000007,80,8,RELLENO_NACIONAL_BENFORD
31,001,09,01,000005,82,8,RELLENO_NACIONAL_BENFORD
31,001,11,01,000013,93,9,RELLENO_NACIONAL_BENFORD
31,001,14,02,000005,99,9,RELLENO_NACIONAL_BENFORD
11,070,00,00,000001,80,8,RELLENO_NACIONAL_BENFORD
11,076,01,01,000004,99,9,RELLENO_NACIONAL_BENFORD
11,076,01,01,000010,82,8,RELLENO_NACIONAL_BENFORD
11,076,01,01,000018,80,8,RELLENO_NACIONAL_BENFORD
11,088,01,02,000007,94,9,RELLENO_NACIONAL_BENFORD
19,022,01,01,000026,97,9,RELLENO_NACIONAL_BENFORD
31,001,16,04,000005,96,9,RELLENO_NACIONAL_BENFORD
31,001,16,04,000012,87,8,RELLENO_NACIONAL_BENFORD
31,001,17,01,000011,83,8,RELLENO_NACIONAL_BENFORD
31,001,18,02,000005,81,8,RELLENO_NACIONAL_BENFORD
31,001,19,03,000009,85,8,RELLENO_NACIONAL_BENFORD
31,001,21,01,000005,82,8,RELLENO_NACIONAL_BENFORD
31,001,21,02,000006,80,8,RELLENO_NACIONAL_BENFORD
31,001,21,04,000002,84,8,RELLENO_NACIONAL_BENFORD
31,001,21,05,000001,92,9,RELLENO_NACIONAL_BENFORD
31,001,22,02,000005,90,9,RELLENO_NACIONAL_BENFORD
31,001,22,05,000005,86,8,RELLENO_NACIONAL_BENFORD
31,001,23,01,000016,93,9,RELLENO_NACIONAL_BENFORD
31,001,23,02,000010,90,9,RELLENO_NACIONAL_BENFORD
31,001,23,02,000023,89,8,RELLENO_NACIONAL_BENFORD
31,001,23,02,000028,98,9,RELLENO_NACIONAL_BENFORD
12,001,01,06,000019,98,9,RELLENO_NACIONAL_BENFORD
12,001,01,07,000005,99,9,RELLENO_NACIONAL_BENFORD
12,001,02,02,000014,97,9,RELLENO_NACIONAL_BENFORD
12,001,02,02,000026,88,8,RELLENO_NACIONAL_BENFORD
12,001,02,04,000022,96,9,RELLENO_NACIONAL_BENFORD
12,001,02,08,000006,91,9,RELLENO_NACIONAL_BENFORD
12,001,03,03,000016,90,9,RELLENO_NACIONAL_BENFORD
12,001,03,04,000019,93,9,RELLENO_NACIONAL_BENFORD
12,001,04,01,000001,99,9,RELLENO_NACIONAL_BENFORD
12,001,04,01,000029,87,8,RELLENO_NACIONAL_BENFORD
12,001,04,02,000020,92,9,RELLENO_NACIONAL_BENFORD
12,001,04,02,000035,85,8,RELLENO_NACIONAL_BENFORD
12,001,04,05,000014,80,8,RELLENO_NACIONAL_BENFORD
12,001,05,02,000003,96,9,RELLENO_NACIONAL_BENFORD
12,001,05,04,000016,95,9,RELLENO_NACIONAL_BENFORD
19,049,02,02,000006,99,9,RELLENO_NACIONAL_BENFORD
19,049,02,02,000007,91,9,RELLENO_NACIONAL_BENFORD
19,050,00,00,000009,92,9,RELLENO_NACIONAL_BENFORD
19,055,00,00,000036,93,9,RELLENO_NACIONAL_BENFORD
19,055,00,00,000037,93,9,RELLENO_NACIONAL_BENFORD
19,061,01,01,000014,87,8,RELLENO_NACIONAL_BENFORD
19,061,01,02,000018,89,8,RELLENO_NACIONAL_BENFORD
19,061,01,03,000006,87,8,RELLENO_NACIONAL_BENFORD
19,061,01,05,000008,96,9,RELLENO_NACIONAL_BENFORD
19,061,02,02,000012,99,9,RELLENO_NACIONAL_BENFORD
19,061,99,01,000034,91,9,RELLENO_NACIONAL_BENFORD
19,061,99,07,000007,91,9,RELLENO_NACIONAL_BENFORD
19,061,99,20,000006,91,9,RELLENO_NACIONAL_BENFORD
19,064,00,00,000031,96,9,RELLENO_NACIONAL_BENFORD
19,064,98,01,000001,8,8,RELLENO_NACIONAL_BENFORD
01,151,02,01,000025,97,9,RELLENO_NACIONAL_BENFORD
01,151,02,02,000018,99,9,RELLENO_NACIONAL_BENFORD
01,151,02,02,000020,89,8,RELLENO_NACIONAL_BENFORD
01,151,02,02,000022,95,9,RELLENO_NACIONAL_BENFORD
01,151,02,02,000024,91,9,RELLENO_NACIONAL_BENFORD
01,151,03,02,000023,90,9,RELLENO_NACIONAL_BENFORD
01,151,03,03,000031,97,9,RELLENO_NACIONAL_BENFORD
01,151,04,02,000022,89,8,RELLENO_NACIONAL_BENFORD
01,151,06,02,000013,97,9,RELLENO_NACIONAL_BENFORD
01,151,06,02,000019,93,9,RELLENO_NACIONAL_BENFORD
01,151,07,03,000012,88,8,RELLENO_NACIONAL_BENFORD
01,151,07,03,000016,98,9,RELLENO_NACIONAL_BENFORD
01,151,08,02,000011,91,9,RELLENO_NACIONAL_BENFORD
01,001,99,B1,000030,92,9,RELLENO_NACIONAL_BENFORD
01,001,99,B2,000031,87,8,RELLENO_NACIONAL_BENFORD
01,013,02,01,000012,92,9,RELLENO_NACIONAL_BENFORD
01,013,02,02,000010,86,8,RELLENO_NACIONAL_BENFORD
01,016,00,02,000008,97,9,RELLENO_NACIONAL_BENFORD
28,200,99,50,000001,85,8,RELLENO_NACIONAL_BENFORD
28,200,99,88,000001,89,8,RELLENO_NACIONAL_BENFORD
28,220,99,90,000005,8,8,RELLENO_NACIONAL_BENFORD
28,240,00,00,000002,95,9,RELLENO_NACIONAL_BENFORD
28,240,00,00,000028,88,8,RELLENO_NACIONAL_BENFORD
28,240,00,00,000033,88,8,RELLENO_NACIONAL_BENFORD
28,240,99,70,000003,87,8,RELLENO_NACIONAL_BENFORD
28,260,01,02,000015,83,8,RELLENO_NACIONAL_BENFORD
28,260,02,02,000008,97,9,RELLENO_NACIONAL_BENFORD
28,260,99,51,000002,9,9,RELLENO_NACIONAL_BENFORD
29,001,01,01,000019,99,9,RELLENO_NACIONAL_BENFORD
29,001,01,06,000004,82,8,RELLENO_NACIONAL_BENFORD
29,001,02,02,000012,88,8,RELLENO_NACIONAL_BENFORD
29,001,03,05,000017,98,9,RELLENO_NACIONAL_BENFORD
09,001,01,02,000019,87,8,RELLENO_NACIONAL_BENFORD
09,001,02,01,000003,95,9,RELLENO_NACIONAL_BENFORD
09,001,07,04,000013,97,9,RELLENO_NACIONAL_BENFORD
09,001,09,05,000005,95,9,RELLENO_NACIONAL_BENFORD
09,001,09,08,000004,89,8,RELLENO_NACIONAL_BENFORD
09,001,11,05,000010,80,8,RELLENO_NACIONAL_BENFORD
16,001,16,02,000018,94,9,RELLENO_NACIONAL_BENFORD
16,001,16,05,000021,97,9,RELLENO_NACIONAL_BENFORD
16,001,16,06,000019,85,8,RELLENO_NACIONAL_BENFORD
16,001,16,13,000027,81,8,RELLENO_NACIONAL_BENFORD
16,001,16,15,000017,91,9,RELLENO_NACIONAL_BENFORD
16,001,16,16,000013,96,9,RELLENO_NACIONAL_BENFORD
16,001,16,16,000015,88,8,RELLENO_NACIONAL_BENFORD
16,001,16,17,000013,89,8,RELLENO_NACIONAL_BENFORD
16,001,16,20,000014,90,9,RELLENO_NACIONAL_BENFORD
16,001,16,30,000004,88,8,RELLENO_NACIONAL_BENFORD
16,001,16,35,000011,92,9,RELLENO_NACIONAL_BENFORD
16,001,16,36,000005,96,9,RELLENO_NACIONAL_BENFORD
16,001,16,37,000004,81,8,RELLENO_NACIONAL_BENFORD
16,001,16,40,000007,89,8,RELLENO_NACIONAL_BENFORD
16,001,16,40,000010,83,8,RELLENO_NACIONAL_BENFORD
16,001,16,50,000004,99,9,RELLENO_NACIONAL_BENFORD
16,001,18,15,000002,89,8,RELLENO_NACIONAL_BENFORD
01,034,00,00,000011,82,8,RELLENO_NACIONAL_BENFORD
01,035,03,02,000015,88,8,RELLENO_NACIONAL_BENFORD
01,035,03,02,000017,91,9,RELLENO_NACIONAL_BENFORD
01,039,00,00,000011,86,8,RELLENO_NACIONAL_BENFORD
01,043,01,01,000013,88,8,RELLENO_NACIONAL_BENFORD
01,049,01,04,000005,96,9,RELLENO_NACIONAL_BENFORD
01,049,01,06,000019,94,9,RELLENO_NACIONAL_BENFORD
29,001,04,01,000018,92,9,RELLENO_NACIONAL_BENFORD
29,001,04,04,000033,93,9,RELLENO_NACIONAL_BENFORD
29,001,06,01,000008,87,8,RELLENO_NACIONAL_BENFORD
29,001,07,08,000021,89,8,RELLENO_NACIONAL_BENFORD
29,001,08,02,000008,99,9,RELLENO_NACIONAL_BENFORD
29,001,08,06,000013,91,9,RELLENO_NACIONAL_BENFORD
29,001,08,07,000006,83,8,RELLENO_NACIONAL_BENFORD
29,001,09,02,000023,82,8,RELLENO_NACIONAL_BENFORD
29,001,11,04,000020,88,8,RELLENO_NACIONAL_BENFORD
29,001,11,04,000021,91,9,RELLENO_NACIONAL_BENFORD
29,001,11,05,000016,88,8,RELLENO_NACIONAL_BENFORD
09,001,13,02,000010,86,8,RELLENO_NACIONAL_BENFORD
09,001,13,05,000006,99,9,RELLENO_NACIONAL_BENFORD
09,007,02,04,000013,86,8,RELLENO_NACIONAL_BENFORD
09,007,99,08,000001,88,8,RELLENO_NACIONAL_BENFORD
09,049,01,02,000014,93,9,RELLENO_NACIONAL_BENFORD
09,049,01,03,000015,95,9,RELLENO_NACIONAL_BENFORD
09,055,00,00,000026,91,9,RELLENO_NACIONAL_BENFORD
09,076,02,02,000010,86,8,RELLENO_NACIONAL_BENFORD
09,076,02,02,000011,87,8,RELLENO_NACIONAL_BENFORD
16,001,18,20,000013,98,9,RELLENO_NACIONAL_BENFORD
16,001,18,22,000005,96,9,RELLENO_NACIONAL_BENFORD
16,001,18,24,000007,97,9,RELLENO_NACIONAL_BENFORD
16,001,18,28,000009,96,9,RELLENO_NACIONAL_BENFORD
16,001,18,31,000002,91,9,RELLENO_NACIONAL_BENFORD
16,001,18,31,000004,96,9,RELLENO_NACIONAL_BENFORD
16,001,18,35,000020,96,9,RELLENO_NACIONAL_BENFORD
16,001,18,49,000002,93,9,RELLENO_NACIONAL_BENFORD
16,001,18,57,000003,85,8,RELLENO_NACIONAL_BENFORD
16,001,19,07,000006,97,9,RELLENO_NACIONAL_BENFORD
16,001,19,14,000017,83,8,RELLENO_NACIONAL_BENFORD
16,001,19,20,000012,91,9,RELLENO_NACIONAL_BENFORD
01,049,02,05,000002,91,9,RELLENO_NACIONAL_BENFORD
01,049,04,08,000021,93,9,RELLENO_NACIONAL_BENFORD
01,049,04,08,000025,95,9,RELLENO_NACIONAL_BENFORD
01,049,05,02,000011,85,8,RELLENO_NACIONAL_BENFORD
01,049,05,04,000020,88,8,RELLENO_NACIONAL_BENFORD
01,049,05,04,000032,95,9,RELLENO_NACIONAL_BENFORD
01,049,06,01,000002,84,8,RELLENO_NACIONAL_BENFORD
01,049,06,03,000025,90,9,RELLENO_NACIONAL_BENFORD
01,049,06,03,000027,97,9,RELLENO_NACIONAL_BENFORD
01,049,08,02,000021,86,8,RELLENO_NACIONAL_BENFORD
29,007,00,00,000012,81,8,RELLENO_NACIONAL_BENFORD
29,010,99,05,000001,87,8,RELLENO_NACIONAL_BENFORD
29,016,00,00,000013,98,9,RELLENO_NACIONAL_BENFORD
29,022,00,01,000017,99,9,RELLENO_NACIONAL_BENFORD
29,022,99,03,000001,90,9,RELLENO_NACIONAL_BENFORD
29,034,00,00,000013,90,9,RELLENO_NACIONAL_BENFORD
29,046,01,03,000016,83,8,RELLENO_NACIONAL_BENFORD
29,052,00,02,000008,81,8,RELLENO_NACIONAL_BENFORD
29,052,00,02,000012,80,8,RELLENO_NACIONAL_BENFORD
15,115,00,02,000003,86,8,RELLENO_NACIONAL_BENFORD
15,132,00,00,000017,87,8,RELLENO_NACIONAL_BENFORD
15,142,02,02,000016,89,8,RELLENO_NACIONAL_BENFORD
15,160,01,01,000016,95,9,RELLENO_NACIONAL_BENFORD
15,160,02,01,000015,80,8,RELLENO_NACIONAL_BENFORD
15,160,02,07,000005,86,8,RELLENO_NACIONAL_BENFORD
15,169,01,05,000006,93,9,RELLENO_NACIONAL_BENFORD
15,169,02,03,000018,89,8,RELLENO_NACIONAL_BENFORD
24,001,02,04,000011,94,9,RELLENO_NACIONAL_BENFORD
24,001,02,05,000013,81,8,RELLENO_NACIONAL_BENFORD
24,001,03,03,000020,98,9,RELLENO_NACIONAL_BENFORD
24,001,05,01,000016,84,8,RELLENO_NACIONAL_BENFORD
24,001,06,02,000022,83,8,RELLENO_NACIONAL_BENFORD
24,001,07,02,000014,97,9,RELLENO_NACIONAL_BENFORD
24,001,07,05,000005,96,9,RELLENO_NACIONAL_BENFORD
24,001,08,01,000027,81,8,RELLENO_NACIONAL_BENFORD
24,001,08,02,000023,93,9,RELLENO_NACIONAL_BENFORD
24,001,08,04,000007,82,8,RELLENO_NACIONAL_BENFORD
24,001,09,03,000010,96,9,RELLENO_NACIONAL_BENFORD
24,001,09,03,000011,91,9,RELLENO_NACIONAL_BENFORD
24,001,09,03,000013,82,8,RELLENO_NACIONAL_BENFORD
24,001,10,05,000009,94,9,RELLENO_NACIONAL_BENFORD
24,001,10,06,000013,92,9,RELLENO_NACIONAL_BENFORD
24,001,11,03,000036,87,8,RELLENO_NACIONAL_BENFORD
48,001,01,02,000007,94,9,RELLENO_NACIONAL_BENFORD
48,001,01,03,000005,99,9,RELLENO_NACIONAL_BENFORD
48,001,01,04,000012,99,9,RELLENO_NACIONAL_BENFORD
48,001,01,05,000001,84,8,RELLENO_NACIONAL_BENFORD
48,001,02,03,000007,99,9,RELLENO_NACIONAL_BENFORD
48,001,02,05,000010,86,8,RELLENO_NACIONAL_BENFORD
48,001,03,01,000011,81,8,RELLENO_NACIONAL_BENFORD
48,001,03,01,000013,85,8,RELLENO_NACIONAL_BENFORD
48,001,03,02,000001,85,8,RELLENO_NACIONAL_BENFORD
48,001,03,02,000005,94,9,RELLENO_NACIONAL_BENFORD
48,001,03,03,000002,91,9,RELLENO_NACIONAL_BENFORD
48,002,00,00,000007,81,8,RELLENO_NACIONAL_BENFORD
48,004,00,01,000009,82,8,RELLENO_NACIONAL_BENFORD
03,001,37,01,000021,91,9,RELLENO_NACIONAL_BENFORD
03,001,37,02,000010,90,9,RELLENO_NACIONAL_BENFORD
03,004,01,02,000011,94,9,RELLENO_NACIONAL_BENFORD
03,004,01,04,000009,83,8,RELLENO_NACIONAL_BENFORD
03,004,02,03,000003,91,9,RELLENO_NACIONAL_BENFORD
03,004,02,03,000008,81,8,RELLENO_NACIONAL_BENFORD
03,004,99,01,000009,88,8,RELLENO_NACIONAL_BENFORD
03,007,02,02,000006,87,8,RELLENO_NACIONAL_BENFORD
01,106,03,01,000007,97,9,RELLENO_NACIONAL_BENFORD
31,001,02,02,000010,98,9,RELLENO_NACIONAL_BENFORD
11,025,99,04,000001,8,8,RELLENO_NACIONAL_BENFORD
13,001,07,02,000001,85,8,RELLENO_NACIONAL_BENFORD
13,061,00,01,000043,8,8,RELLENO_NACIONAL_BENFORD
31,001,09,01,000006,90,9,RELLENO_NACIONAL_BENFORD
15,199,00,00,000022,97,9,RELLENO_NACIONAL_BENFORD
15,202,00,01,000014,99,9,RELLENO_NACIONAL_BENFORD
15,202,00,01,000017,81,8,RELLENO_NACIONAL_BENFORD
15,218,00,02,000011,88,8,RELLENO_NACIONAL_BENFORD
15,226,00,00,000006,87,8,RELLENO_NACIONAL_BENFORD
15,232,99,01,000003,97,9,RELLENO_NACIONAL_BENFORD
15,238,00,01,000017,95,9,RELLENO_NACIONAL_BENFORD
15,238,00,02,000006,84,8,RELLENO_NACIONAL_BENFORD
15,239,01,03,000007,80,8,RELLENO_NACIONAL_BENFORD
15,239,02,01,000013,99,9,RELLENO_NACIONAL_BENFORD
15,239,02,01,000014,80,8,RELLENO_NACIONAL_BENFORD
15,239,02,03,000006,85,8,RELLENO_NACIONAL_BENFORD
15,247,01,02,000021,93,9,RELLENO_NACIONAL_BENFORD
15,247,01,03,000013,94,9,RELLENO_NACIONAL_BENFORD
24,001,90,01,000014,87,8,RELLENO_NACIONAL_BENFORD
24,001,99,13,000004,94,9,RELLENO_NACIONAL_BENFORD
24,001,99,21,000003,96,9,RELLENO_NACIONAL_BENFORD
24,001,99,41,000005,93,9,RELLENO_NACIONAL_BENFORD
24,001,99,80,000018,81,8,RELLENO_NACIONAL_BENFORD
24,021,00,02,000013,87,8,RELLENO_NACIONAL_BENFORD
24,025,06,01,000016,99,9,RELLENO_NACIONAL_BENFORD
24,025,10,01,000016,87,8,RELLENO_NACIONAL_BENFORD
24,025,10,01,000024,98,9,RELLENO_NACIONAL_BENFORD
24,025,11,01,000016,83,8,RELLENO_NACIONAL_BENFORD
24,025,11,03,000008,85,8,RELLENO_NACIONAL_BENFORD
24,025,12,02,000025,89,8,RELLENO_NACIONAL_BENFORD
24,025,12,02,000035,96,9,RELLENO_NACIONAL_BENFORD
24,025,12,02,000039,85,8,RELLENO_NACIONAL_BENFORD
24,025,99,41,000005,99,9,RELLENO_NACIONAL_BENFORD
24,029,00,00,000014,80,8,RELLENO_NACIONAL_BENFORD
48,006,00,00,000020,86,8,RELLENO_NACIONAL_BENFORD
48,007,01,01,000013,85,8,RELLENO_NACIONAL_BENFORD
48,007,01,02,000001,88,8,RELLENO_NACIONAL_BENFORD
48,007,99,20,000002,88,8,RELLENO_NACIONAL_BENFORD
48,008,99,10,000001,88,8,RELLENO_NACIONAL_BENFORD
48,010,01,02,000008,80,8,RELLENO_NACIONAL_BENFORD
48,010,01,03,000021,88,8,RELLENO_NACIONAL_BENFORD
48,010,02,01,000007,93,9,RELLENO_NACIONAL_BENFORD
48,010,02,01,000012,88,8,RELLENO_NACIONAL_BENFORD
48,010,03,02,000008,99,9,RELLENO_NACIONAL_BENFORD
48,010,03,03,000014,81,8,RELLENO_NACIONAL_BENFORD
48,010,90,01,000001,84,8,RELLENO_NACIONAL_BENFORD
48,010,90,01,000010,98,9,RELLENO_NACIONAL_BENFORD
03,019,99,05,000004,87,8,RELLENO_NACIONAL_BENFORD
03,022,01,01,000006,93,9,RELLENO_NACIONAL_BENFORD
03,022,01,01,000009,89,8,RELLENO_NACIONAL_BENFORD
03,022,01,02,000002,95,9,RELLENO_NACIONAL_BENFORD
03,025,00,00,000031,85,8,RELLENO_NACIONAL_BENFORD
03,025,00,00,000034,91,9,RELLENO_NACIONAL_BENFORD
03,025,00,00,000046,93,9,RELLENO_NACIONAL_BENFORD
03,028,02,01,000001,87,8,RELLENO_NACIONAL_BENFORD
03,028,02,01,000004,81,8,RELLENO_NACIONAL_BENFORD
03,028,02,02,000008,83,8,RELLENO_NACIONAL_BENFORD
03,031,00,00,000006,84,8,RELLENO_NACIONAL_BENFORD
03,031,99,05,000001,91,9,RELLENO_NACIONAL_BENFORD
03,034,00,01,000015,91,9,RELLENO_NACIONAL_BENFORD
03,034,00,01,000016,93,9,RELLENO_NACIONAL_BENFORD
03,034,99,01,000001,84,8,RELLENO_NACIONAL_BENFORD
03,035,00,00,000006,87,8,RELLENO_NACIONAL_BENFORD
03,035,00,00,000028,85,8,RELLENO_NACIONAL_BENFORD
03,035,99,35,000006,90,9,RELLENO_NACIONAL_BENFORD
03,040,00,00,000012,80,8,RELLENO_NACIONAL_BENFORD
03,040,00,00,000020,91,9,RELLENO_NACIONAL_BENFORD
03,040,99,13,000004,85,8,RELLENO_NACIONAL_BENFORD
03,043,01,01,000007,87,8,RELLENO_NACIONAL_BENFORD
03,043,02,01,000008,88,8,RELLENO_NACIONAL_BENFORD
03,043,02,01,000009,89,8,RELLENO_NACIONAL_BENFORD
15,247,02,04,000013,86,8,RELLENO_NACIONAL_BENFORD
15,247,02,10,000012,89,8,RELLENO_NACIONAL_BENFORD
15,247,03,04,000027,86,8,RELLENO_NACIONAL_BENFORD
15,247,03,05,000020,84,8,RELLENO_NACIONAL_BENFORD
15,247,03,06,000012,82,8,RELLENO_NACIONAL_BENFORD
15,247,03,09,000031,94,9,RELLENO_NACIONAL_BENFORD
15,247,04,04,000004,94,9,RELLENO_NACIONAL_BENFORD
15,247,05,05,000024,83,8,RELLENO_NACIONAL_BENFORD
15,247,06,04,000008,82,8,RELLENO_NACIONAL_BENFORD
15,247,06,07,000001,89,8,RELLENO_NACIONAL_BENFORD
15,250,00,02,000014,87,8,RELLENO_NACIONAL_BENFORD
15,259,00,00,000025,90,9,RELLENO_NACIONAL_BENFORD
24,046,02,03,000002,94,9,RELLENO_NACIONAL_BENFORD
24,078,00,01,000022,82,8,RELLENO_NACIONAL_BENFORD
24,078,99,70,000001,85,8,RELLENO_NACIONAL_BENFORD
24,086,01,06,000010,96,9,RELLENO_NACIONAL_BENFORD
24,086,02,01,000016,82,8,RELLENO_NACIONAL_BENFORD
24,086,02,05,000018,96,9,RELLENO_NACIONAL_BENFORD
24,094,00,00,000022,87,8,RELLENO_NACIONAL_BENFORD
25,001,01,04,000019,84,8,RELLENO_NACIONAL_BENFORD
25,001,01,05,000014,99,9,RELLENO_NACIONAL_BENFORD
25,001,02,01,000005,89,8,RELLENO_NACIONAL_BENFORD
25,001,02,04,000030,96,9,RELLENO_NACIONAL_BENFORD
25,001,02,04,000031,96,9,RELLENO_NACIONAL_BENFORD
48,013,01,02,000011,85,8,RELLENO_NACIONAL_BENFORD
48,013,02,01,000016,92,9,RELLENO_NACIONAL_BENFORD
48,013,99,05,000003,95,9,RELLENO_NACIONAL_BENFORD
48,013,99,20,000001,99,9,RELLENO_NACIONAL_BENFORD
48,016,01,02,000001,80,8,RELLENO_NACIONAL_BENFORD
48,016,01,02,000026,8,8,RELLENO_NACIONAL_BENFORD
48,016,02,02,000001,86,8,RELLENO_NACIONAL_BENFORD
48,016,99,10,000011,9,9,RELLENO_NACIONAL_BENFORD
48,016,99,69,000012,8,8,RELLENO_NACIONAL_BENFORD
48,018,00,01,000003,89,8,RELLENO_NACIONAL_BENFORD
48,018,00,01,000022,80,8,RELLENO_NACIONAL_BENFORD
50,001,01,02,000008,82,8,RELLENO_NACIONAL_BENFORD
52,001,01,01,000015,97,9,RELLENO_NACIONAL_BENFORD
52,001,02,02,000016,95,9,RELLENO_NACIONAL_BENFORD
52,001,02,02,000023,82,8,RELLENO_NACIONAL_BENFORD
52,001,03,01,000003,89,8,RELLENO_NACIONAL_BENFORD
03,046,01,04,000006,84,8,RELLENO_NACIONAL_BENFORD
03,046,02,01,000011,95,9,RELLENO_NACIONAL_BENFORD
03,046,02,03,000003,83,8,RELLENO_NACIONAL_BENFORD
03,046,02,03,000015,81,8,RELLENO_NACIONAL_BENFORD
03,046,99,01,000001,99,9,RELLENO_NACIONAL_BENFORD
03,047,00,00,000029,80,8,RELLENO_NACIONAL_BENFORD
03,049,01,02,000001,89,8,RELLENO_NACIONAL_BENFORD
03,052,01,03,000009,84,8,RELLENO_NACIONAL_BENFORD
03,052,03,01,000014,88,8,RELLENO_NACIONAL_BENFORD
03,052,03,02,000001,98,9,RELLENO_NACIONAL_BENFORD
03,052,03,03,000008,86,8,RELLENO_NACIONAL_BENFORD
03,052,04,03,000011,82,8,RELLENO_NACIONAL_BENFORD
03,052,05,01,000002,98,9,RELLENO_NACIONAL_BENFORD
03,052,05,02,000003,82,8,RELLENO_NACIONAL_BENFORD
03,052,06,02,000012,87,8,RELLENO_NACIONAL_BENFORD
03,052,07,01,000002,95,9,RELLENO_NACIONAL_BENFORD
03,052,07,01,000003,98,9,RELLENO_NACIONAL_BENFORD
03,052,07,01,000004,89,8,RELLENO_NACIONAL_BENFORD
15,289,00,02,000008,97,9,RELLENO_NACIONAL_BENFORD
15,292,01,02,000003,83,8,RELLENO_NACIONAL_BENFORD
15,292,01,02,000004,84,8,RELLENO_NACIONAL_BENFORD
15,292,01,03,000008,97,9,RELLENO_NACIONAL_BENFORD
15,292,01,04,000008,90,9,RELLENO_NACIONAL_BENFORD
15,292,02,02,000004,91,9,RELLENO_NACIONAL_BENFORD
15,292,02,05,000006,82,8,RELLENO_NACIONAL_BENFORD
15,298,00,00,000010,89,8,RELLENO_NACIONAL_BENFORD
15,331,00,01,000010,87,8,RELLENO_NACIONAL_BENFORD
15,331,00,01,000016,99,9,RELLENO_NACIONAL_BENFORD
15,340,01,01,000020,89,8,RELLENO_NACIONAL_BENFORD
15,340,01,03,000022,98,9,RELLENO_NACIONAL_BENFORD
15,340,01,04,000009,96,9,RELLENO_NACIONAL_BENFORD
15,340,01,05,000010,89,8,RELLENO_NACIONAL_BENFORD
15,340,01,06,000001,99,9,RELLENO_NACIONAL_BENFORD
25,001,03,04,000021,81,8,RELLENO_NACIONAL_BENFORD
25,001,04,04,000003,95,9,RELLENO_NACIONAL_BENFORD
25,001,07,02,000028,98,9,RELLENO_NACIONAL_BENFORD
52,001,06,02,000027,80,8,RELLENO_NACIONAL_BENFORD
52,001,06,02,000028,88,8,RELLENO_NACIONAL_BENFORD
52,001,06,03,000021,9,9,RELLENO_NACIONAL_BENFORD
52,001,07,04,000020,92,9,RELLENO_NACIONAL_BENFORD
52,001,15,02,000007,93,9,RELLENO_NACIONAL_BENFORD
52,001,16,03,000015,81,8,RELLENO_NACIONAL_BENFORD
52,001,18,01,000022,81,8,RELLENO_NACIONAL_BENFORD
52,001,99,42,000006,9,9,RELLENO_NACIONAL_BENFORD
52,001,99,52,000001,89,8,RELLENO_NACIONAL_BENFORD
03,052,07,04,000003,91,9,RELLENO_NACIONAL_BENFORD
03,052,07,04,000013,82,8,RELLENO_NACIONAL_BENFORD
03,052,07,04,000015,91,9,RELLENO_NACIONAL_BENFORD
03,052,10,01,000006,89,8,RELLENO_NACIONAL_BENFORD
03,052,10,04,000008,96,9,RELLENO_NACIONAL_BENFORD
03,052,12,01,000008,84,8,RELLENO_NACIONAL_BENFORD
03,052,12,01,000010,81,8,RELLENO_NACIONAL_BENFORD
03,052,12,01,000013,85,8,RELLENO_NACIONAL_BENFORD
03,052,13,02,000003,82,8,RELLENO_NACIONAL_BENFORD
03,055,00,00,000022,96,9,RELLENO_NACIONAL_BENFORD
03,058,00,00,000006,84,8,RELLENO_NACIONAL_BENFORD
03,058,00,00,000008,98,9,RELLENO_NACIONAL_BENFORD
03,058,00,00,000009,98,9,RELLENO_NACIONAL_BENFORD
03,058,99,01,000002,90,9,RELLENO_NACIONAL_BENFORD
03,058,99,13,000001,92,9,RELLENO_NACIONAL_BENFORD
03,061,00,00,000003,83,8,RELLENO_NACIONAL_BENFORD
03,061,00,00,000008,92,9,RELLENO_NACIONAL_BENFORD
05,001,02,04,000010,80,8,RELLENO_NACIONAL_BENFORD
05,001,02,04,000012,87,8,RELLENO_NACIONAL_BENFORD
05,001,02,04,000013,80,8,RELLENO_NACIONAL_BENFORD
05,001,03,01,000004,84,8,RELLENO_NACIONAL_BENFORD
05,001,03,01,000012,82,8,RELLENO_NACIONAL_BENFORD
15,340,02,03,000018,85,8,RELLENO_NACIONAL_BENFORD
15,340,02,03,000021,86,8,RELLENO_NACIONAL_BENFORD
15,340,02,05,000011,91,9,RELLENO_NACIONAL_BENFORD
15,340,99,02,000014,81,8,RELLENO_NACIONAL_BENFORD
16,001,01,01,000046,96,9,RELLENO_NACIONAL_BENFORD
16,001,01,01,000054,84,8,RELLENO_NACIONAL_BENFORD
16,001,01,03,000022,83,8,RELLENO_NACIONAL_BENFORD
16,001,01,11,000030,91,9,RELLENO_NACIONAL_BENFORD
16,001,01,12,000066,97,9,RELLENO_NACIONAL_BENFORD
16,001,01,24,000012,88,8,RELLENO_NACIONAL_BENFORD
16,001,01,33,000010,84,8,RELLENO_NACIONAL_BENFORD
16,001,01,33,000011,96,9,RELLENO_NACIONAL_BENFORD
16,001,01,33,000014,80,8,RELLENO_NACIONAL_BENFORD
25,001,09,05,000017,96,9,RELLENO_NACIONAL_BENFORD
25,001,09,05,000022,9,9,RELLENO_NACIONAL_BENFORD
25,001,90,01,000009,88,8,RELLENO_NACIONAL_BENFORD
25,013,00,00,000005,81,8,RELLENO_NACIONAL_BENFORD
52,030,99,02,000001,98,9,RELLENO_NACIONAL_BENFORD
52,035,01,02,000010,97,9,RELLENO_NACIONAL_BENFORD
52,035,02,02,000019,95,9,RELLENO_NACIONAL_BENFORD
52,041,99,61,000002,9,9,RELLENO_NACIONAL_BENFORD
52,043,02,01,000028,82,8,RELLENO_NACIONAL_BENFORD
52,043,02,02,000006,80,8,RELLENO_NACIONAL_BENFORD
52,043,99,58,000003,84,8,RELLENO_NACIONAL_BENFORD
52,043,99,58,000004,89,8,RELLENO_NACIONAL_BENFORD
01,154,00,00,000005,98,9,RELLENO_NACIONAL_BENFORD
31,001,24,01,000009,91,9,RELLENO_NACIONAL_BENFORD
31,001,24,01,000010,91,9,RELLENO_NACIONAL_BENFORD
31,001,24,02,000020,90,9,RELLENO_NACIONAL_BENFORD
31,001,24,04,000002,85,8,RELLENO_NACIONAL_BENFORD
31,001,24,04,000003,86,8,RELLENO_NACIONAL_BENFORD
31,001,24,05,000011,83,8,RELLENO_NACIONAL_BENFORD
31,001,24,05,000014,83,8,RELLENO_NACIONAL_BENFORD
31,001,24,06,000021,89,8,RELLENO_NACIONAL_BENFORD
31,001,25,01,000027,99,9,RELLENO_NACIONAL_BENFORD
31,001,25,02,000037,82,8,RELLENO_NACIONAL_BENFORD
31,001,25,04,000044,80,8,RELLENO_NACIONAL_BENFORD
31,001,26,03,000019,97,9,RELLENO_NACIONAL_BENFORD
31,001,26,04,000023,85,8,RELLENO_NACIONAL_BENFORD
31,001,27,01,000005,92,9,RELLENO_NACIONAL_BENFORD
31,001,27,01,000007,93,9,RELLENO_NACIONAL_BENFORD
31,001,27,04,000003,86,8,RELLENO_NACIONAL_BENFORD
31,001,28,03,000002,86,8,RELLENO_NACIONAL_BENFORD
31,001,28,05,000019,80,8,RELLENO_NACIONAL_BENFORD
12,001,99,15,000003,95,9,RELLENO_NACIONAL_BENFORD
12,001,99,60,000001,93,9,RELLENO_NACIONAL_BENFORD
12,001,99,62,000001,82,8,RELLENO_NACIONAL_BENFORD
12,075,01,04,000010,83,8,RELLENO_NACIONAL_BENFORD
12,075,02,04,000023,96,9,RELLENO_NACIONAL_BENFORD
12,150,02,01,000032,83,8,RELLENO_NACIONAL_BENFORD
12,150,02,02,000004,97,9,RELLENO_NACIONAL_BENFORD
12,150,02,02,000021,80,8,RELLENO_NACIONAL_BENFORD
12,150,99,87,000001,92,9,RELLENO_NACIONAL_BENFORD
12,170,99,10,000006,96,9,RELLENO_NACIONAL_BENFORD
12,170,99,10,000007,93,9,RELLENO_NACIONAL_BENFORD
12,180,00,00,000008,89,8,RELLENO_NACIONAL_BENFORD
12,200,01,01,000014,89,8,RELLENO_NACIONAL_BENFORD
12,200,02,01,000006,91,9,RELLENO_NACIONAL_BENFORD
12,200,02,01,000014,82,8,RELLENO_NACIONAL_BENFORD
12,200,02,02,000010,85,8,RELLENO_NACIONAL_BENFORD
19,088,99,50,000005,86,8,RELLENO_NACIONAL_BENFORD
19,091,00,00,000007,82,8,RELLENO_NACIONAL_BENFORD
19,091,99,03,000005,85,8,RELLENO_NACIONAL_BENFORD
21,001,01,01,000003,93,9,RELLENO_NACIONAL_BENFORD
21,001,01,03,000014,89,8,RELLENO_NACIONAL_BENFORD
21,001,01,04,000001,89,8,RELLENO_NACIONAL_BENFORD
19,044,00,01,000032,85,8,RELLENO_NACIONAL_BENFORD
19,044,00,02,000014,87,8,RELLENO_NACIONAL_BENFORD
01,121,08,02,000005,94,9,RELLENO_NACIONAL_BENFORD
31,001,17,01,000014,97,9,RELLENO_NACIONAL_BENFORD
31,001,19,02,000001,80,8,RELLENO_NACIONAL_BENFORD
31,001,20,02,000006,87,8,RELLENO_NACIONAL_BENFORD
31,001,20,02,000008,98,9,RELLENO_NACIONAL_BENFORD
31,001,20,07,000001,96,9,RELLENO_NACIONAL_BENFORD
31,001,21,03,000003,84,8,RELLENO_NACIONAL_BENFORD
31,001,21,03,000014,82,8,RELLENO_NACIONAL_BENFORD
31,001,21,04,000003,84,8,RELLENO_NACIONAL_BENFORD
31,001,22,02,000007,82,8,RELLENO_NACIONAL_BENFORD
31,001,22,02,000013,81,8,RELLENO_NACIONAL_BENFORD
31,001,22,03,000004,93,9,RELLENO_NACIONAL_BENFORD
31,001,22,05,000021,9,9,RELLENO_NACIONAL_BENFORD
31,001,23,02,000005,85,8,RELLENO_NACIONAL_BENFORD
31,001,23,02,000009,86,8,RELLENO_NACIONAL_BENFORD
12,001,01,01,000001,82,8,RELLENO_NACIONAL_BENFORD
12,001,01,03,000002,89,8,RELLENO_NACIONAL_BENFORD
12,001,02,02,000015,80,8,RELLENO_NACIONAL_BENFORD
12,001,02,02,000018,83,8,RELLENO_NACIONAL_BENFORD
12,001,04,02,000034,82,8,RELLENO_NACIONAL_BENFORD
12,001,05,02,000026,81,8,RELLENO_NACIONAL_BENFORD
19,049,02,01,000016,95,9,RELLENO_NACIONAL_BENFORD
19,061,01,07,000005,96,9,RELLENO_NACIONAL_BENFORD
19,061,02,05,000020,97,9,RELLENO_NACIONAL_BENFORD
19,061,99,01,000037,84,8,RELLENO_NACIONAL_BENFORD
19,061,99,02,000004,92,9,RELLENO_NACIONAL_BENFORD
19,070,99,05,000004,94,9,RELLENO_NACIONAL_BENFORD
01,151,01,03,000024,88,8,RELLENO_NACIONAL_BENFORD
01,151,04,05,000011,88,8,RELLENO_NACIONAL_BENFORD
01,001,99,B2,000030,90,9,RELLENO_NACIONAL_BENFORD
01,004,99,09,000002,86,8,RELLENO_NACIONAL_BENFORD
28,200,99,16,000003,89,8,RELLENO_NACIONAL_BENFORD
28,260,99,78,000001,87,8,RELLENO_NACIONAL_BENFORD
29,001,03,05,000016,80,8,RELLENO_NACIONAL_BENFORD
09,001,04,02,000025,87,8,RELLENO_NACIONAL_BENFORD
09,001,04,04,000009,83,8,RELLENO_NACIONAL_BENFORD
09,001,05,05,000003,84,8,RELLENO_NACIONAL_BENFORD
09,001,11,04,000014,86,8,RELLENO_NACIONAL_BENFORD
09,001,12,02,000018,83,8,RELLENO_NACIONAL_BENFORD
16,001,16,02,000013,99,9,RELLENO_NACIONAL_BENFORD
16,001,16,17,000025,88,8,RELLENO_NACIONAL_BENFORD
16,001,16,24,000012,92,9,RELLENO_NACIONAL_BENFORD
16,001,17,01,000005,94,9,RELLENO_NACIONAL_BENFORD
01,035,03,02,000002,94,9,RELLENO_NACIONAL_BENFORD
01,035,04,04,000020,89,8,RELLENO_NACIONAL_BENFORD
01,043,01,02,000015,82,8,RELLENO_NACIONAL_BENFORD
01,043,01,02,000016,91,9,RELLENO_NACIONAL_BENFORD
01,049,01,03,000006,90,9,RELLENO_NACIONAL_BENFORD
29,001,05,03,000022,86,8,RELLENO_NACIONAL_BENFORD
29,001,07,08,000014,98,9,RELLENO_NACIONAL_BENFORD
29,001,07,08,000020,85,8,RELLENO_NACIONAL_BENFORD
29,001,08,05,000021,84,8,RELLENO_NACIONAL_BENFORD
09,001,12,02,000020,90,9,RELLENO_NACIONAL_BENFORD
09,004,99,03,000002,86,8,RELLENO_NACIONAL_BENFORD
09,052,99,05,000001,81,8,RELLENO_NACIONAL_BENFORD
09,076,01,02,000006,88,8,RELLENO_NACIONAL_BENFORD
16,001,18,25,000002,90,9,RELLENO_NACIONAL_BENFORD
16,001,18,28,000008,92,9,RELLENO_NACIONAL_BENFORD
16,001,19,08,000014,84,8,RELLENO_NACIONAL_BENFORD
16,001,19,11,000013,93,9,RELLENO_NACIONAL_BENFORD
16,001,19,11,000018,99,9,RELLENO_NACIONAL_BENFORD
16,001,19,12,000019,97,9,RELLENO_NACIONAL_BENFORD
01,049,02,06,000029,81,8,RELLENO_NACIONAL_BENFORD
01,049,03,02,000028,82,8,RELLENO_NACIONAL_BENFORD
01,049,04,03,000030,85,8,RELLENO_NACIONAL_BENFORD
01,049,07,03,000014,95,9,RELLENO_NACIONAL_BENFORD
01,049,11,03,000014,83,8,RELLENO_NACIONAL_BENFORD
29,031,99,09,000001,85,8,RELLENO_NACIONAL_BENFORD
29,034,99,12,000001,80,8,RELLENO_NACIONAL_BENFORD
29,040,01,02,000014,97,9,RELLENO_NACIONAL_BENFORD
29,046,01,03,000009,90,9,RELLENO_NACIONAL_BENFORD
15,115,99,05,000003,92,9,RELLENO_NACIONAL_BENFORD
15,142,02,02,000012,93,9,RELLENO_NACIONAL_BENFORD
15,145,99,13,000001,95,9,RELLENO_NACIONAL_BENFORD
15,160,01,06,000011,85,8,RELLENO_NACIONAL_BENFORD
15,160,02,04,000008,81,8,RELLENO_NACIONAL_BENFORD
15,169,01,02,000010,89,8,RELLENO_NACIONAL_BENFORD
15,169,01,04,000007,81,8,RELLENO_NACIONAL_BENFORD
24,001,01,03,000007,89,8,RELLENO_NACIONAL_BENFORD
24,001,03,03,000018,80,8,RELLENO_NACIONAL_BENFORD
24,001,05,02,000038,86,8,RELLENO_NACIONAL_BENFORD
24,001,07,04,000013,92,9,RELLENO_NACIONAL_BENFORD
24,001,08,04,000006,90,9,RELLENO_NACIONAL_BENFORD
24,001,10,02,000038,85,8,RELLENO_NACIONAL_BENFORD
48,001,02,05,000005,87,8,RELLENO_NACIONAL_BENFORD
48,001,02,05,000006,90,9,RELLENO_NACIONAL_BENFORD
48,001,03,03,000017,83,8,RELLENO_NACIONAL_BENFORD
48,001,03,06,000001,87,8,RELLENO_NACIONAL_BENFORD
48,001,03,06,000003,92,9,RELLENO_NACIONAL_BENFORD
48,001,03,06,000004,95,9,RELLENO_NACIONAL_BENFORD
03,004,01,04,000001,82,8,RELLENO_NACIONAL_BENFORD
03,004,02,01,000005,92,9,RELLENO_NACIONAL_BENFORD
03,004,99,05,000006,8,8,RELLENO_NACIONAL_BENFORD
03,007,02,01,000005,91,9,RELLENO_NACIONAL_BENFORD
03,007,02,01,000014,98,9,RELLENO_NACIONAL_BENFORD
03,007,02,02,000004,83,8,RELLENO_NACIONAL_BENFORD
03,010,00,00,000021,91,9,RELLENO_NACIONAL_BENFORD
03,010,00,00,000025,99,9,RELLENO_NACIONAL_BENFORD
03,013,03,01,000003,81,8,RELLENO_NACIONAL_BENFORD
03,019,00,00,000001,96,9,RELLENO_NACIONAL_BENFORD
03,019,00,00,000004,93,9,RELLENO_NACIONAL_BENFORD
03,019,00,00,000027,89,8,RELLENO_NACIONAL_BENFORD
03,019,00,00,000028,81,8,RELLENO_NACIONAL_BENFORD
15,169,02,07,000010,80,8,RELLENO_NACIONAL_BENFORD
15,178,00,00,000011,93,9,RELLENO_NACIONAL_BENFORD
15,196,00,00,000011,97,9,RELLENO_NACIONAL_BENFORD
15,202,99,02,000001,85,8,RELLENO_NACIONAL_BENFORD
15,217,00,01,000017,83,8,RELLENO_NACIONAL_BENFORD
15,223,99,60,000002,9,9,RELLENO_NACIONAL_BENFORD
15,232,99,02,000002,80,8,RELLENO_NACIONAL_BENFORD
15,241,00,02,000016,99,9,RELLENO_NACIONAL_BENFORD
15,247,01,02,000016,98,9,RELLENO_NACIONAL_BENFORD
15,247,01,05,000009,82,8,RELLENO_NACIONAL_BENFORD
15,247,01,09,000010,85,8,RELLENO_NACIONAL_BENFORD
24,001,99,41,000006,90,9,RELLENO_NACIONAL_BENFORD
24,001,99,41,000007,81,8,RELLENO_NACIONAL_BENFORD
24,001,99,48,000004,85,8,RELLENO_NACIONAL_BENFORD
24,001,99,61,000007,96,9,RELLENO_NACIONAL_BENFORD
24,001,99,80,000015,87,8,RELLENO_NACIONAL_BENFORD
24,021,00,01,000035,86,8,RELLENO_NACIONAL_BENFORD
24,025,04,01,000022,87,8,RELLENO_NACIONAL_BENFORD
24,025,05,02,000007,93,9,RELLENO_NACIONAL_BENFORD
24,025,10,02,000012,94,9,RELLENO_NACIONAL_BENFORD
24,029,00,00,000019,96,9,RELLENO_NACIONAL_BENFORD
48,006,00,00,000023,82,8,RELLENO_NACIONAL_BENFORD
48,007,01,02,000011,92,9,RELLENO_NACIONAL_BENFORD
48,008,00,00,000008,88,8,RELLENO_NACIONAL_BENFORD
48,008,00,00,000014,80,8,RELLENO_NACIONAL_BENFORD
48,009,00,00,000017,81,8,RELLENO_NACIONAL_BENFORD
48,010,01,02,000009,87,8,RELLENO_NACIONAL_BENFORD
48,010,01,03,000001,82,8,RELLENO_NACIONAL_BENFORD
48,010,01,03,000006,81,8,RELLENO_NACIONAL_BENFORD
48,010,01,03,000009,95,9,RELLENO_NACIONAL_BENFORD
48,010,01,03,000018,80,8,RELLENO_NACIONAL_BENFORD
48,010,01,04,000009,85,8,RELLENO_NACIONAL_BENFORD
48,010,02,02,000007,88,8,RELLENO_NACIONAL_BENFORD
48,010,02,02,000015,82,8,RELLENO_NACIONAL_BENFORD
48,010,03,02,000006,98,9,RELLENO_NACIONAL_BENFORD
48,010,03,04,000001,84,8,RELLENO_NACIONAL_BENFORD
03,019,99,09,000002,97,9,RELLENO_NACIONAL_BENFORD
03,019,99,13,000011,90,9,RELLENO_NACIONAL_BENFORD
03,022,01,01,000015,80,8,RELLENO_NACIONAL_BENFORD
03,022,01,02,000001,91,9,RELLENO_NACIONAL_BENFORD
03,022,01,02,000006,94,9,RELLENO_NACIONAL_BENFORD
03,025,00,00,000036,88,8,RELLENO_NACIONAL_BENFORD
03,028,01,02,000010,97,9,RELLENO_NACIONAL_BENFORD
03,028,02,01,000005,86,8,RELLENO_NACIONAL_BENFORD
03,031,00,00,000002,82,8,RELLENO_NACIONAL_BENFORD
03,031,00,00,000003,89,8,RELLENO_NACIONAL_BENFORD
03,035,99,20,000002,82,8,RELLENO_NACIONAL_BENFORD
03,035,99,28,000002,97,9,RELLENO_NACIONAL_BENFORD
03,040,00,00,000032,82,8,RELLENO_NACIONAL_BENFORD
03,046,01,01,000009,86,8,RELLENO_NACIONAL_BENFORD
03,046,01,01,000011,83,8,RELLENO_NACIONAL_BENFORD
15,247,02,01,000017,98,9,RELLENO_NACIONAL_BENFORD
15,247,02,03,000011,98,9,RELLENO_NACIONAL_BENFORD
15,247,02,05,000004,93,9,RELLENO_NACIONAL_BENFORD
15,247,04,02,000011,86,8,RELLENO_NACIONAL_BENFORD
15,247,04,03,000006,90,9,RELLENO_NACIONAL_BENFORD
15,247,05,04,000012,81,8,RELLENO_NACIONAL_BENFORD
15,247,06,01,000005,99,9,RELLENO_NACIONAL_BENFORD
15,247,06,03,000019,80,8,RELLENO_NACIONAL_BENFORD
15,250,00,02,000020,87,8,RELLENO_NACIONAL_BENFORD
15,259,00,00,000023,86,8,RELLENO_NACIONAL_BENFORD
24,046,02,02,000008,91,9,RELLENO_NACIONAL_BENFORD
24,046,90,01,000009,98,9,RELLENO_NACIONAL_BENFORD
24,078,00,01,000014,80,8,RELLENO_NACIONAL_BENFORD
24,086,02,05,000022,93,9,RELLENO_NACIONAL_BENFORD
24,094,00,00,000024,83,8,RELLENO_NACIONAL_BENFORD
24,094,00,00,000026,81,8,RELLENO_NACIONAL_BENFORD
25,001,01,01,000017,86,8,RELLENO_NACIONAL_BENFORD
25,001,01,01,000020,94,9,RELLENO_NACIONAL_BENFORD
25,001,01,01,000023,85,8,RELLENO_NACIONAL_BENFORD
25,001,01,03,000044,91,9,RELLENO_NACIONAL_BENFORD
48,013,99,45,000001,84,8,RELLENO_NACIONAL_BENFORD
48,016,02,02,000022,93,9,RELLENO_NACIONAL_BENFORD
48,016,99,72,000003,8,8,RELLENO_NACIONAL_BENFORD
48,018,00,01,000020,96,9,RELLENO_NACIONAL_BENFORD
48,020,01,01,000010,81,8,RELLENO_NACIONAL_BENFORD
48,020,01,01,000016,96,9,RELLENO_NACIONAL_BENFORD
48,020,01,02,000008,93,9,RELLENO_NACIONAL_BENFORD
48,020,02,01,000007,89,8,RELLENO_NACIONAL_BENFORD
50,070,99,15,000001,9,9,RELLENO_NACIONAL_BENFORD
52,001,02,01,000028,9,9,RELLENO_NACIONAL_BENFORD
52,001,02,02,000021,89,8,RELLENO_NACIONAL_BENFORD
52,001,02,02,000025,86,8,RELLENO_NACIONAL_BENFORD
03,046,01,04,000005,91,9,RELLENO_NACIONAL_BENFORD
03,046,02,01,000010,84,8,RELLENO_NACIONAL_BENFORD
03,046,02,01,000017,92,9,RELLENO_NACIONAL_BENFORD
03,046,02,04,000003,93,9,RELLENO_NACIONAL_BENFORD
03,046,99,09,000002,95,9,RELLENO_NACIONAL_BENFORD
03,046,99,13,000003,86,8,RELLENO_NACIONAL_BENFORD
03,047,00,00,000034,84,8,RELLENO_NACIONAL_BENFORD
03,047,99,01,000004,89,8,RELLENO_NACIONAL_BENFORD
03,052,01,01,000007,81,8,RELLENO_NACIONAL_BENFORD
03,052,03,01,000018,93,9,RELLENO_NACIONAL_BENFORD
03,052,03,02,000004,86,8,RELLENO_NACIONAL_BENFORD
03,052,05,04,000006,94,9,RELLENO_NACIONAL_BENFORD
03,052,06,03,000002,85,8,RELLENO_NACIONAL_BENFORD
15,271,00,02,000012,89,8,RELLENO_NACIONAL_BENFORD
15,280,00,03,000006,92,9,RELLENO_NACIONAL_BENFORD
15,289,00,01,000019,87,8,RELLENO_NACIONAL_BENFORD
15,340,01,01,000007,99,9,RELLENO_NACIONAL_BENFORD
15,340,01,01,000008,94,9,RELLENO_NACIONAL_BENFORD
15,340,01,03,000032,93,9,RELLENO_NACIONAL_BENFORD
15,340,01,04,000022,86,8,RELLENO_NACIONAL_BENFORD
15,340,01,05,000007,95,9,RELLENO_NACIONAL_BENFORD
15,340,02,02,000034,84,8,RELLENO_NACIONAL_BENFORD
25,001,04,04,000006,82,8,RELLENO_NACIONAL_BENFORD
25,001,04,07,000021,91,9,RELLENO_NACIONAL_BENFORD
25,001,07,03,000037,84,8,RELLENO_NACIONAL_BENFORD
52,001,04,03,000011,93,9,RELLENO_NACIONAL_BENFORD
52,001,04,03,000013,98,9,RELLENO_NACIONAL_BENFORD
52,001,05,02,000032,81,8,RELLENO_NACIONAL_BENFORD
52,001,09,01,000014,98,9,RELLENO_NACIONAL_BENFORD
52,001,09,02,000008,90,9,RELLENO_NACIONAL_BENFORD
52,001,14,02,000013,94,9,RELLENO_NACIONAL_BENFORD
52,001,18,01,000013,86,8,RELLENO_NACIONAL_BENFORD
03,052,07,02,000029,92,9,RELLENO_NACIONAL_BENFORD
03,052,07,03,000002,96,9,RELLENO_NACIONAL_BENFORD
03,052,07,04,000016,83,8,RELLENO_NACIONAL_BENFORD
03,052,09,02,000016,94,9,RELLENO_NACIONAL_BENFORD
03,052,09,02,000018,80,8,RELLENO_NACIONAL_BENFORD
03,052,09,04,000001,83,8,RELLENO_NACIONAL_BENFORD
03,052,09,04,000004,96,9,RELLENO_NACIONAL_BENFORD
03,052,09,04,000015,82,8,RELLENO_NACIONAL_BENFORD
03,052,13,01,000003,96,9,RELLENO_NACIONAL_BENFORD
03,058,00,00,000002,92,9,RELLENO_NACIONAL_BENFORD
05,001,02,01,000002,82,8,RELLENO_NACIONAL_BENFORD
05,001,02,02,000027,9,9,RELLENO_NACIONAL_BENFORD
05,001,03,02,000001,87,8,RELLENO_NACIONAL_BENFORD
16,001,01,01,000012,92,9,RELLENO_NACIONAL_BENFORD
16,001,01,06,000028,80,8,RELLENO_NACIONAL_BENFORD
16,001,01,12,000064,96,9,RELLENO_NACIONAL_BENFORD
16,001,01,21,000005,92,9,RELLENO_NACIONAL_BENFORD
16,001,01,21,000011,98,9,RELLENO_NACIONAL_BENFORD
16,001,01,25,000010,87,8,RELLENO_NACIONAL_BENFORD
16,001,01,26,000008,90,9,RELLENO_NACIONAL_BENFORD
16,001,01,30,000005,96,9,RELLENO_NACIONAL_BENFORD
16,001,01,33,000015,88,8,RELLENO_NACIONAL_BENFORD
16,001,01,33,000017,98,9,RELLENO_NACIONAL_BENFORD
25,001,07,06,000016,9,9,RELLENO_NACIONAL_BENFORD
25,001,90,01,000011,81,8,RELLENO_NACIONAL_BENFORD
52,005,02,03,000011,93,9,RELLENO_NACIONAL_BENFORD
52,020,00,01,000039,95,9,RELLENO_NACIONAL_BENFORD
52,035,01,03,000011,98,9,RELLENO_NACIONAL_BENFORD
52,035,01,04,000010,86,8,RELLENO_NACIONAL_BENFORD
52,035,01,04,000018,95,9,RELLENO_NACIONAL_BENFORD
52,041,99,62,000001,9,9,RELLENO_NACIONAL_BENFORD
52,042,00,00,000004,99,9,RELLENO_NACIONAL_BENFORD
52,042,00,00,000019,99,9,RELLENO_NACIONAL_BENFORD
52,043,01,01,000020,85,8,RELLENO_NACIONAL_BENFORD
52,043,02,01,000013,85,8,RELLENO_NACIONAL_BENFORD
52,043,02,01,000016,84,8,RELLENO_NACIONAL_BENFORD
52,043,02,02,000024,99,9,RELLENO_NACIONAL_BENFORD
52,045,00,00,000032,91,9,RELLENO_NACIONAL_BENFORD
01,154,00,00,000001,83,8,RELLENO_NACIONAL_BENFORD
01,154,99,09,000001,8,8,RELLENO_NACIONAL_BENFORD
01,157,00,00,000024,94,9,RELLENO_NACIONAL_BENFORD
31,001,24,02,000011,83,8,RELLENO_NACIONAL_BENFORD
31,001,24,02,000019,84,8,RELLENO_NACIONAL_BENFORD
31,001,24,03,000015,90,9,RELLENO_NACIONAL_BENFORD
31,001,25,01,000036,9,9,RELLENO_NACIONAL_BENFORD
31,001,25,04,000063,98,9,RELLENO_NACIONAL_BENFORD
31,001,26,04,000027,8,8,RELLENO_NACIONAL_BENFORD
31,001,27,04,000009,88,8,RELLENO_NACIONAL_BENFORD
31,001,27,05,000018,86,8,RELLENO_NACIONAL_BENFORD
31,001,29,04,000009,95,9,RELLENO_NACIONAL_BENFORD
12,001,99,15,000006,81,8,RELLENO_NACIONAL_BENFORD
12,001,99,65,000004,91,9,RELLENO_NACIONAL_BENFORD
12,001,99,95,000005,84,8,RELLENO_NACIONAL_BENFORD
12,075,01,04,000014,84,8,RELLENO_NACIONAL_BENFORD
12,075,01,04,000016,97,9,RELLENO_NACIONAL_BENFORD
12,150,02,01,000015,96,9,RELLENO_NACIONAL_BENFORD
12,150,02,01,000033,86,8,RELLENO_NACIONAL_BENFORD
12,150,02,02,000026,91,9,RELLENO_NACIONAL_BENFORD
12,150,02,02,000028,82,8,RELLENO_NACIONAL_BENFORD
12,150,90,01,000006,95,9,RELLENO_NACIONAL_BENFORD
12,170,00,00,000017,87,8,RELLENO_NACIONAL_BENFORD
12,180,00,00,000014,88,8,RELLENO_NACIONAL_BENFORD
12,180,00,00,000015,89,8,RELLENO_NACIONAL_BENFORD
03,001,37,01,000016,98,9,RELLENO_NACIONAL_BENFORD
03,004,02,01,000003,90,9,RELLENO_NACIONAL_BENFORD
03,004,99,05,000002,88,8,RELLENO_NACIONAL_BENFORD
03,013,02,01,000007,82,8,RELLENO_NACIONAL_BENFORD
15,178,99,01,000003,86,8,RELLENO_NACIONAL_BENFORD
24,001,99,91,000003,93,9,RELLENO_NACIONAL_BENFORD
24,008,00,02,000014,91,9,RELLENO_NACIONAL_BENFORD
24,021,00,01,000034,96,9,RELLENO_NACIONAL_BENFORD
24,025,02,03,000006,84,8,RELLENO_NACIONAL_BENFORD
24,025,10,01,000018,88,8,RELLENO_NACIONAL_BENFORD
48,006,00,00,000017,89,8,RELLENO_NACIONAL_BENFORD
48,007,99,05,000002,89,8,RELLENO_NACIONAL_BENFORD
48,010,01,03,000024,90,9,RELLENO_NACIONAL_BENFORD
48,010,02,01,000005,92,9,RELLENO_NACIONAL_BENFORD
48,010,03,02,000002,96,9,RELLENO_NACIONAL_BENFORD
48,010,03,02,000012,99,9,RELLENO_NACIONAL_BENFORD
48,010,90,01,000002,82,8,RELLENO_NACIONAL_BENFORD
03,028,01,02,000009,97,9,RELLENO_NACIONAL_BENFORD
03,034,00,01,000012,89,8,RELLENO_NACIONAL_BENFORD
03,034,99,01,000002,80,8,RELLENO_NACIONAL_BENFORD
03,035,00,00,000017,90,9,RELLENO_NACIONAL_BENFORD
03,035,99,35,000004,87,8,RELLENO_NACIONAL_BENFORD
03,035,99,35,000005,89,8,RELLENO_NACIONAL_BENFORD
03,040,99,17,000002,98,9,RELLENO_NACIONAL_BENFORD
03,040,99,17,000005,81,8,RELLENO_NACIONAL_BENFORD
03,043,01,02,000004,90,9,RELLENO_NACIONAL_BENFORD
03,043,02,02,000003,88,8,RELLENO_NACIONAL_BENFORD
15,247,02,01,000014,99,9,RELLENO_NACIONAL_BENFORD
15,247,03,07,000018,88,8,RELLENO_NACIONAL_BENFORD
15,247,03,10,000034,97,9,RELLENO_NACIONAL_BENFORD
15,247,04,04,000007,98,9,RELLENO_NACIONAL_BENFORD
15,256,00,01,000024,93,9,RELLENO_NACIONAL_BENFORD
24,054,00,00,000032,81,8,RELLENO_NACIONAL_BENFORD
24,078,00,02,000007,80,8,RELLENO_NACIONAL_BENFORD
24,086,01,02,000007,90,9,RELLENO_NACIONAL_BENFORD
25,001,01,03,000047,82,8,RELLENO_NACIONAL_BENFORD
25,001,03,02,000042,92,9,RELLENO_NACIONAL_BENFORD
48,020,02,01,000008,83,8,RELLENO_NACIONAL_BENFORD
50,070,00,00,000005,8,8,RELLENO_NACIONAL_BENFORD
52,001,02,02,000024,86,8,RELLENO_NACIONAL_BENFORD
52,001,03,02,000011,93,9,RELLENO_NACIONAL_BENFORD
03,046,02,01,000003,91,9,RELLENO_NACIONAL_BENFORD
03,046,02,01,000004,81,8,RELLENO_NACIONAL_BENFORD
03,046,02,01,000005,93,9,RELLENO_NACIONAL_BENFORD
03,046,02,02,000004,96,9,RELLENO_NACIONAL_BENFORD
03,046,02,02,000015,86,8,RELLENO_NACIONAL_BENFORD
03,046,99,01,000003,82,8,RELLENO_NACIONAL_BENFORD
03,047,00,00,000027,95,9,RELLENO_NACIONAL_BENFORD
03,047,00,00,000028,96,9,RELLENO_NACIONAL_BENFORD
03,049,01,01,000009,93,9,RELLENO_NACIONAL_BENFORD
03,049,01,02,000009,85,8,RELLENO_NACIONAL_BENFORD
03,052,01,04,000008,96,9,RELLENO_NACIONAL_BENFORD
03,052,03,01,000013,90,9,RELLENO_NACIONAL_BENFORD
03,052,05,01,000023,86,8,RELLENO_NACIONAL_BENFORD
03,052,05,02,000018,84,8,RELLENO_NACIONAL_BENFORD
03,052,06,02,000004,87,8,RELLENO_NACIONAL_BENFORD
03,052,06,03,000010,92,9,RELLENO_NACIONAL_BENFORD
03,052,07,01,000006,90,9,RELLENO_NACIONAL_BENFORD
15,271,00,03,000012,80,8,RELLENO_NACIONAL_BENFORD
15,340,01,04,000019,82,8,RELLENO_NACIONAL_BENFORD
15,340,01,06,000006,80,8,RELLENO_NACIONAL_BENFORD
15,340,02,02,000023,86,8,RELLENO_NACIONAL_BENFORD
15,340,02,02,000033,83,8,RELLENO_NACIONAL_BENFORD
25,001,05,04,000028,95,9,RELLENO_NACIONAL_BENFORD
25,001,07,03,000029,93,9,RELLENO_NACIONAL_BENFORD
52,001,14,04,000004,94,9,RELLENO_NACIONAL_BENFORD
52,001,16,04,000013,82,8,RELLENO_NACIONAL_BENFORD
52,001,17,03,000009,84,8,RELLENO_NACIONAL_BENFORD
52,001,17,03,000011,90,9,RELLENO_NACIONAL_BENFORD
52,001,18,03,000014,83,8,RELLENO_NACIONAL_BENFORD
03,052,07,04,000018,84,8,RELLENO_NACIONAL_BENFORD
03,052,09,01,000001,82,8,RELLENO_NACIONAL_BENFORD
03,052,09,05,000001,96,9,RELLENO_NACIONAL_BENFORD
03,052,10,03,000010,9,9,RELLENO_NACIONAL_BENFORD
03,052,10,04,000014,94,9,RELLENO_NACIONAL_BENFORD
03,052,11,02,000001,88,8,RELLENO_NACIONAL_BENFORD
03,061,00,00,000007,88,8,RELLENO_NACIONAL_BENFORD
03,061,00,00,000009,88,8,RELLENO_NACIONAL_BENFORD
03,061,00,00,000011,86,8,RELLENO_NACIONAL_BENFORD
05,001,02,02,000005,99,9,RELLENO_NACIONAL_BENFORD
15,340,02,05,000004,90,9,RELLENO_NACIONAL_BENFORD
15,340,02,05,000005,90,9,RELLENO_NACIONAL_BENFORD
16,001,01,01,000035,93,9,RELLENO_NACIONAL_BENFORD
16,001,01,02,000040,99,9,RELLENO_NACIONAL_BENFORD
16,001,01,07,000019,97,9,RELLENO_NACIONAL_BENFORD
25,001,09,02,000029,98,9,RELLENO_NACIONAL_BENFORD
52,010,99,05,000002,91,9,RELLENO_NACIONAL_BENFORD
52,043,02,02,000008,87,8,RELLENO_NACIONAL_BENFORD
52,043,02,02,000009,98,9,RELLENO_NACIONAL_BENFORD
52,044,99,12,000002,80,8,RELLENO_NACIONAL_BENFORD
01,151,99,A1,000020,98,9,RELLENO_NACIONAL_BENFORD
31,001,23,03,000006,88,8,RELLENO_NACIONAL_BENFORD
31,001,23,08,000002,84,8,RELLENO_NACIONAL_BENFORD
31,001,23,08,000007,93,9,RELLENO_NACIONAL_BENFORD
31,001,24,03,000011,81,8,RELLENO_NACIONAL_BENFORD
31,001,25,04,000072,95,9,RELLENO_NACIONAL_BENFORD
31,001,25,04,000076,91,9,RELLENO_NACIONAL_BENFORD
31,001,28,01,000001,95,9,RELLENO_NACIONAL_BENFORD
31,001,28,05,000015,81,8,RELLENO_NACIONAL_BENFORD
31,001,29,01,000046,86,8,RELLENO_NACIONAL_BENFORD
15,202,00,02,000004,99,9,RELLENO_NACIONAL_BENFORD
15,218,00,02,000017,8,8,RELLENO_NACIONAL_BENFORD
15,241,00,02,000019,96,9,RELLENO_NACIONAL_BENFORD
15,247,01,06,000005,99,9,RELLENO_NACIONAL_BENFORD
24,001,99,96,000004,85,8,RELLENO_NACIONAL_BENFORD
24,008,00,02,000009,93,9,RELLENO_NACIONAL_BENFORD
24,008,99,80,000001,80,8,RELLENO_NACIONAL_BENFORD
24,013,99,15,000001,84,8,RELLENO_NACIONAL_BENFORD
24,021,00,02,000008,97,9,RELLENO_NACIONAL_BENFORD
24,021,00,02,000016,81,8,RELLENO_NACIONAL_BENFORD
24,025,01,01,000004,87,8,RELLENO_NACIONAL_BENFORD
24,025,02,02,000004,99,9,RELLENO_NACIONAL_BENFORD
24,025,02,02,000007,87,8,RELLENO_NACIONAL_BENFORD
24,025,05,01,000012,84,8,RELLENO_NACIONAL_BENFORD
24,025,07,01,000021,84,8,RELLENO_NACIONAL_BENFORD
24,025,09,01,000020,81,8,RELLENO_NACIONAL_BENFORD
48,006,00,00,000004,96,9,RELLENO_NACIONAL_BENFORD
48,008,99,10,000002,88,8,RELLENO_NACIONAL_BENFORD
48,010,01,02,000014,85,8,RELLENO_NACIONAL_BENFORD
48,010,01,03,000010,85,8,RELLENO_NACIONAL_BENFORD
48,010,03,03,000011,85,8,RELLENO_NACIONAL_BENFORD
03,022,01,01,000001,91,9,RELLENO_NACIONAL_BENFORD
03,022,01,01,000008,87,8,RELLENO_NACIONAL_BENFORD
03,022,02,03,000001,81,8,RELLENO_NACIONAL_BENFORD
03,022,04,01,000007,85,8,RELLENO_NACIONAL_BENFORD
03,025,00,00,000030,95,9,RELLENO_NACIONAL_BENFORD
03,028,01,01,000008,83,8,RELLENO_NACIONAL_BENFORD
03,028,01,02,000005,88,8,RELLENO_NACIONAL_BENFORD
03,031,00,00,000001,98,9,RELLENO_NACIONAL_BENFORD
03,031,00,00,000004,99,9,RELLENO_NACIONAL_BENFORD
03,031,99,09,000005,89,8,RELLENO_NACIONAL_BENFORD
03,035,00,00,000023,81,8,RELLENO_NACIONAL_BENFORD
03,035,99,28,000001,84,8,RELLENO_NACIONAL_BENFORD
03,035,99,35,000003,99,9,RELLENO_NACIONAL_BENFORD
03,037,01,03,000008,85,8,RELLENO_NACIONAL_BENFORD
03,037,02,01,000004,87,8,RELLENO_NACIONAL_BENFORD
03,037,99,05,000001,94,9,RELLENO_NACIONAL_BENFORD
03,040,00,00,000022,98,9,RELLENO_NACIONAL_BENFORD
03,043,02,01,000001,99,9,RELLENO_NACIONAL_BENFORD
03,043,02,01,000006,83,8,RELLENO_NACIONAL_BENFORD
15,247,02,01,000015,92,9,RELLENO_NACIONAL_BENFORD
15,247,02,01,000016,97,9,RELLENO_NACIONAL_BENFORD
15,247,02,05,000005,97,9,RELLENO_NACIONAL_BENFORD
15,247,06,01,000007,91,9,RELLENO_NACIONAL_BENFORD
15,247,06,01,000008,97,9,RELLENO_NACIONAL_BENFORD
15,247,06,01,000015,87,8,RELLENO_NACIONAL_BENFORD
15,247,06,04,000003,95,9,RELLENO_NACIONAL_BENFORD
15,247,06,04,000006,99,9,RELLENO_NACIONAL_BENFORD
15,250,00,02,000015,99,9,RELLENO_NACIONAL_BENFORD
15,250,00,02,000019,84,8,RELLENO_NACIONAL_BENFORD
15,250,00,03,000001,91,9,RELLENO_NACIONAL_BENFORD
15,256,00,01,000020,95,9,RELLENO_NACIONAL_BENFORD
24,046,02,01,000008,96,9,RELLENO_NACIONAL_BENFORD
24,046,02,01,000017,8,8,RELLENO_NACIONAL_BENFORD
24,062,00,02,000012,80,8,RELLENO_NACIONAL_BENFORD
24,070,00,00,000012,80,8,RELLENO_NACIONAL_BENFORD
24,078,00,02,000003,82,8,RELLENO_NACIONAL_BENFORD
24,078,00,02,000014,82,8,RELLENO_NACIONAL_BENFORD
24,086,01,02,000006,81,8,RELLENO_NACIONAL_BENFORD
24,086,01,04,000004,90,9,RELLENO_NACIONAL_BENFORD
25,001,01,02,000030,9,9,RELLENO_NACIONAL_BENFORD
25,001,02,04,000043,94,9,RELLENO_NACIONAL_BENFORD
48,013,01,02,000013,82,8,RELLENO_NACIONAL_BENFORD
48,013,02,01,000014,91,9,RELLENO_NACIONAL_BENFORD
48,016,02,02,000023,84,8,RELLENO_NACIONAL_BENFORD
48,018,00,01,000017,82,8,RELLENO_NACIONAL_BENFORD
48,018,00,01,000023,91,9,RELLENO_NACIONAL_BENFORD
48,020,01,01,000005,87,8,RELLENO_NACIONAL_BENFORD
50,001,02,02,000022,8,8,RELLENO_NACIONAL_BENFORD
52,001,02,02,000017,93,9,RELLENO_NACIONAL_BENFORD
52,001,02,03,000002,81,8,RELLENO_NACIONAL_BENFORD
03,046,01,02,000014,83,8,RELLENO_NACIONAL_BENFORD
03,046,01,02,000015,81,8,RELLENO_NACIONAL_BENFORD
03,046,02,01,000008,91,9,RELLENO_NACIONAL_BENFORD
03,046,02,03,000012,94,9,RELLENO_NACIONAL_BENFORD
03,046,02,03,000013,94,9,RELLENO_NACIONAL_BENFORD
03,046,99,09,000004,84,8,RELLENO_NACIONAL_BENFORD
03,049,02,01,000002,92,9,RELLENO_NACIONAL_BENFORD
03,049,02,01,000004,98,9,RELLENO_NACIONAL_BENFORD
03,049,02,01,000007,89,8,RELLENO_NACIONAL_BENFORD
03,052,05,01,000021,86,8,RELLENO_NACIONAL_BENFORD
03,052,05,03,000007,86,8,RELLENO_NACIONAL_BENFORD
03,052,05,03,000012,85,8,RELLENO_NACIONAL_BENFORD
03,052,06,02,000001,89,8,RELLENO_NACIONAL_BENFORD
03,052,06,02,000005,85,8,RELLENO_NACIONAL_BENFORD
03,052,06,03,000005,85,8,RELLENO_NACIONAL_BENFORD
15,280,00,03,000005,97,9,RELLENO_NACIONAL_BENFORD
15,280,00,03,000007,80,8,RELLENO_NACIONAL_BENFORD
15,289,00,02,000016,80,8,RELLENO_NACIONAL_BENFORD
15,340,01,09,000003,99,9,RELLENO_NACIONAL_BENFORD
15,340,01,10,000003,92,9,RELLENO_NACIONAL_BENFORD
15,340,02,02,000018,89,8,RELLENO_NACIONAL_BENFORD
15,340,02,02,000019,82,8,RELLENO_NACIONAL_BENFORD
15,340,02,02,000020,96,9,RELLENO_NACIONAL_BENFORD
15,340,02,02,000027,87,8,RELLENO_NACIONAL_BENFORD
25,001,03,04,000019,82,8,RELLENO_NACIONAL_BENFORD
52,001,04,04,000011,82,8,RELLENO_NACIONAL_BENFORD
52,001,04,04,000019,86,8,RELLENO_NACIONAL_BENFORD
52,001,05,02,000029,97,9,RELLENO_NACIONAL_BENFORD
52,001,05,02,000031,93,9,RELLENO_NACIONAL_BENFORD
52,001,06,03,000019,92,9,RELLENO_NACIONAL_BENFORD
52,001,07,04,000029,91,9,RELLENO_NACIONAL_BENFORD
52,001,15,03,000009,83,8,RELLENO_NACIONAL_BENFORD
52,001,16,04,000016,96,9,RELLENO_NACIONAL_BENFORD
52,001,17,01,000012,80,8,RELLENO_NACIONAL_BENFORD
52,001,18,01,000020,85,8,RELLENO_NACIONAL_BENFORD
52,001,18,03,000013,85,8,RELLENO_NACIONAL_BENFORD
03,052,07,03,000020,81,8,RELLENO_NACIONAL_BENFORD
03,052,07,04,000001,80,8,RELLENO_NACIONAL_BENFORD
03,052,08,02,000017,94,9,RELLENO_NACIONAL_BENFORD
03,052,09,04,000005,93,9,RELLENO_NACIONAL_BENFORD
03,052,10,03,000002,81,8,RELLENO_NACIONAL_BENFORD
03,052,12,01,000014,80,8,RELLENO_NACIONAL_BENFORD
03,052,13,01,000001,98,9,RELLENO_NACIONAL_BENFORD
03,055,00,00,000021,96,9,RELLENO_NACIONAL_BENFORD
03,055,00,00,000028,85,8,RELLENO_NACIONAL_BENFORD
05,001,02,01,000015,94,9,RELLENO_NACIONAL_BENFORD
15,340,99,02,000010,89,8,RELLENO_NACIONAL_BENFORD
16,001,01,01,000028,96,9,RELLENO_NACIONAL_BENFORD
16,001,01,01,000047,94,9,RELLENO_NACIONAL_BENFORD
16,001,01,16,000004,92,9,RELLENO_NACIONAL_BENFORD
16,001,01,26,000007,89,8,RELLENO_NACIONAL_BENFORD
16,001,01,36,000008,89,8,RELLENO_NACIONAL_BENFORD
25,001,08,04,000035,97,9,RELLENO_NACIONAL_BENFORD
25,001,08,06,000023,98,9,RELLENO_NACIONAL_BENFORD
25,001,08,08,000004,96,9,RELLENO_NACIONAL_BENFORD
25,001,09,05,000021,90,9,RELLENO_NACIONAL_BENFORD
25,001,10,02,000027,88,8,RELLENO_NACIONAL_BENFORD
25,004,02,01,000013,88,8,RELLENO_NACIONAL_BENFORD
52,005,02,01,000019,99,9,RELLENO_NACIONAL_BENFORD
52,006,99,10,000001,96,9,RELLENO_NACIONAL_BENFORD
52,042,99,09,000006,9,9,RELLENO_NACIONAL_BENFORD
52,043,02,01,000026,87,8,RELLENO_NACIONAL_BENFORD
52,044,00,00,000012,80,8,RELLENO_NACIONAL_BENFORD
01,151,99,A1,000010,94,9,RELLENO_NACIONAL_BENFORD
31,001,24,02,000006,97,9,RELLENO_NACIONAL_BENFORD
31,001,24,02,000013,92,9,RELLENO_NACIONAL_BENFORD
31,001,24,03,000002,88,8,RELLENO_NACIONAL_BENFORD
31,001,24,04,000005,81,8,RELLENO_NACIONAL_BENFORD
31,001,24,05,000001,85,8,RELLENO_NACIONAL_BENFORD
31,001,24,05,000009,84,8,RELLENO_NACIONAL_BENFORD
31,001,24,06,000023,92,9,RELLENO_NACIONAL_BENFORD
31,001,24,06,000032,94,9,RELLENO_NACIONAL_BENFORD
31,001,24,07,000006,93,9,RELLENO_NACIONAL_BENFORD
31,001,25,02,000028,98,9,RELLENO_NACIONAL_BENFORD
31,001,25,02,000029,98,9,RELLENO_NACIONAL_BENFORD
31,001,25,02,000034,94,9,RELLENO_NACIONAL_BENFORD
31,001,25,04,000032,86,8,RELLENO_NACIONAL_BENFORD
31,001,26,03,000026,82,8,RELLENO_NACIONAL_BENFORD
31,001,26,03,000029,91,9,RELLENO_NACIONAL_BENFORD
31,001,26,04,000025,95,9,RELLENO_NACIONAL_BENFORD
31,001,27,01,000004,91,9,RELLENO_NACIONAL_BENFORD
31,001,27,01,000015,91,9,RELLENO_NACIONAL_BENFORD
31,001,28,01,000009,93,9,RELLENO_NACIONAL_BENFORD
31,001,28,01,000010,95,9,RELLENO_NACIONAL_BENFORD
31,001,29,01,000042,85,8,RELLENO_NACIONAL_BENFORD
12,001,99,05,000001,93,9,RELLENO_NACIONAL_BENFORD
12,001,99,68,000001,82,8,RELLENO_NACIONAL_BENFORD
12,001,99,69,000003,81,8,RELLENO_NACIONAL_BENFORD
12,001,99,70,000003,86,8,RELLENO_NACIONAL_BENFORD
12,001,99,70,000008,80,8,RELLENO_NACIONAL_BENFORD
12,075,99,43,000001,93,9,RELLENO_NACIONAL_BENFORD
12,150,01,01,000028,81,8,RELLENO_NACIONAL_BENFORD
12,150,01,02,000012,82,8,RELLENO_NACIONAL_BENFORD
12,150,02,01,000001,94,9,RELLENO_NACIONAL_BENFORD
12,150,02,01,000035,86,8,RELLENO_NACIONAL_BENFORD
12,150,02,02,000017,80,8,RELLENO_NACIONAL_BENFORD
12,170,00,00,000018,99,9,RELLENO_NACIONAL_BENFORD
12,180,00,00,000022,82,8,RELLENO_NACIONAL_BENFORD
12,180,00,00,000046,83,8,RELLENO_NACIONAL_BENFORD
12,200,01,02,000007,91,9,RELLENO_NACIONAL_BENFORD
12,200,01,02,000014,85,8,RELLENO_NACIONAL_BENFORD
12,225,01,01,000002,96,9,RELLENO_NACIONAL_BENFORD
19,076,99,60,000005,82,8,RELLENO_NACIONAL_BENFORD
21,001,01,03,000012,83,8,RELLENO_NACIONAL_BENFORD
21,001,01,07,000001,84,8,RELLENO_NACIONAL_BENFORD
21,001,02,01,000017,86,8,RELLENO_NACIONAL_BENFORD
21,001,03,01,000001,87,8,RELLENO_NACIONAL_BENFORD
21,001,03,01,000021,99,9,RELLENO_NACIONAL_BENFORD
31,001,17,01,000001,93,9,RELLENO_NACIONAL_BENFORD
31,001,17,03,000007,90,9,RELLENO_NACIONAL_BENFORD
31,001,18,03,000021,87,8,RELLENO_NACIONAL_BENFORD
31,001,18,05,000005,95,9,RELLENO_NACIONAL_BENFORD
31,001,18,05,000007,90,9,RELLENO_NACIONAL_BENFORD
31,001,19,03,000005,90,9,RELLENO_NACIONAL_BENFORD
31,001,20,01,000003,83,8,RELLENO_NACIONAL_BENFORD
31,001,21,01,000020,83,8,RELLENO_NACIONAL_BENFORD
31,001,23,01,000006,98,9,RELLENO_NACIONAL_BENFORD
12,001,01,05,000011,89,8,RELLENO_NACIONAL_BENFORD
12,001,02,06,000004,81,8,RELLENO_NACIONAL_BENFORD
12,001,02,08,000012,97,9,RELLENO_NACIONAL_BENFORD
12,001,03,01,000026,92,9,RELLENO_NACIONAL_BENFORD
12,001,03,02,000017,99,9,RELLENO_NACIONAL_BENFORD
12,001,03,05,000007,93,9,RELLENO_NACIONAL_BENFORD
12,001,04,01,000020,98,9,RELLENO_NACIONAL_BENFORD
12,001,04,02,000001,87,8,RELLENO_NACIONAL_BENFORD
12,001,04,04,000014,97,9,RELLENO_NACIONAL_BENFORD
12,001,04,05,000015,95,9,RELLENO_NACIONAL_BENFORD
12,001,04,06,000019,92,9,RELLENO_NACIONAL_BENFORD
12,001,05,02,000002,89,8,RELLENO_NACIONAL_BENFORD
19,061,02,08,000005,99,9,RELLENO_NACIONAL_BENFORD
19,061,99,01,000036,94,9,RELLENO_NACIONAL_BENFORD
19,064,00,00,000044,95,9,RELLENO_NACIONAL_BENFORD
19,070,00,00,000047,87,8,RELLENO_NACIONAL_BENFORD
01,151,05,03,000026,98,9,RELLENO_NACIONAL_BENFORD
01,001,99,B1,000031,85,8,RELLENO_NACIONAL_BENFORD
01,001,99,B2,000014,92,9,RELLENO_NACIONAL_BENFORD
01,001,99,B2,000032,90,9,RELLENO_NACIONAL_BENFORD
01,001,99,B5,000008,98,9,RELLENO_NACIONAL_BENFORD
01,001,99,B6,000004,88,8,RELLENO_NACIONAL_BENFORD
01,013,01,01,000012,92,9,RELLENO_NACIONAL_BENFORD
01,013,99,04,000002,88,8,RELLENO_NACIONAL_BENFORD
01,016,00,02,000020,83,8,RELLENO_NACIONAL_BENFORD
01,019,99,09,000004,93,9,RELLENO_NACIONAL_BENFORD
01,019,99,13,000007,85,8,RELLENO_NACIONAL_BENFORD
28,200,99,92,000002,80,8,RELLENO_NACIONAL_BENFORD
28,260,01,01,000009,91,9,RELLENO_NACIONAL_BENFORD
28,260,02,02,000007,98,9,RELLENO_NACIONAL_BENFORD
28,280,00,00,000003,94,9,RELLENO_NACIONAL_BENFORD
28,280,00,00,000006,86,8,RELLENO_NACIONAL_BENFORD
29,001,02,01,000023,85,8,RELLENO_NACIONAL_BENFORD
29,001,02,02,000009,93,9,RELLENO_NACIONAL_BENFORD
29,001,03,01,000011,90,9,RELLENO_NACIONAL_BENFORD
09,001,01,02,000020,98,9,RELLENO_NACIONAL_BENFORD
09,001,03,05,000013,83,8,RELLENO_NACIONAL_BENFORD
09,001,05,03,000017,85,8,RELLENO_NACIONAL_BENFORD
09,001,08,05,000005,83,8,RELLENO_NACIONAL_BENFORD
09,001,11,03,000011,84,8,RELLENO_NACIONAL_BENFORD
16,001,16,03,000014,91,9,RELLENO_NACIONAL_BENFORD
16,001,16,11,000009,94,9,RELLENO_NACIONAL_BENFORD
16,001,16,21,000027,97,9,RELLENO_NACIONAL_BENFORD
16,001,16,36,000007,89,8,RELLENO_NACIONAL_BENFORD
16,001,16,37,000003,93,9,RELLENO_NACIONAL_BENFORD
16,001,17,06,000005,97,9,RELLENO_NACIONAL_BENFORD
16,001,18,08,000011,94,9,RELLENO_NACIONAL_BENFORD
01,035,04,01,000001,96,9,RELLENO_NACIONAL_BENFORD
01,035,04,02,000005,85,8,RELLENO_NACIONAL_BENFORD
01,035,04,02,000008,99,9,RELLENO_NACIONAL_BENFORD
01,043,01,02,000012,96,9,RELLENO_NACIONAL_BENFORD
01,043,01,03,000021,82,8,RELLENO_NACIONAL_BENFORD
01,043,99,01,000014,86,8,RELLENO_NACIONAL_BENFORD
01,049,01,04,000006,81,8,RELLENO_NACIONAL_BENFORD
01,049,01,06,000023,85,8,RELLENO_NACIONAL_BENFORD
29,001,04,01,000015,90,9,RELLENO_NACIONAL_BENFORD
29,001,07,05,000014,93,9,RELLENO_NACIONAL_BENFORD
29,001,08,05,000016,95,9,RELLENO_NACIONAL_BENFORD
29,001,08,06,000011,88,8,RELLENO_NACIONAL_BENFORD
29,001,11,01,000012,83,8,RELLENO_NACIONAL_BENFORD
29,001,99,13,000004,97,9,RELLENO_NACIONAL_BENFORD
09,001,12,02,000023,94,9,RELLENO_NACIONAL_BENFORD
09,001,13,04,000003,83,8,RELLENO_NACIONAL_BENFORD
09,001,99,08,000003,88,8,RELLENO_NACIONAL_BENFORD
09,061,00,00,000021,87,8,RELLENO_NACIONAL_BENFORD
16,001,18,22,000004,86,8,RELLENO_NACIONAL_BENFORD
16,001,18,24,000008,98,9,RELLENO_NACIONAL_BENFORD
16,001,18,25,000004,86,8,RELLENO_NACIONAL_BENFORD
16,001,18,32,000002,88,8,RELLENO_NACIONAL_BENFORD
16,001,18,42,000003,91,9,RELLENO_NACIONAL_BENFORD
16,001,19,01,000009,82,8,RELLENO_NACIONAL_BENFORD
16,001,19,01,000010,99,9,RELLENO_NACIONAL_BENFORD
16,001,19,01,000012,81,8,RELLENO_NACIONAL_BENFORD
16,001,19,03,000001,90,9,RELLENO_NACIONAL_BENFORD
16,001,19,07,000001,99,9,RELLENO_NACIONAL_BENFORD
16,001,19,08,000015,80,8,RELLENO_NACIONAL_BENFORD
16,001,19,09,000013,86,8,RELLENO_NACIONAL_BENFORD
16,001,19,14,000031,86,8,RELLENO_NACIONAL_BENFORD
16,001,19,18,000001,80,8,RELLENO_NACIONAL_BENFORD
01,049,02,03,000014,95,9,RELLENO_NACIONAL_BENFORD
01,049,04,05,000004,85,8,RELLENO_NACIONAL_BENFORD
01,049,06,03,000036,89,8,RELLENO_NACIONAL_BENFORD
01,049,08,01,000020,90,9,RELLENO_NACIONAL_BENFORD
01,049,08,03,000018,95,9,RELLENO_NACIONAL_BENFORD
01,049,11,02,000025,90,9,RELLENO_NACIONAL_BENFORD
01,049,11,03,000020,94,9,RELLENO_NACIONAL_BENFORD
29,007,00,00,000014,90,9,RELLENO_NACIONAL_BENFORD
29,016,00,00,000003,92,9,RELLENO_NACIONAL_BENFORD
29,022,99,03,000002,8,8,RELLENO_NACIONAL_BENFORD
29,031,00,00,000006,86,8,RELLENO_NACIONAL_BENFORD
29,034,00,00,000012,90,9,RELLENO_NACIONAL_BENFORD
29,052,00,02,000015,94,9,RELLENO_NACIONAL_BENFORD
15,118,00,00,000022,80,8,RELLENO_NACIONAL_BENFORD
15,139,02,02,000004,85,8,RELLENO_NACIONAL_BENFORD
15,160,01,05,000010,84,8,RELLENO_NACIONAL_BENFORD
15,160,02,01,000019,82,8,RELLENO_NACIONAL_BENFORD
15,160,02,03,000011,81,8,RELLENO_NACIONAL_BENFORD
24,001,02,01,000001,94,9,RELLENO_NACIONAL_BENFORD
24,001,02,02,000002,97,9,RELLENO_NACIONAL_BENFORD
24,001,10,01,000030,92,9,RELLENO_NACIONAL_BENFORD
24,001,10,03,000018,80,8,RELLENO_NACIONAL_BENFORD
24,001,10,03,000019,94,9,RELLENO_NACIONAL_BENFORD
24,001,10,06,000014,97,9,RELLENO_NACIONAL_BENFORD
24,001,11,03,000026,94,9,RELLENO_NACIONAL_BENFORD
48,001,01,01,000013,98,9,RELLENO_NACIONAL_BENFORD
48,001,01,05,000003,95,9,RELLENO_NACIONAL_BENFORD
48,001,02,01,000002,87,8,RELLENO_NACIONAL_BENFORD
48,001,03,01,000017,85,8,RELLENO_NACIONAL_BENFORD
48,001,03,06,000007,87,8,RELLENO_NACIONAL_BENFORD
48,001,03,06,000009,80,8,RELLENO_NACIONAL_BENFORD
48,001,99,12,000005,9,9,RELLENO_NACIONAL_BENFORD
48,001,99,50,000003,9,9,RELLENO_NACIONAL_BENFORD
48,004,00,01,000005,94,9,RELLENO_NACIONAL_BENFORD
48,004,00,02,000001,82,8,RELLENO_NACIONAL_BENFORD
03,004,01,01,000001,95,9,RELLENO_NACIONAL_BENFORD
03,004,01,02,000005,82,8,RELLENO_NACIONAL_BENFORD
03,004,02,01,000008,82,8,RELLENO_NACIONAL_BENFORD
03,013,03,02,000018,94,9,RELLENO_NACIONAL_BENFORD
01,133,02,02,000032,89,8,RELLENO_NACIONAL_BENFORD
01,133,99,80,000006,93,9,RELLENO_NACIONAL_BENFORD
01,142,02,01,000024,89,8,RELLENO_NACIONAL_BENFORD
31,001,16,04,000010,99,9,RELLENO_NACIONAL_BENFORD
31,001,17,01,000013,94,9,RELLENO_NACIONAL_BENFORD
31,001,17,03,000003,97,9,RELLENO_NACIONAL_BENFORD
31,001,18,03,000006,92,9,RELLENO_NACIONAL_BENFORD
31,001,18,03,000014,95,9,RELLENO_NACIONAL_BENFORD
31,001,18,03,000015,88,8,RELLENO_NACIONAL_BENFORD
31,001,18,03,000017,95,9,RELLENO_NACIONAL_BENFORD
31,001,18,05,000003,82,8,RELLENO_NACIONAL_BENFORD
31,001,18,05,000006,83,8,RELLENO_NACIONAL_BENFORD
31,001,18,05,000008,87,8,RELLENO_NACIONAL_BENFORD
31,001,19,02,000004,87,8,RELLENO_NACIONAL_BENFORD
31,001,19,02,000005,83,8,RELLENO_NACIONAL_BENFORD
31,001,19,03,000003,88,8,RELLENO_NACIONAL_BENFORD
31,001,20,06,000002,91,9,RELLENO_NACIONAL_BENFORD
31,001,21,01,000002,84,8,RELLENO_NACIONAL_BENFORD
31,001,21,01,000015,82,8,RELLENO_NACIONAL_BENFORD
31,001,22,02,000001,95,9,RELLENO_NACIONAL_BENFORD
31,001,22,03,000009,86,8,RELLENO_NACIONAL_BENFORD
31,001,22,04,000028,8,8,RELLENO_NACIONAL_BENFORD
12,001,01,01,000018,84,8,RELLENO_NACIONAL_BENFORD
12,001,02,02,000013,92,9,RELLENO_NACIONAL_BENFORD
12,001,02,02,000020,80,8,RELLENO_NACIONAL_BENFORD
12,001,02,04,000024,86,8,RELLENO_NACIONAL_BENFORD
12,001,02,04,000026,89,8,RELLENO_NACIONAL_BENFORD
12,001,02,05,000007,87,8,RELLENO_NACIONAL_BENFORD
12,001,02,05,000008,9,9,RELLENO_NACIONAL_BENFORD
12,001,03,01,000030,83,8,RELLENO_NACIONAL_BENFORD
12,001,03,03,000017,90,9,RELLENO_NACIONAL_BENFORD
12,001,04,01,000033,86,8,RELLENO_NACIONAL_BENFORD
12,001,04,02,000036,89,8,RELLENO_NACIONAL_BENFORD
12,001,04,04,000011,95,9,RELLENO_NACIONAL_BENFORD
12,001,04,06,000022,90,9,RELLENO_NACIONAL_BENFORD
12,001,05,02,000023,98,9,RELLENO_NACIONAL_BENFORD
12,001,05,04,000025,94,9,RELLENO_NACIONAL_BENFORD
12,001,05,04,000026,85,8,RELLENO_NACIONAL_BENFORD
19,061,01,02,000008,96,9,RELLENO_NACIONAL_BENFORD
19,061,01,07,000003,97,9,RELLENO_NACIONAL_BENFORD
19,061,01,07,000004,81,8,RELLENO_NACIONAL_BENFORD
19,061,02,02,000018,94,9,RELLENO_NACIONAL_BENFORD
19,061,02,04,000004,93,9,RELLENO_NACIONAL_BENFORD
19,061,99,01,000035,97,9,RELLENO_NACIONAL_BENFORD
19,061,99,20,000005,97,9,RELLENO_NACIONAL_BENFORD
19,064,00,00,000028,97,9,RELLENO_NACIONAL_BENFORD
19,064,00,00,000038,84,8,RELLENO_NACIONAL_BENFORD
19,064,00,00,000041,85,8,RELLENO_NACIONAL_BENFORD
19,067,99,05,000004,96,9,RELLENO_NACIONAL_BENFORD
19,070,00,00,000037,95,9,RELLENO_NACIONAL_BENFORD
01,151,01,04,000015,87,8,RELLENO_NACIONAL_BENFORD
01,151,02,02,000021,97,9,RELLENO_NACIONAL_BENFORD
01,151,04,02,000025,91,9,RELLENO_NACIONAL_BENFORD
01,151,07,05,000002,92,9,RELLENO_NACIONAL_BENFORD
01,001,99,A6,000006,84,8,RELLENO_NACIONAL_BENFORD
01,001,99,B1,000032,80,8,RELLENO_NACIONAL_BENFORD
01,001,99,B4,000009,85,8,RELLENO_NACIONAL_BENFORD
01,001,99,B6,000009,97,9,RELLENO_NACIONAL_BENFORD
01,004,99,40,000001,89,8,RELLENO_NACIONAL_BENFORD
01,019,01,02,000007,95,9,RELLENO_NACIONAL_BENFORD
01,019,03,01,000009,87,8,RELLENO_NACIONAL_BENFORD
01,025,99,12,000001,98,9,RELLENO_NACIONAL_BENFORD
01,028,00,00,000002,98,9,RELLENO_NACIONAL_BENFORD
01,028,99,13,000002,8,8,RELLENO_NACIONAL_BENFORD
28,200,99,88,000002,83,8,RELLENO_NACIONAL_BENFORD
28,200,99,88,000004,81,8,RELLENO_NACIONAL_BENFORD
28,220,99,27,000001,81,8,RELLENO_NACIONAL_BENFORD
28,260,99,36,000008,8,8,RELLENO_NACIONAL_BENFORD
28,280,99,98,000002,8,8,RELLENO_NACIONAL_BENFORD
28,300,01,02,000001,83,8,RELLENO_NACIONAL_BENFORD
28,300,01,02,000005,85,8,RELLENO_NACIONAL_BENFORD
28,320,99,21,000001,89,8,RELLENO_NACIONAL_BENFORD
28,320,99,35,000001,99,9,RELLENO_NACIONAL_BENFORD
28,320,99,50,000002,84,8,RELLENO_NACIONAL_BENFORD
28,320,99,50,000004,81,8,RELLENO_NACIONAL_BENFORD
28,320,99,65,000003,94,9,RELLENO_NACIONAL_BENFORD
29,001,01,02,000011,97,9,RELLENO_NACIONAL_BENFORD
29,001,02,02,000016,81,8,RELLENO_NACIONAL_BENFORD
29,001,03,05,000014,85,8,RELLENO_NACIONAL_BENFORD
09,001,01,02,000012,86,8,RELLENO_NACIONAL_BENFORD
09,001,04,03,000011,88,8,RELLENO_NACIONAL_BENFORD
09,001,05,01,000010,97,9,RELLENO_NACIONAL_BENFORD
09,001,07,02,000014,93,9,RELLENO_NACIONAL_BENFORD
09,001,08,05,000010,86,8,RELLENO_NACIONAL_BENFORD
09,001,11,02,000007,93,9,RELLENO_NACIONAL_BENFORD
09,001,11,04,000018,96,9,RELLENO_NACIONAL_BENFORD
09,001,12,01,000019,91,9,RELLENO_NACIONAL_BENFORD
16,001,16,05,000020,80,8,RELLENO_NACIONAL_BENFORD
16,001,16,06,000022,93,9,RELLENO_NACIONAL_BENFORD
16,001,16,19,000013,95,9,RELLENO_NACIONAL_BENFORD
16,001,16,20,000016,83,8,RELLENO_NACIONAL_BENFORD
16,001,16,21,000026,91,9,RELLENO_NACIONAL_BENFORD
16,001,16,25,000006,90,9,RELLENO_NACIONAL_BENFORD
16,001,16,25,000007,86,8,RELLENO_NACIONAL_BENFORD
16,001,16,26,000008,87,8,RELLENO_NACIONAL_BENFORD
16,001,16,37,000005,90,9,RELLENO_NACIONAL_BENFORD
16,001,16,40,000008,89,8,RELLENO_NACIONAL_BENFORD
16,001,17,01,000011,93,9,RELLENO_NACIONAL_BENFORD
16,001,17,02,000009,85,8,RELLENO_NACIONAL_BENFORD
16,001,17,02,000020,95,9,RELLENO_NACIONAL_BENFORD
16,001,17,03,000001,94,9,RELLENO_NACIONAL_BENFORD
16,001,17,07,000001,83,8,RELLENO_NACIONAL_BENFORD
16,001,18,13,000005,80,8,RELLENO_NACIONAL_BENFORD
16,001,18,14,000035,83,8,RELLENO_NACIONAL_BENFORD
16,001,18,15,000005,80,8,RELLENO_NACIONAL_BENFORD
01,034,99,30,000002,88,8,RELLENO_NACIONAL_BENFORD
01,035,03,02,000009,84,8,RELLENO_NACIONAL_BENFORD
01,037,99,80,000003,9,9,RELLENO_NACIONAL_BENFORD
01,043,99,01,000013,92,9,RELLENO_NACIONAL_BENFORD
01,049,01,04,000008,87,8,RELLENO_NACIONAL_BENFORD
01,049,01,04,000010,81,8,RELLENO_NACIONAL_BENFORD
29,001,04,05,000015,98,9,RELLENO_NACIONAL_BENFORD
29,001,04,06,000018,82,8,RELLENO_NACIONAL_BENFORD
29,001,04,07,000027,88,8,RELLENO_NACIONAL_BENFORD
29,001,04,07,000028,90,9,RELLENO_NACIONAL_BENFORD
29,001,04,08,000005,87,8,RELLENO_NACIONAL_BENFORD
29,001,05,01,000024,98,9,RELLENO_NACIONAL_BENFORD
29,001,06,03,000028,99,9,RELLENO_NACIONAL_BENFORD
29,001,06,06,000014,94,9,RELLENO_NACIONAL_BENFORD
29,001,06,07,000010,90,9,RELLENO_NACIONAL_BENFORD
29,001,07,05,000012,82,8,RELLENO_NACIONAL_BENFORD
29,001,07,05,000015,99,9,RELLENO_NACIONAL_BENFORD
29,001,11,01,000013,80,8,RELLENO_NACIONAL_BENFORD
09,001,13,02,000011,92,9,RELLENO_NACIONAL_BENFORD
09,001,13,05,000011,91,9,RELLENO_NACIONAL_BENFORD
09,004,99,07,000002,93,9,RELLENO_NACIONAL_BENFORD
09,007,01,04,000010,98,9,RELLENO_NACIONAL_BENFORD
09,022,00,00,000016,90,9,RELLENO_NACIONAL_BENFORD
09,034,01,01,000020,96,9,RELLENO_NACIONAL_BENFORD
09,037,00,00,000013,81,8,RELLENO_NACIONAL_BENFORD
09,037,99,02,000001,88,8,RELLENO_NACIONAL_BENFORD
09,037,99,06,000004,82,8,RELLENO_NACIONAL_BENFORD
09,049,02,01,000001,86,8,RELLENO_NACIONAL_BENFORD
09,052,00,00,000009,95,9,RELLENO_NACIONAL_BENFORD
09,076,01,01,000002,92,9,RELLENO_NACIONAL_BENFORD
09,076,01,02,000002,81,8,RELLENO_NACIONAL_BENFORD
09,076,01,02,000003,86,8,RELLENO_NACIONAL_BENFORD
09,076,02,02,000009,83,8,RELLENO_NACIONAL_BENFORD
09,078,00,01,000007,92,9,RELLENO_NACIONAL_BENFORD
16,001,18,22,000007,94,9,RELLENO_NACIONAL_BENFORD
16,001,18,23,000009,82,8,RELLENO_NACIONAL_BENFORD
16,001,18,38,000002,84,8,RELLENO_NACIONAL_BENFORD
16,001,19,02,000004,89,8,RELLENO_NACIONAL_BENFORD
16,001,19,02,000009,88,8,RELLENO_NACIONAL_BENFORD
16,001,19,07,000020,82,8,RELLENO_NACIONAL_BENFORD
16,001,19,09,000005,90,9,RELLENO_NACIONAL_BENFORD
16,001,19,09,000006,95,9,RELLENO_NACIONAL_BENFORD
16,001,19,09,000008,94,9,RELLENO_NACIONAL_BENFORD
16,001,19,10,000009,96,9,RELLENO_NACIONAL_BENFORD
16,001,19,11,000019,96,9,RELLENO_NACIONAL_BENFORD
16,001,19,11,000027,86,8,RELLENO_NACIONAL_BENFORD
16,001,19,12,000017,99,9,RELLENO_NACIONAL_BENFORD
16,001,19,13,000008,89,8,RELLENO_NACIONAL_BENFORD
16,001,19,13,000018,83,8,RELLENO_NACIONAL_BENFORD
16,001,19,13,000019,93,9,RELLENO_NACIONAL_BENFORD
01,049,02,06,000009,99,9,RELLENO_NACIONAL_BENFORD
01,049,02,06,000014,99,9,RELLENO_NACIONAL_BENFORD
01,049,03,02,000024,87,8,RELLENO_NACIONAL_BENFORD
01,049,04,04,000040,87,8,RELLENO_NACIONAL_BENFORD
01,049,04,06,000036,96,9,RELLENO_NACIONAL_BENFORD
01,049,04,07,000016,91,9,RELLENO_NACIONAL_BENFORD
01,049,04,07,000019,90,9,RELLENO_NACIONAL_BENFORD
01,049,05,02,000019,86,8,RELLENO_NACIONAL_BENFORD
01,049,05,04,000033,81,8,RELLENO_NACIONAL_BENFORD
01,049,06,03,000029,80,8,RELLENO_NACIONAL_BENFORD
01,049,06,03,000032,89,8,RELLENO_NACIONAL_BENFORD
01,049,06,03,000035,96,9,RELLENO_NACIONAL_BENFORD
01,049,06,04,000028,82,8,RELLENO_NACIONAL_BENFORD
01,049,07,02,000016,82,8,RELLENO_NACIONAL_BENFORD
01,049,08,02,000028,95,9,RELLENO_NACIONAL_BENFORD
01,049,10,02,000015,99,9,RELLENO_NACIONAL_BENFORD
01,049,10,02,000019,88,8,RELLENO_NACIONAL_BENFORD
01,049,11,02,000024,90,9,RELLENO_NACIONAL_BENFORD
29,001,99,22,000002,96,9,RELLENO_NACIONAL_BENFORD
29,007,00,00,000016,82,8,RELLENO_NACIONAL_BENFORD
29,010,00,00,000010,95,9,RELLENO_NACIONAL_BENFORD
29,022,00,01,000001,88,8,RELLENO_NACIONAL_BENFORD
29,022,00,01,000013,94,9,RELLENO_NACIONAL_BENFORD
29,022,00,01,000018,95,9,RELLENO_NACIONAL_BENFORD
29,031,99,01,000005,92,9,RELLENO_NACIONAL_BENFORD
29,040,01,03,000009,82,8,RELLENO_NACIONAL_BENFORD
29,046,01,03,000007,82,8,RELLENO_NACIONAL_BENFORD
29,046,01,05,000001,84,8,RELLENO_NACIONAL_BENFORD
29,046,02,01,000014,95,9,RELLENO_NACIONAL_BENFORD
29,052,00,02,000006,83,8,RELLENO_NACIONAL_BENFORD
29,052,00,02,000011,97,9,RELLENO_NACIONAL_BENFORD
03,001,36,02,000025,90,9,RELLENO_NACIONAL_BENFORD
15,115,99,05,000001,88,8,RELLENO_NACIONAL_BENFORD
15,118,00,00,000024,97,9,RELLENO_NACIONAL_BENFORD
15,121,00,00,000008,88,8,RELLENO_NACIONAL_BENFORD
15,142,01,02,000014,96,9,RELLENO_NACIONAL_BENFORD
15,160,01,05,000016,93,9,RELLENO_NACIONAL_BENFORD
15,160,01,07,000003,86,8,RELLENO_NACIONAL_BENFORD
15,160,01,10,000010,80,8,RELLENO_NACIONAL_BENFORD
15,160,02,01,000016,86,8,RELLENO_NACIONAL_BENFORD
15,160,02,08,000008,81,8,RELLENO_NACIONAL_BENFORD
15,166,99,10,000001,91,9,RELLENO_NACIONAL_BENFORD
24,001,02,04,000013,88,8,RELLENO_NACIONAL_BENFORD
24,001,03,05,000018,85,8,RELLENO_NACIONAL_BENFORD
24,001,05,01,000020,99,9,RELLENO_NACIONAL_BENFORD
24,001,05,01,000022,93,9,RELLENO_NACIONAL_BENFORD
24,001,05,02,000015,91,9,RELLENO_NACIONAL_BENFORD
24,001,08,04,000012,93,9,RELLENO_NACIONAL_BENFORD
24,001,09,02,000033,82,8,RELLENO_NACIONAL_BENFORD
24,001,10,01,000049,87,8,RELLENO_NACIONAL_BENFORD
46,880,01,01,000018,96,9,RELLENO_NACIONAL_BENFORD
48,001,01,03,000002,83,8,RELLENO_NACIONAL_BENFORD
48,001,01,03,000032,81,8,RELLENO_NACIONAL_BENFORD
48,001,01,05,000006,99,9,RELLENO_NACIONAL_BENFORD
48,001,01,07,000005,99,9,RELLENO_NACIONAL_BENFORD
48,001,01,07,000012,81,8,RELLENO_NACIONAL_BENFORD
48,001,03,01,000001,94,9,RELLENO_NACIONAL_BENFORD
48,001,03,03,000008,97,9,RELLENO_NACIONAL_BENFORD
48,001,03,04,000002,84,8,RELLENO_NACIONAL_BENFORD
48,001,03,06,000005,89,8,RELLENO_NACIONAL_BENFORD
48,001,03,06,000008,88,8,RELLENO_NACIONAL_BENFORD
48,001,03,06,000013,88,8,RELLENO_NACIONAL_BENFORD
48,002,00,00,000011,86,8,RELLENO_NACIONAL_BENFORD
48,004,00,01,000014,88,8,RELLENO_NACIONAL_BENFORD
48,005,99,18,000001,86,8,RELLENO_NACIONAL_BENFORD
03,001,37,01,000015,81,8,RELLENO_NACIONAL_BENFORD
03,001,37,02,000006,87,8,RELLENO_NACIONAL_BENFORD
03,004,01,03,000004,98,9,RELLENO_NACIONAL_BENFORD
01,106,03,01,000024,81,8,RELLENO_NACIONAL_BENFORD
31,001,02,04,000012,89,8,RELLENO_NACIONAL_BENFORD
31,001,03,02,000019,83,8,RELLENO_NACIONAL_BENFORD
11,058,99,41,000003,85,8,RELLENO_NACIONAL_BENFORD
13,001,01,07,000016,96,9,RELLENO_NACIONAL_BENFORD
13,001,04,03,000010,91,9,RELLENO_NACIONAL_BENFORD
21,016,02,06,000002,93,9,RELLENO_NACIONAL_BENFORD
21,031,02,01,000001,93,9,RELLENO_NACIONAL_BENFORD
13,001,05,02,000005,93,9,RELLENO_NACIONAL_BENFORD
13,001,07,02,000019,81,8,RELLENO_NACIONAL_BENFORD
13,007,99,15,000001,96,9,RELLENO_NACIONAL_BENFORD
13,010,02,02,000007,99,9,RELLENO_NACIONAL_BENFORD
13,013,01,02,000004,83,8,RELLENO_NACIONAL_BENFORD
13,014,00,00,000007,96,9,RELLENO_NACIONAL_BENFORD
13,022,02,03,000006,98,9,RELLENO_NACIONAL_BENFORD
13,022,90,01,000001,86,8,RELLENO_NACIONAL_BENFORD
13,022,99,29,000002,81,8,RELLENO_NACIONAL_BENFORD
13,027,00,01,000006,80,8,RELLENO_NACIONAL_BENFORD
13,031,99,05,000002,83,8,RELLENO_NACIONAL_BENFORD
13,033,00,00,000005,88,8,RELLENO_NACIONAL_BENFORD
13,037,01,02,000004,90,9,RELLENO_NACIONAL_BENFORD
13,043,00,02,000005,81,8,RELLENO_NACIONAL_BENFORD
13,046,99,05,000001,92,9,RELLENO_NACIONAL_BENFORD
13,049,00,02,000018,86,8,RELLENO_NACIONAL_BENFORD
13,058,02,01,000002,94,9,RELLENO_NACIONAL_BENFORD
13,058,99,22,000001,91,9,RELLENO_NACIONAL_BENFORD
13,060,00,02,000010,97,9,RELLENO_NACIONAL_BENFORD
15,007,00,00,000014,98,9,RELLENO_NACIONAL_BENFORD
15,029,00,00,000004,92,9,RELLENO_NACIONAL_BENFORD
15,029,00,00,000005,97,9,RELLENO_NACIONAL_BENFORD
31,031,99,40,000003,87,8,RELLENO_NACIONAL_BENFORD
31,034,04,02,000005,88,8,RELLENO_NACIONAL_BENFORD
31,055,02,01,000008,88,8,RELLENO_NACIONAL_BENFORD
31,055,02,03,000008,92,9,RELLENO_NACIONAL_BENFORD
31,064,01,01,000004,94,9,RELLENO_NACIONAL_BENFORD
31,064,02,04,000007,84,8,RELLENO_NACIONAL_BENFORD
31,064,03,03,000003,99,9,RELLENO_NACIONAL_BENFORD
19,001,04,04,000036,95,9,RELLENO_NACIONAL_BENFORD
19,001,04,06,000004,97,9,RELLENO_NACIONAL_BENFORD
19,001,05,06,000002,82,8,RELLENO_NACIONAL_BENFORD
19,001,05,08,000002,82,8,RELLENO_NACIONAL_BENFORD
19,001,06,03,000024,99,9,RELLENO_NACIONAL_BENFORD
01,109,00,01,000001,88,8,RELLENO_NACIONAL_BENFORD
01,121,07,02,000005,94,9,RELLENO_NACIONAL_BENFORD
31,001,07,03,000004,86,8,RELLENO_NACIONAL_BENFORD
31,001,08,02,000006,92,9,RELLENO_NACIONAL_BENFORD
31,001,10,03,000008,91,9,RELLENO_NACIONAL_BENFORD
31,001,13,02,000006,97,9,RELLENO_NACIONAL_BENFORD
31,001,16,01,000016,88,8,RELLENO_NACIONAL_BENFORD
31,001,16,02,000011,97,9,RELLENO_NACIONAL_BENFORD
11,061,00,02,000004,81,8,RELLENO_NACIONAL_BENFORD
11,067,99,05,000005,9,9,RELLENO_NACIONAL_BENFORD
11,076,01,01,000022,88,8,RELLENO_NACIONAL_BENFORD
11,076,01,04,000002,90,9,RELLENO_NACIONAL_BENFORD
11,088,01,01,000002,96,9,RELLENO_NACIONAL_BENFORD
11,088,02,01,000010,86,8,RELLENO_NACIONAL_BENFORD
19,044,00,02,000005,83,8,RELLENO_NACIONAL_BENFORD
01,142,02,02,000011,91,9,RELLENO_NACIONAL_BENFORD
31,001,17,02,000011,96,9,RELLENO_NACIONAL_BENFORD
13,055,99,15,000007,97,9,RELLENO_NACIONAL_BENFORD
31,031,99,41,000001,83,8,RELLENO_NACIONAL_BENFORD
31,001,15,01,000033,83,8,RELLENO_NACIONAL_BENFORD
11,076,90,01,000022,86,8,RELLENO_NACIONAL_BENFORD
19,047,00,00,000018,97,9,RELLENO_NACIONAL_BENFORD
01,121,09,02,000019,99,9,RELLENO_NACIONAL_BENFORD
01,133,02,04,000002,96,9,RELLENO_NACIONAL_BENFORD
01,133,99,10,000005,86,8,RELLENO_NACIONAL_BENFORD
01,142,02,01,000017,94,9,RELLENO_NACIONAL_BENFORD
01,150,00,00,000014,91,9,RELLENO_NACIONAL_BENFORD
31,001,17,02,000009,83,8,RELLENO_NACIONAL_BENFORD
31,001,18,02,000010,80,8,RELLENO_NACIONAL_BENFORD
31,001,18,03,000001,93,9,RELLENO_NACIONAL_BENFORD
31,001,18,03,000010,85,8,RELLENO_NACIONAL_BENFORD
31,001,19,03,000004,90,9,RELLENO_NACIONAL_BENFORD
31,001,19,04,000011,83,8,RELLENO_NACIONAL_BENFORD
31,001,19,05,000002,98,9,RELLENO_NACIONAL_BENFORD
31,001,19,05,000005,83,8,RELLENO_NACIONAL_BENFORD
31,001,20,01,000004,80,8,RELLENO_NACIONAL_BENFORD
31,001,20,02,000005,83,8,RELLENO_NACIONAL_BENFORD
12,001,02,05,000005,84,8,RELLENO_NACIONAL_BENFORD
12,001,03,05,000001,97,9,RELLENO_NACIONAL_BENFORD
12,001,03,05,000004,96,9,RELLENO_NACIONAL_BENFORD
12,001,03,05,000006,85,8,RELLENO_NACIONAL_BENFORD
12,001,04,01,000034,98,9,RELLENO_NACIONAL_BENFORD
12,001,04,01,000039,80,8,RELLENO_NACIONAL_BENFORD
12,001,04,02,000054,82,8,RELLENO_NACIONAL_BENFORD
12,001,04,04,000019,84,8,RELLENO_NACIONAL_BENFORD
19,049,02,03,000012,9,9,RELLENO_NACIONAL_BENFORD
19,061,01,02,000022,83,8,RELLENO_NACIONAL_BENFORD
19,061,02,02,000017,84,8,RELLENO_NACIONAL_BENFORD
19,061,02,04,000009,96,9,RELLENO_NACIONAL_BENFORD
19,064,00,00,000032,93,9,RELLENO_NACIONAL_BENFORD
19,070,00,00,000054,82,8,RELLENO_NACIONAL_BENFORD
01,151,01,01,000031,80,8,RELLENO_NACIONAL_BENFORD
01,151,05,03,000023,95,9,RELLENO_NACIONAL_BENFORD
01,151,05,03,000039,98,9,RELLENO_NACIONAL_BENFORD
01,151,07,04,000009,81,8,RELLENO_NACIONAL_BENFORD
01,001,99,B3,000025,91,9,RELLENO_NACIONAL_BENFORD
01,007,00,00,000005,9,9,RELLENO_NACIONAL_BENFORD
01,013,02,01,000008,98,9,RELLENO_NACIONAL_BENFORD
01,013,02,02,000007,88,8,RELLENO_NACIONAL_BENFORD
01,016,00,02,000018,96,9,RELLENO_NACIONAL_BENFORD
01,028,99,09,000001,89,8,RELLENO_NACIONAL_BENFORD
01,028,99,09,000002,93,9,RELLENO_NACIONAL_BENFORD
28,200,99,92,000001,98,9,RELLENO_NACIONAL_BENFORD
28,220,99,60,000002,8,8,RELLENO_NACIONAL_BENFORD
28,220,99,69,000003,8,8,RELLENO_NACIONAL_BENFORD
28,240,00,00,000004,81,8,RELLENO_NACIONAL_BENFORD
28,240,00,00,000039,85,8,RELLENO_NACIONAL_BENFORD
28,260,01,02,000013,96,9,RELLENO_NACIONAL_BENFORD
28,280,99,94,000001,93,9,RELLENO_NACIONAL_BENFORD
28,320,99,20,000001,83,8,RELLENO_NACIONAL_BENFORD
29,001,02,02,000011,88,8,RELLENO_NACIONAL_BENFORD
29,001,03,03,000015,86,8,RELLENO_NACIONAL_BENFORD
07,311,99,50,000001,99,9,RELLENO_NACIONAL_BENFORD
09,001,05,02,000021,91,9,RELLENO_NACIONAL_BENFORD
09,001,06,01,000024,93,9,RELLENO_NACIONAL_BENFORD
09,001,11,03,000012,83,8,RELLENO_NACIONAL_BENFORD
16,001,16,10,000007,82,8,RELLENO_NACIONAL_BENFORD
16,001,16,38,000006,9,9,RELLENO_NACIONAL_BENFORD
16,001,16,46,000009,94,9,RELLENO_NACIONAL_BENFORD
16,001,17,02,000012,93,9,RELLENO_NACIONAL_BENFORD
16,001,18,12,000013,94,9,RELLENO_NACIONAL_BENFORD
16,001,18,13,000001,86,8,RELLENO_NACIONAL_BENFORD
16,001,18,13,000002,83,8,RELLENO_NACIONAL_BENFORD
01,035,01,01,000005,84,8,RELLENO_NACIONAL_BENFORD
01,035,04,04,000019,91,9,RELLENO_NACIONAL_BENFORD
01,035,99,50,000006,92,9,RELLENO_NACIONAL_BENFORD
01,037,99,75,000005,97,9,RELLENO_NACIONAL_BENFORD
01,043,99,01,000016,87,8,RELLENO_NACIONAL_BENFORD
29,001,04,05,000022,89,8,RELLENO_NACIONAL_BENFORD
29,001,04,08,000004,99,9,RELLENO_NACIONAL_BENFORD
29,001,05,01,000022,81,8,RELLENO_NACIONAL_BENFORD
29,001,05,02,000009,84,8,RELLENO_NACIONAL_BENFORD
29,001,05,03,000021,82,8,RELLENO_NACIONAL_BENFORD
29,001,07,08,000018,88,8,RELLENO_NACIONAL_BENFORD
29,001,10,03,000016,80,8,RELLENO_NACIONAL_BENFORD
29,001,11,05,000012,82,8,RELLENO_NACIONAL_BENFORD
29,001,99,14,000002,96,9,RELLENO_NACIONAL_BENFORD
09,007,01,02,000012,81,8,RELLENO_NACIONAL_BENFORD
09,022,00,00,000018,92,9,RELLENO_NACIONAL_BENFORD
09,022,00,00,000021,82,8,RELLENO_NACIONAL_BENFORD
09,034,99,02,000004,90,9,RELLENO_NACIONAL_BENFORD
09,049,01,03,000017,95,9,RELLENO_NACIONAL_BENFORD
09,061,00,00,000020,90,9,RELLENO_NACIONAL_BENFORD
09,076,01,02,000004,90,9,RELLENO_NACIONAL_BENFORD
09,076,01,02,000005,84,8,RELLENO_NACIONAL_BENFORD
16,001,18,20,000022,92,9,RELLENO_NACIONAL_BENFORD
16,001,18,26,000002,95,9,RELLENO_NACIONAL_BENFORD
16,001,18,29,000010,88,8,RELLENO_NACIONAL_BENFORD
16,001,18,33,000003,93,9,RELLENO_NACIONAL_BENFORD
16,001,18,41,000001,95,9,RELLENO_NACIONAL_BENFORD
16,001,19,06,000005,93,9,RELLENO_NACIONAL_BENFORD
16,001,19,08,000016,93,9,RELLENO_NACIONAL_BENFORD
16,001,19,09,000012,94,9,RELLENO_NACIONAL_BENFORD
16,001,19,12,000016,90,9,RELLENO_NACIONAL_BENFORD
01,049,04,03,000033,93,9,RELLENO_NACIONAL_BENFORD
01,049,04,04,000032,87,8,RELLENO_NACIONAL_BENFORD
01,049,06,03,000014,87,8,RELLENO_NACIONAL_BENFORD
01,049,07,03,000021,81,8,RELLENO_NACIONAL_BENFORD
01,049,11,02,000027,96,9,RELLENO_NACIONAL_BENFORD
29,010,00,00,000016,80,8,RELLENO_NACIONAL_BENFORD
29,019,99,18,000001,95,9,RELLENO_NACIONAL_BENFORD
29,034,00,00,000035,99,9,RELLENO_NACIONAL_BENFORD
29,040,01,01,000017,81,8,RELLENO_NACIONAL_BENFORD
29,040,01,03,000006,85,8,RELLENO_NACIONAL_BENFORD
29,040,02,02,000005,80,8,RELLENO_NACIONAL_BENFORD
29,046,01,02,000002,86,8,RELLENO_NACIONAL_BENFORD
29,046,01,07,000003,90,9,RELLENO_NACIONAL_BENFORD
15,132,00,00,000013,85,8,RELLENO_NACIONAL_BENFORD
15,139,02,01,000031,84,8,RELLENO_NACIONAL_BENFORD
15,160,01,03,000006,88,8,RELLENO_NACIONAL_BENFORD
15,160,01,06,000014,84,8,RELLENO_NACIONAL_BENFORD
15,160,02,01,000017,84,8,RELLENO_NACIONAL_BENFORD
15,160,02,03,000006,81,8,RELLENO_NACIONAL_BENFORD
15,169,01,02,000012,92,9,RELLENO_NACIONAL_BENFORD
15,169,01,03,000015,94,9,RELLENO_NACIONAL_BENFORD
24,001,04,03,000022,82,8,RELLENO_NACIONAL_BENFORD
24,001,05,02,000006,91,9,RELLENO_NACIONAL_BENFORD
24,001,06,02,000025,92,9,RELLENO_NACIONAL_BENFORD
24,001,07,03,000021,88,8,RELLENO_NACIONAL_BENFORD
24,001,09,02,000031,90,9,RELLENO_NACIONAL_BENFORD
24,001,10,02,000036,86,8,RELLENO_NACIONAL_BENFORD
48,001,01,01,000014,88,8,RELLENO_NACIONAL_BENFORD
48,001,01,03,000028,89,8,RELLENO_NACIONAL_BENFORD
48,001,01,03,000030,87,8,RELLENO_NACIONAL_BENFORD
48,001,02,03,000003,82,8,RELLENO_NACIONAL_BENFORD
48,001,02,05,000009,99,9,RELLENO_NACIONAL_BENFORD
48,001,03,01,000007,87,8,RELLENO_NACIONAL_BENFORD
48,001,03,03,000013,90,9,RELLENO_NACIONAL_BENFORD
48,001,03,03,000025,83,8,RELLENO_NACIONAL_BENFORD
48,005,99,08,000002,86,8,RELLENO_NACIONAL_BENFORD
03,001,37,01,000017,89,8,RELLENO_NACIONAL_BENFORD
03,004,01,04,000005,96,9,RELLENO_NACIONAL_BENFORD
03,016,99,13,000006,95,9,RELLENO_NACIONAL_BENFORD
15,169,02,05,000012,98,9,RELLENO_NACIONAL_BENFORD
15,169,02,08,000014,93,9,RELLENO_NACIONAL_BENFORD
15,205,00,00,000006,93,9,RELLENO_NACIONAL_BENFORD
15,205,00,00,000007,88,8,RELLENO_NACIONAL_BENFORD
15,211,00,00,000009,80,8,RELLENO_NACIONAL_BENFORD
15,218,00,01,000017,83,8,RELLENO_NACIONAL_BENFORD
15,218,00,02,000013,87,8,RELLENO_NACIONAL_BENFORD
15,223,00,00,000014,97,9,RELLENO_NACIONAL_BENFORD
15,226,99,02,000002,92,9,RELLENO_NACIONAL_BENFORD
15,238,00,02,000004,96,9,RELLENO_NACIONAL_BENFORD
15,239,01,02,000002,91,9,RELLENO_NACIONAL_BENFORD
15,239,01,02,000007,92,9,RELLENO_NACIONAL_BENFORD
15,239,02,02,000013,95,9,RELLENO_NACIONAL_BENFORD
15,241,00,02,000006,99,9,RELLENO_NACIONAL_BENFORD
31,001,17,01,000002,90,9,RELLENO_NACIONAL_BENFORD
31,001,17,04,000003,95,9,RELLENO_NACIONAL_BENFORD
31,001,18,01,000003,83,8,RELLENO_NACIONAL_BENFORD
31,001,18,01,000014,94,9,RELLENO_NACIONAL_BENFORD
31,001,18,02,000007,81,8,RELLENO_NACIONAL_BENFORD
31,001,18,03,000005,95,9,RELLENO_NACIONAL_BENFORD
31,001,18,05,000010,83,8,RELLENO_NACIONAL_BENFORD
31,001,18,06,000010,91,9,RELLENO_NACIONAL_BENFORD
31,001,20,03,000001,89,8,RELLENO_NACIONAL_BENFORD
31,001,20,03,000002,85,8,RELLENO_NACIONAL_BENFORD
31,001,22,01,000003,82,8,RELLENO_NACIONAL_BENFORD
31,001,23,02,000018,83,8,RELLENO_NACIONAL_BENFORD
31,001,23,02,000019,95,9,RELLENO_NACIONAL_BENFORD
12,001,02,07,000003,88,8,RELLENO_NACIONAL_BENFORD
12,001,04,05,000019,88,8,RELLENO_NACIONAL_BENFORD
12,001,05,04,000003,92,9,RELLENO_NACIONAL_BENFORD
12,001,05,04,000015,93,9,RELLENO_NACIONAL_BENFORD
19,049,01,04,000003,84,8,RELLENO_NACIONAL_BENFORD
19,061,01,05,000009,97,9,RELLENO_NACIONAL_BENFORD
19,061,02,02,000016,96,9,RELLENO_NACIONAL_BENFORD
19,061,02,05,000012,90,9,RELLENO_NACIONAL_BENFORD
19,061,02,05,000013,95,9,RELLENO_NACIONAL_BENFORD
19,061,99,07,000008,92,9,RELLENO_NACIONAL_BENFORD
19,070,99,20,000007,89,8,RELLENO_NACIONAL_BENFORD
19,074,99,35,000001,93,9,RELLENO_NACIONAL_BENFORD
01,151,02,01,000029,81,8,RELLENO_NACIONAL_BENFORD
01,151,04,01,000017,93,9,RELLENO_NACIONAL_BENFORD
01,151,04,02,000021,99,9,RELLENO_NACIONAL_BENFORD
01,151,05,03,000031,93,9,RELLENO_NACIONAL_BENFORD
01,001,99,B5,000009,96,9,RELLENO_NACIONAL_BENFORD
01,001,99,B6,000008,90,9,RELLENO_NACIONAL_BENFORD
01,013,02,02,000008,97,9,RELLENO_NACIONAL_BENFORD
01,013,99,01,000002,92,9,RELLENO_NACIONAL_BENFORD
01,019,01,02,000006,97,9,RELLENO_NACIONAL_BENFORD
28,200,02,03,000011,80,8,RELLENO_NACIONAL_BENFORD
28,260,01,01,000001,81,8,RELLENO_NACIONAL_BENFORD
28,260,01,01,000010,90,9,RELLENO_NACIONAL_BENFORD
28,260,02,02,000003,99,9,RELLENO_NACIONAL_BENFORD
28,320,99,40,000001,89,8,RELLENO_NACIONAL_BENFORD
29,001,01,03,000019,94,9,RELLENO_NACIONAL_BENFORD
29,001,01,07,000013,88,8,RELLENO_NACIONAL_BENFORD
29,001,02,02,000015,81,8,RELLENO_NACIONAL_BENFORD
07,311,00,00,000010,99,9,RELLENO_NACIONAL_BENFORD
09,001,06,01,000025,84,8,RELLENO_NACIONAL_BENFORD
09,001,07,04,000010,99,9,RELLENO_NACIONAL_BENFORD
09,001,07,07,000002,94,9,RELLENO_NACIONAL_BENFORD
09,001,08,05,000006,89,8,RELLENO_NACIONAL_BENFORD
09,001,09,06,000018,82,8,RELLENO_NACIONAL_BENFORD
16,001,16,22,000018,97,9,RELLENO_NACIONAL_BENFORD
16,001,16,27,000006,97,9,RELLENO_NACIONAL_BENFORD
16,001,16,36,000008,98,9,RELLENO_NACIONAL_BENFORD
16,001,16,38,000005,91,9,RELLENO_NACIONAL_BENFORD
16,001,17,02,000011,87,8,RELLENO_NACIONAL_BENFORD
16,001,17,02,000021,99,9,RELLENO_NACIONAL_BENFORD
16,001,18,02,000010,84,8,RELLENO_NACIONAL_BENFORD
16,001,18,07,000013,81,8,RELLENO_NACIONAL_BENFORD
16,001,18,15,000006,95,9,RELLENO_NACIONAL_BENFORD
01,031,02,02,000015,93,9,RELLENO_NACIONAL_BENFORD
01,035,04,06,000004,80,8,RELLENO_NACIONAL_BENFORD
01,043,01,02,000009,81,8,RELLENO_NACIONAL_BENFORD
01,049,01,06,000017,85,8,RELLENO_NACIONAL_BENFORD
29,001,04,07,000026,98,9,RELLENO_NACIONAL_BENFORD
29,001,05,01,000033,82,8,RELLENO_NACIONAL_BENFORD
29,001,06,04,000024,97,9,RELLENO_NACIONAL_BENFORD
29,001,07,05,000010,87,8,RELLENO_NACIONAL_BENFORD
29,001,08,02,000009,97,9,RELLENO_NACIONAL_BENFORD
29,001,08,05,000015,84,8,RELLENO_NACIONAL_BENFORD
29,001,08,08,000021,97,9,RELLENO_NACIONAL_BENFORD
29,001,08,09,000015,90,9,RELLENO_NACIONAL_BENFORD
29,001,09,01,000022,96,9,RELLENO_NACIONAL_BENFORD
29,001,10,03,000018,96,9,RELLENO_NACIONAL_BENFORD
29,001,99,05,000003,88,8,RELLENO_NACIONAL_BENFORD
09,001,13,05,000010,96,9,RELLENO_NACIONAL_BENFORD
09,001,99,05,000011,95,9,RELLENO_NACIONAL_BENFORD
09,022,00,00,000019,81,8,RELLENO_NACIONAL_BENFORD
09,022,00,00,000020,84,8,RELLENO_NACIONAL_BENFORD
09,034,01,04,000002,80,8,RELLENO_NACIONAL_BENFORD
09,049,01,07,000005,95,9,RELLENO_NACIONAL_BENFORD
09,055,00,00,000028,88,8,RELLENO_NACIONAL_BENFORD
16,001,18,19,000004,82,8,RELLENO_NACIONAL_BENFORD
16,001,18,19,000005,85,8,RELLENO_NACIONAL_BENFORD
16,001,18,26,000003,87,8,RELLENO_NACIONAL_BENFORD
16,001,18,28,000014,86,8,RELLENO_NACIONAL_BENFORD
16,001,18,39,000002,80,8,RELLENO_NACIONAL_BENFORD
16,001,18,51,000005,95,9,RELLENO_NACIONAL_BENFORD
16,001,19,08,000011,81,8,RELLENO_NACIONAL_BENFORD
16,001,19,08,000013,90,9,RELLENO_NACIONAL_BENFORD
01,049,04,05,000007,94,9,RELLENO_NACIONAL_BENFORD
01,049,05,02,000016,83,8,RELLENO_NACIONAL_BENFORD
01,049,06,03,000016,97,9,RELLENO_NACIONAL_BENFORD
01,049,07,01,000019,98,9,RELLENO_NACIONAL_BENFORD
01,049,07,03,000015,95,9,RELLENO_NACIONAL_BENFORD
01,049,08,04,000028,84,8,RELLENO_NACIONAL_BENFORD
01,049,10,01,000012,97,9,RELLENO_NACIONAL_BENFORD
01,049,10,01,000015,97,9,RELLENO_NACIONAL_BENFORD
01,049,10,02,000013,93,9,RELLENO_NACIONAL_BENFORD
01,049,10,02,000017,80,8,RELLENO_NACIONAL_BENFORD
29,016,00,00,000014,98,9,RELLENO_NACIONAL_BENFORD
29,046,01,03,000011,95,9,RELLENO_NACIONAL_BENFORD
15,115,99,05,000007,98,9,RELLENO_NACIONAL_BENFORD
15,132,00,00,000018,81,8,RELLENO_NACIONAL_BENFORD
15,160,01,08,000005,92,9,RELLENO_NACIONAL_BENFORD
15,160,02,08,000012,90,9,RELLENO_NACIONAL_BENFORD
15,169,01,02,000013,81,8,RELLENO_NACIONAL_BENFORD
24,001,03,01,000011,82,8,RELLENO_NACIONAL_BENFORD
24,001,03,05,000015,96,9,RELLENO_NACIONAL_BENFORD
24,001,03,06,000005,83,8,RELLENO_NACIONAL_BENFORD
24,001,04,03,000016,96,9,RELLENO_NACIONAL_BENFORD
24,001,04,03,000018,95,9,RELLENO_NACIONAL_BENFORD
24,001,05,02,000039,90,9,RELLENO_NACIONAL_BENFORD
24,001,08,03,000008,92,9,RELLENO_NACIONAL_BENFORD
24,001,09,02,000027,82,8,RELLENO_NACIONAL_BENFORD
24,001,10,02,000033,84,8,RELLENO_NACIONAL_BENFORD
48,001,01,03,000025,88,8,RELLENO_NACIONAL_BENFORD
48,001,01,03,000029,93,9,RELLENO_NACIONAL_BENFORD
48,001,01,07,000011,82,8,RELLENO_NACIONAL_BENFORD
48,001,02,04,000001,87,8,RELLENO_NACIONAL_BENFORD
48,001,03,03,000012,88,8,RELLENO_NACIONAL_BENFORD
48,001,03,06,000014,90,9,RELLENO_NACIONAL_BENFORD
03,004,01,03,000003,95,9,RELLENO_NACIONAL_BENFORD
03,004,02,02,000007,87,8,RELLENO_NACIONAL_BENFORD
03,010,99,01,000003,87,8,RELLENO_NACIONAL_BENFORD
15,169,02,04,000025,85,8,RELLENO_NACIONAL_BENFORD
15,169,02,05,000014,89,8,RELLENO_NACIONAL_BENFORD
31,001,19,02,000003,86,8,RELLENO_NACIONAL_BENFORD
31,001,19,06,000006,81,8,RELLENO_NACIONAL_BENFORD
31,001,20,03,000010,96,9,RELLENO_NACIONAL_BENFORD
31,001,23,01,000017,88,8,RELLENO_NACIONAL_BENFORD
12,001,01,04,000010,88,8,RELLENO_NACIONAL_BENFORD
12,001,02,01,000023,96,9,RELLENO_NACIONAL_BENFORD
12,001,03,02,000003,94,9,RELLENO_NACIONAL_BENFORD
19,050,00,00,000013,90,9,RELLENO_NACIONAL_BENFORD
19,061,02,02,000011,80,8,RELLENO_NACIONAL_BENFORD
19,061,02,06,000003,84,8,RELLENO_NACIONAL_BENFORD
19,061,99,01,000019,91,9,RELLENO_NACIONAL_BENFORD
19,070,00,00,000050,85,8,RELLENO_NACIONAL_BENFORD
01,151,03,02,000028,80,8,RELLENO_NACIONAL_BENFORD
01,151,03,03,000024,91,9,RELLENO_NACIONAL_BENFORD
01,151,04,01,000023,87,8,RELLENO_NACIONAL_BENFORD
01,151,06,02,000018,99,9,RELLENO_NACIONAL_BENFORD
01,151,07,03,000015,95,9,RELLENO_NACIONAL_BENFORD
01,151,08,01,000014,91,9,RELLENO_NACIONAL_BENFORD
01,151,08,01,000016,91,9,RELLENO_NACIONAL_BENFORD
01,001,99,B4,000012,83,8,RELLENO_NACIONAL_BENFORD
01,019,02,01,000007,97,9,RELLENO_NACIONAL_BENFORD
28,260,02,01,000001,93,9,RELLENO_NACIONAL_BENFORD
28,260,02,01,000013,90,9,RELLENO_NACIONAL_BENFORD
28,280,99,65,000001,96,9,RELLENO_NACIONAL_BENFORD
09,001,01,02,000013,98,9,RELLENO_NACIONAL_BENFORD
09,001,01,04,000004,82,8,RELLENO_NACIONAL_BENFORD
09,001,03,05,000010,89,8,RELLENO_NACIONAL_BENFORD
09,001,06,01,000021,93,9,RELLENO_NACIONAL_BENFORD
09,001,08,05,000007,94,9,RELLENO_NACIONAL_BENFORD
09,001,10,04,000009,96,9,RELLENO_NACIONAL_BENFORD
09,001,10,04,000012,80,8,RELLENO_NACIONAL_BENFORD
09,001,12,01,000020,89,8,RELLENO_NACIONAL_BENFORD
16,001,16,05,000017,84,8,RELLENO_NACIONAL_BENFORD
16,001,16,05,000019,93,9,RELLENO_NACIONAL_BENFORD
16,001,16,11,000008,81,8,RELLENO_NACIONAL_BENFORD
16,001,16,24,000014,98,9,RELLENO_NACIONAL_BENFORD
16,001,16,30,000007,85,8,RELLENO_NACIONAL_BENFORD
16,001,16,40,000005,82,8,RELLENO_NACIONAL_BENFORD
16,001,16,42,000005,95,9,RELLENO_NACIONAL_BENFORD
16,001,17,01,000003,90,9,RELLENO_NACIONAL_BENFORD
16,001,17,04,000008,81,8,RELLENO_NACIONAL_BENFORD
16,001,18,05,000008,83,8,RELLENO_NACIONAL_BENFORD
01,031,02,01,000017,93,9,RELLENO_NACIONAL_BENFORD
01,035,01,01,000006,82,8,RELLENO_NACIONAL_BENFORD
01,037,00,00,000018,93,9,RELLENO_NACIONAL_BENFORD
01,049,02,01,000019,88,8,RELLENO_NACIONAL_BENFORD
01,049,02,02,000023,81,8,RELLENO_NACIONAL_BENFORD
29,001,05,04,000007,90,9,RELLENO_NACIONAL_BENFORD
29,001,11,02,000009,81,8,RELLENO_NACIONAL_BENFORD
29,001,11,05,000014,98,9,RELLENO_NACIONAL_BENFORD
09,001,99,10,000001,94,9,RELLENO_NACIONAL_BENFORD
09,013,00,02,000007,92,9,RELLENO_NACIONAL_BENFORD
09,076,01,01,000003,86,8,RELLENO_NACIONAL_BENFORD
16,001,18,28,000006,92,9,RELLENO_NACIONAL_BENFORD
16,001,18,29,000009,80,8,RELLENO_NACIONAL_BENFORD
16,001,19,06,000006,81,8,RELLENO_NACIONAL_BENFORD
16,001,19,07,000014,84,8,RELLENO_NACIONAL_BENFORD
16,001,19,08,000012,96,9,RELLENO_NACIONAL_BENFORD
16,001,19,12,000029,85,8,RELLENO_NACIONAL_BENFORD
01,049,04,03,000014,81,8,RELLENO_NACIONAL_BENFORD
01,049,08,02,000025,91,9,RELLENO_NACIONAL_BENFORD
01,049,11,02,000023,89,8,RELLENO_NACIONAL_BENFORD
29,007,99,05,000001,89,8,RELLENO_NACIONAL_BENFORD
29,016,00,00,000016,87,8,RELLENO_NACIONAL_BENFORD
29,019,00,00,000010,92,9,RELLENO_NACIONAL_BENFORD
29,019,99,12,000001,93,9,RELLENO_NACIONAL_BENFORD
29,034,00,00,000002,90,9,RELLENO_NACIONAL_BENFORD
15,115,99,06,000001,94,9,RELLENO_NACIONAL_BENFORD
15,139,01,01,000014,98,9,RELLENO_NACIONAL_BENFORD
15,160,02,08,000013,86,8,RELLENO_NACIONAL_BENFORD
15,169,01,03,000014,87,8,RELLENO_NACIONAL_BENFORD
24,001,05,02,000012,88,8,RELLENO_NACIONAL_BENFORD
24,001,05,02,000014,84,8,RELLENO_NACIONAL_BENFORD
24,001,06,02,000023,90,9,RELLENO_NACIONAL_BENFORD
24,001,06,02,000024,93,9,RELLENO_NACIONAL_BENFORD
24,001,09,06,000002,83,8,RELLENO_NACIONAL_BENFORD
48,001,02,03,000010,89,8,RELLENO_NACIONAL_BENFORD
48,001,02,04,000013,95,9,RELLENO_NACIONAL_BENFORD
48,001,02,04,000015,91,9,RELLENO_NACIONAL_BENFORD
48,001,02,04,000017,93,9,RELLENO_NACIONAL_BENFORD
48,001,02,04,000018,96,9,RELLENO_NACIONAL_BENFORD
48,001,03,03,000011,93,9,RELLENO_NACIONAL_BENFORD
03,013,02,02,000009,87,8,RELLENO_NACIONAL_BENFORD
15,169,02,05,000013,97,9,RELLENO_NACIONAL_BENFORD
15,175,00,01,000017,92,9,RELLENO_NACIONAL_BENFORD
15,226,99,07,000001,96,9,RELLENO_NACIONAL_BENFORD
15,247,01,03,000003,94,9,RELLENO_NACIONAL_BENFORD
24,001,99,80,000017,96,9,RELLENO_NACIONAL_BENFORD
48,007,99,04,000001,98,9,RELLENO_NACIONAL_BENFORD
48,010,01,02,000016,85,8,RELLENO_NACIONAL_BENFORD
48,010,01,03,000003,83,8,RELLENO_NACIONAL_BENFORD
48,010,02,02,000001,95,9,RELLENO_NACIONAL_BENFORD
48,010,03,03,000004,90,9,RELLENO_NACIONAL_BENFORD
48,012,99,12,000003,86,8,RELLENO_NACIONAL_BENFORD
03,019,99,17,000001,88,8,RELLENO_NACIONAL_BENFORD
03,025,00,00,000035,95,9,RELLENO_NACIONAL_BENFORD
03,028,01,01,000007,88,8,RELLENO_NACIONAL_BENFORD
03,028,01,02,000006,83,8,RELLENO_NACIONAL_BENFORD
03,037,02,02,000002,90,9,RELLENO_NACIONAL_BENFORD
15,247,02,05,000003,94,9,RELLENO_NACIONAL_BENFORD
15,247,04,04,000006,91,9,RELLENO_NACIONAL_BENFORD
15,247,05,07,000006,98,9,RELLENO_NACIONAL_BENFORD
24,086,01,03,000013,89,8,RELLENO_NACIONAL_BENFORD
48,013,01,02,000012,97,9,RELLENO_NACIONAL_BENFORD
48,013,02,02,000004,94,9,RELLENO_NACIONAL_BENFORD
48,016,01,01,000016,9,9,RELLENO_NACIONAL_BENFORD
48,020,02,02,000002,96,9,RELLENO_NACIONAL_BENFORD
03,046,99,01,000002,85,8,RELLENO_NACIONAL_BENFORD
03,052,04,01,000003,99,9,RELLENO_NACIONAL_BENFORD
03,052,04,02,000002,84,8,RELLENO_NACIONAL_BENFORD
03,052,05,02,000011,82,8,RELLENO_NACIONAL_BENFORD
15,271,00,02,000003,82,8,RELLENO_NACIONAL_BENFORD
15,292,01,01,000020,90,9,RELLENO_NACIONAL_BENFORD
15,331,99,01,000004,83,8,RELLENO_NACIONAL_BENFORD
52,001,07,01,000016,95,9,RELLENO_NACIONAL_BENFORD
52,001,16,03,000021,93,9,RELLENO_NACIONAL_BENFORD
52,001,17,02,000015,85,8,RELLENO_NACIONAL_BENFORD
52,001,18,01,000014,92,9,RELLENO_NACIONAL_BENFORD
03,052,08,02,000009,82,8,RELLENO_NACIONAL_BENFORD
03,052,08,02,000012,95,9,RELLENO_NACIONAL_BENFORD
03,052,09,02,000006,84,8,RELLENO_NACIONAL_BENFORD
03,052,10,04,000016,88,8,RELLENO_NACIONAL_BENFORD
03,052,13,01,000006,99,9,RELLENO_NACIONAL_BENFORD
05,001,03,01,000009,86,8,RELLENO_NACIONAL_BENFORD
15,340,02,05,000006,88,8,RELLENO_NACIONAL_BENFORD
15,340,02,05,000010,85,8,RELLENO_NACIONAL_BENFORD
15,340,99,01,000003,96,9,RELLENO_NACIONAL_BENFORD
16,001,01,01,000057,93,9,RELLENO_NACIONAL_BENFORD
16,001,01,01,000059,97,9,RELLENO_NACIONAL_BENFORD
16,001,01,02,000041,92,9,RELLENO_NACIONAL_BENFORD
16,001,01,04,000027,89,8,RELLENO_NACIONAL_BENFORD
16,001,01,07,000024,88,8,RELLENO_NACIONAL_BENFORD
16,001,01,09,000034,90,9,RELLENO_NACIONAL_BENFORD
16,001,01,17,000028,82,8,RELLENO_NACIONAL_BENFORD
16,001,01,26,000009,83,8,RELLENO_NACIONAL_BENFORD
16,001,01,29,000008,83,8,RELLENO_NACIONAL_BENFORD
16,001,01,32,000020,81,8,RELLENO_NACIONAL_BENFORD
52,005,99,04,000004,82,8,RELLENO_NACIONAL_BENFORD
52,035,01,01,000019,95,9,RELLENO_NACIONAL_BENFORD
52,035,02,01,000014,98,9,RELLENO_NACIONAL_BENFORD
52,043,01,01,000019,83,8,RELLENO_NACIONAL_BENFORD
52,043,01,01,000027,98,9,RELLENO_NACIONAL_BENFORD
52,043,02,01,000008,89,8,RELLENO_NACIONAL_BENFORD
52,043,02,01,000017,84,8,RELLENO_NACIONAL_BENFORD
31,001,23,08,000003,80,8,RELLENO_NACIONAL_BENFORD
31,001,24,02,000007,86,8,RELLENO_NACIONAL_BENFORD
31,001,25,04,000040,95,9,RELLENO_NACIONAL_BENFORD
31,001,25,04,000066,84,8,RELLENO_NACIONAL_BENFORD
31,001,25,04,000073,93,9,RELLENO_NACIONAL_BENFORD
31,001,26,02,000027,91,9,RELLENO_NACIONAL_BENFORD
31,001,27,04,000011,89,8,RELLENO_NACIONAL_BENFORD
31,001,28,03,000001,92,9,RELLENO_NACIONAL_BENFORD
31,001,28,05,000012,92,9,RELLENO_NACIONAL_BENFORD
31,001,29,05,000028,94,9,RELLENO_NACIONAL_BENFORD
03,013,02,02,000010,82,8,RELLENO_NACIONAL_BENFORD
03,016,00,02,000004,92,9,RELLENO_NACIONAL_BENFORD
03,016,99,21,000001,85,8,RELLENO_NACIONAL_BENFORD
15,169,02,08,000015,96,9,RELLENO_NACIONAL_BENFORD
15,190,02,01,000015,89,8,RELLENO_NACIONAL_BENFORD
15,199,00,00,000023,92,9,RELLENO_NACIONAL_BENFORD
15,202,00,01,000015,80,8,RELLENO_NACIONAL_BENFORD
15,238,00,01,000021,95,9,RELLENO_NACIONAL_BENFORD
15,238,00,02,000002,97,9,RELLENO_NACIONAL_BENFORD
15,247,01,03,000009,96,9,RELLENO_NACIONAL_BENFORD
15,247,01,06,000011,80,8,RELLENO_NACIONAL_BENFORD
24,001,11,05,000014,92,9,RELLENO_NACIONAL_BENFORD
24,001,99,91,000004,88,8,RELLENO_NACIONAL_BENFORD
24,021,00,02,000011,90,9,RELLENO_NACIONAL_BENFORD
24,021,99,85,000003,97,9,RELLENO_NACIONAL_BENFORD
24,025,01,04,000005,83,8,RELLENO_NACIONAL_BENFORD
24,025,02,03,000007,86,8,RELLENO_NACIONAL_BENFORD
24,025,07,01,000022,86,8,RELLENO_NACIONAL_BENFORD
24,025,10,04,000004,83,8,RELLENO_NACIONAL_BENFORD
24,025,12,01,000019,92,9,RELLENO_NACIONAL_BENFORD
24,025,12,02,000012,88,8,RELLENO_NACIONAL_BENFORD
24,025,12,02,000038,85,8,RELLENO_NACIONAL_BENFORD
24,038,00,00,000017,98,9,RELLENO_NACIONAL_BENFORD
24,038,00,00,000018,95,9,RELLENO_NACIONAL_BENFORD
48,006,00,00,000019,83,8,RELLENO_NACIONAL_BENFORD
48,007,01,02,000002,83,8,RELLENO_NACIONAL_BENFORD
48,007,01,02,000006,80,8,RELLENO_NACIONAL_BENFORD
48,007,99,05,000003,91,9,RELLENO_NACIONAL_BENFORD
48,010,01,02,000011,84,8,RELLENO_NACIONAL_BENFORD
48,010,01,04,000002,81,8,RELLENO_NACIONAL_BENFORD
48,010,01,05,000001,93,9,RELLENO_NACIONAL_BENFORD
48,010,02,01,000011,86,8,RELLENO_NACIONAL_BENFORD
48,010,02,02,000013,99,9,RELLENO_NACIONAL_BENFORD
48,010,03,01,000015,94,9,RELLENO_NACIONAL_BENFORD
48,010,03,03,000013,84,8,RELLENO_NACIONAL_BENFORD
48,011,99,15,000022,8,8,RELLENO_NACIONAL_BENFORD
48,011,99,40,000004,93,9,RELLENO_NACIONAL_BENFORD
48,011,99,40,000006,80,8,RELLENO_NACIONAL_BENFORD
03,019,99,13,000009,88,8,RELLENO_NACIONAL_BENFORD
03,025,00,00,000033,87,8,RELLENO_NACIONAL_BENFORD
03,028,01,01,000006,82,8,RELLENO_NACIONAL_BENFORD
03,028,01,02,000008,80,8,RELLENO_NACIONAL_BENFORD
03,035,00,00,000007,83,8,RELLENO_NACIONAL_BENFORD
03,035,00,00,000012,91,9,RELLENO_NACIONAL_BENFORD
03,035,99,35,000002,99,9,RELLENO_NACIONAL_BENFORD
03,040,00,00,000034,82,8,RELLENO_NACIONAL_BENFORD
03,043,01,01,000008,83,8,RELLENO_NACIONAL_BENFORD
03,043,01,01,000009,84,8,RELLENO_NACIONAL_BENFORD
03,043,02,03,000001,98,9,RELLENO_NACIONAL_BENFORD
15,247,02,10,000008,81,8,RELLENO_NACIONAL_BENFORD
15,247,02,13,000003,95,9,RELLENO_NACIONAL_BENFORD
15,247,03,10,000038,97,9,RELLENO_NACIONAL_BENFORD
15,247,04,02,000012,98,9,RELLENO_NACIONAL_BENFORD
15,247,06,05,000004,94,9,RELLENO_NACIONAL_BENFORD
15,259,00,00,000020,95,9,RELLENO_NACIONAL_BENFORD
24,054,00,00,000026,98,9,RELLENO_NACIONAL_BENFORD
24,062,00,02,000011,86,8,RELLENO_NACIONAL_BENFORD
24,070,00,00,000009,95,9,RELLENO_NACIONAL_BENFORD
24,086,02,01,000015,88,8,RELLENO_NACIONAL_BENFORD
24,086,02,05,000020,93,9,RELLENO_NACIONAL_BENFORD
48,013,99,51,000001,80,8,RELLENO_NACIONAL_BENFORD
48,016,99,50,000013,8,8,RELLENO_NACIONAL_BENFORD
48,018,00,01,000013,93,9,RELLENO_NACIONAL_BENFORD
48,020,02,01,000014,84,8,RELLENO_NACIONAL_BENFORD
50,001,01,01,000013,87,8,RELLENO_NACIONAL_BENFORD
52,001,02,02,000012,87,8,RELLENO_NACIONAL_BENFORD
52,001,02,02,000019,84,8,RELLENO_NACIONAL_BENFORD
03,046,02,03,000006,83,8,RELLENO_NACIONAL_BENFORD
03,046,02,03,000018,88,8,RELLENO_NACIONAL_BENFORD
03,046,02,04,000002,92,9,RELLENO_NACIONAL_BENFORD
03,049,01,02,000011,84,8,RELLENO_NACIONAL_BENFORD
03,049,01,02,000012,84,8,RELLENO_NACIONAL_BENFORD
03,052,01,04,000007,86,8,RELLENO_NACIONAL_BENFORD
03,052,03,01,000003,80,8,RELLENO_NACIONAL_BENFORD
03,052,03,01,000007,86,8,RELLENO_NACIONAL_BENFORD
03,052,03,02,000002,90,9,RELLENO_NACIONAL_BENFORD
03,052,04,01,000001,84,8,RELLENO_NACIONAL_BENFORD
03,052,04,02,000007,90,9,RELLENO_NACIONAL_BENFORD
03,052,05,03,000006,87,8,RELLENO_NACIONAL_BENFORD
03,052,06,02,000015,81,8,RELLENO_NACIONAL_BENFORD
03,052,06,03,000009,85,8,RELLENO_NACIONAL_BENFORD
03,052,07,01,000012,85,8,RELLENO_NACIONAL_BENFORD
15,280,00,02,000007,81,8,RELLENO_NACIONAL_BENFORD
15,280,00,02,000018,86,8,RELLENO_NACIONAL_BENFORD
15,286,00,00,000009,83,8,RELLENO_NACIONAL_BENFORD
15,340,01,01,000018,98,9,RELLENO_NACIONAL_BENFORD
15,340,02,02,000029,94,9,RELLENO_NACIONAL_BENFORD
15,340,02,02,000032,94,9,RELLENO_NACIONAL_BENFORD
25,001,03,04,000016,85,8,RELLENO_NACIONAL_BENFORD
25,001,04,04,000002,97,9,RELLENO_NACIONAL_BENFORD
25,001,04,04,000030,84,8,RELLENO_NACIONAL_BENFORD
25,001,05,02,000030,99,9,RELLENO_NACIONAL_BENFORD
25,001,06,10,000003,80,8,RELLENO_NACIONAL_BENFORD
52,001,04,03,000012,91,9,RELLENO_NACIONAL_BENFORD
52,001,04,04,000023,86,8,RELLENO_NACIONAL_BENFORD
52,001,05,02,000028,95,9,RELLENO_NACIONAL_BENFORD
52,001,06,01,000008,88,8,RELLENO_NACIONAL_BENFORD
52,001,06,02,000012,82,8,RELLENO_NACIONAL_BENFORD
52,001,06,02,000024,84,8,RELLENO_NACIONAL_BENFORD
52,001,09,01,000009,82,8,RELLENO_NACIONAL_BENFORD
52,001,09,03,000016,86,8,RELLENO_NACIONAL_BENFORD
52,001,99,71,000007,93,9,RELLENO_NACIONAL_BENFORD
52,005,01,02,000016,81,8,RELLENO_NACIONAL_BENFORD
03,052,07,03,000007,83,8,RELLENO_NACIONAL_BENFORD
03,052,08,02,000005,86,8,RELLENO_NACIONAL_BENFORD
03,052,10,01,000001,87,8,RELLENO_NACIONAL_BENFORD
03,052,10,05,000001,81,8,RELLENO_NACIONAL_BENFORD
03,052,12,01,000016,81,8,RELLENO_NACIONAL_BENFORD
03,052,13,03,000002,93,9,RELLENO_NACIONAL_BENFORD
03,055,00,00,000026,91,9,RELLENO_NACIONAL_BENFORD
15,340,02,03,000013,96,9,RELLENO_NACIONAL_BENFORD
15,340,02,04,000005,97,9,RELLENO_NACIONAL_BENFORD
16,001,01,01,000010,96,9,RELLENO_NACIONAL_BENFORD
16,001,01,01,000063,81,8,RELLENO_NACIONAL_BENFORD
16,001,01,03,000014,85,8,RELLENO_NACIONAL_BENFORD
16,001,01,07,000025,91,9,RELLENO_NACIONAL_BENFORD
16,001,01,28,000017,98,9,RELLENO_NACIONAL_BENFORD
25,001,07,06,000015,96,9,RELLENO_NACIONAL_BENFORD
25,001,10,02,000033,81,8,RELLENO_NACIONAL_BENFORD
25,001,90,01,000018,9,9,RELLENO_NACIONAL_BENFORD
25,001,99,20,000010,87,8,RELLENO_NACIONAL_BENFORD
25,004,01,01,000020,93,9,RELLENO_NACIONAL_BENFORD
52,035,01,01,000013,85,8,RELLENO_NACIONAL_BENFORD
52,041,00,00,000019,99,9,RELLENO_NACIONAL_BENFORD
52,043,02,01,000015,93,9,RELLENO_NACIONAL_BENFORD
52,043,02,01,000025,93,9,RELLENO_NACIONAL_BENFORD
52,043,02,02,000014,86,8,RELLENO_NACIONAL_BENFORD
01,154,00,00,000006,87,8,RELLENO_NACIONAL_BENFORD
31,001,24,03,000009,98,9,RELLENO_NACIONAL_BENFORD
31,001,24,03,000010,86,8,RELLENO_NACIONAL_BENFORD
31,001,24,06,000022,90,9,RELLENO_NACIONAL_BENFORD
31,001,24,07,000005,99,9,RELLENO_NACIONAL_BENFORD
31,001,25,04,000035,91,9,RELLENO_NACIONAL_BENFORD
31,001,25,04,000060,87,8,RELLENO_NACIONAL_BENFORD
31,001,25,04,000062,83,8,RELLENO_NACIONAL_BENFORD
31,001,26,01,000023,93,9,RELLENO_NACIONAL_BENFORD
31,001,26,01,000027,98,9,RELLENO_NACIONAL_BENFORD
31,001,26,04,000016,95,9,RELLENO_NACIONAL_BENFORD
31,001,26,04,000017,84,8,RELLENO_NACIONAL_BENFORD
31,001,27,03,000004,82,8,RELLENO_NACIONAL_BENFORD
31,001,28,02,000033,80,8,RELLENO_NACIONAL_BENFORD
31,001,28,03,000018,8,8,RELLENO_NACIONAL_BENFORD
31,001,28,04,000003,88,8,RELLENO_NACIONAL_BENFORD
31,001,29,01,000044,97,9,RELLENO_NACIONAL_BENFORD
31,001,29,02,000025,82,8,RELLENO_NACIONAL_BENFORD
31,001,29,05,000033,88,8,RELLENO_NACIONAL_BENFORD
12,001,99,53,000003,8,8,RELLENO_NACIONAL_BENFORD
12,001,99,70,000005,84,8,RELLENO_NACIONAL_BENFORD
12,001,99,95,000003,90,9,RELLENO_NACIONAL_BENFORD
12,075,01,04,000021,97,9,RELLENO_NACIONAL_BENFORD
12,150,01,01,000002,83,8,RELLENO_NACIONAL_BENFORD
12,150,01,01,000013,94,9,RELLENO_NACIONAL_BENFORD
12,150,01,02,000013,97,9,RELLENO_NACIONAL_BENFORD
12,150,02,02,000022,85,8,RELLENO_NACIONAL_BENFORD
12,170,00,00,000021,98,9,RELLENO_NACIONAL_BENFORD
12,180,00,00,000005,84,8,RELLENO_NACIONAL_BENFORD
12,200,01,01,000006,85,8,RELLENO_NACIONAL_BENFORD
12,225,01,01,000016,82,8,RELLENO_NACIONAL_BENFORD
12,225,01,02,000007,85,8,RELLENO_NACIONAL_BENFORD
21,001,01,04,000002,82,8,RELLENO_NACIONAL_BENFORD
21,001,01,05,000001,94,9,RELLENO_NACIONAL_BENFORD
21,001,02,01,000016,92,9,RELLENO_NACIONAL_BENFORD
21,001,02,03,000007,92,9,RELLENO_NACIONAL_BENFORD
21,001,02,03,000017,94,9,RELLENO_NACIONAL_BENFORD
21,001,02,03,000021,88,8,RELLENO_NACIONAL_BENFORD
21,001,02,04,000007,90,9,RELLENO_NACIONAL_BENFORD
21,001,02,09,000023,87,8,RELLENO_NACIONAL_BENFORD
21,001,04,02,000001,98,9,RELLENO_NACIONAL_BENFORD
21,001,03,03,000003,89,8,RELLENO_NACIONAL_BENFORD
01,163,03,04,000017,85,8,RELLENO_NACIONAL_BENFORD
01,166,01,01,000014,92,9,RELLENO_NACIONAL_BENFORD
01,166,02,02,000015,81,8,RELLENO_NACIONAL_BENFORD
01,166,02,02,000017,90,9,RELLENO_NACIONAL_BENFORD
01,166,02,05,000003,91,9,RELLENO_NACIONAL_BENFORD
01,184,00,00,000006,8,8,RELLENO_NACIONAL_BENFORD
01,187,00,00,000012,95,9,RELLENO_NACIONAL_BENFORD
31,001,30,03,000026,86,8,RELLENO_NACIONAL_BENFORD
31,001,30,03,000027,84,8,RELLENO_NACIONAL_BENFORD
31,001,31,03,000002,88,8,RELLENO_NACIONAL_BENFORD
31,001,31,03,000009,96,9,RELLENO_NACIONAL_BENFORD
31,001,31,03,000014,93,9,RELLENO_NACIONAL_BENFORD
31,001,32,02,000021,86,8,RELLENO_NACIONAL_BENFORD
31,001,32,03,000006,88,8,RELLENO_NACIONAL_BENFORD
31,001,32,04,000007,97,9,RELLENO_NACIONAL_BENFORD
31,001,33,03,000041,81,8,RELLENO_NACIONAL_BENFORD
31,001,90,01,000031,99,9,RELLENO_NACIONAL_BENFORD
31,001,99,47,000023,9,9,RELLENO_NACIONAL_BENFORD
31,001,99,48,000003,9,9,RELLENO_NACIONAL_BENFORD
31,001,99,53,000004,96,9,RELLENO_NACIONAL_BENFORD
31,001,99,57,000001,95,9,RELLENO_NACIONAL_BENFORD
31,010,99,20,000001,80,8,RELLENO_NACIONAL_BENFORD
12,300,00,00,000025,94,9,RELLENO_NACIONAL_BENFORD
12,300,00,00,000038,80,8,RELLENO_NACIONAL_BENFORD
12,300,99,86,000001,82,8,RELLENO_NACIONAL_BENFORD
12,375,00,00,000002,91,9,RELLENO_NACIONAL_BENFORD
12,375,00,00,000017,91,9,RELLENO_NACIONAL_BENFORD
12,375,99,60,000003,81,8,RELLENO_NACIONAL_BENFORD
12,415,00,00,000002,82,8,RELLENO_NACIONAL_BENFORD
12,415,00,00,000003,86,8,RELLENO_NACIONAL_BENFORD
12,415,00,00,000006,89,8,RELLENO_NACIONAL_BENFORD
12,450,00,01,000016,97,9,RELLENO_NACIONAL_BENFORD
12,608,01,01,000003,84,8,RELLENO_NACIONAL_BENFORD
12,608,01,02,000012,94,9,RELLENO_NACIONAL_BENFORD
12,608,02,01,000015,97,9,RELLENO_NACIONAL_BENFORD
12,608,02,02,000012,87,8,RELLENO_NACIONAL_BENFORD
12,608,99,05,000001,92,9,RELLENO_NACIONAL_BENFORD
12,625,00,00,000014,99,9,RELLENO_NACIONAL_BENFORD
12,700,99,60,000004,85,8,RELLENO_NACIONAL_BENFORD
12,720,00,00,000033,81,8,RELLENO_NACIONAL_BENFORD
12,720,99,72,000001,91,9,RELLENO_NACIONAL_BENFORD
12,750,00,00,000029,89,8,RELLENO_NACIONAL_BENFORD
21,001,05,05,000019,92,9,RELLENO_NACIONAL_BENFORD
21,001,05,05,000021,89,8,RELLENO_NACIONAL_BENFORD
21,001,05,08,000008,98,9,RELLENO_NACIONAL_BENFORD
21,001,06,01,000004,88,8,RELLENO_NACIONAL_BENFORD
21,001,06,01,000010,84,8,RELLENO_NACIONAL_BENFORD
21,001,06,04,000005,87,8,RELLENO_NACIONAL_BENFORD
21,001,06,06,000004,88,8,RELLENO_NACIONAL_BENFORD
21,001,06,06,000008,87,8,RELLENO_NACIONAL_BENFORD
21,001,06,07,000013,83,8,RELLENO_NACIONAL_BENFORD
21,001,07,01,000002,84,8,RELLENO_NACIONAL_BENFORD
21,008,99,10,000001,84,8,RELLENO_NACIONAL_BENFORD
21,010,01,02,000006,83,8,RELLENO_NACIONAL_BENFORD
21,012,01,01,000016,87,8,RELLENO_NACIONAL_BENFORD
21,012,01,01,000031,85,8,RELLENO_NACIONAL_BENFORD
21,012,99,35,000008,83,8,RELLENO_NACIONAL_BENFORD
21,013,00,00,000001,83,8,RELLENO_NACIONAL_BENFORD
21,013,99,21,000002,98,9,RELLENO_NACIONAL_BENFORD
01,191,00,01,000003,88,8,RELLENO_NACIONAL_BENFORD
01,191,00,01,000004,94,9,RELLENO_NACIONAL_BENFORD
01,191,00,01,000016,93,9,RELLENO_NACIONAL_BENFORD
01,191,00,01,000029,82,8,RELLENO_NACIONAL_BENFORD
01,191,99,12,000003,93,9,RELLENO_NACIONAL_BENFORD
01,191,99,24,000002,85,8,RELLENO_NACIONAL_BENFORD
01,192,00,01,000032,81,8,RELLENO_NACIONAL_BENFORD
01,192,00,01,000045,82,8,RELLENO_NACIONAL_BENFORD
01,192,99,10,000006,87,8,RELLENO_NACIONAL_BENFORD
01,192,99,10,000008,8,8,RELLENO_NACIONAL_BENFORD
01,192,99,12,000005,90,9,RELLENO_NACIONAL_BENFORD
01,205,02,03,000011,85,8,RELLENO_NACIONAL_BENFORD
01,205,02,04,000004,88,8,RELLENO_NACIONAL_BENFORD
01,211,00,02,000019,8,8,RELLENO_NACIONAL_BENFORD
31,019,01,03,000014,87,8,RELLENO_NACIONAL_BENFORD
31,019,02,02,000012,8,8,RELLENO_NACIONAL_BENFORD
31,019,02,02,000014,8,8,RELLENO_NACIONAL_BENFORD
31,019,03,03,000024,8,8,RELLENO_NACIONAL_BENFORD
31,022,01,01,000001,95,9,RELLENO_NACIONAL_BENFORD
31,022,03,01,000001,98,9,RELLENO_NACIONAL_BENFORD
31,022,04,01,000013,82,8,RELLENO_NACIONAL_BENFORD
31,022,04,03,000011,94,9,RELLENO_NACIONAL_BENFORD
31,022,05,04,000002,9,9,RELLENO_NACIONAL_BENFORD
31,022,05,05,000005,92,9,RELLENO_NACIONAL_BENFORD
31,022,99,09,000001,84,8,RELLENO_NACIONAL_BENFORD
31,025,00,00,000017,98,9,RELLENO_NACIONAL_BENFORD
31,025,99,11,000001,89,8,RELLENO_NACIONAL_BENFORD
31,028,01,01,000008,89,8,RELLENO_NACIONAL_BENFORD
31,028,01,03,000007,84,8,RELLENO_NACIONAL_BENFORD
31,028,02,01,000010,83,8,RELLENO_NACIONAL_BENFORD
12,800,00,00,000042,83,8,RELLENO_NACIONAL_BENFORD
12,825,00,00,000026,82,8,RELLENO_NACIONAL_BENFORD
12,825,00,00,000046,82,8,RELLENO_NACIONAL_BENFORD
12,850,99,85,000001,98,9,RELLENO_NACIONAL_BENFORD
12,875,99,70,000002,82,8,RELLENO_NACIONAL_BENFORD
12,900,00,00,000012,82,8,RELLENO_NACIONAL_BENFORD
52,045,00,00,000043,97,9,RELLENO_NACIONAL_BENFORD
52,046,00,00,000002,91,9,RELLENO_NACIONAL_BENFORD
52,046,00,00,000005,95,9,RELLENO_NACIONAL_BENFORD
52,046,00,00,000010,91,9,RELLENO_NACIONAL_BENFORD
52,047,00,00,000012,93,9,RELLENO_NACIONAL_BENFORD
05,001,04,04,000002,81,8,RELLENO_NACIONAL_BENFORD
05,001,05,01,000011,88,8,RELLENO_NACIONAL_BENFORD
05,001,05,03,000004,87,8,RELLENO_NACIONAL_BENFORD
05,001,06,01,000017,88,8,RELLENO_NACIONAL_BENFORD
05,001,06,03,000008,85,8,RELLENO_NACIONAL_BENFORD
05,001,06,06,000006,90,9,RELLENO_NACIONAL_BENFORD
05,001,07,01,000008,99,9,RELLENO_NACIONAL_BENFORD
05,001,07,01,000010,86,8,RELLENO_NACIONAL_BENFORD
05,001,07,01,000032,8,8,RELLENO_NACIONAL_BENFORD
05,001,07,04,000005,80,8,RELLENO_NACIONAL_BENFORD
05,001,08,01,000006,89,8,RELLENO_NACIONAL_BENFORD
05,001,08,01,000009,89,8,RELLENO_NACIONAL_BENFORD
05,001,08,02,000005,89,8,RELLENO_NACIONAL_BENFORD
05,001,08,02,000015,93,9,RELLENO_NACIONAL_BENFORD
05,001,10,01,000010,99,9,RELLENO_NACIONAL_BENFORD
05,001,11,04,000007,8,8,RELLENO_NACIONAL_BENFORD
16,001,02,02,000031,94,9,RELLENO_NACIONAL_BENFORD
16,001,02,07,000018,89,8,RELLENO_NACIONAL_BENFORD
16,001,02,12,000011,81,8,RELLENO_NACIONAL_BENFORD
16,001,02,15,000008,96,9,RELLENO_NACIONAL_BENFORD
16,001,02,15,000016,94,9,RELLENO_NACIONAL_BENFORD
16,001,02,20,000012,99,9,RELLENO_NACIONAL_BENFORD
16,001,02,21,000007,83,8,RELLENO_NACIONAL_BENFORD
16,001,03,02,000002,93,9,RELLENO_NACIONAL_BENFORD
16,001,03,02,000006,93,9,RELLENO_NACIONAL_BENFORD
16,001,03,03,000001,99,9,RELLENO_NACIONAL_BENFORD
16,001,03,03,000003,92,9,RELLENO_NACIONAL_BENFORD
16,001,03,03,000005,84,8,RELLENO_NACIONAL_BENFORD
16,001,03,04,000008,91,9,RELLENO_NACIONAL_BENFORD
16,001,03,04,000011,81,8,RELLENO_NACIONAL_BENFORD
16,001,03,07,000002,80,8,RELLENO_NACIONAL_BENFORD
16,001,03,09,000011,86,8,RELLENO_NACIONAL_BENFORD
16,001,03,11,000004,91,9,RELLENO_NACIONAL_BENFORD
16,001,03,14,000004,99,9,RELLENO_NACIONAL_BENFORD
16,001,03,20,000002,88,8,RELLENO_NACIONAL_BENFORD
16,001,04,03,000013,94,9,RELLENO_NACIONAL_BENFORD
25,025,99,01,000001,93,9,RELLENO_NACIONAL_BENFORD
25,037,99,43,000001,9,9,RELLENO_NACIONAL_BENFORD
25,038,01,03,000002,86,8,RELLENO_NACIONAL_BENFORD
25,054,01,01,000011,94,9,RELLENO_NACIONAL_BENFORD
25,054,01,04,000018,82,8,RELLENO_NACIONAL_BENFORD
25,054,01,06,000003,96,9,RELLENO_NACIONAL_BENFORD
25,054,02,05,000006,85,8,RELLENO_NACIONAL_BENFORD
52,049,00,00,000013,98,9,RELLENO_NACIONAL_BENFORD
52,049,00,00,000022,84,8,RELLENO_NACIONAL_BENFORD
52,049,99,10,000002,8,8,RELLENO_NACIONAL_BENFORD
52,050,00,00,000048,88,8,RELLENO_NACIONAL_BENFORD
52,050,00,00,000049,84,8,RELLENO_NACIONAL_BENFORD
52,080,00,00,000019,88,8,RELLENO_NACIONAL_BENFORD
54,001,01,02,000016,91,9,RELLENO_NACIONAL_BENFORD
54,001,01,02,000017,91,9,RELLENO_NACIONAL_BENFORD
54,001,02,01,000013,97,9,RELLENO_NACIONAL_BENFORD
54,001,02,02,000011,83,8,RELLENO_NACIONAL_BENFORD
56,001,01,02,000001,99,9,RELLENO_NACIONAL_BENFORD
56,001,02,03,000007,82,8,RELLENO_NACIONAL_BENFORD
64,001,01,03,000001,85,8,RELLENO_NACIONAL_BENFORD
64,002,01,03,000002,99,9,RELLENO_NACIONAL_BENFORD
64,002,02,01,000002,93,9,RELLENO_NACIONAL_BENFORD
05,001,12,01,000027,9,9,RELLENO_NACIONAL_BENFORD
05,001,16,01,000003,81,8,RELLENO_NACIONAL_BENFORD
05,001,17,02,000004,98,9,RELLENO_NACIONAL_BENFORD
05,001,17,03,000005,99,9,RELLENO_NACIONAL_BENFORD
05,001,18,01,000003,97,9,RELLENO_NACIONAL_BENFORD
05,001,18,01,000021,94,9,RELLENO_NACIONAL_BENFORD
05,001,18,02,000004,95,9,RELLENO_NACIONAL_BENFORD
05,001,18,02,000020,92,9,RELLENO_NACIONAL_BENFORD
16,001,04,09,000006,96,9,RELLENO_NACIONAL_BENFORD
16,001,04,11,000009,89,8,RELLENO_NACIONAL_BENFORD
16,001,04,13,000004,95,9,RELLENO_NACIONAL_BENFORD
16,001,04,14,000003,92,9,RELLENO_NACIONAL_BENFORD
16,001,04,19,000002,96,9,RELLENO_NACIONAL_BENFORD
16,001,04,19,000003,84,8,RELLENO_NACIONAL_BENFORD
16,001,04,21,000007,94,9,RELLENO_NACIONAL_BENFORD
16,001,05,01,000004,97,9,RELLENO_NACIONAL_BENFORD
16,001,05,04,000008,94,9,RELLENO_NACIONAL_BENFORD
16,001,05,06,000007,98,9,RELLENO_NACIONAL_BENFORD
16,001,05,06,000008,96,9,RELLENO_NACIONAL_BENFORD
16,001,05,06,000012,90,9,RELLENO_NACIONAL_BENFORD
16,001,05,06,000021,80,8,RELLENO_NACIONAL_BENFORD
16,001,05,09,000008,96,9,RELLENO_NACIONAL_BENFORD
25,064,01,04,000010,87,8,RELLENO_NACIONAL_BENFORD
25,064,01,04,000013,83,8,RELLENO_NACIONAL_BENFORD
25,069,01,02,000009,83,8,RELLENO_NACIONAL_BENFORD
25,069,02,01,000003,83,8,RELLENO_NACIONAL_BENFORD
25,070,99,82,000001,82,8,RELLENO_NACIONAL_BENFORD
25,079,00,00,000009,87,8,RELLENO_NACIONAL_BENFORD
25,093,01,01,000022,86,8,RELLENO_NACIONAL_BENFORD
25,093,02,02,000004,91,9,RELLENO_NACIONAL_BENFORD
64,007,00,00,000001,98,9,RELLENO_NACIONAL_BENFORD
64,007,00,00,000004,92,9,RELLENO_NACIONAL_BENFORD
64,007,99,05,000001,93,9,RELLENO_NACIONAL_BENFORD
64,019,00,00,000014,89,8,RELLENO_NACIONAL_BENFORD
64,023,99,18,000003,8,8,RELLENO_NACIONAL_BENFORD
64,030,00,01,000008,91,9,RELLENO_NACIONAL_BENFORD
64,030,99,10,000001,8,8,RELLENO_NACIONAL_BENFORD
68,013,99,50,000001,8,8,RELLENO_NACIONAL_BENFORD
72,001,00,01,000026,91,9,RELLENO_NACIONAL_BENFORD
72,001,00,01,000032,83,8,RELLENO_NACIONAL_BENFORD
72,001,00,01,000044,85,8,RELLENO_NACIONAL_BENFORD
72,001,00,02,000009,8,8,RELLENO_NACIONAL_BENFORD
72,002,99,10,000001,93,9,RELLENO_NACIONAL_BENFORD
72,006,99,57,000001,9,9,RELLENO_NACIONAL_BENFORD
88,120,15,85,000002,85,8,RELLENO_NACIONAL_BENFORD
88,140,10,84,000001,95,9,RELLENO_NACIONAL_BENFORD
16,001,07,79,000006,92,9,RELLENO_NACIONAL_BENFORD
16,001,08,10,000027,83,8,RELLENO_NACIONAL_BENFORD
16,001,08,15,000003,92,9,RELLENO_NACIONAL_BENFORD
16,001,08,16,000018,90,9,RELLENO_NACIONAL_BENFORD
16,001,08,19,000024,83,8,RELLENO_NACIONAL_BENFORD
16,001,08,23,000023,91,9,RELLENO_NACIONAL_BENFORD
16,001,08,29,000028,94,9,RELLENO_NACIONAL_BENFORD
16,001,08,33,000017,86,8,RELLENO_NACIONAL_BENFORD
16,001,05,18,000010,99,9,RELLENO_NACIONAL_BENFORD
16,001,05,19,000010,96,9,RELLENO_NACIONAL_BENFORD
16,001,05,23,000006,89,8,RELLENO_NACIONAL_BENFORD
16,001,05,24,000002,86,8,RELLENO_NACIONAL_BENFORD
16,001,05,26,000002,93,9,RELLENO_NACIONAL_BENFORD
16,001,05,28,000002,97,9,RELLENO_NACIONAL_BENFORD
03,001,24,01,000018,91,9,RELLENO_NACIONAL_BENFORD
03,001,24,02,000013,95,9,RELLENO_NACIONAL_BENFORD
03,001,24,02,000015,85,8,RELLENO_NACIONAL_BENFORD
03,001,24,04,000021,95,9,RELLENO_NACIONAL_BENFORD
03,001,25,02,000006,95,9,RELLENO_NACIONAL_BENFORD
03,001,25,02,000007,96,9,RELLENO_NACIONAL_BENFORD
03,001,25,02,000012,86,8,RELLENO_NACIONAL_BENFORD
03,001,26,01,000021,89,8,RELLENO_NACIONAL_BENFORD
03,001,26,01,000024,83,8,RELLENO_NACIONAL_BENFORD
03,001,26,03,000024,88,8,RELLENO_NACIONAL_BENFORD
03,001,26,04,000013,82,8,RELLENO_NACIONAL_BENFORD
03,001,26,04,000014,84,8,RELLENO_NACIONAL_BENFORD
03,001,26,04,000015,87,8,RELLENO_NACIONAL_BENFORD
03,001,27,02,000006,86,8,RELLENO_NACIONAL_BENFORD
03,001,27,03,000008,84,8,RELLENO_NACIONAL_BENFORD
15,088,01,02,000010,82,8,RELLENO_NACIONAL_BENFORD
15,088,01,04,000019,81,8,RELLENO_NACIONAL_BENFORD
15,088,02,01,000008,83,8,RELLENO_NACIONAL_BENFORD
15,088,02,01,000012,96,9,RELLENO_NACIONAL_BENFORD
15,088,02,09,000003,99,9,RELLENO_NACIONAL_BENFORD
15,094,01,02,000010,84,8,RELLENO_NACIONAL_BENFORD
15,094,01,05,000007,85,8,RELLENO_NACIONAL_BENFORD
15,094,02,02,000016,93,9,RELLENO_NACIONAL_BENFORD
15,094,02,04,000011,96,9,RELLENO_NACIONAL_BENFORD
15,094,02,05,000004,94,9,RELLENO_NACIONAL_BENFORD
21,001,02,03,000003,92,9,RELLENO_NACIONAL_BENFORD
21,001,02,04,000010,81,8,RELLENO_NACIONAL_BENFORD
21,001,02,05,000009,92,9,RELLENO_NACIONAL_BENFORD
21,001,02,09,000022,97,9,RELLENO_NACIONAL_BENFORD
21,001,02,09,000030,90,9,RELLENO_NACIONAL_BENFORD
21,001,02,09,000033,80,8,RELLENO_NACIONAL_BENFORD
21,001,05,01,000009,82,8,RELLENO_NACIONAL_BENFORD
01,168,00,00,000011,93,9,RELLENO_NACIONAL_BENFORD
01,168,00,00,000014,99,9,RELLENO_NACIONAL_BENFORD
01,168,00,00,000017,93,9,RELLENO_NACIONAL_BENFORD
01,168,99,15,000001,84,8,RELLENO_NACIONAL_BENFORD
31,001,29,06,000002,80,8,RELLENO_NACIONAL_BENFORD
31,001,30,03,000020,94,9,RELLENO_NACIONAL_BENFORD
31,001,30,05,000016,86,8,RELLENO_NACIONAL_BENFORD
31,001,31,01,000003,83,8,RELLENO_NACIONAL_BENFORD
31,001,31,03,000017,82,8,RELLENO_NACIONAL_BENFORD
31,001,31,03,000022,83,8,RELLENO_NACIONAL_BENFORD
31,001,31,03,000024,96,9,RELLENO_NACIONAL_BENFORD
31,001,32,04,000001,95,9,RELLENO_NACIONAL_BENFORD
31,001,99,09,000002,96,9,RELLENO_NACIONAL_BENFORD
31,001,99,13,000005,82,8,RELLENO_NACIONAL_BENFORD
31,001,99,47,000006,87,8,RELLENO_NACIONAL_BENFORD
31,007,00,00,000003,95,9,RELLENO_NACIONAL_BENFORD
31,007,00,00,000017,99,9,RELLENO_NACIONAL_BENFORD
31,010,00,00,000031,87,8,RELLENO_NACIONAL_BENFORD
12,225,02,01,000017,82,8,RELLENO_NACIONAL_BENFORD
12,225,02,01,000018,95,9,RELLENO_NACIONAL_BENFORD
12,300,00,00,000007,89,8,RELLENO_NACIONAL_BENFORD
12,300,00,00,000023,83,8,RELLENO_NACIONAL_BENFORD
12,300,00,00,000031,83,8,RELLENO_NACIONAL_BENFORD
12,300,99,27,000004,91,9,RELLENO_NACIONAL_BENFORD
12,375,00,00,000007,92,9,RELLENO_NACIONAL_BENFORD
12,375,00,00,000011,97,9,RELLENO_NACIONAL_BENFORD
12,375,00,00,000016,92,9,RELLENO_NACIONAL_BENFORD
12,375,00,00,000020,90,9,RELLENO_NACIONAL_BENFORD
12,375,99,10,000003,98,9,RELLENO_NACIONAL_BENFORD
12,375,99,15,000003,93,9,RELLENO_NACIONAL_BENFORD
12,410,01,01,000012,96,9,RELLENO_NACIONAL_BENFORD
12,410,01,02,000001,97,9,RELLENO_NACIONAL_BENFORD
12,410,02,02,000001,86,8,RELLENO_NACIONAL_BENFORD
12,410,99,20,000003,94,9,RELLENO_NACIONAL_BENFORD
12,415,99,12,000016,92,9,RELLENO_NACIONAL_BENFORD
12,415,99,12,000021,88,8,RELLENO_NACIONAL_BENFORD
12,415,99,17,000004,82,8,RELLENO_NACIONAL_BENFORD
12,450,00,01,000012,89,8,RELLENO_NACIONAL_BENFORD
12,525,00,00,000005,99,9,RELLENO_NACIONAL_BENFORD
12,608,01,01,000013,97,9,RELLENO_NACIONAL_BENFORD
12,608,01,02,000007,86,8,RELLENO_NACIONAL_BENFORD
12,608,02,01,000011,95,9,RELLENO_NACIONAL_BENFORD
12,608,02,01,000012,85,8,RELLENO_NACIONAL_BENFORD
12,625,00,00,000011,96,9,RELLENO_NACIONAL_BENFORD
12,625,00,00,000020,89,8,RELLENO_NACIONAL_BENFORD
12,650,00,00,000041,99,9,RELLENO_NACIONAL_BENFORD
12,720,00,00,000036,87,8,RELLENO_NACIONAL_BENFORD
12,750,00,00,000020,94,9,RELLENO_NACIONAL_BENFORD
21,001,05,04,000020,90,9,RELLENO_NACIONAL_BENFORD
21,001,06,01,000012,94,9,RELLENO_NACIONAL_BENFORD
21,001,06,01,000015,83,8,RELLENO_NACIONAL_BENFORD
21,001,06,01,000022,97,9,RELLENO_NACIONAL_BENFORD
21,001,06,02,000006,83,8,RELLENO_NACIONAL_BENFORD
21,001,06,04,000007,89,8,RELLENO_NACIONAL_BENFORD
21,001,06,06,000003,99,9,RELLENO_NACIONAL_BENFORD
21,001,06,06,000015,82,8,RELLENO_NACIONAL_BENFORD
21,001,06,09,000008,87,8,RELLENO_NACIONAL_BENFORD
21,001,07,02,000013,99,9,RELLENO_NACIONAL_BENFORD
21,001,07,02,000016,91,9,RELLENO_NACIONAL_BENFORD
21,001,07,02,000023,80,8,RELLENO_NACIONAL_BENFORD
21,001,08,01,000001,84,8,RELLENO_NACIONAL_BENFORD
21,001,08,01,000021,81,8,RELLENO_NACIONAL_BENFORD
21,001,08,03,000012,86,8,RELLENO_NACIONAL_BENFORD
21,001,08,04,000012,93,9,RELLENO_NACIONAL_BENFORD
21,001,08,04,000014,88,8,RELLENO_NACIONAL_BENFORD
21,001,90,01,000018,97,9,RELLENO_NACIONAL_BENFORD
21,001,99,02,000012,83,8,RELLENO_NACIONAL_BENFORD
21,001,99,13,000001,97,9,RELLENO_NACIONAL_BENFORD
21,012,01,01,000026,89,8,RELLENO_NACIONAL_BENFORD
21,013,00,00,000005,94,9,RELLENO_NACIONAL_BENFORD
21,013,00,00,000014,84,8,RELLENO_NACIONAL_BENFORD
01,191,00,01,000008,82,8,RELLENO_NACIONAL_BENFORD
01,191,99,15,000001,83,8,RELLENO_NACIONAL_BENFORD
01,191,99,17,000003,9,9,RELLENO_NACIONAL_BENFORD
01,192,00,01,000002,96,9,RELLENO_NACIONAL_BENFORD
01,192,00,01,000033,81,8,RELLENO_NACIONAL_BENFORD
01,192,99,12,000003,97,9,RELLENO_NACIONAL_BENFORD
01,192,99,16,000003,94,9,RELLENO_NACIONAL_BENFORD
01,192,99,23,000007,99,9,RELLENO_NACIONAL_BENFORD
01,199,00,00,000009,87,8,RELLENO_NACIONAL_BENFORD
01,205,01,01,000007,89,8,RELLENO_NACIONAL_BENFORD
01,205,01,03,000004,93,9,RELLENO_NACIONAL_BENFORD
01,205,01,04,000008,81,8,RELLENO_NACIONAL_BENFORD
01,205,01,04,000009,80,8,RELLENO_NACIONAL_BENFORD
01,205,02,04,000002,81,8,RELLENO_NACIONAL_BENFORD
01,208,00,01,000017,95,9,RELLENO_NACIONAL_BENFORD
01,214,02,02,000014,89,8,RELLENO_NACIONAL_BENFORD
31,019,02,08,000014,9,9,RELLENO_NACIONAL_BENFORD
31,019,06,03,000005,80,8,RELLENO_NACIONAL_BENFORD
31,019,99,94,000001,8,8,RELLENO_NACIONAL_BENFORD
31,022,02,01,000004,90,9,RELLENO_NACIONAL_BENFORD
31,022,03,01,000004,85,8,RELLENO_NACIONAL_BENFORD
31,022,04,03,000001,94,9,RELLENO_NACIONAL_BENFORD
31,022,04,03,000016,96,9,RELLENO_NACIONAL_BENFORD
31,022,99,03,000001,87,8,RELLENO_NACIONAL_BENFORD
31,028,02,01,000008,89,8,RELLENO_NACIONAL_BENFORD
12,800,00,00,000024,90,9,RELLENO_NACIONAL_BENFORD
12,800,00,00,000029,97,9,RELLENO_NACIONAL_BENFORD
12,800,00,00,000030,93,9,RELLENO_NACIONAL_BENFORD
12,800,00,00,000044,97,9,RELLENO_NACIONAL_BENFORD
12,800,00,00,000049,96,9,RELLENO_NACIONAL_BENFORD
12,850,00,00,000017,88,8,RELLENO_NACIONAL_BENFORD
52,045,99,20,000002,8,8,RELLENO_NACIONAL_BENFORD
52,048,99,90,000001,81,8,RELLENO_NACIONAL_BENFORD
05,001,05,01,000012,83,8,RELLENO_NACIONAL_BENFORD
05,001,06,01,000003,83,8,RELLENO_NACIONAL_BENFORD
05,001,06,02,000006,91,9,RELLENO_NACIONAL_BENFORD
05,001,06,02,000014,92,9,RELLENO_NACIONAL_BENFORD
05,001,06,03,000007,93,9,RELLENO_NACIONAL_BENFORD
05,001,07,01,000005,84,8,RELLENO_NACIONAL_BENFORD
05,001,07,01,000011,98,9,RELLENO_NACIONAL_BENFORD
05,001,07,01,000014,86,8,RELLENO_NACIONAL_BENFORD
05,001,07,02,000008,91,9,RELLENO_NACIONAL_BENFORD
05,001,07,02,000011,86,8,RELLENO_NACIONAL_BENFORD
05,001,07,04,000004,99,9,RELLENO_NACIONAL_BENFORD
05,001,08,01,000026,92,9,RELLENO_NACIONAL_BENFORD
05,001,10,01,000025,99,9,RELLENO_NACIONAL_BENFORD
05,001,10,03,000005,88,8,RELLENO_NACIONAL_BENFORD
05,001,10,03,000006,84,8,RELLENO_NACIONAL_BENFORD
05,001,11,01,000034,8,8,RELLENO_NACIONAL_BENFORD
16,001,01,44,000010,86,8,RELLENO_NACIONAL_BENFORD
16,001,01,52,000004,91,9,RELLENO_NACIONAL_BENFORD
16,001,01,61,000006,81,8,RELLENO_NACIONAL_BENFORD
16,001,02,02,000021,88,8,RELLENO_NACIONAL_BENFORD
16,001,02,24,000011,92,9,RELLENO_NACIONAL_BENFORD
16,001,03,04,000004,96,9,RELLENO_NACIONAL_BENFORD
16,001,03,06,000001,86,8,RELLENO_NACIONAL_BENFORD
16,001,03,09,000001,80,8,RELLENO_NACIONAL_BENFORD
16,001,03,09,000006,90,9,RELLENO_NACIONAL_BENFORD
16,001,03,11,000008,94,9,RELLENO_NACIONAL_BENFORD
16,001,03,16,000008,80,8,RELLENO_NACIONAL_BENFORD
16,001,04,03,000006,98,9,RELLENO_NACIONAL_BENFORD
16,001,04,03,000009,91,9,RELLENO_NACIONAL_BENFORD
16,001,04,03,000010,93,9,RELLENO_NACIONAL_BENFORD
16,001,04,04,000008,85,8,RELLENO_NACIONAL_BENFORD
25,022,00,00,000019,95,9,RELLENO_NACIONAL_BENFORD
25,022,00,00,000022,97,9,RELLENO_NACIONAL_BENFORD
25,028,00,01,000032,92,9,RELLENO_NACIONAL_BENFORD
25,037,99,43,000002,9,9,RELLENO_NACIONAL_BENFORD
25,051,99,41,000002,8,8,RELLENO_NACIONAL_BENFORD
25,054,01,01,000009,83,8,RELLENO_NACIONAL_BENFORD
25,054,01,03,000015,82,8,RELLENO_NACIONAL_BENFORD
25,054,01,04,000014,80,8,RELLENO_NACIONAL_BENFORD
25,054,01,05,000011,95,9,RELLENO_NACIONAL_BENFORD
52,050,00,00,000031,90,9,RELLENO_NACIONAL_BENFORD
52,060,00,01,000021,93,9,RELLENO_NACIONAL_BENFORD
52,060,00,02,000027,81,8,RELLENO_NACIONAL_BENFORD
54,001,01,01,000003,95,9,RELLENO_NACIONAL_BENFORD
54,001,01,02,000003,87,8,RELLENO_NACIONAL_BENFORD
54,001,02,02,000010,95,9,RELLENO_NACIONAL_BENFORD
54,001,02,02,000013,98,9,RELLENO_NACIONAL_BENFORD
54,012,99,12,000001,8,8,RELLENO_NACIONAL_BENFORD
56,001,01,01,000007,83,8,RELLENO_NACIONAL_BENFORD
56,001,01,01,000014,87,8,RELLENO_NACIONAL_BENFORD
56,001,01,01,000023,90,9,RELLENO_NACIONAL_BENFORD
56,001,01,03,000002,82,8,RELLENO_NACIONAL_BENFORD
64,001,01,02,000001,81,8,RELLENO_NACIONAL_BENFORD
64,001,02,05,000001,87,8,RELLENO_NACIONAL_BENFORD
05,001,15,04,000001,83,8,RELLENO_NACIONAL_BENFORD
05,001,16,02,000007,97,9,RELLENO_NACIONAL_BENFORD
05,001,16,02,000011,83,8,RELLENO_NACIONAL_BENFORD
05,001,17,01,000004,84,8,RELLENO_NACIONAL_BENFORD
05,001,18,01,000019,98,9,RELLENO_NACIONAL_BENFORD
05,001,18,02,000013,85,8,RELLENO_NACIONAL_BENFORD
16,001,04,09,000010,93,9,RELLENO_NACIONAL_BENFORD
16,001,04,09,000013,90,9,RELLENO_NACIONAL_BENFORD
16,001,04,10,000003,89,8,RELLENO_NACIONAL_BENFORD
16,001,04,11,000007,87,8,RELLENO_NACIONAL_BENFORD
16,001,04,15,000010,94,9,RELLENO_NACIONAL_BENFORD
16,001,04,16,000009,84,8,RELLENO_NACIONAL_BENFORD
16,001,04,17,000006,86,8,RELLENO_NACIONAL_BENFORD
16,001,04,17,000009,81,8,RELLENO_NACIONAL_BENFORD
16,001,04,18,000001,83,8,RELLENO_NACIONAL_BENFORD
16,001,04,20,000008,86,8,RELLENO_NACIONAL_BENFORD
16,001,04,21,000004,95,9,RELLENO_NACIONAL_BENFORD
16,001,04,24,000003,95,9,RELLENO_NACIONAL_BENFORD
16,001,04,35,000002,89,8,RELLENO_NACIONAL_BENFORD
16,001,04,40,000005,93,9,RELLENO_NACIONAL_BENFORD
16,001,05,03,000004,88,8,RELLENO_NACIONAL_BENFORD
16,001,05,03,000008,80,8,RELLENO_NACIONAL_BENFORD
16,001,05,03,000012,95,9,RELLENO_NACIONAL_BENFORD
16,001,05,05,000018,91,9,RELLENO_NACIONAL_BENFORD
16,001,05,06,000009,93,9,RELLENO_NACIONAL_BENFORD
16,001,05,06,000014,87,8,RELLENO_NACIONAL_BENFORD
16,001,05,07,000005,88,8,RELLENO_NACIONAL_BENFORD
16,001,05,09,000014,89,8,RELLENO_NACIONAL_BENFORD
16,001,05,10,000013,96,9,RELLENO_NACIONAL_BENFORD
16,001,05,11,000002,82,8,RELLENO_NACIONAL_BENFORD
16,001,05,13,000011,86,8,RELLENO_NACIONAL_BENFORD
25,061,02,07,000005,94,9,RELLENO_NACIONAL_BENFORD
25,064,01,04,000005,93,9,RELLENO_NACIONAL_BENFORD
25,064,01,04,000009,88,8,RELLENO_NACIONAL_BENFORD
25,069,01,01,000006,96,9,RELLENO_NACIONAL_BENFORD
25,069,02,02,000006,8,8,RELLENO_NACIONAL_BENFORD
25,079,00,00,000010,82,8,RELLENO_NACIONAL_BENFORD
64,002,99,30,000004,9,9,RELLENO_NACIONAL_BENFORD
64,019,00,00,000005,91,9,RELLENO_NACIONAL_BENFORD
64,025,99,45,000001,93,9,RELLENO_NACIONAL_BENFORD
64,030,00,01,000010,89,8,RELLENO_NACIONAL_BENFORD
68,001,99,95,000001,9,9,RELLENO_NACIONAL_BENFORD
72,001,00,01,000014,93,9,RELLENO_NACIONAL_BENFORD
72,006,99,70,000001,8,8,RELLENO_NACIONAL_BENFORD
88,120,05,04,000004,86,8,RELLENO_NACIONAL_BENFORD
88,120,15,04,000002,91,9,RELLENO_NACIONAL_BENFORD
16,001,07,61,000006,92,9,RELLENO_NACIONAL_BENFORD
16,001,07,61,000020,9,9,RELLENO_NACIONAL_BENFORD
16,001,08,13,000015,93,9,RELLENO_NACIONAL_BENFORD
16,001,08,13,000017,81,8,RELLENO_NACIONAL_BENFORD
16,001,08,30,000021,82,8,RELLENO_NACIONAL_BENFORD
16,001,05,15,000008,90,9,RELLENO_NACIONAL_BENFORD
16,001,05,18,000004,99,9,RELLENO_NACIONAL_BENFORD
16,001,05,18,000006,94,9,RELLENO_NACIONAL_BENFORD
16,001,05,18,000007,91,9,RELLENO_NACIONAL_BENFORD
16,001,05,18,000012,90,9,RELLENO_NACIONAL_BENFORD
16,001,05,19,000006,86,8,RELLENO_NACIONAL_BENFORD
16,001,05,19,000007,99,9,RELLENO_NACIONAL_BENFORD
16,001,05,21,000010,80,8,RELLENO_NACIONAL_BENFORD
16,001,05,26,000004,88,8,RELLENO_NACIONAL_BENFORD
03,001,23,01,000008,98,9,RELLENO_NACIONAL_BENFORD
03,001,24,02,000005,87,8,RELLENO_NACIONAL_BENFORD
03,001,24,04,000002,87,8,RELLENO_NACIONAL_BENFORD
03,001,24,04,000034,84,8,RELLENO_NACIONAL_BENFORD
03,001,25,01,000007,81,8,RELLENO_NACIONAL_BENFORD
03,001,25,04,000005,80,8,RELLENO_NACIONAL_BENFORD
03,001,26,01,000007,87,8,RELLENO_NACIONAL_BENFORD
03,001,26,01,000010,92,9,RELLENO_NACIONAL_BENFORD
03,001,26,01,000020,88,8,RELLENO_NACIONAL_BENFORD
03,001,26,02,000004,82,8,RELLENO_NACIONAL_BENFORD
03,001,26,03,000022,93,9,RELLENO_NACIONAL_BENFORD
03,001,26,04,000020,83,8,RELLENO_NACIONAL_BENFORD
03,001,27,02,000012,95,9,RELLENO_NACIONAL_BENFORD
03,001,27,02,000024,8,8,RELLENO_NACIONAL_BENFORD
15,088,01,01,000017,98,9,RELLENO_NACIONAL_BENFORD
15,088,01,07,000005,92,9,RELLENO_NACIONAL_BENFORD
15,088,02,01,000009,90,9,RELLENO_NACIONAL_BENFORD
15,202,00,01,000011,90,9,RELLENO_NACIONAL_BENFORD
15,239,01,03,000004,87,8,RELLENO_NACIONAL_BENFORD
15,239,02,03,000003,83,8,RELLENO_NACIONAL_BENFORD
15,239,02,03,000005,80,8,RELLENO_NACIONAL_BENFORD
15,247,01,01,000008,89,8,RELLENO_NACIONAL_BENFORD
15,247,01,02,000010,84,8,RELLENO_NACIONAL_BENFORD
15,247,01,09,000006,88,8,RELLENO_NACIONAL_BENFORD
15,247,02,01,000004,86,8,RELLENO_NACIONAL_BENFORD
24,001,99,74,000005,81,8,RELLENO_NACIONAL_BENFORD
24,001,99,81,000011,90,9,RELLENO_NACIONAL_BENFORD
24,025,06,01,000017,95,9,RELLENO_NACIONAL_BENFORD
24,025,07,01,000026,95,9,RELLENO_NACIONAL_BENFORD
24,025,10,02,000007,85,8,RELLENO_NACIONAL_BENFORD
24,025,12,01,000018,93,9,RELLENO_NACIONAL_BENFORD
24,025,12,02,000001,87,8,RELLENO_NACIONAL_BENFORD
24,038,00,00,000013,96,9,RELLENO_NACIONAL_BENFORD
48,006,00,00,000022,96,9,RELLENO_NACIONAL_BENFORD
48,007,99,20,000005,85,8,RELLENO_NACIONAL_BENFORD
48,010,02,03,000001,84,8,RELLENO_NACIONAL_BENFORD
48,010,03,01,000010,93,9,RELLENO_NACIONAL_BENFORD
48,010,99,35,000002,9,9,RELLENO_NACIONAL_BENFORD
03,022,01,01,000002,83,8,RELLENO_NACIONAL_BENFORD
03,022,01,01,000017,80,8,RELLENO_NACIONAL_BENFORD
03,022,02,01,000007,82,8,RELLENO_NACIONAL_BENFORD
03,022,03,01,000022,84,8,RELLENO_NACIONAL_BENFORD
03,028,01,02,000004,92,9,RELLENO_NACIONAL_BENFORD
03,028,02,01,000007,88,8,RELLENO_NACIONAL_BENFORD
03,035,00,00,000029,88,8,RELLENO_NACIONAL_BENFORD
03,035,99,35,000011,94,9,RELLENO_NACIONAL_BENFORD
03,037,99,08,000006,98,9,RELLENO_NACIONAL_BENFORD
03,040,00,00,000002,98,9,RELLENO_NACIONAL_BENFORD
03,040,00,00,000036,93,9,RELLENO_NACIONAL_BENFORD
15,247,02,02,000004,94,9,RELLENO_NACIONAL_BENFORD
15,247,02,03,000004,99,9,RELLENO_NACIONAL_BENFORD
15,247,02,05,000010,84,8,RELLENO_NACIONAL_BENFORD
15,247,02,10,000006,96,9,RELLENO_NACIONAL_BENFORD
15,247,03,01,000004,98,9,RELLENO_NACIONAL_BENFORD
15,247,03,12,000027,89,8,RELLENO_NACIONAL_BENFORD
15,247,04,02,000008,93,9,RELLENO_NACIONAL_BENFORD
15,247,05,02,000008,91,9,RELLENO_NACIONAL_BENFORD
15,247,06,01,000009,97,9,RELLENO_NACIONAL_BENFORD
15,259,00,00,000022,80,8,RELLENO_NACIONAL_BENFORD
24,078,00,01,000002,92,9,RELLENO_NACIONAL_BENFORD
24,078,00,01,000011,95,9,RELLENO_NACIONAL_BENFORD
24,086,01,02,000009,94,9,RELLENO_NACIONAL_BENFORD
24,086,01,03,000015,90,9,RELLENO_NACIONAL_BENFORD
24,086,01,05,000022,80,8,RELLENO_NACIONAL_BENFORD
24,086,99,15,000004,83,8,RELLENO_NACIONAL_BENFORD
25,001,02,01,000038,8,8,RELLENO_NACIONAL_BENFORD
48,013,01,02,000010,88,8,RELLENO_NACIONAL_BENFORD
48,013,02,02,000017,82,8,RELLENO_NACIONAL_BENFORD
48,013,99,45,000002,81,8,RELLENO_NACIONAL_BENFORD
48,016,99,10,000005,9,9,RELLENO_NACIONAL_BENFORD
48,020,01,01,000006,89,8,RELLENO_NACIONAL_BENFORD
48,020,01,01,000011,87,8,RELLENO_NACIONAL_BENFORD
48,020,01,02,000001,86,8,RELLENO_NACIONAL_BENFORD
48,020,02,02,000005,85,8,RELLENO_NACIONAL_BENFORD
50,001,01,02,000005,95,9,RELLENO_NACIONAL_BENFORD
52,001,02,02,000022,82,8,RELLENO_NACIONAL_BENFORD
03,046,02,03,000011,80,8,RELLENO_NACIONAL_BENFORD
03,047,00,00,000008,99,9,RELLENO_NACIONAL_BENFORD
03,047,00,00,000026,98,9,RELLENO_NACIONAL_BENFORD
03,049,02,01,000010,84,8,RELLENO_NACIONAL_BENFORD
03,049,02,01,000013,87,8,RELLENO_NACIONAL_BENFORD
03,052,01,01,000004,81,8,RELLENO_NACIONAL_BENFORD
03,052,01,01,000006,85,8,RELLENO_NACIONAL_BENFORD
03,052,03,01,000015,86,8,RELLENO_NACIONAL_BENFORD
03,052,03,02,000008,87,8,RELLENO_NACIONAL_BENFORD
03,052,03,05,000007,98,9,RELLENO_NACIONAL_BENFORD
03,052,04,02,000001,82,8,RELLENO_NACIONAL_BENFORD
03,052,05,02,000010,90,9,RELLENO_NACIONAL_BENFORD
03,052,05,03,000005,80,8,RELLENO_NACIONAL_BENFORD
03,052,06,02,000006,83,8,RELLENO_NACIONAL_BENFORD
03,052,06,02,000013,81,8,RELLENO_NACIONAL_BENFORD
03,052,06,03,000011,81,8,RELLENO_NACIONAL_BENFORD
15,280,00,02,000004,99,9,RELLENO_NACIONAL_BENFORD
15,289,00,02,000009,87,8,RELLENO_NACIONAL_BENFORD
15,340,01,04,000016,84,8,RELLENO_NACIONAL_BENFORD
15,340,02,02,000016,95,9,RELLENO_NACIONAL_BENFORD
25,001,06,07,000010,93,9,RELLENO_NACIONAL_BENFORD
52,001,04,04,000010,80,8,RELLENO_NACIONAL_BENFORD
52,001,06,02,000022,97,9,RELLENO_NACIONAL_BENFORD
52,001,06,03,000013,98,9,RELLENO_NACIONAL_BENFORD
52,001,06,03,000020,93,9,RELLENO_NACIONAL_BENFORD
52,001,09,03,000026,89,8,RELLENO_NACIONAL_BENFORD
52,001,10,02,000017,99,9,RELLENO_NACIONAL_BENFORD
52,001,14,01,000012,83,8,RELLENO_NACIONAL_BENFORD
52,001,17,01,000018,95,9,RELLENO_NACIONAL_BENFORD
03,052,08,02,000015,83,8,RELLENO_NACIONAL_BENFORD
03,052,08,02,000018,80,8,RELLENO_NACIONAL_BENFORD
03,052,08,02,000020,81,8,RELLENO_NACIONAL_BENFORD
03,052,09,02,000013,87,8,RELLENO_NACIONAL_BENFORD
03,052,09,03,000005,91,9,RELLENO_NACIONAL_BENFORD
03,052,09,04,000006,93,9,RELLENO_NACIONAL_BENFORD
03,052,09,04,000009,87,8,RELLENO_NACIONAL_BENFORD
03,058,00,00,000017,80,8,RELLENO_NACIONAL_BENFORD
03,061,00,00,000002,83,8,RELLENO_NACIONAL_BENFORD
05,001,03,01,000008,85,8,RELLENO_NACIONAL_BENFORD
15,340,02,03,000017,89,8,RELLENO_NACIONAL_BENFORD
15,340,02,05,000009,80,8,RELLENO_NACIONAL_BENFORD
16,001,01,01,000048,95,9,RELLENO_NACIONAL_BENFORD
16,001,01,02,000047,80,8,RELLENO_NACIONAL_BENFORD
16,001,01,03,000017,90,9,RELLENO_NACIONAL_BENFORD
16,001,01,06,000019,87,8,RELLENO_NACIONAL_BENFORD
16,001,01,06,000021,96,9,RELLENO_NACIONAL_BENFORD
16,001,01,07,000023,80,8,RELLENO_NACIONAL_BENFORD
16,001,01,11,000021,95,9,RELLENO_NACIONAL_BENFORD
16,001,01,21,000009,90,9,RELLENO_NACIONAL_BENFORD
16,001,01,25,000014,92,9,RELLENO_NACIONAL_BENFORD
16,001,01,33,000013,96,9,RELLENO_NACIONAL_BENFORD
25,001,90,01,000004,92,9,RELLENO_NACIONAL_BENFORD
25,001,90,01,000010,91,9,RELLENO_NACIONAL_BENFORD
25,019,99,02,000001,86,8,RELLENO_NACIONAL_BENFORD
52,035,01,04,000008,83,8,RELLENO_NACIONAL_BENFORD
52,035,02,03,000016,94,9,RELLENO_NACIONAL_BENFORD
52,043,02,02,000015,99,9,RELLENO_NACIONAL_BENFORD
52,043,02,02,000019,95,9,RELLENO_NACIONAL_BENFORD
52,043,99,30,000001,85,8,RELLENO_NACIONAL_BENFORD
01,151,99,A1,000019,88,8,RELLENO_NACIONAL_BENFORD
01,154,00,00,000003,93,9,RELLENO_NACIONAL_BENFORD
31,001,24,03,000007,97,9,RELLENO_NACIONAL_BENFORD
31,001,24,04,000012,80,8,RELLENO_NACIONAL_BENFORD
31,001,24,05,000010,80,8,RELLENO_NACIONAL_BENFORD
31,001,24,05,000012,89,8,RELLENO_NACIONAL_BENFORD
31,001,24,06,000024,84,8,RELLENO_NACIONAL_BENFORD
31,001,25,02,000036,91,9,RELLENO_NACIONAL_BENFORD
31,001,26,02,000030,85,8,RELLENO_NACIONAL_BENFORD
31,001,27,04,000001,95,9,RELLENO_NACIONAL_BENFORD
31,001,27,04,000008,89,8,RELLENO_NACIONAL_BENFORD
31,001,28,01,000003,90,9,RELLENO_NACIONAL_BENFORD
31,001,28,03,000003,94,9,RELLENO_NACIONAL_BENFORD
31,001,28,04,000002,90,9,RELLENO_NACIONAL_BENFORD
31,001,29,02,000026,87,8,RELLENO_NACIONAL_BENFORD
31,001,29,05,000027,80,8,RELLENO_NACIONAL_BENFORD
12,001,99,15,000001,80,8,RELLENO_NACIONAL_BENFORD
12,001,99,30,000002,85,8,RELLENO_NACIONAL_BENFORD
12,001,99,53,000002,9,9,RELLENO_NACIONAL_BENFORD
12,001,99,60,000002,85,8,RELLENO_NACIONAL_BENFORD
12,075,01,05,000007,82,8,RELLENO_NACIONAL_BENFORD
12,075,99,60,000002,81,8,RELLENO_NACIONAL_BENFORD
12,150,01,01,000020,83,8,RELLENO_NACIONAL_BENFORD
12,150,02,01,000011,99,9,RELLENO_NACIONAL_BENFORD
12,150,02,01,000030,91,9,RELLENO_NACIONAL_BENFORD
12,150,90,01,000007,95,9,RELLENO_NACIONAL_BENFORD
12,170,99,10,000005,96,9,RELLENO_NACIONAL_BENFORD
12,170,99,25,000001,81,8,RELLENO_NACIONAL_BENFORD
12,170,99,30,000001,87,8,RELLENO_NACIONAL_BENFORD
12,180,00,00,000011,99,9,RELLENO_NACIONAL_BENFORD
12,200,01,01,000011,84,8,RELLENO_NACIONAL_BENFORD
12,200,01,02,000005,85,8,RELLENO_NACIONAL_BENFORD
12,200,01,02,000006,82,8,RELLENO_NACIONAL_BENFORD
12,200,02,01,000011,86,8,RELLENO_NACIONAL_BENFORD
12,075,01,04,000015,90,9,RELLENO_NACIONAL_BENFORD
12,150,01,01,000004,90,9,RELLENO_NACIONAL_BENFORD
12,150,01,02,000014,93,9,RELLENO_NACIONAL_BENFORD
12,180,00,00,000012,92,9,RELLENO_NACIONAL_BENFORD
12,200,01,01,000008,80,8,RELLENO_NACIONAL_BENFORD
19,088,00,00,000025,98,9,RELLENO_NACIONAL_BENFORD
21,001,01,01,000005,96,9,RELLENO_NACIONAL_BENFORD
21,001,01,03,000010,86,8,RELLENO_NACIONAL_BENFORD
21,001,02,01,000019,85,8,RELLENO_NACIONAL_BENFORD
21,001,02,04,000012,99,9,RELLENO_NACIONAL_BENFORD
21,001,02,06,000009,99,9,RELLENO_NACIONAL_BENFORD
21,001,02,06,000018,87,8,RELLENO_NACIONAL_BENFORD
21,001,02,09,000024,86,8,RELLENO_NACIONAL_BENFORD
21,001,02,09,000031,99,9,RELLENO_NACIONAL_BENFORD
21,001,02,09,000032,90,9,RELLENO_NACIONAL_BENFORD
21,001,03,01,000004,83,8,RELLENO_NACIONAL_BENFORD
21,001,03,03,000007,99,9,RELLENO_NACIONAL_BENFORD
21,001,04,01,000015,82,8,RELLENO_NACIONAL_BENFORD
21,001,05,02,000018,91,9,RELLENO_NACIONAL_BENFORD
21,001,05,04,000011,93,9,RELLENO_NACIONAL_BENFORD
01,163,02,01,000010,92,9,RELLENO_NACIONAL_BENFORD
01,166,01,03,000020,90,9,RELLENO_NACIONAL_BENFORD
01,166,02,02,000021,80,8,RELLENO_NACIONAL_BENFORD
01,187,00,00,000001,83,8,RELLENO_NACIONAL_BENFORD
01,187,00,00,000007,83,8,RELLENO_NACIONAL_BENFORD
31,001,30,01,000021,91,9,RELLENO_NACIONAL_BENFORD
31,001,30,03,000021,90,9,RELLENO_NACIONAL_BENFORD
31,001,31,03,000015,93,9,RELLENO_NACIONAL_BENFORD
31,001,31,03,000021,88,8,RELLENO_NACIONAL_BENFORD
31,001,31,04,000002,83,8,RELLENO_NACIONAL_BENFORD
31,001,32,01,000019,8,8,RELLENO_NACIONAL_BENFORD
31,001,32,02,000006,89,8,RELLENO_NACIONAL_BENFORD
31,001,32,03,000003,80,8,RELLENO_NACIONAL_BENFORD
31,001,32,04,000011,88,8,RELLENO_NACIONAL_BENFORD
31,001,32,04,000014,90,9,RELLENO_NACIONAL_BENFORD
31,001,32,04,000024,9,9,RELLENO_NACIONAL_BENFORD
31,001,32,05,000005,86,8,RELLENO_NACIONAL_BENFORD
31,001,90,01,000029,88,8,RELLENO_NACIONAL_BENFORD
31,001,90,01,000042,93,9,RELLENO_NACIONAL_BENFORD
31,001,90,01,000043,99,9,RELLENO_NACIONAL_BENFORD
31,001,99,19,000006,89,8,RELLENO_NACIONAL_BENFORD
31,007,00,00,000024,80,8,RELLENO_NACIONAL_BENFORD
31,013,00,00,000010,98,9,RELLENO_NACIONAL_BENFORD
31,016,00,00,000012,92,9,RELLENO_NACIONAL_BENFORD
12,225,02,01,000010,96,9,RELLENO_NACIONAL_BENFORD
12,225,02,01,000014,87,8,RELLENO_NACIONAL_BENFORD
12,300,00,00,000001,91,9,RELLENO_NACIONAL_BENFORD
12,300,00,00,000032,83,8,RELLENO_NACIONAL_BENFORD
12,300,00,00,000034,83,8,RELLENO_NACIONAL_BENFORD
12,375,00,00,000009,94,9,RELLENO_NACIONAL_BENFORD
12,375,00,00,000010,88,8,RELLENO_NACIONAL_BENFORD
12,375,99,10,000004,88,8,RELLENO_NACIONAL_BENFORD
12,375,99,60,000002,96,9,RELLENO_NACIONAL_BENFORD
12,410,01,01,000005,87,8,RELLENO_NACIONAL_BENFORD
12,415,00,00,000005,92,9,RELLENO_NACIONAL_BENFORD
12,415,00,00,000008,95,9,RELLENO_NACIONAL_BENFORD
12,415,00,00,000015,83,8,RELLENO_NACIONAL_BENFORD
12,415,99,12,000009,85,8,RELLENO_NACIONAL_BENFORD
12,415,99,12,000033,87,8,RELLENO_NACIONAL_BENFORD
12,415,99,17,000002,98,9,RELLENO_NACIONAL_BENFORD
12,600,00,00,000008,83,8,RELLENO_NACIONAL_BENFORD
12,600,00,00,000012,93,9,RELLENO_NACIONAL_BENFORD
12,600,99,50,000003,98,9,RELLENO_NACIONAL_BENFORD
12,608,01,01,000004,85,8,RELLENO_NACIONAL_BENFORD
12,608,01,01,000009,89,8,RELLENO_NACIONAL_BENFORD
12,608,02,01,000002,96,9,RELLENO_NACIONAL_BENFORD
12,608,02,01,000005,98,9,RELLENO_NACIONAL_BENFORD
12,720,00,00,000018,94,9,RELLENO_NACIONAL_BENFORD
12,720,00,00,000019,92,9,RELLENO_NACIONAL_BENFORD
12,720,00,00,000022,81,8,RELLENO_NACIONAL_BENFORD
12,720,00,00,000028,96,9,RELLENO_NACIONAL_BENFORD
12,720,99,61,000001,86,8,RELLENO_NACIONAL_BENFORD
21,001,05,04,000021,83,8,RELLENO_NACIONAL_BENFORD
21,001,05,05,000024,80,8,RELLENO_NACIONAL_BENFORD
21,001,05,06,000006,98,9,RELLENO_NACIONAL_BENFORD
21,001,06,02,000001,88,8,RELLENO_NACIONAL_BENFORD
21,001,06,02,000004,83,8,RELLENO_NACIONAL_BENFORD
21,001,06,02,000005,99,9,RELLENO_NACIONAL_BENFORD
21,001,06,04,000006,81,8,RELLENO_NACIONAL_BENFORD
21,001,06,06,000009,84,8,RELLENO_NACIONAL_BENFORD
21,001,06,07,000006,90,9,RELLENO_NACIONAL_BENFORD
21,001,06,07,000014,83,8,RELLENO_NACIONAL_BENFORD
21,001,07,02,000024,90,9,RELLENO_NACIONAL_BENFORD
21,001,07,03,000005,92,9,RELLENO_NACIONAL_BENFORD
21,001,07,03,000006,85,8,RELLENO_NACIONAL_BENFORD
21,001,07,03,000012,80,8,RELLENO_NACIONAL_BENFORD
21,001,08,01,000016,99,9,RELLENO_NACIONAL_BENFORD
21,001,99,05,000004,88,8,RELLENO_NACIONAL_BENFORD
21,010,01,01,000010,89,8,RELLENO_NACIONAL_BENFORD
21,012,01,01,000004,94,9,RELLENO_NACIONAL_BENFORD
21,012,01,01,000021,91,9,RELLENO_NACIONAL_BENFORD
21,012,01,01,000027,97,9,RELLENO_NACIONAL_BENFORD
21,012,01,01,000037,89,8,RELLENO_NACIONAL_BENFORD
21,012,01,02,000013,86,8,RELLENO_NACIONAL_BENFORD
21,012,99,20,000001,92,9,RELLENO_NACIONAL_BENFORD
21,012,99,35,000002,86,8,RELLENO_NACIONAL_BENFORD
01,191,00,01,000009,91,9,RELLENO_NACIONAL_BENFORD
01,191,00,01,000028,89,8,RELLENO_NACIONAL_BENFORD
01,192,00,01,000003,89,8,RELLENO_NACIONAL_BENFORD
01,192,99,12,000002,88,8,RELLENO_NACIONAL_BENFORD
01,192,99,23,000008,96,9,RELLENO_NACIONAL_BENFORD
01,205,01,03,000005,81,8,RELLENO_NACIONAL_BENFORD
01,205,02,04,000001,88,8,RELLENO_NACIONAL_BENFORD
01,208,00,01,000002,83,8,RELLENO_NACIONAL_BENFORD
01,208,00,01,000003,92,9,RELLENO_NACIONAL_BENFORD
01,208,00,01,000011,85,8,RELLENO_NACIONAL_BENFORD
01,208,00,01,000018,92,9,RELLENO_NACIONAL_BENFORD
01,208,00,01,000019,94,9,RELLENO_NACIONAL_BENFORD
01,208,99,05,000004,92,9,RELLENO_NACIONAL_BENFORD
01,214,02,02,000016,85,8,RELLENO_NACIONAL_BENFORD
31,019,02,01,000021,8,8,RELLENO_NACIONAL_BENFORD
31,019,02,02,000015,9,9,RELLENO_NACIONAL_BENFORD
31,019,04,01,000041,9,9,RELLENO_NACIONAL_BENFORD
31,019,06,01,000026,9,9,RELLENO_NACIONAL_BENFORD
31,019,99,13,000001,9,9,RELLENO_NACIONAL_BENFORD
31,022,02,01,000014,95,9,RELLENO_NACIONAL_BENFORD
31,022,03,01,000007,93,9,RELLENO_NACIONAL_BENFORD
31,022,04,01,000010,81,8,RELLENO_NACIONAL_BENFORD
31,022,05,02,000004,90,9,RELLENO_NACIONAL_BENFORD
31,022,06,02,000030,91,9,RELLENO_NACIONAL_BENFORD
31,025,00,00,000019,91,9,RELLENO_NACIONAL_BENFORD
31,025,99,01,000008,91,9,RELLENO_NACIONAL_BENFORD
31,025,99,21,000001,94,9,RELLENO_NACIONAL_BENFORD
31,028,02,02,000005,86,8,RELLENO_NACIONAL_BENFORD
12,800,00,00,000034,85,8,RELLENO_NACIONAL_BENFORD
12,825,00,00,000027,84,8,RELLENO_NACIONAL_BENFORD
12,825,00,00,000029,91,9,RELLENO_NACIONAL_BENFORD
12,825,00,00,000033,85,8,RELLENO_NACIONAL_BENFORD
12,850,00,00,000032,86,8,RELLENO_NACIONAL_BENFORD
12,850,99,28,000007,90,9,RELLENO_NACIONAL_BENFORD
12,850,99,28,000010,98,9,RELLENO_NACIONAL_BENFORD
12,875,99,20,000004,92,9,RELLENO_NACIONAL_BENFORD
12,900,00,00,000002,95,9,RELLENO_NACIONAL_BENFORD
12,900,00,00,000005,89,8,RELLENO_NACIONAL_BENFORD
12,900,00,00,000008,89,8,RELLENO_NACIONAL_BENFORD
52,045,00,00,000046,82,8,RELLENO_NACIONAL_BENFORD
05,001,05,01,000008,92,9,RELLENO_NACIONAL_BENFORD
05,001,05,01,000009,84,8,RELLENO_NACIONAL_BENFORD
05,001,05,02,000011,81,8,RELLENO_NACIONAL_BENFORD
05,001,05,03,000001,93,9,RELLENO_NACIONAL_BENFORD
05,001,05,03,000002,87,8,RELLENO_NACIONAL_BENFORD
05,001,05,04,000002,94,9,RELLENO_NACIONAL_BENFORD
05,001,05,05,000005,98,9,RELLENO_NACIONAL_BENFORD
05,001,06,01,000016,92,9,RELLENO_NACIONAL_BENFORD
05,001,06,01,000019,97,9,RELLENO_NACIONAL_BENFORD
05,001,07,01,000006,91,9,RELLENO_NACIONAL_BENFORD
05,001,07,02,000003,95,9,RELLENO_NACIONAL_BENFORD
05,001,07,03,000002,90,9,RELLENO_NACIONAL_BENFORD
05,001,08,01,000007,82,8,RELLENO_NACIONAL_BENFORD
05,001,08,02,000017,81,8,RELLENO_NACIONAL_BENFORD
16,001,01,57,000012,88,8,RELLENO_NACIONAL_BENFORD
16,001,02,01,000027,81,8,RELLENO_NACIONAL_BENFORD
16,001,02,02,000032,95,9,RELLENO_NACIONAL_BENFORD
16,001,02,06,000017,98,9,RELLENO_NACIONAL_BENFORD
16,001,02,10,000019,91,9,RELLENO_NACIONAL_BENFORD
16,001,02,22,000004,83,8,RELLENO_NACIONAL_BENFORD
16,001,02,22,000005,90,9,RELLENO_NACIONAL_BENFORD
16,001,02,31,000005,94,9,RELLENO_NACIONAL_BENFORD
16,001,02,36,000001,89,8,RELLENO_NACIONAL_BENFORD
16,001,03,04,000005,82,8,RELLENO_NACIONAL_BENFORD
16,001,03,04,000012,96,9,RELLENO_NACIONAL_BENFORD
16,001,03,06,000005,86,8,RELLENO_NACIONAL_BENFORD
16,001,03,09,000005,93,9,RELLENO_NACIONAL_BENFORD
16,001,03,09,000010,85,8,RELLENO_NACIONAL_BENFORD
16,001,03,11,000002,88,8,RELLENO_NACIONAL_BENFORD
16,001,04,03,000005,90,9,RELLENO_NACIONAL_BENFORD
16,001,04,03,000008,93,9,RELLENO_NACIONAL_BENFORD
16,001,04,04,000004,97,9,RELLENO_NACIONAL_BENFORD
16,001,04,04,000006,96,9,RELLENO_NACIONAL_BENFORD
25,028,00,01,000037,90,9,RELLENO_NACIONAL_BENFORD
25,038,02,02,000010,85,8,RELLENO_NACIONAL_BENFORD
25,054,01,01,000008,93,9,RELLENO_NACIONAL_BENFORD
25,054,02,02,000024,91,9,RELLENO_NACIONAL_BENFORD
52,050,00,00,000032,84,8,RELLENO_NACIONAL_BENFORD
52,080,00,00,000020,97,9,RELLENO_NACIONAL_BENFORD
52,080,99,60,000003,87,8,RELLENO_NACIONAL_BENFORD
54,001,01,01,000004,91,9,RELLENO_NACIONAL_BENFORD
54,001,01,02,000012,83,8,RELLENO_NACIONAL_BENFORD
54,001,01,03,000005,84,8,RELLENO_NACIONAL_BENFORD
54,001,01,06,000002,86,8,RELLENO_NACIONAL_BENFORD
54,001,02,01,000009,96,9,RELLENO_NACIONAL_BENFORD
54,001,99,08,000001,94,9,RELLENO_NACIONAL_BENFORD
56,001,01,01,000004,84,8,RELLENO_NACIONAL_BENFORD
64,001,01,04,000002,96,9,RELLENO_NACIONAL_BENFORD
64,002,01,02,000002,84,8,RELLENO_NACIONAL_BENFORD
64,002,01,03,000005,98,9,RELLENO_NACIONAL_BENFORD
64,002,01,03,000006,98,9,RELLENO_NACIONAL_BENFORD
64,002,01,03,000008,90,9,RELLENO_NACIONAL_BENFORD
05,001,13,01,000023,88,8,RELLENO_NACIONAL_BENFORD
05,001,14,01,000009,84,8,RELLENO_NACIONAL_BENFORD
05,001,16,01,000006,95,9,RELLENO_NACIONAL_BENFORD
05,001,17,02,000001,80,8,RELLENO_NACIONAL_BENFORD
05,001,17,02,000006,88,8,RELLENO_NACIONAL_BENFORD
05,001,17,02,000009,80,8,RELLENO_NACIONAL_BENFORD
05,001,17,03,000006,91,9,RELLENO_NACIONAL_BENFORD
05,001,18,01,000001,82,8,RELLENO_NACIONAL_BENFORD
05,001,18,01,000016,95,9,RELLENO_NACIONAL_BENFORD
05,001,18,01,000020,97,9,RELLENO_NACIONAL_BENFORD
05,001,18,04,000025,95,9,RELLENO_NACIONAL_BENFORD
16,001,04,08,000001,99,9,RELLENO_NACIONAL_BENFORD
16,001,04,09,000011,97,9,RELLENO_NACIONAL_BENFORD
16,001,04,09,000012,96,9,RELLENO_NACIONAL_BENFORD
16,001,04,14,000007,82,8,RELLENO_NACIONAL_BENFORD
16,001,04,14,000015,82,8,RELLENO_NACIONAL_BENFORD
16,001,04,15,000003,82,8,RELLENO_NACIONAL_BENFORD
16,001,04,16,000020,80,8,RELLENO_NACIONAL_BENFORD
16,001,04,20,000004,86,8,RELLENO_NACIONAL_BENFORD
16,001,04,20,000012,91,9,RELLENO_NACIONAL_BENFORD
16,001,04,20,000013,81,8,RELLENO_NACIONAL_BENFORD
16,001,04,21,000003,84,8,RELLENO_NACIONAL_BENFORD
16,001,04,26,000002,94,9,RELLENO_NACIONAL_BENFORD
16,001,04,33,000002,81,8,RELLENO_NACIONAL_BENFORD
16,001,04,42,000002,99,9,RELLENO_NACIONAL_BENFORD
16,001,05,04,000005,89,8,RELLENO_NACIONAL_BENFORD
16,001,05,09,000021,81,8,RELLENO_NACIONAL_BENFORD
16,001,05,14,000008,88,8,RELLENO_NACIONAL_BENFORD
25,064,01,01,000012,82,8,RELLENO_NACIONAL_BENFORD
25,069,01,01,000016,88,8,RELLENO_NACIONAL_BENFORD
25,069,02,01,000005,88,8,RELLENO_NACIONAL_BENFORD
25,069,02,02,000004,9,9,RELLENO_NACIONAL_BENFORD
25,085,99,04,000001,83,8,RELLENO_NACIONAL_BENFORD
25,085,99,58,000001,9,9,RELLENO_NACIONAL_BENFORD
25,091,99,05,000011,8,8,RELLENO_NACIONAL_BENFORD
25,091,99,10,000002,8,8,RELLENO_NACIONAL_BENFORD
25,091,99,27,000003,8,8,RELLENO_NACIONAL_BENFORD
25,093,01,01,000016,92,9,RELLENO_NACIONAL_BENFORD
25,093,01,03,000001,84,8,RELLENO_NACIONAL_BENFORD
25,093,99,50,000004,90,9,RELLENO_NACIONAL_BENFORD
64,002,99,35,000006,8,8,RELLENO_NACIONAL_BENFORD
64,004,00,00,000007,96,9,RELLENO_NACIONAL_BENFORD
64,013,00,00,000001,96,9,RELLENO_NACIONAL_BENFORD
64,013,00,00,000004,86,8,RELLENO_NACIONAL_BENFORD
68,001,99,13,000001,8,8,RELLENO_NACIONAL_BENFORD
88,120,05,06,000002,94,9,RELLENO_NACIONAL_BENFORD
88,120,15,86,000002,97,9,RELLENO_NACIONAL_BENFORD
16,001,07,65,000003,87,8,RELLENO_NACIONAL_BENFORD
16,001,07,70,000007,84,8,RELLENO_NACIONAL_BENFORD
16,001,07,70,000020,88,8,RELLENO_NACIONAL_BENFORD
16,001,08,05,000020,88,8,RELLENO_NACIONAL_BENFORD
16,001,08,09,000026,9,9,RELLENO_NACIONAL_BENFORD
16,001,08,12,000014,93,9,RELLENO_NACIONAL_BENFORD
16,001,08,22,000025,90,9,RELLENO_NACIONAL_BENFORD
16,001,08,25,000011,87,8,RELLENO_NACIONAL_BENFORD
16,001,08,27,000009,82,8,RELLENO_NACIONAL_BENFORD
16,001,08,29,000029,89,8,RELLENO_NACIONAL_BENFORD
48,004,99,25,000002,81,8,RELLENO_NACIONAL_BENFORD
03,004,01,02,000006,95,9,RELLENO_NACIONAL_BENFORD
03,004,02,02,000010,90,9,RELLENO_NACIONAL_BENFORD
03,007,01,02,000015,85,8,RELLENO_NACIONAL_BENFORD
03,010,00,00,000024,91,9,RELLENO_NACIONAL_BENFORD
03,010,00,00,000026,92,9,RELLENO_NACIONAL_BENFORD
03,016,99,21,000005,99,9,RELLENO_NACIONAL_BENFORD
15,169,02,05,000020,88,8,RELLENO_NACIONAL_BENFORD
15,172,00,00,000008,85,8,RELLENO_NACIONAL_BENFORD
15,175,00,01,000019,85,8,RELLENO_NACIONAL_BENFORD
15,190,01,01,000021,9,9,RELLENO_NACIONAL_BENFORD
15,190,01,02,000014,97,9,RELLENO_NACIONAL_BENFORD
15,199,00,00,000024,86,8,RELLENO_NACIONAL_BENFORD
15,218,00,02,000012,88,8,RELLENO_NACIONAL_BENFORD
15,239,01,04,000002,90,9,RELLENO_NACIONAL_BENFORD
15,239,02,02,000012,92,9,RELLENO_NACIONAL_BENFORD
15,247,01,01,000010,91,9,RELLENO_NACIONAL_BENFORD
15,247,01,03,000015,97,9,RELLENO_NACIONAL_BENFORD
15,247,01,06,000009,88,8,RELLENO_NACIONAL_BENFORD
15,247,01,11,000004,96,9,RELLENO_NACIONAL_BENFORD
24,001,99,05,000010,85,8,RELLENO_NACIONAL_BENFORD
24,001,99,48,000002,85,8,RELLENO_NACIONAL_BENFORD
24,001,99,61,000006,84,8,RELLENO_NACIONAL_BENFORD
24,008,00,02,000015,83,8,RELLENO_NACIONAL_BENFORD
24,013,00,00,000008,83,8,RELLENO_NACIONAL_BENFORD
24,021,00,02,000004,99,9,RELLENO_NACIONAL_BENFORD
24,025,01,01,000005,95,9,RELLENO_NACIONAL_BENFORD
24,025,03,02,000006,81,8,RELLENO_NACIONAL_BENFORD
24,025,03,03,000007,93,9,RELLENO_NACIONAL_BENFORD
24,025,05,01,000009,85,8,RELLENO_NACIONAL_BENFORD
24,025,05,01,000010,89,8,RELLENO_NACIONAL_BENFORD
24,025,10,02,000011,86,8,RELLENO_NACIONAL_BENFORD
24,025,11,01,000015,80,8,RELLENO_NACIONAL_BENFORD
24,029,99,75,000002,91,9,RELLENO_NACIONAL_BENFORD
48,006,00,00,000027,9,9,RELLENO_NACIONAL_BENFORD
48,007,01,02,000008,97,9,RELLENO_NACIONAL_BENFORD
48,008,99,21,000001,81,8,RELLENO_NACIONAL_BENFORD
48,010,01,04,000006,81,8,RELLENO_NACIONAL_BENFORD
48,010,02,01,000014,83,8,RELLENO_NACIONAL_BENFORD
48,010,03,01,000001,84,8,RELLENO_NACIONAL_BENFORD
48,010,03,02,000004,81,8,RELLENO_NACIONAL_BENFORD
48,011,99,80,000003,88,8,RELLENO_NACIONAL_BENFORD
48,012,00,00,000005,87,8,RELLENO_NACIONAL_BENFORD
03,019,99,09,000001,80,8,RELLENO_NACIONAL_BENFORD
03,019,99,09,000003,86,8,RELLENO_NACIONAL_BENFORD
03,019,99,13,000010,97,9,RELLENO_NACIONAL_BENFORD
03,019,99,17,000002,81,8,RELLENO_NACIONAL_BENFORD
03,022,01,01,000028,83,8,RELLENO_NACIONAL_BENFORD
03,022,02,02,000011,89,8,RELLENO_NACIONAL_BENFORD
03,028,01,02,000011,88,8,RELLENO_NACIONAL_BENFORD
03,035,00,00,000002,95,9,RELLENO_NACIONAL_BENFORD
03,035,99,20,000001,94,9,RELLENO_NACIONAL_BENFORD
03,040,00,00,000035,86,8,RELLENO_NACIONAL_BENFORD
03,043,01,02,000006,85,8,RELLENO_NACIONAL_BENFORD
15,247,02,02,000005,99,9,RELLENO_NACIONAL_BENFORD
15,247,02,05,000009,97,9,RELLENO_NACIONAL_BENFORD
15,247,03,06,000008,97,9,RELLENO_NACIONAL_BENFORD
15,247,04,02,000007,98,9,RELLENO_NACIONAL_BENFORD
15,247,04,03,000003,82,8,RELLENO_NACIONAL_BENFORD
15,247,05,01,000035,86,8,RELLENO_NACIONAL_BENFORD
15,247,06,08,000003,84,8,RELLENO_NACIONAL_BENFORD
15,250,00,02,000016,95,9,RELLENO_NACIONAL_BENFORD
24,046,90,01,000005,99,9,RELLENO_NACIONAL_BENFORD
24,078,00,02,000002,88,8,RELLENO_NACIONAL_BENFORD
24,078,00,02,000008,86,8,RELLENO_NACIONAL_BENFORD
24,078,99,14,000003,83,8,RELLENO_NACIONAL_BENFORD
24,078,99,28,000001,94,9,RELLENO_NACIONAL_BENFORD
24,078,99,28,000004,91,9,RELLENO_NACIONAL_BENFORD
24,086,01,01,000014,94,9,RELLENO_NACIONAL_BENFORD
24,086,01,05,000020,84,8,RELLENO_NACIONAL_BENFORD
24,086,02,05,000012,89,8,RELLENO_NACIONAL_BENFORD
24,086,02,05,000016,99,9,RELLENO_NACIONAL_BENFORD
25,001,01,02,000016,92,9,RELLENO_NACIONAL_BENFORD
25,001,02,01,000030,91,9,RELLENO_NACIONAL_BENFORD
25,001,02,02,000030,96,9,RELLENO_NACIONAL_BENFORD
48,013,02,01,000012,84,8,RELLENO_NACIONAL_BENFORD
48,013,99,10,000002,95,9,RELLENO_NACIONAL_BENFORD
48,013,99,37,000002,9,9,RELLENO_NACIONAL_BENFORD
48,018,00,01,000021,89,8,RELLENO_NACIONAL_BENFORD
50,001,01,01,000011,86,8,RELLENO_NACIONAL_BENFORD
50,001,01,02,000001,96,9,RELLENO_NACIONAL_BENFORD
52,001,02,02,000027,86,8,RELLENO_NACIONAL_BENFORD
03,046,01,04,000004,90,9,RELLENO_NACIONAL_BENFORD
03,046,02,02,000007,93,9,RELLENO_NACIONAL_BENFORD
03,046,02,03,000017,89,8,RELLENO_NACIONAL_BENFORD
03,046,99,09,000001,99,9,RELLENO_NACIONAL_BENFORD
03,047,00,00,000020,91,9,RELLENO_NACIONAL_BENFORD
03,049,01,01,000010,82,8,RELLENO_NACIONAL_BENFORD
03,049,01,02,000003,92,9,RELLENO_NACIONAL_BENFORD
03,052,01,02,000010,82,8,RELLENO_NACIONAL_BENFORD
03,052,02,01,000002,86,8,RELLENO_NACIONAL_BENFORD
03,052,03,01,000009,87,8,RELLENO_NACIONAL_BENFORD
03,052,03,02,000007,98,9,RELLENO_NACIONAL_BENFORD
03,052,05,04,000009,95,9,RELLENO_NACIONAL_BENFORD
03,052,06,02,000008,97,9,RELLENO_NACIONAL_BENFORD
15,271,00,02,000011,91,9,RELLENO_NACIONAL_BENFORD
15,289,00,02,000015,92,9,RELLENO_NACIONAL_BENFORD
15,340,01,03,000039,81,8,RELLENO_NACIONAL_BENFORD
15,340,01,06,000002,82,8,RELLENO_NACIONAL_BENFORD
15,340,01,10,000004,95,9,RELLENO_NACIONAL_BENFORD
25,001,03,04,000015,99,9,RELLENO_NACIONAL_BENFORD
25,001,03,04,000030,97,9,RELLENO_NACIONAL_BENFORD
25,001,04,06,000008,95,9,RELLENO_NACIONAL_BENFORD
25,001,05,03,000023,82,8,RELLENO_NACIONAL_BENFORD
52,001,07,04,000021,89,8,RELLENO_NACIONAL_BENFORD
52,001,09,01,000016,90,9,RELLENO_NACIONAL_BENFORD
52,001,09,03,000017,97,9,RELLENO_NACIONAL_BENFORD
52,001,14,02,000015,99,9,RELLENO_NACIONAL_BENFORD
52,001,17,03,000015,84,8,RELLENO_NACIONAL_BENFORD
52,001,18,03,000017,93,9,RELLENO_NACIONAL_BENFORD
52,001,18,03,000018,97,9,RELLENO_NACIONAL_BENFORD
03,052,07,04,000002,82,8,RELLENO_NACIONAL_BENFORD
03,052,09,03,000006,84,8,RELLENO_NACIONAL_BENFORD
03,052,09,06,000006,90,9,RELLENO_NACIONAL_BENFORD
03,052,10,04,000034,85,8,RELLENO_NACIONAL_BENFORD
03,052,11,01,000017,8,8,RELLENO_NACIONAL_BENFORD
03,052,13,02,000002,85,8,RELLENO_NACIONAL_BENFORD
03,052,13,02,000016,8,8,RELLENO_NACIONAL_BENFORD
03,055,00,00,000025,98,9,RELLENO_NACIONAL_BENFORD
03,058,00,00,000010,88,8,RELLENO_NACIONAL_BENFORD
03,061,00,00,000010,86,8,RELLENO_NACIONAL_BENFORD
05,001,03,01,000002,82,8,RELLENO_NACIONAL_BENFORD
16,001,01,01,000055,97,9,RELLENO_NACIONAL_BENFORD
16,001,01,02,000055,86,8,RELLENO_NACIONAL_BENFORD
16,001,01,03,000015,91,9,RELLENO_NACIONAL_BENFORD
16,001,01,05,000020,86,8,RELLENO_NACIONAL_BENFORD
16,001,01,24,000007,97,9,RELLENO_NACIONAL_BENFORD
16,001,01,25,000013,93,9,RELLENO_NACIONAL_BENFORD
16,001,01,28,000011,84,8,RELLENO_NACIONAL_BENFORD
16,001,01,32,000018,97,9,RELLENO_NACIONAL_BENFORD
16,001,01,36,000013,95,9,RELLENO_NACIONAL_BENFORD
25,001,10,01,000017,98,9,RELLENO_NACIONAL_BENFORD
25,001,90,01,000003,97,9,RELLENO_NACIONAL_BENFORD
25,001,90,01,000006,95,9,RELLENO_NACIONAL_BENFORD
52,005,99,04,000005,99,9,RELLENO_NACIONAL_BENFORD
52,035,01,05,000003,86,8,RELLENO_NACIONAL_BENFORD
52,043,01,01,000033,94,9,RELLENO_NACIONAL_BENFORD
52,043,01,02,000019,84,8,RELLENO_NACIONAL_BENFORD
52,043,01,02,000020,90,9,RELLENO_NACIONAL_BENFORD
52,043,02,02,000007,97,9,RELLENO_NACIONAL_BENFORD
52,044,00,00,000001,98,9,RELLENO_NACIONAL_BENFORD
01,154,00,00,000016,92,9,RELLENO_NACIONAL_BENFORD
31,001,23,07,000005,81,8,RELLENO_NACIONAL_BENFORD
31,001,24,01,000001,91,9,RELLENO_NACIONAL_BENFORD
31,001,24,01,000002,90,9,RELLENO_NACIONAL_BENFORD
31,001,24,01,000004,82,8,RELLENO_NACIONAL_BENFORD
31,001,24,02,000002,97,9,RELLENO_NACIONAL_BENFORD
31,001,25,02,000040,91,9,RELLENO_NACIONAL_BENFORD
31,001,26,02,000025,91,9,RELLENO_NACIONAL_BENFORD
31,001,26,04,000018,98,9,RELLENO_NACIONAL_BENFORD
21,001,03,01,000002,88,8,RELLENO_NACIONAL_BENFORD
21,001,04,02,000003,94,9,RELLENO_NACIONAL_BENFORD
21,001,04,03,000018,82,8,RELLENO_NACIONAL_BENFORD
21,001,05,03,000002,93,9,RELLENO_NACIONAL_BENFORD
01,166,01,04,000018,88,8,RELLENO_NACIONAL_BENFORD
01,168,99,05,000006,95,9,RELLENO_NACIONAL_BENFORD
01,169,00,01,000036,86,8,RELLENO_NACIONAL_BENFORD
31,001,30,06,000016,86,8,RELLENO_NACIONAL_BENFORD
31,001,31,03,000008,87,8,RELLENO_NACIONAL_BENFORD
31,001,99,19,000001,95,9,RELLENO_NACIONAL_BENFORD
31,001,99,65,000002,89,8,RELLENO_NACIONAL_BENFORD
12,225,99,70,000002,99,9,RELLENO_NACIONAL_BENFORD
12,300,00,00,000008,90,9,RELLENO_NACIONAL_BENFORD
12,300,00,00,000021,83,8,RELLENO_NACIONAL_BENFORD
12,300,00,00,000027,89,8,RELLENO_NACIONAL_BENFORD
12,375,00,00,000014,97,9,RELLENO_NACIONAL_BENFORD
12,410,01,02,000002,98,9,RELLENO_NACIONAL_BENFORD
12,415,00,00,000001,85,8,RELLENO_NACIONAL_BENFORD
12,415,00,00,000009,97,9,RELLENO_NACIONAL_BENFORD
12,415,00,00,000010,84,8,RELLENO_NACIONAL_BENFORD
12,415,99,12,000046,82,8,RELLENO_NACIONAL_BENFORD
12,600,00,00,000009,90,9,RELLENO_NACIONAL_BENFORD
12,600,00,00,000010,90,9,RELLENO_NACIONAL_BENFORD
12,625,00,00,000022,97,9,RELLENO_NACIONAL_BENFORD
12,650,00,00,000022,95,9,RELLENO_NACIONAL_BENFORD
12,720,00,00,000024,86,8,RELLENO_NACIONAL_BENFORD
12,720,00,00,000026,97,9,RELLENO_NACIONAL_BENFORD
12,720,00,00,000031,98,9,RELLENO_NACIONAL_BENFORD
12,750,99,23,000001,80,8,RELLENO_NACIONAL_BENFORD
21,001,06,05,000004,86,8,RELLENO_NACIONAL_BENFORD
21,001,07,02,000001,88,8,RELLENO_NACIONAL_BENFORD
21,001,08,04,000006,94,9,RELLENO_NACIONAL_BENFORD
21,010,02,01,000001,92,9,RELLENO_NACIONAL_BENFORD
01,192,00,01,000004,85,8,RELLENO_NACIONAL_BENFORD
01,192,00,01,000005,95,9,RELLENO_NACIONAL_BENFORD
01,192,00,01,000011,94,9,RELLENO_NACIONAL_BENFORD
01,192,00,01,000035,83,8,RELLENO_NACIONAL_BENFORD
01,192,00,01,000036,80,8,RELLENO_NACIONAL_BENFORD
01,192,99,10,000007,98,9,RELLENO_NACIONAL_BENFORD
01,205,01,02,000004,95,9,RELLENO_NACIONAL_BENFORD
01,205,02,03,000003,95,9,RELLENO_NACIONAL_BENFORD
01,211,99,70,000011,9,9,RELLENO_NACIONAL_BENFORD
31,019,03,02,000006,8,8,RELLENO_NACIONAL_BENFORD
31,019,03,07,000004,8,8,RELLENO_NACIONAL_BENFORD
31,019,04,01,000032,9,9,RELLENO_NACIONAL_BENFORD
31,019,99,32,000007,9,9,RELLENO_NACIONAL_BENFORD
31,022,02,01,000009,96,9,RELLENO_NACIONAL_BENFORD
31,022,04,01,000001,86,8,RELLENO_NACIONAL_BENFORD
31,022,04,02,000010,81,8,RELLENO_NACIONAL_BENFORD
12,750,99,45,000002,94,9,RELLENO_NACIONAL_BENFORD
12,825,00,00,000031,83,8,RELLENO_NACIONAL_BENFORD
12,850,00,00,000025,94,9,RELLENO_NACIONAL_BENFORD
52,046,00,00,000003,98,9,RELLENO_NACIONAL_BENFORD
05,001,04,01,000004,95,9,RELLENO_NACIONAL_BENFORD
05,001,04,01,000017,97,9,RELLENO_NACIONAL_BENFORD
05,001,05,01,000010,89,8,RELLENO_NACIONAL_BENFORD
05,001,05,05,000011,80,8,RELLENO_NACIONAL_BENFORD
05,001,06,01,000004,81,8,RELLENO_NACIONAL_BENFORD
05,001,06,01,000006,81,8,RELLENO_NACIONAL_BENFORD
05,001,06,01,000022,87,8,RELLENO_NACIONAL_BENFORD
05,001,06,02,000017,87,8,RELLENO_NACIONAL_BENFORD
05,001,06,02,000029,9,9,RELLENO_NACIONAL_BENFORD
05,001,06,04,000003,95,9,RELLENO_NACIONAL_BENFORD
05,001,07,02,000005,80,8,RELLENO_NACIONAL_BENFORD
05,001,07,03,000005,98,9,RELLENO_NACIONAL_BENFORD
05,001,08,03,000003,92,9,RELLENO_NACIONAL_BENFORD
05,001,10,04,000009,83,8,RELLENO_NACIONAL_BENFORD
05,001,11,01,000010,82,8,RELLENO_NACIONAL_BENFORD
16,001,02,01,000030,92,9,RELLENO_NACIONAL_BENFORD
16,001,02,14,000012,83,8,RELLENO_NACIONAL_BENFORD
16,001,02,25,000009,90,9,RELLENO_NACIONAL_BENFORD
16,001,02,31,000007,98,9,RELLENO_NACIONAL_BENFORD
16,001,02,33,000001,87,8,RELLENO_NACIONAL_BENFORD
16,001,03,01,000009,91,9,RELLENO_NACIONAL_BENFORD
16,001,03,03,000002,97,9,RELLENO_NACIONAL_BENFORD
16,001,03,05,000003,99,9,RELLENO_NACIONAL_BENFORD
16,001,04,05,000004,92,9,RELLENO_NACIONAL_BENFORD
25,028,99,03,000001,87,8,RELLENO_NACIONAL_BENFORD
25,037,99,05,000001,91,9,RELLENO_NACIONAL_BENFORD
25,054,02,03,000019,92,9,RELLENO_NACIONAL_BENFORD
25,061,01,01,000017,84,8,RELLENO_NACIONAL_BENFORD
54,001,01,01,000010,94,9,RELLENO_NACIONAL_BENFORD
54,001,01,04,000003,92,9,RELLENO_NACIONAL_BENFORD
54,001,02,02,000006,98,9,RELLENO_NACIONAL_BENFORD
56,001,01,01,000010,83,8,RELLENO_NACIONAL_BENFORD
56,001,01,02,000008,97,9,RELLENO_NACIONAL_BENFORD
56,001,98,01,000001,8,8,RELLENO_NACIONAL_BENFORD
56,004,00,00,000008,83,8,RELLENO_NACIONAL_BENFORD
64,001,01,01,000015,80,8,RELLENO_NACIONAL_BENFORD
64,002,02,03,000001,86,8,RELLENO_NACIONAL_BENFORD
05,001,13,01,000013,94,9,RELLENO_NACIONAL_BENFORD
05,001,14,01,000018,80,8,RELLENO_NACIONAL_BENFORD
05,001,15,04,000002,82,8,RELLENO_NACIONAL_BENFORD
05,001,16,01,000009,88,8,RELLENO_NACIONAL_BENFORD
05,001,16,02,000021,85,8,RELLENO_NACIONAL_BENFORD
05,001,17,02,000005,95,9,RELLENO_NACIONAL_BENFORD
05,001,17,03,000002,98,9,RELLENO_NACIONAL_BENFORD
05,001,18,01,000006,87,8,RELLENO_NACIONAL_BENFORD
05,001,18,02,000001,80,8,RELLENO_NACIONAL_BENFORD
16,001,04,14,000009,87,8,RELLENO_NACIONAL_BENFORD
16,001,04,16,000018,95,9,RELLENO_NACIONAL_BENFORD
16,001,04,22,000013,91,9,RELLENO_NACIONAL_BENFORD
16,001,04,26,000003,95,9,RELLENO_NACIONAL_BENFORD
16,001,04,37,000003,91,9,RELLENO_NACIONAL_BENFORD
16,001,05,01,000006,97,9,RELLENO_NACIONAL_BENFORD
16,001,05,01,000009,89,8,RELLENO_NACIONAL_BENFORD
16,001,05,01,000011,91,9,RELLENO_NACIONAL_BENFORD
16,001,05,03,000005,86,8,RELLENO_NACIONAL_BENFORD
16,001,05,05,000012,99,9,RELLENO_NACIONAL_BENFORD
16,001,05,05,000014,86,8,RELLENO_NACIONAL_BENFORD
16,001,05,05,000019,88,8,RELLENO_NACIONAL_BENFORD
16,001,05,14,000009,94,9,RELLENO_NACIONAL_BENFORD
25,061,02,02,000009,96,9,RELLENO_NACIONAL_BENFORD
25,061,02,06,000009,95,9,RELLENO_NACIONAL_BENFORD
25,061,99,21,000001,82,8,RELLENO_NACIONAL_BENFORD
25,061,99,27,000001,97,9,RELLENO_NACIONAL_BENFORD
25,064,01,03,000005,84,8,RELLENO_NACIONAL_BENFORD
25,070,00,00,000001,89,8,RELLENO_NACIONAL_BENFORD
25,091,00,00,000001,99,9,RELLENO_NACIONAL_BENFORD
25,091,00,00,000004,88,8,RELLENO_NACIONAL_BENFORD
25,091,99,27,000001,8,8,RELLENO_NACIONAL_BENFORD
25,093,01,03,000002,91,9,RELLENO_NACIONAL_BENFORD
64,019,00,00,000001,88,8,RELLENO_NACIONAL_BENFORD
64,028,02,01,000009,9,9,RELLENO_NACIONAL_BENFORD
64,030,00,01,000006,83,8,RELLENO_NACIONAL_BENFORD
64,030,00,01,000016,87,8,RELLENO_NACIONAL_BENFORD
72,001,00,01,000007,91,9,RELLENO_NACIONAL_BENFORD
72,006,99,75,000001,8,8,RELLENO_NACIONAL_BENFORD
72,008,99,82,000001,85,8,RELLENO_NACIONAL_BENFORD
16,001,07,59,000003,98,9,RELLENO_NACIONAL_BENFORD
16,001,07,62,000004,98,9,RELLENO_NACIONAL_BENFORD
16,001,07,63,000004,83,8,RELLENO_NACIONAL_BENFORD
16,001,08,01,000011,93,9,RELLENO_NACIONAL_BENFORD
16,001,08,25,000018,88,8,RELLENO_NACIONAL_BENFORD
16,001,05,19,000009,81,8,RELLENO_NACIONAL_BENFORD
16,001,05,20,000004,91,9,RELLENO_NACIONAL_BENFORD
16,001,05,21,000005,98,9,RELLENO_NACIONAL_BENFORD
16,001,05,21,000007,82,8,RELLENO_NACIONAL_BENFORD
16,001,05,36,000003,96,9,RELLENO_NACIONAL_BENFORD
03,001,23,01,000003,83,8,RELLENO_NACIONAL_BENFORD
03,001,24,01,000004,91,9,RELLENO_NACIONAL_BENFORD
03,001,24,01,000013,93,9,RELLENO_NACIONAL_BENFORD
03,001,24,02,000009,97,9,RELLENO_NACIONAL_BENFORD
03,001,24,04,000013,91,9,RELLENO_NACIONAL_BENFORD
03,001,24,04,000029,81,8,RELLENO_NACIONAL_BENFORD
03,001,26,01,000002,81,8,RELLENO_NACIONAL_BENFORD
03,001,26,01,000016,80,8,RELLENO_NACIONAL_BENFORD
03,001,26,03,000001,85,8,RELLENO_NACIONAL_BENFORD
03,001,26,04,000011,97,9,RELLENO_NACIONAL_BENFORD
03,001,27,02,000004,83,8,RELLENO_NACIONAL_BENFORD
15,088,01,06,000004,83,8,RELLENO_NACIONAL_BENFORD
15,088,01,06,000012,83,8,RELLENO_NACIONAL_BENFORD
15,088,02,01,000010,81,8,RELLENO_NACIONAL_BENFORD
15,088,02,05,000004,92,9,RELLENO_NACIONAL_BENFORD
15,088,02,06,000005,88,8,RELLENO_NACIONAL_BENFORD
15,094,01,07,000010,98,9,RELLENO_NACIONAL_BENFORD
15,094,01,08,000003,81,8,RELLENO_NACIONAL_BENFORD
15,094,02,13,000007,87,8,RELLENO_NACIONAL_BENFORD
15,100,00,01,000024,86,8,RELLENO_NACIONAL_BENFORD
15,109,01,01,000020,85,8,RELLENO_NACIONAL_BENFORD
15,109,02,01,000014,96,9,RELLENO_NACIONAL_BENFORD
15,109,03,04,000010,81,8,RELLENO_NACIONAL_BENFORD
31,001,20,06,000005,89,8,RELLENO_NACIONAL_BENFORD
31,001,21,01,000004,81,8,RELLENO_NACIONAL_BENFORD
31,001,21,04,000015,86,8,RELLENO_NACIONAL_BENFORD
31,001,21,05,000002,88,8,RELLENO_NACIONAL_BENFORD
31,001,22,03,000003,86,8,RELLENO_NACIONAL_BENFORD
12,001,01,03,000010,80,8,RELLENO_NACIONAL_BENFORD
12,001,01,05,000012,88,8,RELLENO_NACIONAL_BENFORD
12,001,03,03,000015,92,9,RELLENO_NACIONAL_BENFORD
12,001,03,04,000017,98,9,RELLENO_NACIONAL_BENFORD
12,001,03,07,000004,82,8,RELLENO_NACIONAL_BENFORD
12,001,04,02,000003,94,9,RELLENO_NACIONAL_BENFORD
12,001,04,02,000040,92,9,RELLENO_NACIONAL_BENFORD
12,001,04,04,000013,86,8,RELLENO_NACIONAL_BENFORD
12,001,04,05,000018,88,8,RELLENO_NACIONAL_BENFORD
12,001,05,05,000012,80,8,RELLENO_NACIONAL_BENFORD
12,001,05,06,000002,88,8,RELLENO_NACIONAL_BENFORD
19,049,99,16,000005,89,8,RELLENO_NACIONAL_BENFORD
19,061,01,06,000010,83,8,RELLENO_NACIONAL_BENFORD
19,061,01,07,000007,87,8,RELLENO_NACIONAL_BENFORD
19,061,02,03,000013,94,9,RELLENO_NACIONAL_BENFORD
19,061,02,05,000021,98,9,RELLENO_NACIONAL_BENFORD
19,061,99,07,000014,85,8,RELLENO_NACIONAL_BENFORD
19,064,00,00,000043,83,8,RELLENO_NACIONAL_BENFORD
19,070,00,00,000032,92,9,RELLENO_NACIONAL_BENFORD
19,070,00,00,000033,81,8,RELLENO_NACIONAL_BENFORD
01,151,03,02,000026,88,8,RELLENO_NACIONAL_BENFORD
01,151,03,02,000027,90,9,RELLENO_NACIONAL_BENFORD
01,151,07,03,000008,84,8,RELLENO_NACIONAL_BENFORD
01,001,99,B1,000033,82,8,RELLENO_NACIONAL_BENFORD
01,016,00,02,000003,91,9,RELLENO_NACIONAL_BENFORD
28,200,99,16,000006,80,8,RELLENO_NACIONAL_BENFORD
28,220,99,69,000002,90,9,RELLENO_NACIONAL_BENFORD
28,240,00,00,000035,96,9,RELLENO_NACIONAL_BENFORD
28,240,00,00,000038,83,8,RELLENO_NACIONAL_BENFORD
28,260,01,01,000004,85,8,RELLENO_NACIONAL_BENFORD
28,280,00,00,000013,80,8,RELLENO_NACIONAL_BENFORD
29,001,01,08,000015,88,8,RELLENO_NACIONAL_BENFORD
29,001,01,08,000018,87,8,RELLENO_NACIONAL_BENFORD
29,001,02,02,000014,80,8,RELLENO_NACIONAL_BENFORD
29,001,03,07,000002,82,8,RELLENO_NACIONAL_BENFORD
09,001,02,02,000004,96,9,RELLENO_NACIONAL_BENFORD
09,001,03,01,000013,86,8,RELLENO_NACIONAL_BENFORD
09,001,06,01,000022,89,8,RELLENO_NACIONAL_BENFORD
09,001,07,02,000018,92,9,RELLENO_NACIONAL_BENFORD
09,001,07,06,000004,93,9,RELLENO_NACIONAL_BENFORD
09,001,11,05,000009,93,9,RELLENO_NACIONAL_BENFORD
16,001,16,03,000017,81,8,RELLENO_NACIONAL_BENFORD
16,001,17,04,000004,89,8,RELLENO_NACIONAL_BENFORD
01,031,02,02,000003,96,9,RELLENO_NACIONAL_BENFORD
01,049,01,02,000020,85,8,RELLENO_NACIONAL_BENFORD
29,001,05,04,000008,81,8,RELLENO_NACIONAL_BENFORD
29,001,05,05,000004,87,8,RELLENO_NACIONAL_BENFORD
29,001,08,05,000023,92,9,RELLENO_NACIONAL_BENFORD
29,001,09,04,000010,85,8,RELLENO_NACIONAL_BENFORD
29,001,10,03,000017,87,8,RELLENO_NACIONAL_BENFORD
29,001,11,05,000017,80,8,RELLENO_NACIONAL_BENFORD
09,001,99,03,000006,94,9,RELLENO_NACIONAL_BENFORD
09,007,01,04,000014,91,9,RELLENO_NACIONAL_BENFORD
09,007,99,02,000004,9,9,RELLENO_NACIONAL_BENFORD
09,013,00,02,000006,99,9,RELLENO_NACIONAL_BENFORD
09,013,00,02,000009,92,9,RELLENO_NACIONAL_BENFORD
09,034,01,01,000022,84,8,RELLENO_NACIONAL_BENFORD
09,037,00,00,000017,89,8,RELLENO_NACIONAL_BENFORD
09,049,02,02,000011,92,9,RELLENO_NACIONAL_BENFORD
09,049,99,01,000001,90,9,RELLENO_NACIONAL_BENFORD
16,001,18,16,000011,88,8,RELLENO_NACIONAL_BENFORD
16,001,18,28,000010,86,8,RELLENO_NACIONAL_BENFORD
16,001,18,29,000004,83,8,RELLENO_NACIONAL_BENFORD
16,001,18,29,000007,98,9,RELLENO_NACIONAL_BENFORD
16,001,18,41,000002,88,8,RELLENO_NACIONAL_BENFORD
16,001,19,07,000005,89,8,RELLENO_NACIONAL_BENFORD
16,001,19,09,000003,82,8,RELLENO_NACIONAL_BENFORD
16,001,19,15,000023,96,9,RELLENO_NACIONAL_BENFORD
01,049,03,03,000022,93,9,RELLENO_NACIONAL_BENFORD
01,049,04,04,000045,91,9,RELLENO_NACIONAL_BENFORD
01,049,05,02,000013,83,8,RELLENO_NACIONAL_BENFORD
01,049,08,04,000024,93,9,RELLENO_NACIONAL_BENFORD
01,049,09,01,000008,97,9,RELLENO_NACIONAL_BENFORD
29,019,00,00,000014,94,9,RELLENO_NACIONAL_BENFORD
29,022,00,01,000002,81,8,RELLENO_NACIONAL_BENFORD
29,031,99,17,000001,87,8,RELLENO_NACIONAL_BENFORD
29,034,00,00,000020,82,8,RELLENO_NACIONAL_BENFORD
29,040,01,02,000012,88,8,RELLENO_NACIONAL_BENFORD
15,139,02,01,000028,96,9,RELLENO_NACIONAL_BENFORD
15,142,02,02,000014,88,8,RELLENO_NACIONAL_BENFORD
15,148,00,00,000017,89,8,RELLENO_NACIONAL_BENFORD
15,160,01,07,000002,93,9,RELLENO_NACIONAL_BENFORD
15,169,01,03,000022,89,8,RELLENO_NACIONAL_BENFORD
15,169,01,06,000004,88,8,RELLENO_NACIONAL_BENFORD
15,169,02,03,000016,84,8,RELLENO_NACIONAL_BENFORD
24,001,02,02,000010,99,9,RELLENO_NACIONAL_BENFORD
24,001,08,02,000015,80,8,RELLENO_NACIONAL_BENFORD
24,001,10,02,000031,91,9,RELLENO_NACIONAL_BENFORD
24,001,11,03,000028,97,9,RELLENO_NACIONAL_BENFORD
48,001,01,01,000017,82,8,RELLENO_NACIONAL_BENFORD
48,001,01,07,000002,90,9,RELLENO_NACIONAL_BENFORD
03,001,99,10,000002,83,8,RELLENO_NACIONAL_BENFORD
03,016,00,02,000011,84,8,RELLENO_NACIONAL_BENFORD
03,016,99,21,000004,98,9,RELLENO_NACIONAL_BENFORD
03,019,00,00,000005,81,8,RELLENO_NACIONAL_BENFORD
15,175,00,02,000007,83,8,RELLENO_NACIONAL_BENFORD
15,202,00,01,000012,99,9,RELLENO_NACIONAL_BENFORD
15,218,00,02,000007,99,9,RELLENO_NACIONAL_BENFORD
15,239,01,03,000003,92,9,RELLENO_NACIONAL_BENFORD
15,094,02,02,000013,88,8,RELLENO_NACIONAL_BENFORD
15,094,02,02,000014,91,9,RELLENO_NACIONAL_BENFORD
15,094,02,02,000018,93,9,RELLENO_NACIONAL_BENFORD
15,094,02,05,000010,94,9,RELLENO_NACIONAL_BENFORD
15,094,02,06,000018,97,9,RELLENO_NACIONAL_BENFORD
15,094,02,13,000012,99,9,RELLENO_NACIONAL_BENFORD
15,100,00,01,000021,92,9,RELLENO_NACIONAL_BENFORD
15,100,00,02,000003,86,8,RELLENO_NACIONAL_BENFORD
15,109,02,01,000019,83,8,RELLENO_NACIONAL_BENFORD
15,109,02,07,000003,90,9,RELLENO_NACIONAL_BENFORD
15,109,02,08,000004,89,8,RELLENO_NACIONAL_BENFORD
15,109,03,01,000014,98,9,RELLENO_NACIONAL_BENFORD
15,109,03,01,000017,84,8,RELLENO_NACIONAL_BENFORD
15,109,03,05,000014,83,8,RELLENO_NACIONAL_BENFORD
21,040,99,13,000002,89,8,RELLENO_NACIONAL_BENFORD
21,040,99,17,000003,94,9,RELLENO_NACIONAL_BENFORD
21,040,99,25,000004,83,8,RELLENO_NACIONAL_BENFORD
21,042,00,00,000028,89,8,RELLENO_NACIONAL_BENFORD
21,049,02,02,000004,97,9,RELLENO_NACIONAL_BENFORD
21,049,99,29,000003,87,8,RELLENO_NACIONAL_BENFORD
21,052,02,01,000011,89,8,RELLENO_NACIONAL_BENFORD
21,052,99,06,000002,80,8,RELLENO_NACIONAL_BENFORD
21,058,00,00,000005,89,8,RELLENO_NACIONAL_BENFORD
21,060,99,33,000001,89,8,RELLENO_NACIONAL_BENFORD
21,067,00,00,000012,81,8,RELLENO_NACIONAL_BENFORD
21,070,99,16,000002,99,9,RELLENO_NACIONAL_BENFORD
21,070,99,17,000002,80,8,RELLENO_NACIONAL_BENFORD
21,070,99,18,000002,85,8,RELLENO_NACIONAL_BENFORD
21,078,00,00,000002,83,8,RELLENO_NACIONAL_BENFORD
21,078,99,41,000002,84,8,RELLENO_NACIONAL_BENFORD
21,079,00,00,000014,98,9,RELLENO_NACIONAL_BENFORD
21,079,00,00,000018,81,8,RELLENO_NACIONAL_BENFORD
21,085,99,04,000001,90,9,RELLENO_NACIONAL_BENFORD
21,090,00,00,000008,96,9,RELLENO_NACIONAL_BENFORD
23,001,01,02,000008,88,8,RELLENO_NACIONAL_BENFORD
23,001,01,03,000025,88,8,RELLENO_NACIONAL_BENFORD
23,001,01,04,000005,94,9,RELLENO_NACIONAL_BENFORD
23,001,03,02,000008,81,8,RELLENO_NACIONAL_BENFORD
23,001,03,05,000003,95,9,RELLENO_NACIONAL_BENFORD
23,001,03,05,000005,87,8,RELLENO_NACIONAL_BENFORD
23,001,05,03,000006,93,9,RELLENO_NACIONAL_BENFORD
23,001,05,03,000011,83,8,RELLENO_NACIONAL_BENFORD
23,001,05,03,000014,97,9,RELLENO_NACIONAL_BENFORD
23,001,06,01,000002,97,9,RELLENO_NACIONAL_BENFORD
23,001,07,06,000004,89,8,RELLENO_NACIONAL_BENFORD
23,001,07,06,000007,92,9,RELLENO_NACIONAL_BENFORD
23,007,00,00,000008,80,8,RELLENO_NACIONAL_BENFORD
23,007,99,60,000001,95,9,RELLENO_NACIONAL_BENFORD
23,016,00,02,000009,8,8,RELLENO_NACIONAL_BENFORD
23,017,00,00,000001,98,9,RELLENO_NACIONAL_BENFORD
23,017,00,00,000007,88,8,RELLENO_NACIONAL_BENFORD
23,019,00,02,000003,85,8,RELLENO_NACIONAL_BENFORD
23,041,00,00,000016,9,9,RELLENO_NACIONAL_BENFORD
23,043,99,09,000005,99,9,RELLENO_NACIONAL_BENFORD
23,061,99,05,000001,86,8,RELLENO_NACIONAL_BENFORD
23,067,01,06,000003,90,9,RELLENO_NACIONAL_BENFORD
23,067,02,02,000007,92,9,RELLENO_NACIONAL_BENFORD
23,067,02,03,000002,88,8,RELLENO_NACIONAL_BENFORD
23,067,02,04,000002,82,8,RELLENO_NACIONAL_BENFORD
23,067,02,04,000003,88,8,RELLENO_NACIONAL_BENFORD
23,067,90,01,000010,82,8,RELLENO_NACIONAL_BENFORD
23,067,90,01,000021,82,8,RELLENO_NACIONAL_BENFORD
23,073,99,04,000001,82,8,RELLENO_NACIONAL_BENFORD
23,079,00,02,000001,94,9,RELLENO_NACIONAL_BENFORD
23,079,00,02,000013,83,8,RELLENO_NACIONAL_BENFORD
23,079,99,70,000002,8,8,RELLENO_NACIONAL_BENFORD
23,079,99,80,000002,93,9,RELLENO_NACIONAL_BENFORD
23,080,99,25,000001,8,8,RELLENO_NACIONAL_BENFORD
23,082,99,02,000002,8,8,RELLENO_NACIONAL_BENFORD
23,097,00,00,000002,80,8,RELLENO_NACIONAL_BENFORD
23,103,00,00,000003,86,8,RELLENO_NACIONAL_BENFORD
23,106,00,00,000015,96,9,RELLENO_NACIONAL_BENFORD
23,106,00,00,000031,88,8,RELLENO_NACIONAL_BENFORD
23,106,00,00,000033,80,8,RELLENO_NACIONAL_BENFORD
23,115,00,02,000021,8,8,RELLENO_NACIONAL_BENFORD
23,115,99,06,000002,9,9,RELLENO_NACIONAL_BENFORD
23,121,00,00,000003,85,8,RELLENO_NACIONAL_BENFORD
23,121,99,01,000006,95,9,RELLENO_NACIONAL_BENFORD
23,130,00,00,000005,87,8,RELLENO_NACIONAL_BENFORD
23,136,00,00,000006,82,8,RELLENO_NACIONAL_BENFORD
23,136,99,20,000002,85,8,RELLENO_NACIONAL_BENFORD
23,139,02,03,000008,8,8,RELLENO_NACIONAL_BENFORD
23,139,03,01,000001,83,8,RELLENO_NACIONAL_BENFORD
23,139,99,03,000002,8,8,RELLENO_NACIONAL_BENFORD
23,139,99,A3,000001,8,8,RELLENO_NACIONAL_BENFORD
24,001,01,01,000011,91,9,RELLENO_NACIONAL_BENFORD
46,001,03,04,000030,92,9,RELLENO_NACIONAL_BENFORD
46,001,04,04,000004,98,9,RELLENO_NACIONAL_BENFORD
46,040,01,01,000020,99,9,RELLENO_NACIONAL_BENFORD
46,830,00,00,000015,9,9,RELLENO_NACIONAL_BENFORD
03,001,28,03,000003,99,9,RELLENO_NACIONAL_BENFORD
03,001,28,04,000001,84,8,RELLENO_NACIONAL_BENFORD
03,001,29,01,000014,99,9,RELLENO_NACIONAL_BENFORD
03,001,29,01,000017,91,9,RELLENO_NACIONAL_BENFORD
03,001,29,04,000011,87,8,RELLENO_NACIONAL_BENFORD
03,001,29,05,000024,85,8,RELLENO_NACIONAL_BENFORD
03,001,30,03,000005,81,8,RELLENO_NACIONAL_BENFORD
03,001,30,03,000015,84,8,RELLENO_NACIONAL_BENFORD
03,001,30,04,000027,99,9,RELLENO_NACIONAL_BENFORD
03,001,31,05,000002,99,9,RELLENO_NACIONAL_BENFORD
31,076,00,00,000003,92,9,RELLENO_NACIONAL_BENFORD
31,079,01,02,000012,82,8,RELLENO_NACIONAL_BENFORD
31,079,01,07,000007,9,9,RELLENO_NACIONAL_BENFORD
31,079,03,03,000001,83,8,RELLENO_NACIONAL_BENFORD
31,079,03,03,000009,95,9,RELLENO_NACIONAL_BENFORD
31,079,05,02,000005,98,9,RELLENO_NACIONAL_BENFORD
31,079,05,05,000006,95,9,RELLENO_NACIONAL_BENFORD
31,079,06,01,000002,88,8,RELLENO_NACIONAL_BENFORD
31,079,06,05,000008,99,9,RELLENO_NACIONAL_BENFORD
31,079,07,01,000012,90,9,RELLENO_NACIONAL_BENFORD
31,079,07,04,000009,85,8,RELLENO_NACIONAL_BENFORD
31,079,09,05,000007,92,9,RELLENO_NACIONAL_BENFORD
31,079,10,01,000004,95,9,RELLENO_NACIONAL_BENFORD
31,079,10,01,000012,96,9,RELLENO_NACIONAL_BENFORD
31,079,99,07,000006,82,8,RELLENO_NACIONAL_BENFORD
31,079,99,19,000002,81,8,RELLENO_NACIONAL_BENFORD
31,079,99,40,000002,93,9,RELLENO_NACIONAL_BENFORD
31,079,99,77,000001,94,9,RELLENO_NACIONAL_BENFORD
31,082,01,02,000013,9,9,RELLENO_NACIONAL_BENFORD
31,082,02,01,000001,88,8,RELLENO_NACIONAL_BENFORD
31,082,02,01,000002,82,8,RELLENO_NACIONAL_BENFORD
31,082,90,01,000004,81,8,RELLENO_NACIONAL_BENFORD
31,082,99,37,000001,84,8,RELLENO_NACIONAL_BENFORD
31,097,02,01,000006,92,9,RELLENO_NACIONAL_BENFORD
31,097,99,13,000001,92,9,RELLENO_NACIONAL_BENFORD
31,097,99,29,000001,89,8,RELLENO_NACIONAL_BENFORD
31,103,00,01,000018,91,9,RELLENO_NACIONAL_BENFORD
31,103,99,17,000001,92,9,RELLENO_NACIONAL_BENFORD
31,106,01,01,000017,90,9,RELLENO_NACIONAL_BENFORD
31,106,01,01,000022,83,8,RELLENO_NACIONAL_BENFORD
31,106,01,01,000025,80,8,RELLENO_NACIONAL_BENFORD
31,106,02,03,000018,98,9,RELLENO_NACIONAL_BENFORD
31,106,03,02,000002,80,8,RELLENO_NACIONAL_BENFORD
31,106,04,03,000004,84,8,RELLENO_NACIONAL_BENFORD
31,106,04,03,000005,95,9,RELLENO_NACIONAL_BENFORD
31,106,04,03,000006,92,9,RELLENO_NACIONAL_BENFORD
31,106,04,05,000003,86,8,RELLENO_NACIONAL_BENFORD
31,106,08,04,000005,82,8,RELLENO_NACIONAL_BENFORD
31,106,99,05,000002,8,8,RELLENO_NACIONAL_BENFORD
31,106,99,17,000001,99,9,RELLENO_NACIONAL_BENFORD
31,121,02,01,000004,82,8,RELLENO_NACIONAL_BENFORD
31,121,02,03,000009,81,8,RELLENO_NACIONAL_BENFORD
31,121,99,05,000005,91,9,RELLENO_NACIONAL_BENFORD
31,124,02,02,000008,84,8,RELLENO_NACIONAL_BENFORD
40,001,01,01,000022,89,8,RELLENO_NACIONAL_BENFORD
40,001,02,05,000002,97,9,RELLENO_NACIONAL_BENFORD
40,005,99,46,000004,95,9,RELLENO_NACIONAL_BENFORD
40,015,00,00,000007,89,8,RELLENO_NACIONAL_BENFORD
40,017,00,02,000002,85,8,RELLENO_NACIONAL_BENFORD
40,025,01,02,000006,91,9,RELLENO_NACIONAL_BENFORD
44,001,01,07,000016,96,9,RELLENO_NACIONAL_BENFORD
44,001,02,02,000005,93,9,RELLENO_NACIONAL_BENFORD
44,001,02,04,000008,90,9,RELLENO_NACIONAL_BENFORD
44,001,02,04,000011,96,9,RELLENO_NACIONAL_BENFORD
44,001,03,01,000006,80,8,RELLENO_NACIONAL_BENFORD
44,001,03,03,000017,90,9,RELLENO_NACIONAL_BENFORD
44,001,03,04,000012,82,8,RELLENO_NACIONAL_BENFORD
44,005,00,00,000029,94,9,RELLENO_NACIONAL_BENFORD
44,006,00,00,000026,84,8,RELLENO_NACIONAL_BENFORD
44,006,99,70,000001,87,8,RELLENO_NACIONAL_BENFORD
44,009,00,01,000023,96,9,RELLENO_NACIONAL_BENFORD
44,010,01,02,000008,80,8,RELLENO_NACIONAL_BENFORD
44,010,01,02,000012,92,9,RELLENO_NACIONAL_BENFORD
44,010,02,01,000005,98,9,RELLENO_NACIONAL_BENFORD
44,010,02,03,000006,86,8,RELLENO_NACIONAL_BENFORD
44,010,99,88,000001,99,9,RELLENO_NACIONAL_BENFORD
44,024,00,00,000015,82,8,RELLENO_NACIONAL_BENFORD
01,218,03,02,000015,94,9,RELLENO_NACIONAL_BENFORD
01,218,03,03,000018,96,9,RELLENO_NACIONAL_BENFORD
01,220,00,00,000032,85,8,RELLENO_NACIONAL_BENFORD
01,223,00,00,000012,86,8,RELLENO_NACIONAL_BENFORD
01,231,00,00,000015,89,8,RELLENO_NACIONAL_BENFORD
01,231,00,00,000019,85,8,RELLENO_NACIONAL_BENFORD
01,237,02,01,000011,94,9,RELLENO_NACIONAL_BENFORD
01,237,02,01,000012,85,8,RELLENO_NACIONAL_BENFORD
01,237,02,02,000010,99,9,RELLENO_NACIONAL_BENFORD
01,259,01,02,000001,82,8,RELLENO_NACIONAL_BENFORD
01,262,99,10,000004,86,8,RELLENO_NACIONAL_BENFORD
01,265,00,00,000020,81,8,RELLENO_NACIONAL_BENFORD
01,274,00,02,000007,93,9,RELLENO_NACIONAL_BENFORD
01,277,00,00,000002,94,9,RELLENO_NACIONAL_BENFORD
01,280,01,02,000002,83,8,RELLENO_NACIONAL_BENFORD
01,280,01,02,000005,95,9,RELLENO_NACIONAL_BENFORD
01,280,02,02,000007,99,9,RELLENO_NACIONAL_BENFORD
01,280,03,01,000002,81,8,RELLENO_NACIONAL_BENFORD
01,280,99,03,000001,96,9,RELLENO_NACIONAL_BENFORD
01,280,99,16,000001,93,9,RELLENO_NACIONAL_BENFORD
01,282,00,00,000011,92,9,RELLENO_NACIONAL_BENFORD
01,286,99,09,000002,9,9,RELLENO_NACIONAL_BENFORD
01,289,00,00,000011,83,8,RELLENO_NACIONAL_BENFORD
01,295,01,03,000003,87,8,RELLENO_NACIONAL_BENFORD
01,295,01,04,000005,93,9,RELLENO_NACIONAL_BENFORD
01,298,00,02,000012,95,9,RELLENO_NACIONAL_BENFORD
01,300,00,01,000022,95,9,RELLENO_NACIONAL_BENFORD
03,001,01,03,000007,99,9,RELLENO_NACIONAL_BENFORD
03,001,01,03,000011,97,9,RELLENO_NACIONAL_BENFORD
03,001,02,02,000010,97,9,RELLENO_NACIONAL_BENFORD
03,001,02,03,000003,96,9,RELLENO_NACIONAL_BENFORD
03,001,03,01,000022,99,9,RELLENO_NACIONAL_BENFORD
03,001,03,02,000012,83,8,RELLENO_NACIONAL_BENFORD
03,001,03,02,000013,86,8,RELLENO_NACIONAL_BENFORD
03,001,03,02,000024,85,8,RELLENO_NACIONAL_BENFORD
03,001,03,02,000030,90,9,RELLENO_NACIONAL_BENFORD
03,001,03,03,000012,99,9,RELLENO_NACIONAL_BENFORD
03,001,03,03,000015,90,9,RELLENO_NACIONAL_BENFORD
03,001,04,02,000003,86,8,RELLENO_NACIONAL_BENFORD
03,001,04,02,000008,97,9,RELLENO_NACIONAL_BENFORD
03,001,05,02,000002,96,9,RELLENO_NACIONAL_BENFORD
03,001,06,01,000004,92,9,RELLENO_NACIONAL_BENFORD
03,001,07,01,000023,90,9,RELLENO_NACIONAL_BENFORD
03,001,08,03,000009,80,8,RELLENO_NACIONAL_BENFORD
03,001,09,01,000004,93,9,RELLENO_NACIONAL_BENFORD
03,001,09,03,000002,98,9,RELLENO_NACIONAL_BENFORD
03,001,09,03,000008,92,9,RELLENO_NACIONAL_BENFORD
03,001,10,01,000005,88,8,RELLENO_NACIONAL_BENFORD
03,001,10,02,000006,85,8,RELLENO_NACIONAL_BENFORD
03,001,11,02,000002,81,8,RELLENO_NACIONAL_BENFORD
03,001,14,01,000008,83,8,RELLENO_NACIONAL_BENFORD
03,001,14,03,000003,86,8,RELLENO_NACIONAL_BENFORD
03,001,15,01,000007,83,8,RELLENO_NACIONAL_BENFORD
03,001,15,01,000009,88,8,RELLENO_NACIONAL_BENFORD
03,001,15,01,000010,91,9,RELLENO_NACIONAL_BENFORD
03,001,15,01,000011,93,9,RELLENO_NACIONAL_BENFORD
03,001,16,03,000006,92,9,RELLENO_NACIONAL_BENFORD
03,001,16,03,000012,93,9,RELLENO_NACIONAL_BENFORD
03,001,16,03,000017,80,8,RELLENO_NACIONAL_BENFORD
03,001,16,03,000021,98,9,RELLENO_NACIONAL_BENFORD
03,001,18,01,000017,85,8,RELLENO_NACIONAL_BENFORD
03,001,18,02,000002,84,8,RELLENO_NACIONAL_BENFORD
03,001,18,02,000008,80,8,RELLENO_NACIONAL_BENFORD
03,001,19,01,000003,84,8,RELLENO_NACIONAL_BENFORD
03,001,19,01,000014,89,8,RELLENO_NACIONAL_BENFORD
03,001,19,02,000016,97,9,RELLENO_NACIONAL_BENFORD
03,001,19,03,000014,81,8,RELLENO_NACIONAL_BENFORD
03,001,19,04,000011,83,8,RELLENO_NACIONAL_BENFORD
03,001,20,01,000010,93,9,RELLENO_NACIONAL_BENFORD
03,001,20,01,000012,97,9,RELLENO_NACIONAL_BENFORD
03,001,20,03,000011,93,9,RELLENO_NACIONAL_BENFORD
03,001,20,03,000016,99,9,RELLENO_NACIONAL_BENFORD
03,001,20,03,000017,93,9,RELLENO_NACIONAL_BENFORD
03,001,20,04,000011,86,8,RELLENO_NACIONAL_BENFORD
16,001,06,01,000005,87,8,RELLENO_NACIONAL_BENFORD
16,001,06,07,000014,91,9,RELLENO_NACIONAL_BENFORD
16,001,06,09,000028,80,8,RELLENO_NACIONAL_BENFORD
16,001,06,28,000011,94,9,RELLENO_NACIONAL_BENFORD
16,001,06,31,000006,84,8,RELLENO_NACIONAL_BENFORD
16,001,07,01,000013,81,8,RELLENO_NACIONAL_BENFORD
16,001,07,01,000033,86,8,RELLENO_NACIONAL_BENFORD
25,100,01,01,000022,91,9,RELLENO_NACIONAL_BENFORD
12,200,01,01,000003,82,8,RELLENO_NACIONAL_BENFORD
21,001,01,01,000006,93,9,RELLENO_NACIONAL_BENFORD
21,001,02,01,000011,93,9,RELLENO_NACIONAL_BENFORD
21,001,05,03,000012,85,8,RELLENO_NACIONAL_BENFORD
01,166,02,02,000026,99,9,RELLENO_NACIONAL_BENFORD
01,166,02,03,000017,94,9,RELLENO_NACIONAL_BENFORD
31,001,30,02,000027,97,9,RELLENO_NACIONAL_BENFORD
31,001,30,04,000016,81,8,RELLENO_NACIONAL_BENFORD
31,001,31,01,000004,86,8,RELLENO_NACIONAL_BENFORD
31,001,32,04,000009,86,8,RELLENO_NACIONAL_BENFORD
31,001,32,05,000008,86,8,RELLENO_NACIONAL_BENFORD
31,001,32,05,000009,89,8,RELLENO_NACIONAL_BENFORD
31,001,99,19,000007,94,9,RELLENO_NACIONAL_BENFORD
31,001,99,47,000003,94,9,RELLENO_NACIONAL_BENFORD
12,225,02,01,000011,94,9,RELLENO_NACIONAL_BENFORD
12,415,99,17,000003,88,8,RELLENO_NACIONAL_BENFORD
12,450,00,02,000004,95,9,RELLENO_NACIONAL_BENFORD
12,525,00,00,000006,97,9,RELLENO_NACIONAL_BENFORD
12,525,99,62,000001,92,9,RELLENO_NACIONAL_BENFORD
12,608,01,02,000001,94,9,RELLENO_NACIONAL_BENFORD
12,700,00,00,000036,95,9,RELLENO_NACIONAL_BENFORD
12,720,00,00,000006,90,9,RELLENO_NACIONAL_BENFORD
12,720,00,00,000032,85,8,RELLENO_NACIONAL_BENFORD
12,720,00,00,000038,94,9,RELLENO_NACIONAL_BENFORD
12,720,99,60,000001,83,8,RELLENO_NACIONAL_BENFORD
12,720,99,60,000003,9,9,RELLENO_NACIONAL_BENFORD
21,001,05,06,000004,90,9,RELLENO_NACIONAL_BENFORD
21,001,06,05,000003,96,9,RELLENO_NACIONAL_BENFORD
21,001,07,02,000015,96,9,RELLENO_NACIONAL_BENFORD
21,001,07,03,000002,96,9,RELLENO_NACIONAL_BENFORD
21,001,08,03,000006,99,9,RELLENO_NACIONAL_BENFORD
21,001,99,04,000005,80,8,RELLENO_NACIONAL_BENFORD
21,012,01,01,000017,84,8,RELLENO_NACIONAL_BENFORD
21,013,99,30,000001,95,9,RELLENO_NACIONAL_BENFORD
01,191,00,01,000002,89,8,RELLENO_NACIONAL_BENFORD
01,191,00,01,000019,89,8,RELLENO_NACIONAL_BENFORD
01,192,00,01,000037,82,8,RELLENO_NACIONAL_BENFORD
01,192,99,16,000002,88,8,RELLENO_NACIONAL_BENFORD
01,205,01,01,000012,8,8,RELLENO_NACIONAL_BENFORD
01,205,02,02,000001,89,8,RELLENO_NACIONAL_BENFORD
01,205,02,02,000005,91,9,RELLENO_NACIONAL_BENFORD
01,206,00,00,000007,92,9,RELLENO_NACIONAL_BENFORD
01,206,00,00,000008,84,8,RELLENO_NACIONAL_BENFORD
31,019,99,32,000005,8,8,RELLENO_NACIONAL_BENFORD
31,022,03,01,000003,90,9,RELLENO_NACIONAL_BENFORD
31,028,01,01,000007,93,9,RELLENO_NACIONAL_BENFORD
12,825,00,00,000025,81,8,RELLENO_NACIONAL_BENFORD
12,900,00,00,000007,88,8,RELLENO_NACIONAL_BENFORD
52,049,00,00,000001,88,8,RELLENO_NACIONAL_BENFORD
05,001,06,02,000012,88,8,RELLENO_NACIONAL_BENFORD
05,001,06,03,000002,94,9,RELLENO_NACIONAL_BENFORD
05,001,06,06,000013,92,9,RELLENO_NACIONAL_BENFORD
05,001,07,02,000002,82,8,RELLENO_NACIONAL_BENFORD
05,001,10,04,000017,83,8,RELLENO_NACIONAL_BENFORD
05,001,11,01,000014,81,8,RELLENO_NACIONAL_BENFORD
05,001,11,02,000004,81,8,RELLENO_NACIONAL_BENFORD
16,001,02,01,000029,90,9,RELLENO_NACIONAL_BENFORD
16,001,02,02,000027,85,8,RELLENO_NACIONAL_BENFORD
16,001,02,07,000014,96,9,RELLENO_NACIONAL_BENFORD
16,001,02,15,000017,82,8,RELLENO_NACIONAL_BENFORD
16,001,02,25,000008,98,9,RELLENO_NACIONAL_BENFORD
16,001,03,01,000021,86,8,RELLENO_NACIONAL_BENFORD
16,001,03,09,000003,94,9,RELLENO_NACIONAL_BENFORD
16,001,03,09,000022,9,9,RELLENO_NACIONAL_BENFORD
16,001,04,01,000002,97,9,RELLENO_NACIONAL_BENFORD
16,001,04,05,000008,86,8,RELLENO_NACIONAL_BENFORD
25,022,00,00,000014,91,9,RELLENO_NACIONAL_BENFORD
25,022,00,00,000020,84,8,RELLENO_NACIONAL_BENFORD
25,043,00,00,000002,87,8,RELLENO_NACIONAL_BENFORD
25,054,01,01,000012,90,9,RELLENO_NACIONAL_BENFORD
25,054,02,03,000014,94,9,RELLENO_NACIONAL_BENFORD
52,050,00,00,000028,84,8,RELLENO_NACIONAL_BENFORD
52,055,99,02,000004,84,8,RELLENO_NACIONAL_BENFORD
52,055,99,05,000003,83,8,RELLENO_NACIONAL_BENFORD
52,060,00,02,000008,99,9,RELLENO_NACIONAL_BENFORD
52,060,00,02,000011,89,8,RELLENO_NACIONAL_BENFORD
54,001,01,05,000003,83,8,RELLENO_NACIONAL_BENFORD
54,001,99,10,000005,82,8,RELLENO_NACIONAL_BENFORD
56,001,01,03,000007,88,8,RELLENO_NACIONAL_BENFORD
05,001,12,02,000005,81,8,RELLENO_NACIONAL_BENFORD
05,001,16,01,000012,89,8,RELLENO_NACIONAL_BENFORD
05,001,16,02,000020,84,8,RELLENO_NACIONAL_BENFORD
05,001,16,03,000016,82,8,RELLENO_NACIONAL_BENFORD
05,001,17,02,000010,88,8,RELLENO_NACIONAL_BENFORD
05,001,18,01,000010,94,9,RELLENO_NACIONAL_BENFORD
05,001,18,01,000023,84,8,RELLENO_NACIONAL_BENFORD
05,001,18,02,000019,84,8,RELLENO_NACIONAL_BENFORD
05,001,18,04,000021,94,9,RELLENO_NACIONAL_BENFORD
16,001,04,10,000004,86,8,RELLENO_NACIONAL_BENFORD
16,001,04,13,000001,92,9,RELLENO_NACIONAL_BENFORD
16,001,04,14,000014,86,8,RELLENO_NACIONAL_BENFORD
16,001,04,16,000008,94,9,RELLENO_NACIONAL_BENFORD
16,001,04,16,000015,97,9,RELLENO_NACIONAL_BENFORD
16,001,04,19,000001,99,9,RELLENO_NACIONAL_BENFORD
16,001,04,23,000006,84,8,RELLENO_NACIONAL_BENFORD
16,001,04,35,000003,90,9,RELLENO_NACIONAL_BENFORD
16,001,04,55,000013,8,8,RELLENO_NACIONAL_BENFORD
16,001,05,01,000007,80,8,RELLENO_NACIONAL_BENFORD
16,001,05,04,000007,80,8,RELLENO_NACIONAL_BENFORD
25,061,02,01,000010,99,9,RELLENO_NACIONAL_BENFORD
25,064,01,02,000015,95,9,RELLENO_NACIONAL_BENFORD
25,064,02,02,000018,87,8,RELLENO_NACIONAL_BENFORD
25,079,00,00,000014,82,8,RELLENO_NACIONAL_BENFORD
25,091,99,03,000001,8,8,RELLENO_NACIONAL_BENFORD
25,093,02,01,000004,84,8,RELLENO_NACIONAL_BENFORD
25,093,02,02,000005,82,8,RELLENO_NACIONAL_BENFORD
25,093,99,40,000005,87,8,RELLENO_NACIONAL_BENFORD
25,093,99,50,000005,90,9,RELLENO_NACIONAL_BENFORD
64,004,00,00,000001,87,8,RELLENO_NACIONAL_BENFORD
64,007,00,00,000005,89,8,RELLENO_NACIONAL_BENFORD
16,001,07,63,000008,84,8,RELLENO_NACIONAL_BENFORD
16,001,08,10,000021,88,8,RELLENO_NACIONAL_BENFORD
16,001,08,11,000030,83,8,RELLENO_NACIONAL_BENFORD
16,001,08,13,000021,98,9,RELLENO_NACIONAL_BENFORD
16,001,08,29,000024,89,8,RELLENO_NACIONAL_BENFORD
16,001,08,29,000027,99,9,RELLENO_NACIONAL_BENFORD
16,001,05,19,000012,92,9,RELLENO_NACIONAL_BENFORD
16,001,05,21,000002,92,9,RELLENO_NACIONAL_BENFORD
16,001,05,21,000006,98,9,RELLENO_NACIONAL_BENFORD
16,001,05,24,000003,99,9,RELLENO_NACIONAL_BENFORD
16,001,05,27,000002,98,9,RELLENO_NACIONAL_BENFORD
16,001,05,30,000002,96,9,RELLENO_NACIONAL_BENFORD
03,001,23,02,000019,82,8,RELLENO_NACIONAL_BENFORD
03,001,23,03,000008,84,8,RELLENO_NACIONAL_BENFORD
03,001,24,01,000025,96,9,RELLENO_NACIONAL_BENFORD
03,001,24,03,000003,93,9,RELLENO_NACIONAL_BENFORD
03,001,24,04,000005,95,9,RELLENO_NACIONAL_BENFORD
03,001,24,04,000031,87,8,RELLENO_NACIONAL_BENFORD
03,001,25,02,000003,91,9,RELLENO_NACIONAL_BENFORD
03,004,02,02,000005,82,8,RELLENO_NACIONAL_BENFORD
03,004,02,03,000002,89,8,RELLENO_NACIONAL_BENFORD
03,004,99,05,000003,81,8,RELLENO_NACIONAL_BENFORD
03,007,02,02,000002,84,8,RELLENO_NACIONAL_BENFORD
15,169,02,05,000019,88,8,RELLENO_NACIONAL_BENFORD
15,169,02,07,000006,82,8,RELLENO_NACIONAL_BENFORD
15,175,00,02,000002,84,8,RELLENO_NACIONAL_BENFORD
15,178,00,00,000008,83,8,RELLENO_NACIONAL_BENFORD
15,202,00,02,000003,83,8,RELLENO_NACIONAL_BENFORD
15,218,00,02,000010,80,8,RELLENO_NACIONAL_BENFORD
15,238,00,01,000018,96,9,RELLENO_NACIONAL_BENFORD
15,239,02,02,000006,95,9,RELLENO_NACIONAL_BENFORD
15,241,00,01,000026,85,8,RELLENO_NACIONAL_BENFORD
15,247,01,01,000009,82,8,RELLENO_NACIONAL_BENFORD
15,247,01,08,000004,96,9,RELLENO_NACIONAL_BENFORD
24,001,11,04,000028,83,8,RELLENO_NACIONAL_BENFORD
24,001,99,30,000012,90,9,RELLENO_NACIONAL_BENFORD
24,001,99,41,000001,97,9,RELLENO_NACIONAL_BENFORD
24,001,99,48,000001,97,9,RELLENO_NACIONAL_BENFORD
24,001,99,90,000006,90,9,RELLENO_NACIONAL_BENFORD
24,013,00,00,000010,83,8,RELLENO_NACIONAL_BENFORD
24,013,00,00,000011,85,8,RELLENO_NACIONAL_BENFORD
24,021,00,01,000032,93,9,RELLENO_NACIONAL_BENFORD
24,025,02,01,000019,82,8,RELLENO_NACIONAL_BENFORD
24,025,04,01,000016,92,9,RELLENO_NACIONAL_BENFORD
48,007,01,02,000007,93,9,RELLENO_NACIONAL_BENFORD
48,007,02,02,000002,82,8,RELLENO_NACIONAL_BENFORD
48,007,99,05,000001,81,8,RELLENO_NACIONAL_BENFORD
48,010,01,03,000007,99,9,RELLENO_NACIONAL_BENFORD
48,010,02,02,000022,96,9,RELLENO_NACIONAL_BENFORD
48,010,03,01,000005,92,9,RELLENO_NACIONAL_BENFORD
48,010,03,01,000006,86,8,RELLENO_NACIONAL_BENFORD
48,011,99,40,000003,83,8,RELLENO_NACIONAL_BENFORD
03,022,01,01,000011,81,8,RELLENO_NACIONAL_BENFORD
03,022,02,01,000005,80,8,RELLENO_NACIONAL_BENFORD
03,025,00,00,000044,89,8,RELLENO_NACIONAL_BENFORD
03,028,02,01,000006,91,9,RELLENO_NACIONAL_BENFORD
03,035,00,00,000004,96,9,RELLENO_NACIONAL_BENFORD
03,037,02,02,000001,93,9,RELLENO_NACIONAL_BENFORD
03,040,00,00,000016,86,8,RELLENO_NACIONAL_BENFORD
03,040,00,00,000037,89,8,RELLENO_NACIONAL_BENFORD
03,043,01,01,000003,88,8,RELLENO_NACIONAL_BENFORD
03,043,01,01,000006,83,8,RELLENO_NACIONAL_BENFORD
15,247,02,03,000013,88,8,RELLENO_NACIONAL_BENFORD
15,247,02,09,000002,99,9,RELLENO_NACIONAL_BENFORD
15,247,04,02,000005,99,9,RELLENO_NACIONAL_BENFORD
15,247,04,06,000001,99,9,RELLENO_NACIONAL_BENFORD
15,247,06,02,000005,97,9,RELLENO_NACIONAL_BENFORD
15,256,00,01,000019,94,9,RELLENO_NACIONAL_BENFORD
24,046,90,01,000004,86,8,RELLENO_NACIONAL_BENFORD
48,013,02,02,000016,82,8,RELLENO_NACIONAL_BENFORD
48,016,01,01,000018,8,8,RELLENO_NACIONAL_BENFORD
48,016,99,10,000010,8,8,RELLENO_NACIONAL_BENFORD
48,018,00,01,000014,90,9,RELLENO_NACIONAL_BENFORD
50,001,02,02,000002,84,8,RELLENO_NACIONAL_BENFORD
50,070,99,03,000001,9,9,RELLENO_NACIONAL_BENFORD
03,046,02,02,000003,93,9,RELLENO_NACIONAL_BENFORD
03,046,02,02,000014,84,8,RELLENO_NACIONAL_BENFORD
03,046,02,06,000001,86,8,RELLENO_NACIONAL_BENFORD
03,046,99,01,000005,97,9,RELLENO_NACIONAL_BENFORD
03,049,01,01,000006,94,9,RELLENO_NACIONAL_BENFORD
03,049,01,01,000007,80,8,RELLENO_NACIONAL_BENFORD
03,049,01,01,000011,86,8,RELLENO_NACIONAL_BENFORD
03,049,01,02,000006,85,8,RELLENO_NACIONAL_BENFORD
03,049,01,02,000010,87,8,RELLENO_NACIONAL_BENFORD
03,049,02,01,000012,82,8,RELLENO_NACIONAL_BENFORD
03,052,01,02,000003,89,8,RELLENO_NACIONAL_BENFORD
03,052,03,02,000005,91,9,RELLENO_NACIONAL_BENFORD
03,052,03,02,000020,80,8,RELLENO_NACIONAL_BENFORD
03,052,03,04,000005,93,9,RELLENO_NACIONAL_BENFORD
03,052,03,05,000002,95,9,RELLENO_NACIONAL_BENFORD
03,052,04,03,000010,89,8,RELLENO_NACIONAL_BENFORD
03,052,05,01,000014,84,8,RELLENO_NACIONAL_BENFORD
03,052,05,03,000008,88,8,RELLENO_NACIONAL_BENFORD
03,052,05,03,000010,88,8,RELLENO_NACIONAL_BENFORD
03,052,07,02,000002,82,8,RELLENO_NACIONAL_BENFORD
03,052,07,02,000004,91,9,RELLENO_NACIONAL_BENFORD
15,292,02,03,000022,98,9,RELLENO_NACIONAL_BENFORD
15,292,02,03,000023,81,8,RELLENO_NACIONAL_BENFORD
15,292,02,03,000024,89,8,RELLENO_NACIONAL_BENFORD
15,292,02,05,000004,96,9,RELLENO_NACIONAL_BENFORD
15,304,99,01,000002,98,9,RELLENO_NACIONAL_BENFORD
15,340,01,01,000021,87,8,RELLENO_NACIONAL_BENFORD
15,340,01,03,000018,99,9,RELLENO_NACIONAL_BENFORD
15,340,01,06,000007,97,9,RELLENO_NACIONAL_BENFORD
25,001,03,04,000022,90,9,RELLENO_NACIONAL_BENFORD
25,001,05,03,000019,86,8,RELLENO_NACIONAL_BENFORD
52,001,06,02,000013,93,9,RELLENO_NACIONAL_BENFORD
52,001,08,04,000019,95,9,RELLENO_NACIONAL_BENFORD
52,001,14,01,000011,86,8,RELLENO_NACIONAL_BENFORD
52,001,14,04,000008,92,9,RELLENO_NACIONAL_BENFORD
52,001,14,04,000009,93,9,RELLENO_NACIONAL_BENFORD
52,001,16,04,000010,88,8,RELLENO_NACIONAL_BENFORD
52,001,16,04,000023,87,8,RELLENO_NACIONAL_BENFORD
03,052,07,03,000008,96,9,RELLENO_NACIONAL_BENFORD
03,052,07,04,000006,82,8,RELLENO_NACIONAL_BENFORD
03,052,07,04,000027,89,8,RELLENO_NACIONAL_BENFORD
03,052,09,03,000001,99,9,RELLENO_NACIONAL_BENFORD
03,052,10,02,000004,90,9,RELLENO_NACIONAL_BENFORD
03,052,10,04,000033,82,8,RELLENO_NACIONAL_BENFORD
05,001,01,03,000002,98,9,RELLENO_NACIONAL_BENFORD
05,001,03,01,000014,85,8,RELLENO_NACIONAL_BENFORD
15,340,02,04,000004,98,9,RELLENO_NACIONAL_BENFORD
15,340,02,06,000014,85,8,RELLENO_NACIONAL_BENFORD
15,340,02,08,000001,93,9,RELLENO_NACIONAL_BENFORD
15,340,99,03,000004,91,9,RELLENO_NACIONAL_BENFORD
16,001,01,01,000019,89,8,RELLENO_NACIONAL_BENFORD
16,001,01,02,000046,88,8,RELLENO_NACIONAL_BENFORD
16,001,01,05,000023,87,8,RELLENO_NACIONAL_BENFORD
16,001,01,24,000009,92,9,RELLENO_NACIONAL_BENFORD
16,001,01,25,000011,95,9,RELLENO_NACIONAL_BENFORD
16,001,01,32,000009,84,8,RELLENO_NACIONAL_BENFORD
16,001,01,32,000016,80,8,RELLENO_NACIONAL_BENFORD
16,001,01,32,000017,91,9,RELLENO_NACIONAL_BENFORD
25,001,10,02,000034,88,8,RELLENO_NACIONAL_BENFORD
52,015,00,00,000017,82,8,RELLENO_NACIONAL_BENFORD
52,035,01,01,000020,99,9,RELLENO_NACIONAL_BENFORD
52,043,01,01,000029,82,8,RELLENO_NACIONAL_BENFORD
52,043,01,01,000032,80,8,RELLENO_NACIONAL_BENFORD
52,043,02,01,000020,89,8,RELLENO_NACIONAL_BENFORD
52,043,99,83,000002,9,9,RELLENO_NACIONAL_BENFORD
31,001,23,07,000002,98,9,RELLENO_NACIONAL_BENFORD
31,001,24,01,000008,81,8,RELLENO_NACIONAL_BENFORD
31,001,24,02,000010,90,9,RELLENO_NACIONAL_BENFORD
31,001,24,05,000007,95,9,RELLENO_NACIONAL_BENFORD
31,001,24,06,000026,89,8,RELLENO_NACIONAL_BENFORD
31,001,24,07,000010,83,8,RELLENO_NACIONAL_BENFORD
31,001,25,04,000031,86,8,RELLENO_NACIONAL_BENFORD
31,001,25,04,000059,93,9,RELLENO_NACIONAL_BENFORD
31,001,25,04,000065,88,8,RELLENO_NACIONAL_BENFORD
31,001,25,04,000071,87,8,RELLENO_NACIONAL_BENFORD
31,001,27,01,000002,89,8,RELLENO_NACIONAL_BENFORD
31,001,27,03,000007,91,9,RELLENO_NACIONAL_BENFORD
31,001,27,04,000006,92,9,RELLENO_NACIONAL_BENFORD
31,001,27,05,000013,99,9,RELLENO_NACIONAL_BENFORD
31,001,28,01,000008,81,8,RELLENO_NACIONAL_BENFORD
31,001,29,02,000021,86,8,RELLENO_NACIONAL_BENFORD
12,001,99,92,000005,98,9,RELLENO_NACIONAL_BENFORD
12,075,01,04,000012,95,9,RELLENO_NACIONAL_BENFORD
12,075,01,04,000018,89,8,RELLENO_NACIONAL_BENFORD
12,075,01,05,000003,94,9,RELLENO_NACIONAL_BENFORD
12,075,99,75,000001,86,8,RELLENO_NACIONAL_BENFORD
12,150,01,02,000001,85,8,RELLENO_NACIONAL_BENFORD
12,150,02,01,000024,93,9,RELLENO_NACIONAL_BENFORD
12,180,00,00,000004,85,8,RELLENO_NACIONAL_BENFORD
12,200,02,01,000007,82,8,RELLENO_NACIONAL_BENFORD
12,200,02,02,000004,94,9,RELLENO_NACIONAL_BENFORD
15,109,03,05,000016,90,9,RELLENO_NACIONAL_BENFORD
21,048,00,00,000015,99,9,RELLENO_NACIONAL_BENFORD
21,048,99,40,000003,84,8,RELLENO_NACIONAL_BENFORD
21,052,01,01,000006,91,9,RELLENO_NACIONAL_BENFORD
21,052,01,02,000004,81,8,RELLENO_NACIONAL_BENFORD
21,055,00,00,000005,89,8,RELLENO_NACIONAL_BENFORD
21,058,00,00,000002,81,8,RELLENO_NACIONAL_BENFORD
21,060,99,15,000001,91,9,RELLENO_NACIONAL_BENFORD
21,067,00,00,000001,98,9,RELLENO_NACIONAL_BENFORD
21,070,99,05,000003,97,9,RELLENO_NACIONAL_BENFORD
21,079,00,00,000010,83,8,RELLENO_NACIONAL_BENFORD
21,079,00,00,000015,97,9,RELLENO_NACIONAL_BENFORD
21,079,00,00,000019,84,8,RELLENO_NACIONAL_BENFORD
21,079,99,15,000001,94,9,RELLENO_NACIONAL_BENFORD
23,001,01,03,000026,81,8,RELLENO_NACIONAL_BENFORD
23,001,01,05,000009,83,8,RELLENO_NACIONAL_BENFORD
23,001,02,01,000015,93,9,RELLENO_NACIONAL_BENFORD
23,001,02,03,000001,93,9,RELLENO_NACIONAL_BENFORD
23,001,03,01,000001,97,9,RELLENO_NACIONAL_BENFORD
23,001,03,05,000004,87,8,RELLENO_NACIONAL_BENFORD
23,001,04,01,000004,92,9,RELLENO_NACIONAL_BENFORD
23,001,04,02,000003,86,8,RELLENO_NACIONAL_BENFORD
23,001,04,03,000001,85,8,RELLENO_NACIONAL_BENFORD
23,001,05,01,000001,82,8,RELLENO_NACIONAL_BENFORD
23,001,05,01,000004,90,9,RELLENO_NACIONAL_BENFORD
23,001,05,02,000009,80,8,RELLENO_NACIONAL_BENFORD
23,001,05,03,000004,91,9,RELLENO_NACIONAL_BENFORD
23,001,05,04,000013,84,8,RELLENO_NACIONAL_BENFORD
23,001,05,04,000016,9,9,RELLENO_NACIONAL_BENFORD
23,001,05,06,000019,91,9,RELLENO_NACIONAL_BENFORD
23,001,90,01,000012,92,9,RELLENO_NACIONAL_BENFORD
23,001,90,01,000020,91,9,RELLENO_NACIONAL_BENFORD
23,001,99,27,000001,86,8,RELLENO_NACIONAL_BENFORD
23,007,00,00,000003,92,9,RELLENO_NACIONAL_BENFORD
23,013,00,00,000004,81,8,RELLENO_NACIONAL_BENFORD
23,017,00,00,000004,83,8,RELLENO_NACIONAL_BENFORD
23,017,00,00,000005,99,9,RELLENO_NACIONAL_BENFORD
23,025,99,05,000001,88,8,RELLENO_NACIONAL_BENFORD
23,025,99,80,000001,91,9,RELLENO_NACIONAL_BENFORD
23,040,99,14,000001,9,9,RELLENO_NACIONAL_BENFORD
23,041,99,04,000001,8,8,RELLENO_NACIONAL_BENFORD
23,043,99,09,000001,89,8,RELLENO_NACIONAL_BENFORD
23,043,99,09,000004,82,8,RELLENO_NACIONAL_BENFORD
23,046,00,00,000027,85,8,RELLENO_NACIONAL_BENFORD
23,046,99,60,000001,90,9,RELLENO_NACIONAL_BENFORD
23,049,99,10,000001,83,8,RELLENO_NACIONAL_BENFORD
23,058,00,00,000007,86,8,RELLENO_NACIONAL_BENFORD
23,064,99,04,000002,99,9,RELLENO_NACIONAL_BENFORD
23,067,01,04,000011,91,9,RELLENO_NACIONAL_BENFORD
23,067,01,07,000014,81,8,RELLENO_NACIONAL_BENFORD
23,067,02,04,000004,84,8,RELLENO_NACIONAL_BENFORD
23,073,99,12,000003,86,8,RELLENO_NACIONAL_BENFORD
23,076,99,01,000003,83,8,RELLENO_NACIONAL_BENFORD
23,077,00,00,000006,86,8,RELLENO_NACIONAL_BENFORD
23,079,00,02,000010,92,9,RELLENO_NACIONAL_BENFORD
23,079,99,23,000001,90,9,RELLENO_NACIONAL_BENFORD
23,079,99,70,000001,90,9,RELLENO_NACIONAL_BENFORD
23,085,00,00,000001,82,8,RELLENO_NACIONAL_BENFORD
23,085,00,00,000002,87,8,RELLENO_NACIONAL_BENFORD
23,085,00,00,000004,83,8,RELLENO_NACIONAL_BENFORD
23,100,00,00,000005,97,9,RELLENO_NACIONAL_BENFORD
23,106,00,00,000027,88,8,RELLENO_NACIONAL_BENFORD
23,106,00,00,000029,93,9,RELLENO_NACIONAL_BENFORD
23,118,00,00,000008,95,9,RELLENO_NACIONAL_BENFORD
23,130,99,10,000002,8,8,RELLENO_NACIONAL_BENFORD
23,139,01,01,000002,86,8,RELLENO_NACIONAL_BENFORD
23,139,01,02,000002,85,8,RELLENO_NACIONAL_BENFORD
23,139,03,07,000001,93,9,RELLENO_NACIONAL_BENFORD
23,139,99,H3,000002,8,8,RELLENO_NACIONAL_BENFORD
23,142,99,29,000004,8,8,RELLENO_NACIONAL_BENFORD
46,001,04,01,000019,92,9,RELLENO_NACIONAL_BENFORD
46,001,04,01,000023,94,9,RELLENO_NACIONAL_BENFORD
46,001,04,03,000009,96,9,RELLENO_NACIONAL_BENFORD
46,640,99,35,000001,98,9,RELLENO_NACIONAL_BENFORD
46,815,00,00,000003,80,8,RELLENO_NACIONAL_BENFORD
46,830,99,70,000001,99,9,RELLENO_NACIONAL_BENFORD
03,001,28,01,000015,96,9,RELLENO_NACIONAL_BENFORD
03,001,28,03,000010,83,8,RELLENO_NACIONAL_BENFORD
03,001,31,01,000019,94,9,RELLENO_NACIONAL_BENFORD
03,001,31,06,000023,89,8,RELLENO_NACIONAL_BENFORD
31,076,00,00,000008,94,9,RELLENO_NACIONAL_BENFORD
31,076,99,01,000001,88,8,RELLENO_NACIONAL_BENFORD
31,079,01,02,000010,84,8,RELLENO_NACIONAL_BENFORD
31,079,02,03,000010,95,9,RELLENO_NACIONAL_BENFORD
31,079,02,04,000015,84,8,RELLENO_NACIONAL_BENFORD
31,079,02,04,000020,85,8,RELLENO_NACIONAL_BENFORD
31,079,03,03,000005,86,8,RELLENO_NACIONAL_BENFORD
31,079,03,03,000006,97,9,RELLENO_NACIONAL_BENFORD
31,079,03,04,000017,81,8,RELLENO_NACIONAL_BENFORD
31,079,03,07,000015,81,8,RELLENO_NACIONAL_BENFORD
31,079,04,01,000013,87,8,RELLENO_NACIONAL_BENFORD
31,079,05,02,000001,91,9,RELLENO_NACIONAL_BENFORD
31,079,06,02,000002,88,8,RELLENO_NACIONAL_BENFORD
31,079,10,01,000010,97,9,RELLENO_NACIONAL_BENFORD
31,079,99,07,000018,9,9,RELLENO_NACIONAL_BENFORD
31,079,99,40,000003,83,8,RELLENO_NACIONAL_BENFORD
31,079,99,77,000008,81,8,RELLENO_NACIONAL_BENFORD
31,082,02,01,000007,90,9,RELLENO_NACIONAL_BENFORD
31,082,90,01,000001,92,9,RELLENO_NACIONAL_BENFORD
31,088,00,00,000004,94,9,RELLENO_NACIONAL_BENFORD
31,091,02,03,000002,80,8,RELLENO_NACIONAL_BENFORD
31,100,00,00,000025,84,8,RELLENO_NACIONAL_BENFORD
31,103,00,01,000021,99,9,RELLENO_NACIONAL_BENFORD
31,103,00,01,000024,81,8,RELLENO_NACIONAL_BENFORD
31,106,01,02,000013,87,8,RELLENO_NACIONAL_BENFORD
31,106,01,03,000002,9,9,RELLENO_NACIONAL_BENFORD
31,106,02,01,000012,91,9,RELLENO_NACIONAL_BENFORD
31,106,03,01,000001,95,9,RELLENO_NACIONAL_BENFORD
31,106,03,01,000022,91,9,RELLENO_NACIONAL_BENFORD
31,106,05,02,000004,84,8,RELLENO_NACIONAL_BENFORD
31,106,08,03,000008,88,8,RELLENO_NACIONAL_BENFORD
31,106,99,02,000006,83,8,RELLENO_NACIONAL_BENFORD
31,106,99,15,000001,8,8,RELLENO_NACIONAL_BENFORD
31,115,99,01,000001,86,8,RELLENO_NACIONAL_BENFORD
31,118,99,05,000001,85,8,RELLENO_NACIONAL_BENFORD
31,118,99,05,000003,8,8,RELLENO_NACIONAL_BENFORD
31,121,01,03,000005,96,9,RELLENO_NACIONAL_BENFORD
31,121,01,03,000009,91,9,RELLENO_NACIONAL_BENFORD
31,121,02,01,000005,80,8,RELLENO_NACIONAL_BENFORD
31,121,02,02,000003,80,8,RELLENO_NACIONAL_BENFORD
31,121,02,03,000001,89,8,RELLENO_NACIONAL_BENFORD
31,121,02,04,000003,90,9,RELLENO_NACIONAL_BENFORD
31,121,02,05,000004,90,9,RELLENO_NACIONAL_BENFORD
31,121,04,03,000001,82,8,RELLENO_NACIONAL_BENFORD
31,124,01,01,000003,86,8,RELLENO_NACIONAL_BENFORD
31,124,01,02,000004,88,8,RELLENO_NACIONAL_BENFORD
31,124,01,02,000005,96,9,RELLENO_NACIONAL_BENFORD
40,001,01,02,000010,84,8,RELLENO_NACIONAL_BENFORD
40,001,01,03,000002,92,9,RELLENO_NACIONAL_BENFORD
40,001,02,03,000011,96,9,RELLENO_NACIONAL_BENFORD
40,001,03,01,000001,94,9,RELLENO_NACIONAL_BENFORD
40,001,03,02,000011,90,9,RELLENO_NACIONAL_BENFORD
40,001,99,28,000001,96,9,RELLENO_NACIONAL_BENFORD
40,001,99,41,000002,88,8,RELLENO_NACIONAL_BENFORD
40,010,01,01,000011,83,8,RELLENO_NACIONAL_BENFORD
40,010,01,01,000013,87,8,RELLENO_NACIONAL_BENFORD
40,010,99,05,000006,90,9,RELLENO_NACIONAL_BENFORD
40,010,99,16,000004,94,9,RELLENO_NACIONAL_BENFORD
40,025,01,02,000016,94,9,RELLENO_NACIONAL_BENFORD
40,025,02,01,000008,91,9,RELLENO_NACIONAL_BENFORD
44,001,02,02,000014,91,9,RELLENO_NACIONAL_BENFORD
44,001,03,03,000014,88,8,RELLENO_NACIONAL_BENFORD
44,001,04,05,000021,80,8,RELLENO_NACIONAL_BENFORD
44,001,04,06,000007,92,9,RELLENO_NACIONAL_BENFORD
44,001,04,07,000004,81,8,RELLENO_NACIONAL_BENFORD
44,002,00,00,000012,8,8,RELLENO_NACIONAL_BENFORD
44,004,00,00,000014,81,8,RELLENO_NACIONAL_BENFORD
44,005,00,00,000039,96,9,RELLENO_NACIONAL_BENFORD
44,006,00,00,000016,85,8,RELLENO_NACIONAL_BENFORD
44,006,00,00,000029,80,8,RELLENO_NACIONAL_BENFORD
44,007,00,00,000013,84,8,RELLENO_NACIONAL_BENFORD
44,009,00,02,000008,99,9,RELLENO_NACIONAL_BENFORD
44,010,01,01,000018,90,9,RELLENO_NACIONAL_BENFORD
44,010,01,01,000021,83,8,RELLENO_NACIONAL_BENFORD
44,010,01,02,000013,95,9,RELLENO_NACIONAL_BENFORD
44,010,02,03,000002,96,9,RELLENO_NACIONAL_BENFORD
44,010,99,30,000001,96,9,RELLENO_NACIONAL_BENFORD
44,020,00,01,000013,91,9,RELLENO_NACIONAL_BENFORD
44,020,00,01,000014,80,8,RELLENO_NACIONAL_BENFORD
44,022,00,00,000007,83,8,RELLENO_NACIONAL_BENFORD
44,024,00,00,000016,83,8,RELLENO_NACIONAL_BENFORD
01,214,99,B2,000009,98,9,RELLENO_NACIONAL_BENFORD
01,218,03,03,000007,82,8,RELLENO_NACIONAL_BENFORD
01,231,00,00,000021,80,8,RELLENO_NACIONAL_BENFORD
01,235,01,02,000014,90,9,RELLENO_NACIONAL_BENFORD
01,237,02,02,000002,91,9,RELLENO_NACIONAL_BENFORD
01,237,99,03,000002,81,8,RELLENO_NACIONAL_BENFORD
01,237,99,32,000003,95,9,RELLENO_NACIONAL_BENFORD
01,247,02,02,000002,80,8,RELLENO_NACIONAL_BENFORD
01,259,01,02,000002,83,8,RELLENO_NACIONAL_BENFORD
01,259,02,01,000002,98,9,RELLENO_NACIONAL_BENFORD
01,262,98,01,000001,9,9,RELLENO_NACIONAL_BENFORD
01,262,99,02,000001,96,9,RELLENO_NACIONAL_BENFORD
01,262,99,40,000002,97,9,RELLENO_NACIONAL_BENFORD
01,280,02,02,000004,97,9,RELLENO_NACIONAL_BENFORD
01,280,03,01,000005,88,8,RELLENO_NACIONAL_BENFORD
01,280,99,01,000003,8,8,RELLENO_NACIONAL_BENFORD
01,280,99,03,000017,80,8,RELLENO_NACIONAL_BENFORD
01,280,99,03,000018,94,9,RELLENO_NACIONAL_BENFORD
01,280,99,16,000005,8,8,RELLENO_NACIONAL_BENFORD
01,282,00,00,000018,99,9,RELLENO_NACIONAL_BENFORD
01,283,02,01,000013,87,8,RELLENO_NACIONAL_BENFORD
01,283,02,02,000012,97,9,RELLENO_NACIONAL_BENFORD
01,283,02,02,000013,88,8,RELLENO_NACIONAL_BENFORD
01,290,00,02,000014,9,9,RELLENO_NACIONAL_BENFORD
01,298,00,02,000002,80,8,RELLENO_NACIONAL_BENFORD
01,298,00,02,000013,88,8,RELLENO_NACIONAL_BENFORD
01,300,00,01,000029,97,9,RELLENO_NACIONAL_BENFORD
01,300,00,02,000002,85,8,RELLENO_NACIONAL_BENFORD
01,301,00,01,000003,93,9,RELLENO_NACIONAL_BENFORD
01,301,00,01,000016,83,8,RELLENO_NACIONAL_BENFORD
03,001,01,03,000018,93,9,RELLENO_NACIONAL_BENFORD
03,001,02,02,000002,91,9,RELLENO_NACIONAL_BENFORD
03,001,02,03,000007,80,8,RELLENO_NACIONAL_BENFORD
03,001,03,03,000005,98,9,RELLENO_NACIONAL_BENFORD
03,001,03,03,000021,84,8,RELLENO_NACIONAL_BENFORD
03,001,04,02,000012,92,9,RELLENO_NACIONAL_BENFORD
03,001,04,04,000006,86,8,RELLENO_NACIONAL_BENFORD
03,001,05,01,000004,86,8,RELLENO_NACIONAL_BENFORD
03,001,07,01,000006,98,9,RELLENO_NACIONAL_BENFORD
03,001,07,01,000034,92,9,RELLENO_NACIONAL_BENFORD
03,001,08,01,000011,96,9,RELLENO_NACIONAL_BENFORD
03,001,08,01,000016,95,9,RELLENO_NACIONAL_BENFORD
03,001,08,02,000009,81,8,RELLENO_NACIONAL_BENFORD
03,001,08,03,000005,84,8,RELLENO_NACIONAL_BENFORD
03,001,09,01,000006,97,9,RELLENO_NACIONAL_BENFORD
03,001,09,03,000006,98,9,RELLENO_NACIONAL_BENFORD
03,001,10,01,000007,88,8,RELLENO_NACIONAL_BENFORD
03,001,10,02,000009,96,9,RELLENO_NACIONAL_BENFORD
03,001,11,01,000002,90,9,RELLENO_NACIONAL_BENFORD
03,001,11,05,000003,86,8,RELLENO_NACIONAL_BENFORD
03,001,11,05,000005,86,8,RELLENO_NACIONAL_BENFORD
03,001,13,01,000002,96,9,RELLENO_NACIONAL_BENFORD
03,001,13,01,000010,90,9,RELLENO_NACIONAL_BENFORD
03,001,14,01,000006,80,8,RELLENO_NACIONAL_BENFORD
03,001,15,02,000006,91,9,RELLENO_NACIONAL_BENFORD
03,001,15,02,000007,82,8,RELLENO_NACIONAL_BENFORD
03,001,15,02,000010,88,8,RELLENO_NACIONAL_BENFORD
03,001,15,03,000004,89,8,RELLENO_NACIONAL_BENFORD
03,001,15,03,000010,99,9,RELLENO_NACIONAL_BENFORD
03,001,16,01,000004,88,8,RELLENO_NACIONAL_BENFORD
03,001,16,01,000022,82,8,RELLENO_NACIONAL_BENFORD
03,001,16,01,000028,81,8,RELLENO_NACIONAL_BENFORD
03,001,16,03,000004,85,8,RELLENO_NACIONAL_BENFORD
03,001,16,03,000009,98,9,RELLENO_NACIONAL_BENFORD
03,001,18,01,000008,81,8,RELLENO_NACIONAL_BENFORD
03,001,18,02,000001,80,8,RELLENO_NACIONAL_BENFORD
03,001,19,01,000005,90,9,RELLENO_NACIONAL_BENFORD
03,001,19,01,000006,88,8,RELLENO_NACIONAL_BENFORD
03,001,19,01,000007,86,8,RELLENO_NACIONAL_BENFORD
03,001,19,01,000008,88,8,RELLENO_NACIONAL_BENFORD
03,001,19,01,000010,95,9,RELLENO_NACIONAL_BENFORD
03,001,19,02,000006,93,9,RELLENO_NACIONAL_BENFORD
03,001,19,02,000023,88,8,RELLENO_NACIONAL_BENFORD
03,001,20,01,000004,82,8,RELLENO_NACIONAL_BENFORD
03,001,20,01,000018,88,8,RELLENO_NACIONAL_BENFORD
03,001,20,03,000002,91,9,RELLENO_NACIONAL_BENFORD
03,001,20,03,000012,84,8,RELLENO_NACIONAL_BENFORD
03,001,21,01,000006,86,8,RELLENO_NACIONAL_BENFORD
16,001,07,01,000008,90,9,RELLENO_NACIONAL_BENFORD
16,001,07,01,000019,99,9,RELLENO_NACIONAL_BENFORD
16,001,07,05,000018,96,9,RELLENO_NACIONAL_BENFORD
25,100,01,01,000021,93,9,RELLENO_NACIONAL_BENFORD
25,100,01,02,000015,99,9,RELLENO_NACIONAL_BENFORD
25,100,01,08,000026,98,9,RELLENO_NACIONAL_BENFORD
25,100,02,07,000011,8,8,RELLENO_NACIONAL_BENFORD
26,001,01,05,000003,94,9,RELLENO_NACIONAL_BENFORD
26,001,01,05,000004,82,8,RELLENO_NACIONAL_BENFORD
26,001,01,05,000006,85,8,RELLENO_NACIONAL_BENFORD
26,001,05,02,000016,90,9,RELLENO_NACIONAL_BENFORD
26,001,06,02,000015,91,9,RELLENO_NACIONAL_BENFORD
26,001,07,04,000010,82,8,RELLENO_NACIONAL_BENFORD
26,001,07,04,000011,80,8,RELLENO_NACIONAL_BENFORD
26,001,08,02,000022,84,8,RELLENO_NACIONAL_BENFORD
26,001,08,02,000030,87,8,RELLENO_NACIONAL_BENFORD
26,001,08,02,000031,91,9,RELLENO_NACIONAL_BENFORD
25,100,01,08,000029,95,9,RELLENO_NACIONAL_BENFORD
25,100,02,01,000014,93,9,RELLENO_NACIONAL_BENFORD
25,100,02,01,000015,85,8,RELLENO_NACIONAL_BENFORD
25,100,02,01,000020,97,9,RELLENO_NACIONAL_BENFORD
25,100,02,02,000022,80,8,RELLENO_NACIONAL_BENFORD
25,100,02,03,000014,88,8,RELLENO_NACIONAL_BENFORD
25,100,02,03,000018,86,8,RELLENO_NACIONAL_BENFORD
26,001,01,02,000017,85,8,RELLENO_NACIONAL_BENFORD
26,001,03,01,000010,96,9,RELLENO_NACIONAL_BENFORD
26,001,03,03,000020,90,9,RELLENO_NACIONAL_BENFORD
26,001,03,03,000027,80,8,RELLENO_NACIONAL_BENFORD
26,001,04,01,000016,80,8,RELLENO_NACIONAL_BENFORD
26,001,06,02,000014,91,9,RELLENO_NACIONAL_BENFORD
26,001,07,01,000017,88,8,RELLENO_NACIONAL_BENFORD
26,001,07,03,000011,96,9,RELLENO_NACIONAL_BENFORD
26,001,08,01,000016,88,8,RELLENO_NACIONAL_BENFORD
88,165,10,86,000003,83,8,RELLENO_NACIONAL_BENFORD
88,190,05,86,000002,91,9,RELLENO_NACIONAL_BENFORD
88,215,05,82,000001,8,8,RELLENO_NACIONAL_BENFORD
88,220,35,84,000001,86,8,RELLENO_NACIONAL_BENFORD
88,220,40,02,000001,9,9,RELLENO_NACIONAL_BENFORD
88,250,03,84,000006,84,8,RELLENO_NACIONAL_BENFORD
88,285,05,02,000017,83,8,RELLENO_NACIONAL_BENFORD
88,305,05,02,000018,86,8,RELLENO_NACIONAL_BENFORD
88,330,15,02,000004,93,9,RELLENO_NACIONAL_BENFORD
88,330,15,02,000014,9,9,RELLENO_NACIONAL_BENFORD
88,350,05,82,000002,82,8,RELLENO_NACIONAL_BENFORD
88,350,05,86,000002,80,8,RELLENO_NACIONAL_BENFORD
88,355,03,02,000002,82,8,RELLENO_NACIONAL_BENFORD
16,001,07,06,000025,83,8,RELLENO_NACIONAL_BENFORD
16,001,07,06,000033,95,9,RELLENO_NACIONAL_BENFORD
16,001,07,09,000029,9,9,RELLENO_NACIONAL_BENFORD
16,001,07,16,000005,84,8,RELLENO_NACIONAL_BENFORD
16,001,07,22,000010,96,9,RELLENO_NACIONAL_BENFORD
16,001,07,40,000006,98,9,RELLENO_NACIONAL_BENFORD
16,001,07,40,000023,84,8,RELLENO_NACIONAL_BENFORD
26,001,09,02,000009,92,9,RELLENO_NACIONAL_BENFORD
26,001,09,02,000010,91,9,RELLENO_NACIONAL_BENFORD
26,001,10,02,000028,99,9,RELLENO_NACIONAL_BENFORD
26,001,10,03,000014,94,9,RELLENO_NACIONAL_BENFORD
26,010,01,01,000013,91,9,RELLENO_NACIONAL_BENFORD
26,020,02,01,000016,99,9,RELLENO_NACIONAL_BENFORD
26,020,02,02,000014,88,8,RELLENO_NACIONAL_BENFORD
26,040,00,00,000017,96,9,RELLENO_NACIONAL_BENFORD
26,060,01,02,000006,96,9,RELLENO_NACIONAL_BENFORD
26,060,02,02,000009,84,8,RELLENO_NACIONAL_BENFORD
26,060,02,03,000007,83,8,RELLENO_NACIONAL_BENFORD
26,060,99,34,000005,86,8,RELLENO_NACIONAL_BENFORD
26,070,00,00,000014,97,9,RELLENO_NACIONAL_BENFORD
26,090,00,00,000015,87,8,RELLENO_NACIONAL_BENFORD
26,090,99,54,000002,9,9,RELLENO_NACIONAL_BENFORD
27,001,01,01,000021,90,9,RELLENO_NACIONAL_BENFORD
27,001,01,01,000024,85,8,RELLENO_NACIONAL_BENFORD
27,001,01,02,000027,87,8,RELLENO_NACIONAL_BENFORD
88,355,04,84,000003,88,8,RELLENO_NACIONAL_BENFORD
88,355,05,02,000006,83,8,RELLENO_NACIONAL_BENFORD
88,355,05,02,000038,90,9,RELLENO_NACIONAL_BENFORD
88,355,05,02,000054,82,8,RELLENO_NACIONAL_BENFORD
88,355,05,02,000061,99,9,RELLENO_NACIONAL_BENFORD
88,360,01,05,000006,9,9,RELLENO_NACIONAL_BENFORD
88,360,10,02,000006,98,9,RELLENO_NACIONAL_BENFORD
27,001,01,04,000023,88,8,RELLENO_NACIONAL_BENFORD
27,001,03,01,000034,84,8,RELLENO_NACIONAL_BENFORD
27,001,03,02,000020,91,9,RELLENO_NACIONAL_BENFORD
27,001,03,03,000013,99,9,RELLENO_NACIONAL_BENFORD
27,001,03,04,000009,95,9,RELLENO_NACIONAL_BENFORD
27,001,04,03,000007,97,9,RELLENO_NACIONAL_BENFORD
27,001,04,03,000018,95,9,RELLENO_NACIONAL_BENFORD
27,001,06,02,000029,99,9,RELLENO_NACIONAL_BENFORD
27,001,06,03,000019,96,9,RELLENO_NACIONAL_BENFORD
27,001,06,04,000004,88,8,RELLENO_NACIONAL_BENFORD
27,001,07,04,000005,99,9,RELLENO_NACIONAL_BENFORD
27,001,07,05,000006,82,8,RELLENO_NACIONAL_BENFORD
27,001,10,02,000005,90,9,RELLENO_NACIONAL_BENFORD
88,360,30,02,000031,9,9,RELLENO_NACIONAL_BENFORD
88,360,35,04,000001,83,8,RELLENO_NACIONAL_BENFORD
88,360,40,02,000018,83,8,RELLENO_NACIONAL_BENFORD
88,360,55,02,000050,8,8,RELLENO_NACIONAL_BENFORD
88,360,59,02,000016,84,8,RELLENO_NACIONAL_BENFORD
88,380,05,02,000001,89,8,RELLENO_NACIONAL_BENFORD
88,380,05,06,000001,98,9,RELLENO_NACIONAL_BENFORD
15,094,02,10,000011,87,8,RELLENO_NACIONAL_BENFORD
15,100,00,02,000004,81,8,RELLENO_NACIONAL_BENFORD
15,109,01,03,000009,92,9,RELLENO_NACIONAL_BENFORD
15,109,03,03,000009,84,8,RELLENO_NACIONAL_BENFORD
15,109,03,03,000010,91,9,RELLENO_NACIONAL_BENFORD
15,109,03,06,000006,89,8,RELLENO_NACIONAL_BENFORD
15,109,99,01,000007,90,9,RELLENO_NACIONAL_BENFORD
21,042,99,07,000001,96,9,RELLENO_NACIONAL_BENFORD
21,042,99,16,000012,98,9,RELLENO_NACIONAL_BENFORD
21,042,99,16,000013,97,9,RELLENO_NACIONAL_BENFORD
21,046,00,00,000007,80,8,RELLENO_NACIONAL_BENFORD
21,046,99,01,000005,91,9,RELLENO_NACIONAL_BENFORD
21,049,01,01,000002,84,8,RELLENO_NACIONAL_BENFORD
21,049,01,02,000002,88,8,RELLENO_NACIONAL_BENFORD
21,052,99,02,000002,93,9,RELLENO_NACIONAL_BENFORD
21,055,99,09,000002,90,9,RELLENO_NACIONAL_BENFORD
21,055,99,15,000001,90,9,RELLENO_NACIONAL_BENFORD
21,055,99,20,000006,93,9,RELLENO_NACIONAL_BENFORD
21,055,99,40,000001,8,8,RELLENO_NACIONAL_BENFORD
21,060,99,10,000002,88,8,RELLENO_NACIONAL_BENFORD
21,060,99,33,000004,90,9,RELLENO_NACIONAL_BENFORD
21,067,00,00,000013,87,8,RELLENO_NACIONAL_BENFORD
21,067,00,00,000015,94,9,RELLENO_NACIONAL_BENFORD
21,070,00,00,000013,95,9,RELLENO_NACIONAL_BENFORD
21,070,00,00,000017,81,8,RELLENO_NACIONAL_BENFORD
21,073,00,00,000001,87,8,RELLENO_NACIONAL_BENFORD
21,073,99,17,000001,95,9,RELLENO_NACIONAL_BENFORD
21,085,00,00,000003,91,9,RELLENO_NACIONAL_BENFORD
21,085,99,70,000003,94,9,RELLENO_NACIONAL_BENFORD
21,090,00,00,000010,95,9,RELLENO_NACIONAL_BENFORD
23,001,01,01,000002,89,8,RELLENO_NACIONAL_BENFORD
23,001,02,01,000003,93,9,RELLENO_NACIONAL_BENFORD
23,001,03,03,000005,92,9,RELLENO_NACIONAL_BENFORD
23,001,03,05,000007,83,8,RELLENO_NACIONAL_BENFORD
23,001,03,05,000009,90,9,RELLENO_NACIONAL_BENFORD
23,001,04,03,000006,84,8,RELLENO_NACIONAL_BENFORD
23,001,05,02,000005,91,9,RELLENO_NACIONAL_BENFORD
23,001,05,03,000005,99,9,RELLENO_NACIONAL_BENFORD
23,001,99,08,000001,80,8,RELLENO_NACIONAL_BENFORD
23,001,99,13,000002,8,8,RELLENO_NACIONAL_BENFORD
23,004,00,02,000009,93,9,RELLENO_NACIONAL_BENFORD
23,013,99,01,000005,99,9,RELLENO_NACIONAL_BENFORD
23,025,99,13,000001,83,8,RELLENO_NACIONAL_BENFORD
23,028,99,09,000003,9,9,RELLENO_NACIONAL_BENFORD
23,037,99,01,000011,9,9,RELLENO_NACIONAL_BENFORD
23,038,99,15,000001,82,8,RELLENO_NACIONAL_BENFORD
23,043,99,09,000007,94,9,RELLENO_NACIONAL_BENFORD
23,046,00,00,000026,99,9,RELLENO_NACIONAL_BENFORD
23,052,00,00,000006,84,8,RELLENO_NACIONAL_BENFORD
23,064,99,20,000001,86,8,RELLENO_NACIONAL_BENFORD
23,067,01,01,000013,8,8,RELLENO_NACIONAL_BENFORD
23,067,01,04,000010,89,8,RELLENO_NACIONAL_BENFORD
23,067,01,06,000004,89,8,RELLENO_NACIONAL_BENFORD
23,067,01,06,000005,91,9,RELLENO_NACIONAL_BENFORD
23,067,01,07,000012,97,9,RELLENO_NACIONAL_BENFORD
23,067,02,02,000004,99,9,RELLENO_NACIONAL_BENFORD
23,076,99,01,000001,85,8,RELLENO_NACIONAL_BENFORD
23,076,99,75,000001,98,9,RELLENO_NACIONAL_BENFORD
23,077,00,00,000010,94,9,RELLENO_NACIONAL_BENFORD
23,078,00,00,000007,8,8,RELLENO_NACIONAL_BENFORD
23,079,00,02,000014,81,8,RELLENO_NACIONAL_BENFORD
23,079,99,35,000001,87,8,RELLENO_NACIONAL_BENFORD
23,103,00,00,000004,98,9,RELLENO_NACIONAL_BENFORD
23,106,00,00,000012,99,9,RELLENO_NACIONAL_BENFORD
23,106,00,00,000020,93,9,RELLENO_NACIONAL_BENFORD
23,106,00,00,000039,8,8,RELLENO_NACIONAL_BENFORD
23,115,99,04,000001,8,8,RELLENO_NACIONAL_BENFORD
23,118,00,00,000010,82,8,RELLENO_NACIONAL_BENFORD
23,120,00,00,000016,98,9,RELLENO_NACIONAL_BENFORD
23,123,99,45,000001,99,9,RELLENO_NACIONAL_BENFORD
23,130,00,00,000006,81,8,RELLENO_NACIONAL_BENFORD
23,136,99,20,000001,93,9,RELLENO_NACIONAL_BENFORD
24,001,01,01,000003,90,9,RELLENO_NACIONAL_BENFORD
46,001,03,05,000004,93,9,RELLENO_NACIONAL_BENFORD
46,815,00,00,000004,95,9,RELLENO_NACIONAL_BENFORD
03,001,28,01,000004,85,8,RELLENO_NACIONAL_BENFORD
03,001,28,01,000010,80,8,RELLENO_NACIONAL_BENFORD
03,001,28,03,000001,82,8,RELLENO_NACIONAL_BENFORD
03,001,29,01,000003,91,9,RELLENO_NACIONAL_BENFORD
03,001,29,01,000015,94,9,RELLENO_NACIONAL_BENFORD
03,001,29,01,000019,81,8,RELLENO_NACIONAL_BENFORD
03,001,29,05,000017,91,9,RELLENO_NACIONAL_BENFORD
03,001,30,03,000006,93,9,RELLENO_NACIONAL_BENFORD
03,001,30,04,000001,99,9,RELLENO_NACIONAL_BENFORD
03,001,31,03,000015,94,9,RELLENO_NACIONAL_BENFORD
03,001,33,06,000011,89,8,RELLENO_NACIONAL_BENFORD
03,001,34,02,000025,93,9,RELLENO_NACIONAL_BENFORD
31,079,01,02,000022,8,8,RELLENO_NACIONAL_BENFORD
31,079,02,01,000001,91,9,RELLENO_NACIONAL_BENFORD
31,079,02,04,000019,98,9,RELLENO_NACIONAL_BENFORD
31,079,02,04,000023,97,9,RELLENO_NACIONAL_BENFORD
31,079,03,03,000004,90,9,RELLENO_NACIONAL_BENFORD
31,079,03,06,000004,82,8,RELLENO_NACIONAL_BENFORD
31,079,03,07,000001,96,9,RELLENO_NACIONAL_BENFORD
31,079,04,03,000002,81,8,RELLENO_NACIONAL_BENFORD
31,079,04,03,000005,98,9,RELLENO_NACIONAL_BENFORD
31,079,04,04,000002,98,9,RELLENO_NACIONAL_BENFORD
31,079,05,01,000003,86,8,RELLENO_NACIONAL_BENFORD
31,079,06,04,000002,98,9,RELLENO_NACIONAL_BENFORD
31,079,09,04,000003,97,9,RELLENO_NACIONAL_BENFORD
31,079,09,05,000004,90,9,RELLENO_NACIONAL_BENFORD
31,079,10,02,000012,94,9,RELLENO_NACIONAL_BENFORD
31,079,10,04,000005,86,8,RELLENO_NACIONAL_BENFORD
31,079,99,04,000003,99,9,RELLENO_NACIONAL_BENFORD
31,079,99,13,000001,81,8,RELLENO_NACIONAL_BENFORD
31,079,99,46,000002,88,8,RELLENO_NACIONAL_BENFORD
31,079,99,78,000003,81,8,RELLENO_NACIONAL_BENFORD
31,082,01,01,000002,88,8,RELLENO_NACIONAL_BENFORD
31,082,01,01,000006,92,9,RELLENO_NACIONAL_BENFORD
31,082,01,04,000002,80,8,RELLENO_NACIONAL_BENFORD
31,082,99,41,000001,83,8,RELLENO_NACIONAL_BENFORD
31,085,99,50,000001,97,9,RELLENO_NACIONAL_BENFORD
31,088,00,00,000009,89,8,RELLENO_NACIONAL_BENFORD
31,091,01,03,000007,92,9,RELLENO_NACIONAL_BENFORD
31,091,01,04,000006,80,8,RELLENO_NACIONAL_BENFORD
31,091,02,02,000009,80,8,RELLENO_NACIONAL_BENFORD
31,091,02,03,000004,83,8,RELLENO_NACIONAL_BENFORD
31,091,02,03,000006,85,8,RELLENO_NACIONAL_BENFORD
31,091,99,35,000001,81,8,RELLENO_NACIONAL_BENFORD
31,097,02,01,000002,98,9,RELLENO_NACIONAL_BENFORD
31,097,02,02,000010,87,8,RELLENO_NACIONAL_BENFORD
31,097,90,01,000012,99,9,RELLENO_NACIONAL_BENFORD
31,100,00,00,000018,87,8,RELLENO_NACIONAL_BENFORD
31,100,99,08,000002,9,9,RELLENO_NACIONAL_BENFORD
31,103,00,01,000017,83,8,RELLENO_NACIONAL_BENFORD
31,106,02,04,000003,80,8,RELLENO_NACIONAL_BENFORD
31,106,02,04,000004,96,9,RELLENO_NACIONAL_BENFORD
31,106,03,01,000009,99,9,RELLENO_NACIONAL_BENFORD
31,106,03,03,000003,84,8,RELLENO_NACIONAL_BENFORD
31,106,06,01,000013,97,9,RELLENO_NACIONAL_BENFORD
31,106,99,02,000007,82,8,RELLENO_NACIONAL_BENFORD
31,106,99,11,000008,80,8,RELLENO_NACIONAL_BENFORD
31,115,00,00,000009,96,9,RELLENO_NACIONAL_BENFORD
31,115,00,00,000012,90,9,RELLENO_NACIONAL_BENFORD
31,115,00,00,000025,8,8,RELLENO_NACIONAL_BENFORD
31,118,00,00,000009,97,9,RELLENO_NACIONAL_BENFORD
31,121,01,03,000003,82,8,RELLENO_NACIONAL_BENFORD
31,121,02,02,000011,87,8,RELLENO_NACIONAL_BENFORD
31,121,02,04,000006,86,8,RELLENO_NACIONAL_BENFORD
31,121,03,03,000003,80,8,RELLENO_NACIONAL_BENFORD
31,121,03,04,000001,80,8,RELLENO_NACIONAL_BENFORD
31,124,02,01,000001,85,8,RELLENO_NACIONAL_BENFORD
31,124,02,01,000006,89,8,RELLENO_NACIONAL_BENFORD
31,124,02,01,000013,85,8,RELLENO_NACIONAL_BENFORD
31,124,02,03,000001,96,9,RELLENO_NACIONAL_BENFORD
40,001,01,01,000015,96,9,RELLENO_NACIONAL_BENFORD
40,001,02,01,000017,89,8,RELLENO_NACIONAL_BENFORD
40,001,03,03,000013,94,9,RELLENO_NACIONAL_BENFORD
40,010,01,01,000005,81,8,RELLENO_NACIONAL_BENFORD
40,010,01,02,000004,85,8,RELLENO_NACIONAL_BENFORD
40,010,99,45,000005,81,8,RELLENO_NACIONAL_BENFORD
40,017,00,01,000007,93,9,RELLENO_NACIONAL_BENFORD
40,025,01,03,000011,84,8,RELLENO_NACIONAL_BENFORD
40,025,01,03,000018,8,8,RELLENO_NACIONAL_BENFORD
40,025,02,02,000020,84,8,RELLENO_NACIONAL_BENFORD
44,001,01,05,000002,94,9,RELLENO_NACIONAL_BENFORD
44,001,01,09,000004,90,9,RELLENO_NACIONAL_BENFORD
44,001,02,04,000014,89,8,RELLENO_NACIONAL_BENFORD
44,001,02,05,000004,92,9,RELLENO_NACIONAL_BENFORD
44,001,02,06,000005,89,8,RELLENO_NACIONAL_BENFORD
44,001,04,04,000006,89,8,RELLENO_NACIONAL_BENFORD
44,001,04,04,000007,93,9,RELLENO_NACIONAL_BENFORD
44,001,04,06,000014,87,8,RELLENO_NACIONAL_BENFORD
44,001,04,08,000002,97,9,RELLENO_NACIONAL_BENFORD
44,001,99,75,000002,93,9,RELLENO_NACIONAL_BENFORD
44,001,99,93,000001,83,8,RELLENO_NACIONAL_BENFORD
44,003,00,00,000007,93,9,RELLENO_NACIONAL_BENFORD
44,003,00,00,000012,99,9,RELLENO_NACIONAL_BENFORD
44,003,00,00,000014,86,8,RELLENO_NACIONAL_BENFORD
44,003,00,00,000015,94,9,RELLENO_NACIONAL_BENFORD
44,003,00,00,000029,86,8,RELLENO_NACIONAL_BENFORD
44,003,00,00,000033,84,8,RELLENO_NACIONAL_BENFORD
44,004,00,00,000020,85,8,RELLENO_NACIONAL_BENFORD
44,009,00,02,000003,96,9,RELLENO_NACIONAL_BENFORD
44,009,00,02,000006,85,8,RELLENO_NACIONAL_BENFORD
44,009,00,02,000018,81,8,RELLENO_NACIONAL_BENFORD
44,010,01,01,000010,94,9,RELLENO_NACIONAL_BENFORD
44,010,01,01,000011,93,9,RELLENO_NACIONAL_BENFORD
44,010,01,02,000009,82,8,RELLENO_NACIONAL_BENFORD
44,010,02,03,000003,80,8,RELLENO_NACIONAL_BENFORD
44,010,02,03,000005,91,9,RELLENO_NACIONAL_BENFORD
44,010,99,04,000002,88,8,RELLENO_NACIONAL_BENFORD
44,016,99,25,000003,98,9,RELLENO_NACIONAL_BENFORD
44,020,00,02,000004,94,9,RELLENO_NACIONAL_BENFORD
01,231,00,00,000025,86,8,RELLENO_NACIONAL_BENFORD
01,235,99,08,000001,95,9,RELLENO_NACIONAL_BENFORD
01,237,02,01,000015,99,9,RELLENO_NACIONAL_BENFORD
01,237,99,01,000001,80,8,RELLENO_NACIONAL_BENFORD
01,250,02,01,000011,93,9,RELLENO_NACIONAL_BENFORD
01,250,02,02,000016,89,8,RELLENO_NACIONAL_BENFORD
01,259,02,01,000001,99,9,RELLENO_NACIONAL_BENFORD
01,262,99,13,000001,90,9,RELLENO_NACIONAL_BENFORD
01,268,00,00,000034,95,9,RELLENO_NACIONAL_BENFORD
01,277,00,00,000007,82,8,RELLENO_NACIONAL_BENFORD
01,280,02,01,000007,85,8,RELLENO_NACIONAL_BENFORD
01,280,99,01,000002,90,9,RELLENO_NACIONAL_BENFORD
01,280,99,14,000019,8,8,RELLENO_NACIONAL_BENFORD
01,280,99,35,000001,85,8,RELLENO_NACIONAL_BENFORD
01,282,00,00,000019,9,9,RELLENO_NACIONAL_BENFORD
01,289,00,00,000016,80,8,RELLENO_NACIONAL_BENFORD
01,295,02,01,000010,97,9,RELLENO_NACIONAL_BENFORD
01,295,99,11,000001,87,8,RELLENO_NACIONAL_BENFORD
01,298,00,02,000005,98,9,RELLENO_NACIONAL_BENFORD
01,298,00,02,000011,86,8,RELLENO_NACIONAL_BENFORD
01,301,99,03,000003,93,9,RELLENO_NACIONAL_BENFORD
01,301,99,04,000001,93,9,RELLENO_NACIONAL_BENFORD
03,001,01,01,000021,81,8,RELLENO_NACIONAL_BENFORD
03,001,01,03,000006,83,8,RELLENO_NACIONAL_BENFORD
03,001,01,04,000006,92,9,RELLENO_NACIONAL_BENFORD
03,001,02,04,000015,86,8,RELLENO_NACIONAL_BENFORD
03,001,03,01,000003,94,9,RELLENO_NACIONAL_BENFORD
03,001,03,04,000018,87,8,RELLENO_NACIONAL_BENFORD
03,001,04,02,000009,90,9,RELLENO_NACIONAL_BENFORD
03,001,07,03,000008,90,9,RELLENO_NACIONAL_BENFORD
03,001,07,03,000016,96,9,RELLENO_NACIONAL_BENFORD
03,001,08,02,000003,87,8,RELLENO_NACIONAL_BENFORD
03,001,09,03,000003,81,8,RELLENO_NACIONAL_BENFORD
03,001,10,01,000027,8,8,RELLENO_NACIONAL_BENFORD
03,001,14,02,000001,96,9,RELLENO_NACIONAL_BENFORD
03,001,15,01,000017,99,9,RELLENO_NACIONAL_BENFORD
03,001,15,02,000005,96,9,RELLENO_NACIONAL_BENFORD
03,001,16,01,000003,96,9,RELLENO_NACIONAL_BENFORD
03,001,16,01,000021,92,9,RELLENO_NACIONAL_BENFORD
03,001,18,01,000016,82,8,RELLENO_NACIONAL_BENFORD
03,001,18,03,000002,96,9,RELLENO_NACIONAL_BENFORD
03,001,19,03,000001,93,9,RELLENO_NACIONAL_BENFORD
03,001,20,01,000016,87,8,RELLENO_NACIONAL_BENFORD
03,001,20,04,000042,83,8,RELLENO_NACIONAL_BENFORD
16,001,06,01,000011,82,8,RELLENO_NACIONAL_BENFORD
21,001,01,02,000016,81,8,RELLENO_NACIONAL_BENFORD
21,001,02,01,000008,86,8,RELLENO_NACIONAL_BENFORD
21,001,02,05,000012,95,9,RELLENO_NACIONAL_BENFORD
21,001,02,09,000013,97,9,RELLENO_NACIONAL_BENFORD
21,001,02,09,000021,98,9,RELLENO_NACIONAL_BENFORD
21,001,04,04,000006,85,8,RELLENO_NACIONAL_BENFORD
21,001,05,03,000004,81,8,RELLENO_NACIONAL_BENFORD
21,001,05,03,000011,80,8,RELLENO_NACIONAL_BENFORD
21,001,05,03,000015,85,8,RELLENO_NACIONAL_BENFORD
01,166,01,05,000007,82,8,RELLENO_NACIONAL_BENFORD
01,166,02,01,000011,81,8,RELLENO_NACIONAL_BENFORD
01,170,00,00,000013,81,8,RELLENO_NACIONAL_BENFORD
01,170,00,00,000014,90,9,RELLENO_NACIONAL_BENFORD
01,170,00,00,000020,97,9,RELLENO_NACIONAL_BENFORD
31,001,30,01,000026,83,8,RELLENO_NACIONAL_BENFORD
31,001,31,03,000006,89,8,RELLENO_NACIONAL_BENFORD
31,001,32,03,000005,83,8,RELLENO_NACIONAL_BENFORD
31,001,32,03,000011,86,8,RELLENO_NACIONAL_BENFORD
31,001,32,04,000004,83,8,RELLENO_NACIONAL_BENFORD
31,001,32,04,000016,83,8,RELLENO_NACIONAL_BENFORD
31,001,32,05,000004,92,9,RELLENO_NACIONAL_BENFORD
31,001,32,05,000011,87,8,RELLENO_NACIONAL_BENFORD
31,001,90,01,000005,95,9,RELLENO_NACIONAL_BENFORD
31,001,90,01,000039,84,8,RELLENO_NACIONAL_BENFORD
31,001,90,01,000054,92,9,RELLENO_NACIONAL_BENFORD
31,001,99,09,000001,81,8,RELLENO_NACIONAL_BENFORD
31,001,99,17,000013,80,8,RELLENO_NACIONAL_BENFORD
31,001,99,19,000003,98,9,RELLENO_NACIONAL_BENFORD
31,001,99,47,000001,88,8,RELLENO_NACIONAL_BENFORD
31,004,00,00,000022,81,8,RELLENO_NACIONAL_BENFORD
31,007,99,05,000003,95,9,RELLENO_NACIONAL_BENFORD
31,013,00,00,000008,97,9,RELLENO_NACIONAL_BENFORD
12,375,00,00,000004,91,9,RELLENO_NACIONAL_BENFORD
12,410,01,01,000009,86,8,RELLENO_NACIONAL_BENFORD
12,410,99,20,000002,96,9,RELLENO_NACIONAL_BENFORD
12,415,00,00,000017,80,8,RELLENO_NACIONAL_BENFORD
12,415,99,12,000017,81,8,RELLENO_NACIONAL_BENFORD
12,608,01,01,000002,85,8,RELLENO_NACIONAL_BENFORD
12,608,01,02,000008,97,9,RELLENO_NACIONAL_BENFORD
12,700,00,00,000033,98,9,RELLENO_NACIONAL_BENFORD
12,720,00,00,000023,89,8,RELLENO_NACIONAL_BENFORD
12,720,99,72,000002,81,8,RELLENO_NACIONAL_BENFORD
12,750,00,00,000028,89,8,RELLENO_NACIONAL_BENFORD
12,750,99,33,000002,90,9,RELLENO_NACIONAL_BENFORD
21,001,05,05,000003,92,9,RELLENO_NACIONAL_BENFORD
21,001,05,08,000012,90,9,RELLENO_NACIONAL_BENFORD
21,001,06,01,000006,83,8,RELLENO_NACIONAL_BENFORD
21,001,06,04,000002,81,8,RELLENO_NACIONAL_BENFORD
21,001,06,10,000001,80,8,RELLENO_NACIONAL_BENFORD
21,001,07,03,000003,92,9,RELLENO_NACIONAL_BENFORD
21,001,08,02,000015,98,9,RELLENO_NACIONAL_BENFORD
21,001,08,08,000008,84,8,RELLENO_NACIONAL_BENFORD
21,001,08,10,000004,9,9,RELLENO_NACIONAL_BENFORD
21,001,99,02,000020,9,9,RELLENO_NACIONAL_BENFORD
21,001,99,05,000005,85,8,RELLENO_NACIONAL_BENFORD
21,001,99,07,000001,91,9,RELLENO_NACIONAL_BENFORD
21,012,01,01,000014,90,9,RELLENO_NACIONAL_BENFORD
21,012,01,01,000015,80,8,RELLENO_NACIONAL_BENFORD
21,012,99,35,000005,98,9,RELLENO_NACIONAL_BENFORD
21,012,99,35,000006,84,8,RELLENO_NACIONAL_BENFORD
21,013,00,00,000013,83,8,RELLENO_NACIONAL_BENFORD
01,191,00,01,000012,88,8,RELLENO_NACIONAL_BENFORD
01,191,00,01,000017,95,9,RELLENO_NACIONAL_BENFORD
01,192,00,01,000041,82,8,RELLENO_NACIONAL_BENFORD
01,192,00,01,000043,87,8,RELLENO_NACIONAL_BENFORD
01,192,00,01,000044,94,9,RELLENO_NACIONAL_BENFORD
01,199,00,00,000012,98,9,RELLENO_NACIONAL_BENFORD
01,206,99,23,000004,85,8,RELLENO_NACIONAL_BENFORD
01,206,99,23,000005,91,9,RELLENO_NACIONAL_BENFORD
01,208,00,01,000016,82,8,RELLENO_NACIONAL_BENFORD
31,019,03,01,000005,9,9,RELLENO_NACIONAL_BENFORD
31,019,04,02,000012,8,8,RELLENO_NACIONAL_BENFORD
31,019,04,04,000008,8,8,RELLENO_NACIONAL_BENFORD
31,019,05,04,000013,9,9,RELLENO_NACIONAL_BENFORD
31,019,06,05,000009,8,8,RELLENO_NACIONAL_BENFORD
31,019,06,05,000019,8,8,RELLENO_NACIONAL_BENFORD
31,022,02,01,000007,94,9,RELLENO_NACIONAL_BENFORD
31,022,02,01,000008,96,9,RELLENO_NACIONAL_BENFORD
31,022,03,01,000002,94,9,RELLENO_NACIONAL_BENFORD
31,022,03,01,000006,92,9,RELLENO_NACIONAL_BENFORD
31,022,03,02,000002,85,8,RELLENO_NACIONAL_BENFORD
31,022,05,05,000003,80,8,RELLENO_NACIONAL_BENFORD
31,025,00,00,000010,88,8,RELLENO_NACIONAL_BENFORD
12,800,00,00,000033,91,9,RELLENO_NACIONAL_BENFORD
12,800,00,00,000035,91,9,RELLENO_NACIONAL_BENFORD
12,800,00,00,000051,8,8,RELLENO_NACIONAL_BENFORD
12,800,99,65,000001,90,9,RELLENO_NACIONAL_BENFORD
52,045,99,14,000001,80,8,RELLENO_NACIONAL_BENFORD
52,047,00,00,000001,83,8,RELLENO_NACIONAL_BENFORD
52,047,00,00,000014,80,8,RELLENO_NACIONAL_BENFORD
05,001,04,01,000009,96,9,RELLENO_NACIONAL_BENFORD
05,001,05,01,000007,81,8,RELLENO_NACIONAL_BENFORD
05,001,05,01,000014,91,9,RELLENO_NACIONAL_BENFORD
05,001,06,01,000007,89,8,RELLENO_NACIONAL_BENFORD
05,001,07,02,000016,91,9,RELLENO_NACIONAL_BENFORD
05,001,07,05,000013,81,8,RELLENO_NACIONAL_BENFORD
05,001,08,01,000024,92,9,RELLENO_NACIONAL_BENFORD
05,001,08,03,000020,86,8,RELLENO_NACIONAL_BENFORD
05,001,08,05,000017,85,8,RELLENO_NACIONAL_BENFORD
05,001,10,01,000006,91,9,RELLENO_NACIONAL_BENFORD
16,001,01,49,000003,89,8,RELLENO_NACIONAL_BENFORD
16,001,02,02,000010,80,8,RELLENO_NACIONAL_BENFORD
16,001,02,14,000013,96,9,RELLENO_NACIONAL_BENFORD
16,001,02,22,000006,93,9,RELLENO_NACIONAL_BENFORD
16,001,02,24,000004,97,9,RELLENO_NACIONAL_BENFORD
16,001,02,24,000009,89,8,RELLENO_NACIONAL_BENFORD
16,001,02,24,000010,94,9,RELLENO_NACIONAL_BENFORD
16,001,03,04,000013,90,9,RELLENO_NACIONAL_BENFORD
16,001,03,19,000005,92,9,RELLENO_NACIONAL_BENFORD
16,001,04,03,000003,93,9,RELLENO_NACIONAL_BENFORD
16,001,04,04,000007,93,9,RELLENO_NACIONAL_BENFORD
16,001,04,05,000010,94,9,RELLENO_NACIONAL_BENFORD
25,028,00,02,000004,86,8,RELLENO_NACIONAL_BENFORD
25,037,00,00,000010,94,9,RELLENO_NACIONAL_BENFORD
25,054,02,02,000019,85,8,RELLENO_NACIONAL_BENFORD
25,061,01,03,000017,84,8,RELLENO_NACIONAL_BENFORD
52,049,00,00,000014,81,8,RELLENO_NACIONAL_BENFORD
52,049,00,00,000015,84,8,RELLENO_NACIONAL_BENFORD
52,058,00,00,000009,93,9,RELLENO_NACIONAL_BENFORD
52,074,99,40,000011,8,8,RELLENO_NACIONAL_BENFORD
54,001,01,02,000015,92,9,RELLENO_NACIONAL_BENFORD
54,001,02,02,000012,96,9,RELLENO_NACIONAL_BENFORD
54,001,99,05,000005,99,9,RELLENO_NACIONAL_BENFORD
54,001,99,21,000004,90,9,RELLENO_NACIONAL_BENFORD
54,003,00,02,000001,99,9,RELLENO_NACIONAL_BENFORD
56,001,01,02,000006,99,9,RELLENO_NACIONAL_BENFORD
64,001,01,01,000003,99,9,RELLENO_NACIONAL_BENFORD
05,001,13,02,000007,84,8,RELLENO_NACIONAL_BENFORD
05,001,13,03,000003,80,8,RELLENO_NACIONAL_BENFORD
05,001,14,05,000002,88,8,RELLENO_NACIONAL_BENFORD
05,001,15,02,000011,84,8,RELLENO_NACIONAL_BENFORD
05,001,15,02,000013,83,8,RELLENO_NACIONAL_BENFORD
05,001,16,01,000016,98,9,RELLENO_NACIONAL_BENFORD
05,001,16,02,000013,89,8,RELLENO_NACIONAL_BENFORD
05,001,16,03,000009,95,9,RELLENO_NACIONAL_BENFORD
05,001,17,03,000004,82,8,RELLENO_NACIONAL_BENFORD
05,001,18,01,000008,95,9,RELLENO_NACIONAL_BENFORD
05,001,18,04,000029,86,8,RELLENO_NACIONAL_BENFORD
05,001,18,05,000011,85,8,RELLENO_NACIONAL_BENFORD
05,001,18,05,000013,91,9,RELLENO_NACIONAL_BENFORD
16,001,04,08,000015,89,8,RELLENO_NACIONAL_BENFORD
16,001,04,11,000003,83,8,RELLENO_NACIONAL_BENFORD
16,001,04,13,000003,92,9,RELLENO_NACIONAL_BENFORD
16,001,04,16,000012,99,9,RELLENO_NACIONAL_BENFORD
16,001,04,16,000017,86,8,RELLENO_NACIONAL_BENFORD
16,001,04,17,000014,98,9,RELLENO_NACIONAL_BENFORD
16,001,04,17,000015,97,9,RELLENO_NACIONAL_BENFORD
16,001,04,20,000005,88,8,RELLENO_NACIONAL_BENFORD
16,001,04,20,000009,81,8,RELLENO_NACIONAL_BENFORD
16,001,04,21,000008,93,9,RELLENO_NACIONAL_BENFORD
16,001,04,53,000001,94,9,RELLENO_NACIONAL_BENFORD
16,001,05,03,000006,97,9,RELLENO_NACIONAL_BENFORD
16,001,05,04,000009,82,8,RELLENO_NACIONAL_BENFORD
16,001,05,05,000009,97,9,RELLENO_NACIONAL_BENFORD
16,001,05,08,000011,83,8,RELLENO_NACIONAL_BENFORD
16,001,05,09,000015,93,9,RELLENO_NACIONAL_BENFORD
25,064,01,02,000016,95,9,RELLENO_NACIONAL_BENFORD
25,064,01,03,000010,96,9,RELLENO_NACIONAL_BENFORD
25,069,02,01,000006,81,8,RELLENO_NACIONAL_BENFORD
25,082,00,00,000012,8,8,RELLENO_NACIONAL_BENFORD
25,085,99,10,000001,93,9,RELLENO_NACIONAL_BENFORD
25,093,01,04,000001,97,9,RELLENO_NACIONAL_BENFORD
25,093,02,02,000002,81,8,RELLENO_NACIONAL_BENFORD
25,093,02,02,000003,84,8,RELLENO_NACIONAL_BENFORD
64,004,00,00,000002,89,8,RELLENO_NACIONAL_BENFORD
64,013,00,00,000006,97,9,RELLENO_NACIONAL_BENFORD
64,019,00,00,000013,95,9,RELLENO_NACIONAL_BENFORD
64,030,00,01,000019,81,8,RELLENO_NACIONAL_BENFORD
72,001,00,01,000034,94,9,RELLENO_NACIONAL_BENFORD
16,001,08,12,000023,95,9,RELLENO_NACIONAL_BENFORD
16,001,08,23,000031,87,8,RELLENO_NACIONAL_BENFORD
16,001,08,25,000014,81,8,RELLENO_NACIONAL_BENFORD
16,001,08,26,000012,94,9,RELLENO_NACIONAL_BENFORD
16,001,08,29,000031,82,8,RELLENO_NACIONAL_BENFORD
16,001,08,33,000018,90,9,RELLENO_NACIONAL_BENFORD
16,001,05,19,000011,81,8,RELLENO_NACIONAL_BENFORD
16,001,05,23,000003,91,9,RELLENO_NACIONAL_BENFORD
16,001,05,26,000003,92,9,RELLENO_NACIONAL_BENFORD
16,001,05,26,000007,93,9,RELLENO_NACIONAL_BENFORD
16,001,05,32,000002,90,9,RELLENO_NACIONAL_BENFORD
16,001,05,33,000003,93,9,RELLENO_NACIONAL_BENFORD
16,001,05,35,000002,91,9,RELLENO_NACIONAL_BENFORD
03,001,23,01,000004,90,9,RELLENO_NACIONAL_BENFORD
03,001,23,02,000020,93,9,RELLENO_NACIONAL_BENFORD
03,001,23,02,000024,90,9,RELLENO_NACIONAL_BENFORD
03,001,24,01,000009,95,9,RELLENO_NACIONAL_BENFORD
03,001,24,01,000019,83,8,RELLENO_NACIONAL_BENFORD
03,001,24,04,000003,84,8,RELLENO_NACIONAL_BENFORD
03,001,25,01,000005,81,8,RELLENO_NACIONAL_BENFORD
03,001,25,02,000001,96,9,RELLENO_NACIONAL_BENFORD
03,001,25,02,000002,87,8,RELLENO_NACIONAL_BENFORD
03,001,25,02,000009,92,9,RELLENO_NACIONAL_BENFORD
03,001,26,04,000022,84,8,RELLENO_NACIONAL_BENFORD
03,001,27,02,000009,85,8,RELLENO_NACIONAL_BENFORD
15,088,01,01,000018,88,8,RELLENO_NACIONAL_BENFORD
15,088,01,06,000006,82,8,RELLENO_NACIONAL_BENFORD
15,088,02,03,000004,83,8,RELLENO_NACIONAL_BENFORD
15,088,02,06,000007,81,8,RELLENO_NACIONAL_BENFORD
15,088,02,08,000017,80,8,RELLENO_NACIONAL_BENFORD
15,094,02,02,000012,88,8,RELLENO_NACIONAL_BENFORD
15,094,02,03,000012,80,8,RELLENO_NACIONAL_BENFORD
01,001,99,B4,000007,93,9,RELLENO_NACIONAL_BENFORD
01,028,00,00,000008,89,8,RELLENO_NACIONAL_BENFORD
16,001,16,46,000006,96,9,RELLENO_NACIONAL_BENFORD
15,238,00,02,000005,90,9,RELLENO_NACIONAL_BENFORD
24,001,11,04,000025,89,8,RELLENO_NACIONAL_BENFORD
24,021,00,01,000033,92,9,RELLENO_NACIONAL_BENFORD
24,021,00,02,000014,83,8,RELLENO_NACIONAL_BENFORD
24,025,10,05,000002,96,9,RELLENO_NACIONAL_BENFORD
48,010,01,01,000008,86,8,RELLENO_NACIONAL_BENFORD
48,010,03,02,000001,96,9,RELLENO_NACIONAL_BENFORD
48,012,00,00,000002,88,8,RELLENO_NACIONAL_BENFORD
03,028,01,02,000007,88,8,RELLENO_NACIONAL_BENFORD
03,035,99,28,000004,85,8,RELLENO_NACIONAL_BENFORD
03,037,01,01,000005,80,8,RELLENO_NACIONAL_BENFORD
03,037,02,02,000005,82,8,RELLENO_NACIONAL_BENFORD
03,037,99,05,000002,86,8,RELLENO_NACIONAL_BENFORD
03,037,99,05,000004,93,9,RELLENO_NACIONAL_BENFORD
03,040,00,00,000011,91,9,RELLENO_NACIONAL_BENFORD
03,040,99,09,000001,85,8,RELLENO_NACIONAL_BENFORD
15,247,02,03,000012,91,9,RELLENO_NACIONAL_BENFORD
15,247,02,10,000009,98,9,RELLENO_NACIONAL_BENFORD
15,247,03,08,000002,83,8,RELLENO_NACIONAL_BENFORD
15,247,04,02,000010,82,8,RELLENO_NACIONAL_BENFORD
15,247,04,03,000005,96,9,RELLENO_NACIONAL_BENFORD
15,247,05,02,000009,97,9,RELLENO_NACIONAL_BENFORD
15,259,00,00,000026,87,8,RELLENO_NACIONAL_BENFORD
24,062,00,02,000008,96,9,RELLENO_NACIONAL_BENFORD
24,078,00,01,000023,97,9,RELLENO_NACIONAL_BENFORD
24,086,01,01,000015,89,8,RELLENO_NACIONAL_BENFORD
24,086,02,02,000009,80,8,RELLENO_NACIONAL_BENFORD
24,086,02,03,000006,83,8,RELLENO_NACIONAL_BENFORD
25,001,03,01,000033,99,9,RELLENO_NACIONAL_BENFORD
50,001,01,02,000004,95,9,RELLENO_NACIONAL_BENFORD
50,001,01,02,000007,88,8,RELLENO_NACIONAL_BENFORD
50,001,01,02,000013,81,8,RELLENO_NACIONAL_BENFORD
52,001,02,02,000015,91,9,RELLENO_NACIONAL_BENFORD
03,046,01,02,000011,84,8,RELLENO_NACIONAL_BENFORD
03,046,02,03,000002,83,8,RELLENO_NACIONAL_BENFORD
03,046,02,03,000016,93,9,RELLENO_NACIONAL_BENFORD
03,046,99,01,000007,84,8,RELLENO_NACIONAL_BENFORD
03,052,03,01,000008,85,8,RELLENO_NACIONAL_BENFORD
03,052,04,03,000009,89,8,RELLENO_NACIONAL_BENFORD
03,052,04,03,000012,87,8,RELLENO_NACIONAL_BENFORD
03,052,05,02,000006,96,9,RELLENO_NACIONAL_BENFORD
03,052,05,03,000009,99,9,RELLENO_NACIONAL_BENFORD
15,292,01,03,000004,95,9,RELLENO_NACIONAL_BENFORD
15,304,01,04,000002,97,9,RELLENO_NACIONAL_BENFORD
15,340,01,01,000019,83,8,RELLENO_NACIONAL_BENFORD
15,340,01,04,000017,84,8,RELLENO_NACIONAL_BENFORD
15,340,01,04,000018,91,9,RELLENO_NACIONAL_BENFORD
15,340,02,01,000029,98,9,RELLENO_NACIONAL_BENFORD
52,001,05,02,000027,90,9,RELLENO_NACIONAL_BENFORD
52,001,05,02,000033,91,9,RELLENO_NACIONAL_BENFORD
52,001,08,03,000010,91,9,RELLENO_NACIONAL_BENFORD
52,001,08,03,000018,95,9,RELLENO_NACIONAL_BENFORD
52,001,10,01,000016,94,9,RELLENO_NACIONAL_BENFORD
52,001,17,02,000018,84,8,RELLENO_NACIONAL_BENFORD
03,052,07,02,000027,90,9,RELLENO_NACIONAL_BENFORD
03,052,07,04,000017,95,9,RELLENO_NACIONAL_BENFORD
03,052,08,01,000003,84,8,RELLENO_NACIONAL_BENFORD
03,052,08,02,000022,83,8,RELLENO_NACIONAL_BENFORD
03,052,09,02,000009,83,8,RELLENO_NACIONAL_BENFORD
03,052,09,03,000003,93,9,RELLENO_NACIONAL_BENFORD
03,052,10,04,000007,90,9,RELLENO_NACIONAL_BENFORD
03,052,10,04,000015,83,8,RELLENO_NACIONAL_BENFORD
03,052,13,01,000005,86,8,RELLENO_NACIONAL_BENFORD
03,061,00,00,000005,87,8,RELLENO_NACIONAL_BENFORD
15,340,02,03,000024,83,8,RELLENO_NACIONAL_BENFORD
15,340,02,06,000015,93,9,RELLENO_NACIONAL_BENFORD
15,340,02,07,000002,94,9,RELLENO_NACIONAL_BENFORD
15,340,99,02,000011,82,8,RELLENO_NACIONAL_BENFORD
16,001,01,01,000058,86,8,RELLENO_NACIONAL_BENFORD
16,001,01,02,000042,94,9,RELLENO_NACIONAL_BENFORD
16,001,01,04,000024,95,9,RELLENO_NACIONAL_BENFORD
16,001,01,07,000020,92,9,RELLENO_NACIONAL_BENFORD
16,001,01,08,000041,90,9,RELLENO_NACIONAL_BENFORD
16,001,01,17,000029,96,9,RELLENO_NACIONAL_BENFORD
16,001,01,33,000009,92,9,RELLENO_NACIONAL_BENFORD
16,001,01,36,000011,82,8,RELLENO_NACIONAL_BENFORD
52,020,00,02,000005,96,9,RELLENO_NACIONAL_BENFORD
52,035,02,03,000007,93,9,RELLENO_NACIONAL_BENFORD
52,043,01,01,000026,97,9,RELLENO_NACIONAL_BENFORD
31,001,23,07,000001,86,8,RELLENO_NACIONAL_BENFORD
31,001,24,05,000003,94,9,RELLENO_NACIONAL_BENFORD
31,001,24,07,000007,80,8,RELLENO_NACIONAL_BENFORD
31,001,24,07,000012,88,8,RELLENO_NACIONAL_BENFORD
31,001,25,04,000036,90,9,RELLENO_NACIONAL_BENFORD
31,001,27,01,000009,92,9,RELLENO_NACIONAL_BENFORD
31,001,27,01,000011,88,8,RELLENO_NACIONAL_BENFORD
31,001,27,03,000001,91,9,RELLENO_NACIONAL_BENFORD
31,001,28,01,000004,85,8,RELLENO_NACIONAL_BENFORD
31,001,28,05,000013,81,8,RELLENO_NACIONAL_BENFORD
31,001,28,05,000017,92,9,RELLENO_NACIONAL_BENFORD
31,001,29,05,000030,90,9,RELLENO_NACIONAL_BENFORD
12,150,01,02,000009,91,9,RELLENO_NACIONAL_BENFORD
12,150,99,90,000001,86,8,RELLENO_NACIONAL_BENFORD
12,180,00,00,000021,80,8,RELLENO_NACIONAL_BENFORD
12,180,00,00,000045,84,8,RELLENO_NACIONAL_BENFORD
12,200,01,01,000015,85,8,RELLENO_NACIONAL_BENFORD
12,200,01,02,000003,89,8,RELLENO_NACIONAL_BENFORD
16,001,05,20,000006,93,9,RELLENO_NACIONAL_BENFORD
16,001,05,23,000005,94,9,RELLENO_NACIONAL_BENFORD
03,001,23,03,000015,94,9,RELLENO_NACIONAL_BENFORD
03,001,24,01,000026,87,8,RELLENO_NACIONAL_BENFORD
15,088,01,03,000004,84,8,RELLENO_NACIONAL_BENFORD
15,088,01,05,000008,81,8,RELLENO_NACIONAL_BENFORD
15,088,01,07,000009,83,8,RELLENO_NACIONAL_BENFORD
15,094,01,12,000006,86,8,RELLENO_NACIONAL_BENFORD
15,094,02,02,000019,82,8,RELLENO_NACIONAL_BENFORD
15,094,02,06,000020,84,8,RELLENO_NACIONAL_BENFORD
15,109,03,01,000012,94,9,RELLENO_NACIONAL_BENFORD
15,109,99,01,000008,91,9,RELLENO_NACIONAL_BENFORD
21,040,99,24,000002,80,8,RELLENO_NACIONAL_BENFORD
21,046,00,00,000003,86,8,RELLENO_NACIONAL_BENFORD
21,046,00,00,000005,86,8,RELLENO_NACIONAL_BENFORD
21,052,02,01,000001,82,8,RELLENO_NACIONAL_BENFORD
21,052,02,01,000014,99,9,RELLENO_NACIONAL_BENFORD
21,052,99,19,000002,90,9,RELLENO_NACIONAL_BENFORD
21,058,00,00,000003,84,8,RELLENO_NACIONAL_BENFORD
21,060,99,20,000001,91,9,RELLENO_NACIONAL_BENFORD
21,078,00,00,000006,87,8,RELLENO_NACIONAL_BENFORD
21,079,00,00,000007,88,8,RELLENO_NACIONAL_BENFORD
21,085,00,00,000007,89,8,RELLENO_NACIONAL_BENFORD
21,090,00,00,000006,93,9,RELLENO_NACIONAL_BENFORD
23,001,01,02,000002,87,8,RELLENO_NACIONAL_BENFORD
23,001,01,02,000013,80,8,RELLENO_NACIONAL_BENFORD
23,001,02,02,000004,98,9,RELLENO_NACIONAL_BENFORD
23,001,02,03,000002,95,9,RELLENO_NACIONAL_BENFORD
23,001,02,03,000006,92,9,RELLENO_NACIONAL_BENFORD
23,001,03,01,000004,98,9,RELLENO_NACIONAL_BENFORD
23,001,03,02,000001,89,8,RELLENO_NACIONAL_BENFORD
23,001,03,05,000008,82,8,RELLENO_NACIONAL_BENFORD
23,001,05,01,000008,85,8,RELLENO_NACIONAL_BENFORD
23,001,05,06,000015,97,9,RELLENO_NACIONAL_BENFORD
23,001,06,05,000009,94,9,RELLENO_NACIONAL_BENFORD
23,001,06,06,000004,85,8,RELLENO_NACIONAL_BENFORD
23,001,07,05,000002,96,9,RELLENO_NACIONAL_BENFORD
23,019,00,02,000009,86,8,RELLENO_NACIONAL_BENFORD
23,022,99,03,000002,80,8,RELLENO_NACIONAL_BENFORD
23,025,00,00,000004,86,8,RELLENO_NACIONAL_BENFORD
23,028,00,00,000003,95,9,RELLENO_NACIONAL_BENFORD
23,046,00,00,000019,88,8,RELLENO_NACIONAL_BENFORD
23,046,00,00,000022,86,8,RELLENO_NACIONAL_BENFORD
23,046,00,00,000028,83,8,RELLENO_NACIONAL_BENFORD
23,049,00,00,000006,89,8,RELLENO_NACIONAL_BENFORD
23,049,99,01,000001,97,9,RELLENO_NACIONAL_BENFORD
23,058,00,00,000001,81,8,RELLENO_NACIONAL_BENFORD
23,058,00,00,000003,86,8,RELLENO_NACIONAL_BENFORD
23,064,99,02,000003,9,9,RELLENO_NACIONAL_BENFORD
23,067,01,01,000007,96,9,RELLENO_NACIONAL_BENFORD
23,067,01,02,000005,86,8,RELLENO_NACIONAL_BENFORD
23,067,01,02,000006,93,9,RELLENO_NACIONAL_BENFORD
23,067,01,03,000010,93,9,RELLENO_NACIONAL_BENFORD
23,073,00,00,000004,86,8,RELLENO_NACIONAL_BENFORD
23,079,00,02,000009,83,8,RELLENO_NACIONAL_BENFORD
23,096,00,00,000005,98,9,RELLENO_NACIONAL_BENFORD
23,100,99,50,000001,96,9,RELLENO_NACIONAL_BENFORD
23,103,99,05,000002,9,9,RELLENO_NACIONAL_BENFORD
23,106,00,00,000006,94,9,RELLENO_NACIONAL_BENFORD
23,106,00,00,000013,89,8,RELLENO_NACIONAL_BENFORD
23,106,00,00,000025,92,9,RELLENO_NACIONAL_BENFORD
23,106,00,00,000030,89,8,RELLENO_NACIONAL_BENFORD
23,118,00,00,000003,93,9,RELLENO_NACIONAL_BENFORD
23,118,00,00,000006,90,9,RELLENO_NACIONAL_BENFORD
23,120,99,10,000002,82,8,RELLENO_NACIONAL_BENFORD
23,121,00,00,000008,93,9,RELLENO_NACIONAL_BENFORD
23,123,00,00,000008,83,8,RELLENO_NACIONAL_BENFORD
23,123,00,00,000012,95,9,RELLENO_NACIONAL_BENFORD
23,139,02,04,000001,95,9,RELLENO_NACIONAL_BENFORD
23,139,99,61,000002,8,8,RELLENO_NACIONAL_BENFORD
24,001,01,01,000013,90,9,RELLENO_NACIONAL_BENFORD
46,560,99,33,000001,88,8,RELLENO_NACIONAL_BENFORD
46,640,00,00,000012,98,9,RELLENO_NACIONAL_BENFORD
46,800,00,00,000007,83,8,RELLENO_NACIONAL_BENFORD
46,800,99,20,000001,92,9,RELLENO_NACIONAL_BENFORD
03,001,28,01,000008,82,8,RELLENO_NACIONAL_BENFORD
03,001,28,01,000016,90,9,RELLENO_NACIONAL_BENFORD
03,001,28,01,000017,80,8,RELLENO_NACIONAL_BENFORD
03,001,28,03,000008,90,9,RELLENO_NACIONAL_BENFORD
03,001,30,03,000004,80,8,RELLENO_NACIONAL_BENFORD
03,001,30,03,000016,83,8,RELLENO_NACIONAL_BENFORD
03,001,31,01,000001,84,8,RELLENO_NACIONAL_BENFORD
03,001,31,02,000017,88,8,RELLENO_NACIONAL_BENFORD
03,001,34,03,000025,81,8,RELLENO_NACIONAL_BENFORD
31,076,00,00,000006,89,8,RELLENO_NACIONAL_BENFORD
31,079,01,04,000002,96,9,RELLENO_NACIONAL_BENFORD
31,079,02,01,000003,80,8,RELLENO_NACIONAL_BENFORD
31,079,02,01,000009,93,9,RELLENO_NACIONAL_BENFORD
31,079,02,02,000004,86,8,RELLENO_NACIONAL_BENFORD
31,079,03,07,000002,94,9,RELLENO_NACIONAL_BENFORD
31,079,04,05,000005,96,9,RELLENO_NACIONAL_BENFORD
31,079,05,01,000002,80,8,RELLENO_NACIONAL_BENFORD
31,079,06,04,000004,80,8,RELLENO_NACIONAL_BENFORD
31,079,06,04,000006,88,8,RELLENO_NACIONAL_BENFORD
31,079,99,50,000007,9,9,RELLENO_NACIONAL_BENFORD
31,082,01,01,000004,89,8,RELLENO_NACIONAL_BENFORD
31,085,00,00,000028,82,8,RELLENO_NACIONAL_BENFORD
31,091,01,03,000010,85,8,RELLENO_NACIONAL_BENFORD
31,097,90,01,000013,97,9,RELLENO_NACIONAL_BENFORD
31,100,00,00,000024,89,8,RELLENO_NACIONAL_BENFORD
31,103,99,29,000003,99,9,RELLENO_NACIONAL_BENFORD
31,106,01,01,000024,81,8,RELLENO_NACIONAL_BENFORD
31,106,03,03,000004,82,8,RELLENO_NACIONAL_BENFORD
31,106,05,02,000005,89,8,RELLENO_NACIONAL_BENFORD
31,106,05,04,000004,99,9,RELLENO_NACIONAL_BENFORD
31,106,99,11,000009,88,8,RELLENO_NACIONAL_BENFORD
31,112,00,00,000013,81,8,RELLENO_NACIONAL_BENFORD
31,112,99,09,000001,9,9,RELLENO_NACIONAL_BENFORD
31,118,99,21,000001,83,8,RELLENO_NACIONAL_BENFORD
31,121,02,02,000012,84,8,RELLENO_NACIONAL_BENFORD
31,121,04,04,000012,8,8,RELLENO_NACIONAL_BENFORD
31,121,99,01,000001,92,9,RELLENO_NACIONAL_BENFORD
31,121,99,01,000002,94,9,RELLENO_NACIONAL_BENFORD
31,124,02,01,000010,80,8,RELLENO_NACIONAL_BENFORD
40,001,02,01,000019,9,9,RELLENO_NACIONAL_BENFORD
40,001,02,03,000021,88,8,RELLENO_NACIONAL_BENFORD
40,001,03,03,000012,84,8,RELLENO_NACIONAL_BENFORD
40,005,02,02,000012,92,9,RELLENO_NACIONAL_BENFORD
40,010,02,02,000016,8,8,RELLENO_NACIONAL_BENFORD
40,010,99,45,000007,99,9,RELLENO_NACIONAL_BENFORD
40,017,00,01,000008,90,9,RELLENO_NACIONAL_BENFORD
40,025,01,02,000017,97,9,RELLENO_NACIONAL_BENFORD
44,001,01,04,000017,99,9,RELLENO_NACIONAL_BENFORD
44,001,01,06,000004,8,8,RELLENO_NACIONAL_BENFORD
44,001,02,03,000012,95,9,RELLENO_NACIONAL_BENFORD
44,001,03,04,000013,96,9,RELLENO_NACIONAL_BENFORD
44,001,04,04,000005,80,8,RELLENO_NACIONAL_BENFORD
44,001,99,68,000003,95,9,RELLENO_NACIONAL_BENFORD
44,004,00,00,000017,99,9,RELLENO_NACIONAL_BENFORD
44,006,00,00,000014,80,8,RELLENO_NACIONAL_BENFORD
44,007,00,00,000010,83,8,RELLENO_NACIONAL_BENFORD
44,009,00,02,000012,99,9,RELLENO_NACIONAL_BENFORD
44,009,00,02,000014,86,8,RELLENO_NACIONAL_BENFORD
44,010,01,03,000009,93,9,RELLENO_NACIONAL_BENFORD
44,010,99,50,000001,86,8,RELLENO_NACIONAL_BENFORD
44,017,00,00,000006,87,8,RELLENO_NACIONAL_BENFORD
44,022,99,40,000001,8,8,RELLENO_NACIONAL_BENFORD
44,024,00,00,000002,88,8,RELLENO_NACIONAL_BENFORD
44,024,00,00,000008,91,9,RELLENO_NACIONAL_BENFORD
01,214,04,02,000029,85,8,RELLENO_NACIONAL_BENFORD
01,223,99,02,000001,98,9,RELLENO_NACIONAL_BENFORD
01,231,99,86,000001,93,9,RELLENO_NACIONAL_BENFORD
01,231,99,91,000001,97,9,RELLENO_NACIONAL_BENFORD
01,237,02,02,000006,93,9,RELLENO_NACIONAL_BENFORD
01,259,02,01,000003,92,9,RELLENO_NACIONAL_BENFORD
01,262,99,30,000001,82,8,RELLENO_NACIONAL_BENFORD
01,270,02,02,000001,81,8,RELLENO_NACIONAL_BENFORD
01,274,00,01,000011,87,8,RELLENO_NACIONAL_BENFORD
01,280,01,01,000010,84,8,RELLENO_NACIONAL_BENFORD
01,280,03,01,000003,93,9,RELLENO_NACIONAL_BENFORD
01,280,99,12,000001,89,8,RELLENO_NACIONAL_BENFORD
01,295,01,04,000004,81,8,RELLENO_NACIONAL_BENFORD
01,295,01,05,000006,99,9,RELLENO_NACIONAL_BENFORD
01,295,01,05,000007,8,8,RELLENO_NACIONAL_BENFORD
01,295,01,06,000001,85,8,RELLENO_NACIONAL_BENFORD
01,295,02,03,000006,92,9,RELLENO_NACIONAL_BENFORD
01,300,00,01,000018,96,9,RELLENO_NACIONAL_BENFORD
01,300,00,01,000026,97,9,RELLENO_NACIONAL_BENFORD
03,001,02,02,000029,80,8,RELLENO_NACIONAL_BENFORD
03,001,03,03,000002,82,8,RELLENO_NACIONAL_BENFORD
03,001,03,03,000018,95,9,RELLENO_NACIONAL_BENFORD
03,001,04,01,000001,94,9,RELLENO_NACIONAL_BENFORD
03,001,04,04,000005,81,8,RELLENO_NACIONAL_BENFORD
03,001,06,01,000003,92,9,RELLENO_NACIONAL_BENFORD
03,001,07,03,000002,90,9,RELLENO_NACIONAL_BENFORD
03,001,07,03,000004,86,8,RELLENO_NACIONAL_BENFORD
03,001,09,03,000012,83,8,RELLENO_NACIONAL_BENFORD
03,001,10,01,000003,91,9,RELLENO_NACIONAL_BENFORD
03,001,10,01,000004,97,9,RELLENO_NACIONAL_BENFORD
03,001,10,02,000004,90,9,RELLENO_NACIONAL_BENFORD
03,001,10,02,000005,81,8,RELLENO_NACIONAL_BENFORD
03,001,10,02,000010,90,9,RELLENO_NACIONAL_BENFORD
03,001,10,02,000014,88,8,RELLENO_NACIONAL_BENFORD
03,001,14,03,000007,99,9,RELLENO_NACIONAL_BENFORD
03,001,15,01,000018,80,8,RELLENO_NACIONAL_BENFORD
16,001,15,17,000004,95,9,RELLENO_NACIONAL_BENFORD
29,001,04,07,000029,83,8,RELLENO_NACIONAL_BENFORD
15,132,00,00,000012,89,8,RELLENO_NACIONAL_BENFORD
48,001,01,03,000026,93,9,RELLENO_NACIONAL_BENFORD
01,001,99,B3,000030,83,8,RELLENO_NACIONAL_BENFORD
29,001,10,03,000025,84,8,RELLENO_NACIONAL_BENFORD
15,118,00,00,000020,95,9,RELLENO_NACIONAL_BENFORD
24,001,10,01,000048,87,8,RELLENO_NACIONAL_BENFORD
31,001,29,05,000039,90,9,RELLENO_NACIONAL_BENFORD
12,001,99,30,000001,85,8,RELLENO_NACIONAL_BENFORD
12,075,01,01,000017,99,9,RELLENO_NACIONAL_BENFORD
12,225,01,01,000012,82,8,RELLENO_NACIONAL_BENFORD
19,091,00,00,000010,96,9,RELLENO_NACIONAL_BENFORD
21,001,02,01,000003,84,8,RELLENO_NACIONAL_BENFORD
21,001,02,01,000014,80,8,RELLENO_NACIONAL_BENFORD
21,001,02,04,000013,82,8,RELLENO_NACIONAL_BENFORD
21,001,02,06,000015,91,9,RELLENO_NACIONAL_BENFORD
21,001,03,01,000016,97,9,RELLENO_NACIONAL_BENFORD
21,001,04,03,000019,98,9,RELLENO_NACIONAL_BENFORD
01,170,00,00,000018,95,9,RELLENO_NACIONAL_BENFORD
31,001,30,01,000018,86,8,RELLENO_NACIONAL_BENFORD
31,001,30,03,000022,80,8,RELLENO_NACIONAL_BENFORD
31,001,31,03,000007,91,9,RELLENO_NACIONAL_BENFORD
31,001,31,03,000011,83,8,RELLENO_NACIONAL_BENFORD
31,001,31,03,000025,88,8,RELLENO_NACIONAL_BENFORD
31,001,31,04,000005,80,8,RELLENO_NACIONAL_BENFORD
31,001,32,01,000012,8,8,RELLENO_NACIONAL_BENFORD
31,001,32,04,000012,91,9,RELLENO_NACIONAL_BENFORD
31,001,32,05,000002,83,8,RELLENO_NACIONAL_BENFORD
31,004,00,00,000018,95,9,RELLENO_NACIONAL_BENFORD
31,007,00,00,000012,94,9,RELLENO_NACIONAL_BENFORD
12,225,99,70,000003,82,8,RELLENO_NACIONAL_BENFORD
12,410,01,02,000007,93,9,RELLENO_NACIONAL_BENFORD
12,415,99,12,000006,80,8,RELLENO_NACIONAL_BENFORD
12,450,00,02,000002,95,9,RELLENO_NACIONAL_BENFORD
12,700,99,60,000003,93,9,RELLENO_NACIONAL_BENFORD
12,750,00,00,000031,95,9,RELLENO_NACIONAL_BENFORD
21,001,05,08,000011,98,9,RELLENO_NACIONAL_BENFORD
21,001,06,01,000017,94,9,RELLENO_NACIONAL_BENFORD
21,001,06,06,000007,88,8,RELLENO_NACIONAL_BENFORD
21,001,07,01,000003,81,8,RELLENO_NACIONAL_BENFORD
21,001,07,02,000012,95,9,RELLENO_NACIONAL_BENFORD
21,001,07,06,000001,83,8,RELLENO_NACIONAL_BENFORD
21,001,08,02,000009,96,9,RELLENO_NACIONAL_BENFORD
21,001,08,02,000010,94,9,RELLENO_NACIONAL_BENFORD
21,010,02,02,000001,82,8,RELLENO_NACIONAL_BENFORD
21,012,01,01,000020,84,8,RELLENO_NACIONAL_BENFORD
21,012,01,01,000029,87,8,RELLENO_NACIONAL_BENFORD
21,012,01,01,000032,81,8,RELLENO_NACIONAL_BENFORD
21,012,01,02,000006,99,9,RELLENO_NACIONAL_BENFORD
21,012,99,35,000007,85,8,RELLENO_NACIONAL_BENFORD
01,191,99,15,000003,80,8,RELLENO_NACIONAL_BENFORD
01,192,00,01,000023,82,8,RELLENO_NACIONAL_BENFORD
01,192,00,01,000042,99,9,RELLENO_NACIONAL_BENFORD
01,192,99,10,000005,87,8,RELLENO_NACIONAL_BENFORD
01,193,99,05,000003,81,8,RELLENO_NACIONAL_BENFORD
01,205,01,01,000005,95,9,RELLENO_NACIONAL_BENFORD
01,205,01,03,000002,80,8,RELLENO_NACIONAL_BENFORD
01,205,02,03,000004,94,9,RELLENO_NACIONAL_BENFORD
01,206,00,00,000011,88,8,RELLENO_NACIONAL_BENFORD
01,208,00,01,000012,91,9,RELLENO_NACIONAL_BENFORD
01,214,01,01,000025,96,9,RELLENO_NACIONAL_BENFORD
31,019,03,03,000033,9,9,RELLENO_NACIONAL_BENFORD
31,022,02,01,000006,97,9,RELLENO_NACIONAL_BENFORD
31,022,03,02,000005,92,9,RELLENO_NACIONAL_BENFORD
31,022,06,02,000011,82,8,RELLENO_NACIONAL_BENFORD
31,022,99,29,000001,8,8,RELLENO_NACIONAL_BENFORD
31,028,02,03,000007,97,9,RELLENO_NACIONAL_BENFORD
52,047,00,00,000009,99,9,RELLENO_NACIONAL_BENFORD
05,001,04,03,000001,84,8,RELLENO_NACIONAL_BENFORD
05,001,06,04,000009,81,8,RELLENO_NACIONAL_BENFORD
05,001,06,05,000013,82,8,RELLENO_NACIONAL_BENFORD
05,001,07,02,000018,82,8,RELLENO_NACIONAL_BENFORD
05,001,07,05,000014,88,8,RELLENO_NACIONAL_BENFORD
05,001,08,01,000005,85,8,RELLENO_NACIONAL_BENFORD
05,001,08,03,000013,96,9,RELLENO_NACIONAL_BENFORD
05,001,10,01,000003,92,9,RELLENO_NACIONAL_BENFORD
05,001,10,03,000003,86,8,RELLENO_NACIONAL_BENFORD
16,001,02,11,000012,84,8,RELLENO_NACIONAL_BENFORD
16,001,02,15,000007,91,9,RELLENO_NACIONAL_BENFORD
16,001,02,31,000006,88,8,RELLENO_NACIONAL_BENFORD
16,001,03,04,000007,83,8,RELLENO_NACIONAL_BENFORD
16,001,03,04,000009,86,8,RELLENO_NACIONAL_BENFORD
16,001,03,09,000002,87,8,RELLENO_NACIONAL_BENFORD
16,001,03,13,000003,85,8,RELLENO_NACIONAL_BENFORD
16,001,03,14,000009,90,9,RELLENO_NACIONAL_BENFORD
16,001,03,21,000009,88,8,RELLENO_NACIONAL_BENFORD
16,001,03,21,000010,94,9,RELLENO_NACIONAL_BENFORD
16,001,04,03,000004,90,9,RELLENO_NACIONAL_BENFORD
25,022,00,00,000005,96,9,RELLENO_NACIONAL_BENFORD
25,049,00,00,000015,80,8,RELLENO_NACIONAL_BENFORD
25,054,01,01,000026,91,9,RELLENO_NACIONAL_BENFORD
25,054,01,02,000018,95,9,RELLENO_NACIONAL_BENFORD
25,054,02,01,000016,90,9,RELLENO_NACIONAL_BENFORD
25,054,02,02,000025,84,8,RELLENO_NACIONAL_BENFORD
25,054,02,03,000017,98,9,RELLENO_NACIONAL_BENFORD
52,049,00,00,000019,94,9,RELLENO_NACIONAL_BENFORD
52,080,00,00,000016,99,9,RELLENO_NACIONAL_BENFORD
54,001,01,02,000018,93,9,RELLENO_NACIONAL_BENFORD
56,001,01,02,000004,80,8,RELLENO_NACIONAL_BENFORD
64,001,01,03,000003,86,8,RELLENO_NACIONAL_BENFORD
64,001,02,01,000013,87,8,RELLENO_NACIONAL_BENFORD
64,002,02,01,000016,8,8,RELLENO_NACIONAL_BENFORD
05,001,16,02,000009,82,8,RELLENO_NACIONAL_BENFORD
05,001,18,02,000003,95,9,RELLENO_NACIONAL_BENFORD
05,001,18,02,000011,99,9,RELLENO_NACIONAL_BENFORD
05,001,18,04,000027,86,8,RELLENO_NACIONAL_BENFORD
05,001,18,04,000035,99,9,RELLENO_NACIONAL_BENFORD
16,001,04,11,000004,95,9,RELLENO_NACIONAL_BENFORD
16,001,04,15,000005,94,9,RELLENO_NACIONAL_BENFORD
16,001,04,16,000001,91,9,RELLENO_NACIONAL_BENFORD
16,001,04,16,000029,87,8,RELLENO_NACIONAL_BENFORD
16,001,04,17,000004,97,9,RELLENO_NACIONAL_BENFORD
16,001,04,17,000013,89,8,RELLENO_NACIONAL_BENFORD
16,001,04,21,000001,88,8,RELLENO_NACIONAL_BENFORD
16,001,04,21,000002,83,8,RELLENO_NACIONAL_BENFORD
16,001,04,23,000007,90,9,RELLENO_NACIONAL_BENFORD
16,001,04,28,000008,83,8,RELLENO_NACIONAL_BENFORD
16,001,04,43,000008,83,8,RELLENO_NACIONAL_BENFORD
16,001,05,04,000002,90,9,RELLENO_NACIONAL_BENFORD
16,001,05,04,000003,81,8,RELLENO_NACIONAL_BENFORD
16,001,05,04,000004,82,8,RELLENO_NACIONAL_BENFORD
16,001,05,05,000013,96,9,RELLENO_NACIONAL_BENFORD
16,001,05,05,000021,91,9,RELLENO_NACIONAL_BENFORD
16,001,05,09,000009,89,8,RELLENO_NACIONAL_BENFORD
16,001,05,09,000016,91,9,RELLENO_NACIONAL_BENFORD
16,001,05,09,000020,91,9,RELLENO_NACIONAL_BENFORD
16,001,05,13,000009,93,9,RELLENO_NACIONAL_BENFORD
16,001,05,14,000011,90,9,RELLENO_NACIONAL_BENFORD
25,061,02,02,000014,96,9,RELLENO_NACIONAL_BENFORD
25,064,02,02,000012,85,8,RELLENO_NACIONAL_BENFORD
25,069,01,02,000011,92,9,RELLENO_NACIONAL_BENFORD
25,082,00,00,000013,8,8,RELLENO_NACIONAL_BENFORD
68,001,00,01,000016,94,9,RELLENO_NACIONAL_BENFORD
68,001,99,02,000002,9,9,RELLENO_NACIONAL_BENFORD
16,001,07,73,000001,81,8,RELLENO_NACIONAL_BENFORD
16,001,08,01,000004,99,9,RELLENO_NACIONAL_BENFORD
16,001,08,11,000023,83,8,RELLENO_NACIONAL_BENFORD
16,001,08,17,000014,99,9,RELLENO_NACIONAL_BENFORD
16,001,08,19,000023,94,9,RELLENO_NACIONAL_BENFORD
16,001,08,20,000020,92,9,RELLENO_NACIONAL_BENFORD
16,001,08,25,000015,88,8,RELLENO_NACIONAL_BENFORD
16,001,08,29,000030,97,9,RELLENO_NACIONAL_BENFORD
16,001,08,31,000023,90,9,RELLENO_NACIONAL_BENFORD
16,001,08,32,000006,96,9,RELLENO_NACIONAL_BENFORD
16,001,05,22,000005,91,9,RELLENO_NACIONAL_BENFORD
16,001,05,31,000003,92,9,RELLENO_NACIONAL_BENFORD
16,001,05,47,000001,87,8,RELLENO_NACIONAL_BENFORD
03,001,24,01,000017,91,9,RELLENO_NACIONAL_BENFORD
03,001,24,03,000004,82,8,RELLENO_NACIONAL_BENFORD
03,001,24,04,000033,91,9,RELLENO_NACIONAL_BENFORD
03,001,26,01,000017,94,9,RELLENO_NACIONAL_BENFORD
03,001,26,01,000018,93,9,RELLENO_NACIONAL_BENFORD
03,001,26,01,000022,87,8,RELLENO_NACIONAL_BENFORD
03,001,26,03,000004,89,8,RELLENO_NACIONAL_BENFORD
03,001,26,03,000017,94,9,RELLENO_NACIONAL_BENFORD
03,001,26,04,000012,85,8,RELLENO_NACIONAL_BENFORD
15,088,01,01,000015,99,9,RELLENO_NACIONAL_BENFORD
15,088,01,04,000017,94,9,RELLENO_NACIONAL_BENFORD
15,088,01,04,000018,88,8,RELLENO_NACIONAL_BENFORD
15,088,01,07,000006,81,8,RELLENO_NACIONAL_BENFORD
15,088,02,07,000017,82,8,RELLENO_NACIONAL_BENFORD
15,088,02,10,000018,97,9,RELLENO_NACIONAL_BENFORD
15,094,01,02,000006,94,9,RELLENO_NACIONAL_BENFORD
15,094,01,08,000005,81,8,RELLENO_NACIONAL_BENFORD
15,094,01,11,000015,99,9,RELLENO_NACIONAL_BENFORD
15,094,02,02,000017,84,8,RELLENO_NACIONAL_BENFORD
15,094,02,02,000020,93,9,RELLENO_NACIONAL_BENFORD
15,094,99,01,000005,88,8,RELLENO_NACIONAL_BENFORD
15,094,99,50,000008,80,8,RELLENO_NACIONAL_BENFORD
15,100,00,01,000022,97,9,RELLENO_NACIONAL_BENFORD
15,109,01,02,000015,86,8,RELLENO_NACIONAL_BENFORD
21,042,00,00,000020,93,9,RELLENO_NACIONAL_BENFORD
21,046,00,00,000004,95,9,RELLENO_NACIONAL_BENFORD
21,046,99,09,000004,95,9,RELLENO_NACIONAL_BENFORD
21,046,99,25,000001,88,8,RELLENO_NACIONAL_BENFORD
21,049,01,01,000003,82,8,RELLENO_NACIONAL_BENFORD
21,049,99,37,000001,82,8,RELLENO_NACIONAL_BENFORD
21,052,01,01,000003,90,9,RELLENO_NACIONAL_BENFORD
21,052,02,02,000011,87,8,RELLENO_NACIONAL_BENFORD
21,052,99,17,000001,97,9,RELLENO_NACIONAL_BENFORD
21,055,00,00,000009,92,9,RELLENO_NACIONAL_BENFORD
21,070,00,00,000020,80,8,RELLENO_NACIONAL_BENFORD
21,078,99,41,000001,87,8,RELLENO_NACIONAL_BENFORD
23,001,01,05,000008,84,8,RELLENO_NACIONAL_BENFORD
23,001,02,01,000009,97,9,RELLENO_NACIONAL_BENFORD
23,001,02,01,000017,99,9,RELLENO_NACIONAL_BENFORD
23,001,02,03,000007,99,9,RELLENO_NACIONAL_BENFORD
23,001,03,02,000002,86,8,RELLENO_NACIONAL_BENFORD
23,001,03,02,000004,82,8,RELLENO_NACIONAL_BENFORD
23,001,03,03,000003,96,9,RELLENO_NACIONAL_BENFORD
23,001,04,01,000002,93,9,RELLENO_NACIONAL_BENFORD
23,001,04,03,000003,80,8,RELLENO_NACIONAL_BENFORD
23,001,04,03,000004,86,8,RELLENO_NACIONAL_BENFORD
23,001,05,04,000009,97,9,RELLENO_NACIONAL_BENFORD
23,001,05,06,000018,96,9,RELLENO_NACIONAL_BENFORD
23,001,07,05,000009,92,9,RELLENO_NACIONAL_BENFORD
23,001,07,06,000006,98,9,RELLENO_NACIONAL_BENFORD
23,001,98,02,000001,9,9,RELLENO_NACIONAL_BENFORD
23,001,99,03,000001,83,8,RELLENO_NACIONAL_BENFORD
23,001,99,29,000002,88,8,RELLENO_NACIONAL_BENFORD
23,001,99,42,000001,84,8,RELLENO_NACIONAL_BENFORD
23,013,00,00,000005,82,8,RELLENO_NACIONAL_BENFORD
23,019,00,02,000013,98,9,RELLENO_NACIONAL_BENFORD
23,019,99,21,000006,84,8,RELLENO_NACIONAL_BENFORD
23,041,00,00,000025,9,9,RELLENO_NACIONAL_BENFORD
23,043,00,00,000004,84,8,RELLENO_NACIONAL_BENFORD
23,044,00,00,000005,85,8,RELLENO_NACIONAL_BENFORD
23,052,00,00,000012,82,8,RELLENO_NACIONAL_BENFORD
23,052,00,00,000014,95,9,RELLENO_NACIONAL_BENFORD
23,061,00,00,000008,82,8,RELLENO_NACIONAL_BENFORD
23,067,01,01,000009,90,9,RELLENO_NACIONAL_BENFORD
23,067,01,04,000006,96,9,RELLENO_NACIONAL_BENFORD
23,067,01,06,000006,87,8,RELLENO_NACIONAL_BENFORD
23,067,01,06,000007,95,9,RELLENO_NACIONAL_BENFORD
23,067,01,07,000003,90,9,RELLENO_NACIONAL_BENFORD
23,067,90,01,000004,84,8,RELLENO_NACIONAL_BENFORD
23,076,00,00,000001,90,9,RELLENO_NACIONAL_BENFORD
23,078,00,00,000006,8,8,RELLENO_NACIONAL_BENFORD
23,079,00,01,000021,99,9,RELLENO_NACIONAL_BENFORD
23,079,00,02,000008,91,9,RELLENO_NACIONAL_BENFORD
23,082,99,15,000001,8,8,RELLENO_NACIONAL_BENFORD
23,091,99,21,000001,8,8,RELLENO_NACIONAL_BENFORD
23,095,00,00,000016,9,9,RELLENO_NACIONAL_BENFORD
23,100,00,00,000002,92,9,RELLENO_NACIONAL_BENFORD
23,100,99,01,000001,96,9,RELLENO_NACIONAL_BENFORD
23,100,99,01,000002,87,8,RELLENO_NACIONAL_BENFORD
23,100,99,04,000001,91,9,RELLENO_NACIONAL_BENFORD
23,100,99,17,000001,80,8,RELLENO_NACIONAL_BENFORD
23,115,99,01,000002,9,9,RELLENO_NACIONAL_BENFORD
23,136,99,38,000001,81,8,RELLENO_NACIONAL_BENFORD
23,136,99,38,000002,88,8,RELLENO_NACIONAL_BENFORD
23,139,01,01,000019,9,9,RELLENO_NACIONAL_BENFORD
23,139,02,02,000010,8,8,RELLENO_NACIONAL_BENFORD
23,139,03,01,000002,87,8,RELLENO_NACIONAL_BENFORD
23,139,03,01,000007,81,8,RELLENO_NACIONAL_BENFORD
23,139,99,39,000002,8,8,RELLENO_NACIONAL_BENFORD
24,001,01,01,000012,86,8,RELLENO_NACIONAL_BENFORD
46,001,03,02,000014,94,9,RELLENO_NACIONAL_BENFORD
46,001,04,01,000022,92,9,RELLENO_NACIONAL_BENFORD
46,560,00,00,000010,9,9,RELLENO_NACIONAL_BENFORD
46,830,99,15,000001,80,8,RELLENO_NACIONAL_BENFORD
46,830,99,23,000001,98,9,RELLENO_NACIONAL_BENFORD
03,001,28,02,000004,86,8,RELLENO_NACIONAL_BENFORD
03,001,28,03,000005,84,8,RELLENO_NACIONAL_BENFORD
03,001,28,03,000006,84,8,RELLENO_NACIONAL_BENFORD
03,001,28,04,000006,80,8,RELLENO_NACIONAL_BENFORD
03,001,29,01,000004,90,9,RELLENO_NACIONAL_BENFORD
03,001,29,01,000011,83,8,RELLENO_NACIONAL_BENFORD
03,001,29,01,000016,87,8,RELLENO_NACIONAL_BENFORD
03,001,29,04,000004,97,9,RELLENO_NACIONAL_BENFORD
03,001,30,03,000010,88,8,RELLENO_NACIONAL_BENFORD
03,001,31,01,000002,98,9,RELLENO_NACIONAL_BENFORD
03,001,31,06,000027,82,8,RELLENO_NACIONAL_BENFORD
03,001,34,02,000030,84,8,RELLENO_NACIONAL_BENFORD
31,076,00,00,000009,82,8,RELLENO_NACIONAL_BENFORD
31,076,99,17,000001,88,8,RELLENO_NACIONAL_BENFORD
31,079,01,04,000005,87,8,RELLENO_NACIONAL_BENFORD
31,079,02,01,000012,82,8,RELLENO_NACIONAL_BENFORD
31,079,03,04,000004,92,9,RELLENO_NACIONAL_BENFORD
31,079,03,05,000016,80,8,RELLENO_NACIONAL_BENFORD
31,079,03,07,000004,98,9,RELLENO_NACIONAL_BENFORD
31,079,04,03,000003,91,9,RELLENO_NACIONAL_BENFORD
31,079,05,02,000003,91,9,RELLENO_NACIONAL_BENFORD
31,079,06,03,000003,85,8,RELLENO_NACIONAL_BENFORD
31,079,06,04,000008,83,8,RELLENO_NACIONAL_BENFORD
31,079,06,04,000009,99,9,RELLENO_NACIONAL_BENFORD
31,079,06,04,000011,84,8,RELLENO_NACIONAL_BENFORD
31,079,06,05,000010,89,8,RELLENO_NACIONAL_BENFORD
31,079,07,04,000001,98,9,RELLENO_NACIONAL_BENFORD
31,079,99,47,000004,82,8,RELLENO_NACIONAL_BENFORD
31,079,99,77,000005,85,8,RELLENO_NACIONAL_BENFORD
31,082,01,04,000001,84,8,RELLENO_NACIONAL_BENFORD
31,088,99,17,000011,9,9,RELLENO_NACIONAL_BENFORD
31,091,01,04,000005,99,9,RELLENO_NACIONAL_BENFORD
31,091,02,01,000008,98,9,RELLENO_NACIONAL_BENFORD
31,100,00,00,000021,82,8,RELLENO_NACIONAL_BENFORD
31,103,00,01,000020,91,9,RELLENO_NACIONAL_BENFORD
31,103,99,14,000001,98,9,RELLENO_NACIONAL_BENFORD
31,106,01,01,000021,96,9,RELLENO_NACIONAL_BENFORD
31,106,06,01,000012,85,8,RELLENO_NACIONAL_BENFORD
31,106,06,01,000015,82,8,RELLENO_NACIONAL_BENFORD
31,106,07,02,000006,95,9,RELLENO_NACIONAL_BENFORD
31,106,08,02,000004,82,8,RELLENO_NACIONAL_BENFORD
31,112,00,00,000011,98,9,RELLENO_NACIONAL_BENFORD
31,121,01,02,000013,8,8,RELLENO_NACIONAL_BENFORD
31,121,01,03,000006,97,9,RELLENO_NACIONAL_BENFORD
31,121,01,03,000007,80,8,RELLENO_NACIONAL_BENFORD
31,121,02,03,000012,94,9,RELLENO_NACIONAL_BENFORD
31,121,03,03,000001,80,8,RELLENO_NACIONAL_BENFORD
31,121,99,01,000004,98,9,RELLENO_NACIONAL_BENFORD
31,124,02,02,000011,95,9,RELLENO_NACIONAL_BENFORD
31,124,02,03,000003,92,9,RELLENO_NACIONAL_BENFORD
31,124,99,09,000002,86,8,RELLENO_NACIONAL_BENFORD
40,001,02,01,000011,82,8,RELLENO_NACIONAL_BENFORD
40,001,03,03,000025,92,9,RELLENO_NACIONAL_BENFORD
40,005,01,02,000012,99,9,RELLENO_NACIONAL_BENFORD
40,010,01,01,000010,94,9,RELLENO_NACIONAL_BENFORD
40,010,01,02,000006,82,8,RELLENO_NACIONAL_BENFORD
40,010,99,45,000002,84,8,RELLENO_NACIONAL_BENFORD
40,010,99,45,000004,97,9,RELLENO_NACIONAL_BENFORD
40,017,00,01,000010,81,8,RELLENO_NACIONAL_BENFORD
44,001,01,07,000017,93,9,RELLENO_NACIONAL_BENFORD
44,001,01,08,000005,90,9,RELLENO_NACIONAL_BENFORD
44,001,01,08,000006,97,9,RELLENO_NACIONAL_BENFORD
44,001,02,01,000018,84,8,RELLENO_NACIONAL_BENFORD
44,001,02,05,000005,89,8,RELLENO_NACIONAL_BENFORD
44,001,03,01,000007,82,8,RELLENO_NACIONAL_BENFORD
44,001,03,01,000009,83,8,RELLENO_NACIONAL_BENFORD
44,001,04,01,000009,81,8,RELLENO_NACIONAL_BENFORD
44,001,99,07,000001,82,8,RELLENO_NACIONAL_BENFORD
44,003,00,00,000001,90,9,RELLENO_NACIONAL_BENFORD
44,003,00,00,000006,86,8,RELLENO_NACIONAL_BENFORD
44,003,00,00,000011,90,9,RELLENO_NACIONAL_BENFORD
44,003,00,00,000022,92,9,RELLENO_NACIONAL_BENFORD
44,005,00,00,000023,97,9,RELLENO_NACIONAL_BENFORD
44,005,00,00,000028,81,8,RELLENO_NACIONAL_BENFORD
44,009,00,01,000024,84,8,RELLENO_NACIONAL_BENFORD
44,009,00,02,000016,83,8,RELLENO_NACIONAL_BENFORD
44,009,99,29,000002,80,8,RELLENO_NACIONAL_BENFORD
44,010,01,01,000017,86,8,RELLENO_NACIONAL_BENFORD
44,010,01,02,000010,91,9,RELLENO_NACIONAL_BENFORD
44,010,01,03,000008,90,9,RELLENO_NACIONAL_BENFORD
44,010,01,04,000003,92,9,RELLENO_NACIONAL_BENFORD
44,010,01,04,000006,85,8,RELLENO_NACIONAL_BENFORD
44,016,99,25,000004,99,9,RELLENO_NACIONAL_BENFORD
44,020,99,80,000002,96,9,RELLENO_NACIONAL_BENFORD
44,024,00,00,000001,98,9,RELLENO_NACIONAL_BENFORD
44,024,99,01,000001,95,9,RELLENO_NACIONAL_BENFORD
01,218,02,01,000013,97,9,RELLENO_NACIONAL_BENFORD
01,218,02,03,000017,97,9,RELLENO_NACIONAL_BENFORD
01,223,00,00,000010,87,8,RELLENO_NACIONAL_BENFORD
01,227,00,00,000010,90,9,RELLENO_NACIONAL_BENFORD
01,235,99,01,000001,99,9,RELLENO_NACIONAL_BENFORD
01,247,01,01,000016,86,8,RELLENO_NACIONAL_BENFORD
01,247,02,02,000011,99,9,RELLENO_NACIONAL_BENFORD
01,259,01,01,000002,81,8,RELLENO_NACIONAL_BENFORD
01,259,02,01,000013,82,8,RELLENO_NACIONAL_BENFORD
01,262,02,02,000011,8,8,RELLENO_NACIONAL_BENFORD
01,268,00,00,000026,94,9,RELLENO_NACIONAL_BENFORD
01,277,00,00,000008,80,8,RELLENO_NACIONAL_BENFORD
01,280,02,01,000001,89,8,RELLENO_NACIONAL_BENFORD
01,280,02,02,000001,86,8,RELLENO_NACIONAL_BENFORD
01,280,99,07,000001,80,8,RELLENO_NACIONAL_BENFORD
01,282,99,70,000001,96,9,RELLENO_NACIONAL_BENFORD
01,283,02,01,000014,89,8,RELLENO_NACIONAL_BENFORD
01,286,00,00,000009,91,9,RELLENO_NACIONAL_BENFORD
01,289,00,00,000015,96,9,RELLENO_NACIONAL_BENFORD
01,291,99,05,000001,8,8,RELLENO_NACIONAL_BENFORD
01,295,01,05,000003,83,8,RELLENO_NACIONAL_BENFORD
01,295,01,06,000013,94,9,RELLENO_NACIONAL_BENFORD
01,295,02,01,000009,98,9,RELLENO_NACIONAL_BENFORD
01,295,02,02,000010,83,8,RELLENO_NACIONAL_BENFORD
01,295,99,09,000003,93,9,RELLENO_NACIONAL_BENFORD
01,301,00,02,000015,9,9,RELLENO_NACIONAL_BENFORD
03,001,01,01,000001,97,9,RELLENO_NACIONAL_BENFORD
03,001,01,01,000028,9,9,RELLENO_NACIONAL_BENFORD
03,001,01,03,000005,85,8,RELLENO_NACIONAL_BENFORD
03,001,01,03,000016,85,8,RELLENO_NACIONAL_BENFORD
03,001,03,01,000001,86,8,RELLENO_NACIONAL_BENFORD
03,001,03,03,000008,96,9,RELLENO_NACIONAL_BENFORD
03,001,03,03,000031,82,8,RELLENO_NACIONAL_BENFORD
03,001,04,01,000003,96,9,RELLENO_NACIONAL_BENFORD
03,001,04,01,000011,87,8,RELLENO_NACIONAL_BENFORD
03,001,04,01,000012,93,9,RELLENO_NACIONAL_BENFORD
03,001,04,02,000002,85,8,RELLENO_NACIONAL_BENFORD
03,001,04,02,000011,88,8,RELLENO_NACIONAL_BENFORD
03,001,05,04,000006,83,8,RELLENO_NACIONAL_BENFORD
03,001,06,01,000001,90,9,RELLENO_NACIONAL_BENFORD
03,001,07,01,000002,83,8,RELLENO_NACIONAL_BENFORD
03,001,07,03,000018,84,8,RELLENO_NACIONAL_BENFORD
03,001,07,03,000020,92,9,RELLENO_NACIONAL_BENFORD
03,001,08,01,000004,82,8,RELLENO_NACIONAL_BENFORD
03,001,08,01,000017,87,8,RELLENO_NACIONAL_BENFORD
03,001,09,03,000004,85,8,RELLENO_NACIONAL_BENFORD
03,001,09,03,000010,93,9,RELLENO_NACIONAL_BENFORD
03,001,10,02,000008,96,9,RELLENO_NACIONAL_BENFORD
03,001,11,04,000012,80,8,RELLENO_NACIONAL_BENFORD
03,001,11,05,000006,80,8,RELLENO_NACIONAL_BENFORD
03,001,13,01,000003,92,9,RELLENO_NACIONAL_BENFORD
03,001,14,03,000010,87,8,RELLENO_NACIONAL_BENFORD
03,001,15,01,000001,84,8,RELLENO_NACIONAL_BENFORD
03,001,15,01,000016,96,9,RELLENO_NACIONAL_BENFORD
03,001,15,02,000001,86,8,RELLENO_NACIONAL_BENFORD
03,001,15,03,000003,81,8,RELLENO_NACIONAL_BENFORD
03,001,15,03,000023,9,9,RELLENO_NACIONAL_BENFORD
03,001,16,03,000002,82,8,RELLENO_NACIONAL_BENFORD
15,247,01,05,000005,94,9,RELLENO_NACIONAL_BENFORD
24,001,99,08,000006,86,8,RELLENO_NACIONAL_BENFORD
24,001,99,40,000002,87,8,RELLENO_NACIONAL_BENFORD
24,001,99,48,000006,86,8,RELLENO_NACIONAL_BENFORD
24,008,00,02,000010,99,9,RELLENO_NACIONAL_BENFORD
24,021,00,01,000029,82,8,RELLENO_NACIONAL_BENFORD
24,025,02,01,000025,97,9,RELLENO_NACIONAL_BENFORD
24,025,02,02,000006,90,9,RELLENO_NACIONAL_BENFORD
24,025,03,03,000009,81,8,RELLENO_NACIONAL_BENFORD
24,025,03,03,000013,9,9,RELLENO_NACIONAL_BENFORD
24,025,05,01,000011,95,9,RELLENO_NACIONAL_BENFORD
24,025,06,01,000012,86,8,RELLENO_NACIONAL_BENFORD
24,025,09,02,000006,92,9,RELLENO_NACIONAL_BENFORD
24,025,12,02,000013,88,8,RELLENO_NACIONAL_BENFORD
48,006,00,00,000013,93,9,RELLENO_NACIONAL_BENFORD
48,007,01,02,000005,84,8,RELLENO_NACIONAL_BENFORD
48,008,99,03,000003,81,8,RELLENO_NACIONAL_BENFORD
48,010,01,01,000001,84,8,RELLENO_NACIONAL_BENFORD
48,010,01,01,000003,82,8,RELLENO_NACIONAL_BENFORD
48,010,01,03,000002,81,8,RELLENO_NACIONAL_BENFORD
48,010,01,04,000008,94,9,RELLENO_NACIONAL_BENFORD
48,010,03,01,000002,91,9,RELLENO_NACIONAL_BENFORD
48,010,03,01,000004,99,9,RELLENO_NACIONAL_BENFORD
48,010,03,01,000008,82,8,RELLENO_NACIONAL_BENFORD
48,010,03,02,000005,83,8,RELLENO_NACIONAL_BENFORD
48,012,00,00,000003,93,9,RELLENO_NACIONAL_BENFORD
03,022,01,01,000003,98,9,RELLENO_NACIONAL_BENFORD
03,022,01,01,000005,98,9,RELLENO_NACIONAL_BENFORD
03,028,02,02,000002,85,8,RELLENO_NACIONAL_BENFORD
03,037,01,02,000001,94,9,RELLENO_NACIONAL_BENFORD
03,037,01,02,000002,96,9,RELLENO_NACIONAL_BENFORD
03,037,02,02,000008,92,9,RELLENO_NACIONAL_BENFORD
03,040,00,00,000033,90,9,RELLENO_NACIONAL_BENFORD
03,040,99,17,000003,90,9,RELLENO_NACIONAL_BENFORD
03,043,02,01,000013,85,8,RELLENO_NACIONAL_BENFORD
03,043,02,03,000010,9,9,RELLENO_NACIONAL_BENFORD
03,046,01,01,000010,82,8,RELLENO_NACIONAL_BENFORD
15,247,02,04,000005,89,8,RELLENO_NACIONAL_BENFORD
15,247,02,10,000023,85,8,RELLENO_NACIONAL_BENFORD
15,247,03,05,000022,82,8,RELLENO_NACIONAL_BENFORD
15,247,04,04,000005,89,8,RELLENO_NACIONAL_BENFORD
15,247,05,02,000012,98,9,RELLENO_NACIONAL_BENFORD
15,259,99,03,000001,89,8,RELLENO_NACIONAL_BENFORD
24,054,00,00,000028,90,9,RELLENO_NACIONAL_BENFORD
24,062,00,02,000010,84,8,RELLENO_NACIONAL_BENFORD
24,070,99,50,000006,9,9,RELLENO_NACIONAL_BENFORD
24,078,00,01,000019,86,8,RELLENO_NACIONAL_BENFORD
24,086,02,03,000005,92,9,RELLENO_NACIONAL_BENFORD
24,086,99,15,000005,8,8,RELLENO_NACIONAL_BENFORD
25,001,02,02,000022,88,8,RELLENO_NACIONAL_BENFORD
48,013,99,19,000002,88,8,RELLENO_NACIONAL_BENFORD
48,016,02,02,000018,93,9,RELLENO_NACIONAL_BENFORD
48,020,01,01,000008,81,8,RELLENO_NACIONAL_BENFORD
48,020,01,01,000009,82,8,RELLENO_NACIONAL_BENFORD
48,020,02,01,000005,84,8,RELLENO_NACIONAL_BENFORD
48,020,02,02,000004,89,8,RELLENO_NACIONAL_BENFORD
48,020,02,02,000009,81,8,RELLENO_NACIONAL_BENFORD
52,001,02,02,000013,80,8,RELLENO_NACIONAL_BENFORD
03,046,01,03,000008,95,9,RELLENO_NACIONAL_BENFORD
03,046,02,03,000004,84,8,RELLENO_NACIONAL_BENFORD
03,046,02,03,000005,81,8,RELLENO_NACIONAL_BENFORD
03,046,99,01,000008,97,9,RELLENO_NACIONAL_BENFORD
03,047,00,00,000025,97,9,RELLENO_NACIONAL_BENFORD
03,052,01,02,000005,85,8,RELLENO_NACIONAL_BENFORD
03,052,01,02,000009,88,8,RELLENO_NACIONAL_BENFORD
03,052,01,03,000005,83,8,RELLENO_NACIONAL_BENFORD
03,052,03,02,000009,91,9,RELLENO_NACIONAL_BENFORD
03,052,03,02,000012,99,9,RELLENO_NACIONAL_BENFORD
03,052,03,04,000002,86,8,RELLENO_NACIONAL_BENFORD
03,052,03,05,000005,92,9,RELLENO_NACIONAL_BENFORD
03,052,04,03,000007,82,8,RELLENO_NACIONAL_BENFORD
03,052,04,03,000016,86,8,RELLENO_NACIONAL_BENFORD
03,052,05,04,000003,84,8,RELLENO_NACIONAL_BENFORD
03,052,06,02,000011,95,9,RELLENO_NACIONAL_BENFORD
03,052,07,01,000005,90,9,RELLENO_NACIONAL_BENFORD
15,271,00,02,000010,95,9,RELLENO_NACIONAL_BENFORD
15,280,99,10,000004,85,8,RELLENO_NACIONAL_BENFORD
15,289,00,02,000007,87,8,RELLENO_NACIONAL_BENFORD
15,292,02,03,000007,88,8,RELLENO_NACIONAL_BENFORD
15,318,00,00,000007,98,9,RELLENO_NACIONAL_BENFORD
15,340,01,05,000017,88,8,RELLENO_NACIONAL_BENFORD
25,001,04,02,000026,98,9,RELLENO_NACIONAL_BENFORD
25,001,06,04,000004,97,9,RELLENO_NACIONAL_BENFORD
25,001,06,08,000007,97,9,RELLENO_NACIONAL_BENFORD
52,001,04,02,000009,94,9,RELLENO_NACIONAL_BENFORD
52,001,05,02,000017,91,9,RELLENO_NACIONAL_BENFORD
52,001,06,02,000025,91,9,RELLENO_NACIONAL_BENFORD
52,001,06,03,000016,90,9,RELLENO_NACIONAL_BENFORD
52,001,06,03,000018,92,9,RELLENO_NACIONAL_BENFORD
52,001,10,02,000024,98,9,RELLENO_NACIONAL_BENFORD
52,001,15,02,000009,92,9,RELLENO_NACIONAL_BENFORD
52,001,16,03,000020,95,9,RELLENO_NACIONAL_BENFORD
52,001,16,03,000022,98,9,RELLENO_NACIONAL_BENFORD
52,001,17,02,000013,99,9,RELLENO_NACIONAL_BENFORD
52,001,18,01,000021,94,9,RELLENO_NACIONAL_BENFORD
52,001,99,71,000011,87,8,RELLENO_NACIONAL_BENFORD
03,052,09,02,000011,92,9,RELLENO_NACIONAL_BENFORD
03,052,09,03,000004,92,9,RELLENO_NACIONAL_BENFORD
03,052,09,04,000011,89,8,RELLENO_NACIONAL_BENFORD
03,052,12,01,000007,87,8,RELLENO_NACIONAL_BENFORD
03,052,12,01,000012,87,8,RELLENO_NACIONAL_BENFORD
03,052,13,02,000004,90,9,RELLENO_NACIONAL_BENFORD
03,055,00,00,000027,97,9,RELLENO_NACIONAL_BENFORD
03,058,00,00,000011,85,8,RELLENO_NACIONAL_BENFORD
15,340,99,02,000008,92,9,RELLENO_NACIONAL_BENFORD
16,001,01,01,000042,84,8,RELLENO_NACIONAL_BENFORD
16,001,01,01,000050,81,8,RELLENO_NACIONAL_BENFORD
16,001,01,04,000035,82,8,RELLENO_NACIONAL_BENFORD
16,001,01,08,000047,92,9,RELLENO_NACIONAL_BENFORD
16,001,01,29,000013,87,8,RELLENO_NACIONAL_BENFORD
16,001,01,32,000013,90,9,RELLENO_NACIONAL_BENFORD
25,001,07,07,000015,82,8,RELLENO_NACIONAL_BENFORD
25,001,90,01,000001,85,8,RELLENO_NACIONAL_BENFORD
25,022,00,00,000001,96,9,RELLENO_NACIONAL_BENFORD
52,035,01,01,000017,82,8,RELLENO_NACIONAL_BENFORD
52,035,01,04,000011,89,8,RELLENO_NACIONAL_BENFORD
52,035,01,04,000020,88,8,RELLENO_NACIONAL_BENFORD
52,035,01,05,000004,97,9,RELLENO_NACIONAL_BENFORD
52,041,00,00,000022,90,9,RELLENO_NACIONAL_BENFORD
52,043,01,02,000024,97,9,RELLENO_NACIONAL_BENFORD
52,043,02,01,000014,92,9,RELLENO_NACIONAL_BENFORD
52,043,02,02,000021,89,8,RELLENO_NACIONAL_BENFORD
01,154,00,00,000009,97,9,RELLENO_NACIONAL_BENFORD
31,001,24,02,000001,87,8,RELLENO_NACIONAL_BENFORD
31,001,24,03,000005,92,9,RELLENO_NACIONAL_BENFORD
31,001,24,04,000009,82,8,RELLENO_NACIONAL_BENFORD
31,001,24,05,000005,84,8,RELLENO_NACIONAL_BENFORD
31,001,24,05,000006,95,9,RELLENO_NACIONAL_BENFORD
31,001,25,04,000055,84,8,RELLENO_NACIONAL_BENFORD
31,001,25,04,000057,85,8,RELLENO_NACIONAL_BENFORD
31,001,26,01,000024,96,9,RELLENO_NACIONAL_BENFORD
31,001,28,01,000005,87,8,RELLENO_NACIONAL_BENFORD
31,001,28,04,000005,90,9,RELLENO_NACIONAL_BENFORD
12,001,99,32,000002,9,9,RELLENO_NACIONAL_BENFORD
12,001,99,95,000002,93,9,RELLENO_NACIONAL_BENFORD
12,075,01,06,000004,9,9,RELLENO_NACIONAL_BENFORD
12,150,01,02,000007,81,8,RELLENO_NACIONAL_BENFORD
12,150,02,01,000031,84,8,RELLENO_NACIONAL_BENFORD
12,200,01,01,000005,93,9,RELLENO_NACIONAL_BENFORD
12,225,01,02,000012,80,8,RELLENO_NACIONAL_BENFORD
19,082,99,01,000004,81,8,RELLENO_NACIONAL_BENFORD
19,085,00,00,000019,85,8,RELLENO_NACIONAL_BENFORD
21,001,01,02,000011,80,8,RELLENO_NACIONAL_BENFORD
21,001,02,02,000013,8,8,RELLENO_NACIONAL_BENFORD
21,001,02,04,000006,84,8,RELLENO_NACIONAL_BENFORD
26,001,08,03,000019,85,8,RELLENO_NACIONAL_BENFORD
88,190,05,82,000001,87,8,RELLENO_NACIONAL_BENFORD
88,220,35,02,000001,81,8,RELLENO_NACIONAL_BENFORD
88,250,03,02,000006,80,8,RELLENO_NACIONAL_BENFORD
88,250,20,02,000011,8,8,RELLENO_NACIONAL_BENFORD
88,305,05,02,000002,81,8,RELLENO_NACIONAL_BENFORD
88,305,05,02,000012,90,9,RELLENO_NACIONAL_BENFORD
88,330,05,02,000006,86,8,RELLENO_NACIONAL_BENFORD
88,335,05,84,000001,9,9,RELLENO_NACIONAL_BENFORD
88,335,05,85,000001,9,9,RELLENO_NACIONAL_BENFORD
27,001,16,02,000005,95,9,RELLENO_NACIONAL_BENFORD
27,001,17,01,000021,94,9,RELLENO_NACIONAL_BENFORD
27,013,02,03,000001,96,9,RELLENO_NACIONAL_BENFORD
16,001,07,12,000012,95,9,RELLENO_NACIONAL_BENFORD
16,001,07,19,000018,93,9,RELLENO_NACIONAL_BENFORD
16,001,07,23,000009,95,9,RELLENO_NACIONAL_BENFORD
16,001,07,24,000010,9,9,RELLENO_NACIONAL_BENFORD
16,001,07,25,000006,95,9,RELLENO_NACIONAL_BENFORD
16,001,07,31,000004,97,9,RELLENO_NACIONAL_BENFORD
16,001,07,42,000011,88,8,RELLENO_NACIONAL_BENFORD
26,001,10,02,000031,83,8,RELLENO_NACIONAL_BENFORD
26,001,10,04,000017,94,9,RELLENO_NACIONAL_BENFORD
26,010,01,03,000016,91,9,RELLENO_NACIONAL_BENFORD
26,010,02,01,000023,98,9,RELLENO_NACIONAL_BENFORD
26,010,02,03,000019,81,8,RELLENO_NACIONAL_BENFORD
26,030,00,00,000025,84,8,RELLENO_NACIONAL_BENFORD
26,030,00,00,000027,82,8,RELLENO_NACIONAL_BENFORD
26,050,02,01,000020,83,8,RELLENO_NACIONAL_BENFORD
26,060,01,01,000010,93,9,RELLENO_NACIONAL_BENFORD
26,060,01,02,000009,84,8,RELLENO_NACIONAL_BENFORD
26,060,02,01,000007,93,9,RELLENO_NACIONAL_BENFORD
26,080,02,03,000003,80,8,RELLENO_NACIONAL_BENFORD
27,001,01,02,000014,97,9,RELLENO_NACIONAL_BENFORD
27,001,01,02,000024,95,9,RELLENO_NACIONAL_BENFORD
88,355,04,85,000003,98,9,RELLENO_NACIONAL_BENFORD
88,355,05,02,000021,80,8,RELLENO_NACIONAL_BENFORD
88,355,05,04,000004,99,9,RELLENO_NACIONAL_BENFORD
88,355,05,04,000006,94,9,RELLENO_NACIONAL_BENFORD
88,355,05,82,000008,99,9,RELLENO_NACIONAL_BENFORD
88,355,50,02,000024,8,8,RELLENO_NACIONAL_BENFORD
88,355,60,02,000016,9,9,RELLENO_NACIONAL_BENFORD
88,360,01,81,000005,91,9,RELLENO_NACIONAL_BENFORD
88,360,10,02,000003,87,8,RELLENO_NACIONAL_BENFORD
27,001,01,03,000027,83,8,RELLENO_NACIONAL_BENFORD
27,001,01,03,000028,92,9,RELLENO_NACIONAL_BENFORD
27,001,01,04,000019,86,8,RELLENO_NACIONAL_BENFORD
27,001,01,06,000013,88,8,RELLENO_NACIONAL_BENFORD
27,001,02,01,000017,82,8,RELLENO_NACIONAL_BENFORD
27,001,02,03,000005,93,9,RELLENO_NACIONAL_BENFORD
27,001,03,03,000012,98,9,RELLENO_NACIONAL_BENFORD
27,001,03,03,000036,95,9,RELLENO_NACIONAL_BENFORD
27,001,04,03,000020,88,8,RELLENO_NACIONAL_BENFORD
27,001,04,03,000021,99,9,RELLENO_NACIONAL_BENFORD
27,001,05,01,000028,86,8,RELLENO_NACIONAL_BENFORD
27,001,05,02,000012,86,8,RELLENO_NACIONAL_BENFORD
27,001,05,03,000008,84,8,RELLENO_NACIONAL_BENFORD
27,001,06,03,000015,87,8,RELLENO_NACIONAL_BENFORD
27,001,07,04,000004,90,9,RELLENO_NACIONAL_BENFORD
27,001,09,01,000010,94,9,RELLENO_NACIONAL_BENFORD
27,001,09,01,000014,98,9,RELLENO_NACIONAL_BENFORD
27,001,09,02,000010,83,8,RELLENO_NACIONAL_BENFORD
27,001,09,03,000010,88,8,RELLENO_NACIONAL_BENFORD
27,001,10,03,000006,90,9,RELLENO_NACIONAL_BENFORD
27,001,11,01,000009,84,8,RELLENO_NACIONAL_BENFORD
27,001,11,01,000023,8,8,RELLENO_NACIONAL_BENFORD
88,360,30,81,000005,82,8,RELLENO_NACIONAL_BENFORD
88,360,40,02,000019,81,8,RELLENO_NACIONAL_BENFORD
88,360,40,02,000021,85,8,RELLENO_NACIONAL_BENFORD
88,360,59,02,000025,89,8,RELLENO_NACIONAL_BENFORD
88,360,59,02,000041,9,9,RELLENO_NACIONAL_BENFORD
88,360,60,82,000002,94,9,RELLENO_NACIONAL_BENFORD
88,375,05,82,000001,9,9,RELLENO_NACIONAL_BENFORD
03,001,26,01,000030,87,8,RELLENO_NACIONAL_BENFORD
15,094,01,06,000018,88,8,RELLENO_NACIONAL_BENFORD
15,094,01,07,000011,87,8,RELLENO_NACIONAL_BENFORD
15,094,01,08,000006,8,8,RELLENO_NACIONAL_BENFORD
15,094,02,02,000008,89,8,RELLENO_NACIONAL_BENFORD
15,094,02,05,000002,89,8,RELLENO_NACIONAL_BENFORD
15,094,99,30,000012,81,8,RELLENO_NACIONAL_BENFORD
15,109,01,01,000017,91,9,RELLENO_NACIONAL_BENFORD
15,109,01,03,000010,90,9,RELLENO_NACIONAL_BENFORD
15,109,02,03,000011,88,8,RELLENO_NACIONAL_BENFORD
21,040,99,11,000001,83,8,RELLENO_NACIONAL_BENFORD
21,042,00,00,000014,93,9,RELLENO_NACIONAL_BENFORD
21,049,99,29,000001,82,8,RELLENO_NACIONAL_BENFORD
21,049,99,75,000006,95,9,RELLENO_NACIONAL_BENFORD
21,052,02,01,000006,85,8,RELLENO_NACIONAL_BENFORD
21,052,02,01,000009,82,8,RELLENO_NACIONAL_BENFORD
21,060,99,33,000002,92,9,RELLENO_NACIONAL_BENFORD
21,070,00,00,000015,80,8,RELLENO_NACIONAL_BENFORD
21,070,99,15,000002,8,8,RELLENO_NACIONAL_BENFORD
21,085,99,17,000002,98,9,RELLENO_NACIONAL_BENFORD
23,001,02,02,000002,92,9,RELLENO_NACIONAL_BENFORD
23,001,03,01,000002,97,9,RELLENO_NACIONAL_BENFORD
23,001,04,06,000001,88,8,RELLENO_NACIONAL_BENFORD
23,001,05,03,000003,88,8,RELLENO_NACIONAL_BENFORD
23,001,06,01,000009,95,9,RELLENO_NACIONAL_BENFORD
23,001,90,01,000001,96,9,RELLENO_NACIONAL_BENFORD
23,001,99,02,000001,85,8,RELLENO_NACIONAL_BENFORD
23,001,99,29,000001,88,8,RELLENO_NACIONAL_BENFORD
23,019,00,01,000015,91,9,RELLENO_NACIONAL_BENFORD
23,044,99,20,000001,88,8,RELLENO_NACIONAL_BENFORD
23,044,99,20,000003,81,8,RELLENO_NACIONAL_BENFORD
23,067,01,04,000007,86,8,RELLENO_NACIONAL_BENFORD
23,067,01,07,000011,83,8,RELLENO_NACIONAL_BENFORD
23,067,02,05,000002,99,9,RELLENO_NACIONAL_BENFORD
23,076,00,00,000003,93,9,RELLENO_NACIONAL_BENFORD
23,118,00,00,000013,87,8,RELLENO_NACIONAL_BENFORD
23,118,00,00,000014,85,8,RELLENO_NACIONAL_BENFORD
23,118,00,00,000015,89,8,RELLENO_NACIONAL_BENFORD
23,118,00,00,000017,90,9,RELLENO_NACIONAL_BENFORD
23,121,00,00,000004,92,9,RELLENO_NACIONAL_BENFORD
23,139,99,R4,000003,8,8,RELLENO_NACIONAL_BENFORD
46,001,02,02,000017,89,8,RELLENO_NACIONAL_BENFORD
03,001,30,03,000022,86,8,RELLENO_NACIONAL_BENFORD
03,001,31,03,000001,96,9,RELLENO_NACIONAL_BENFORD
03,001,31,05,000026,91,9,RELLENO_NACIONAL_BENFORD
31,079,01,03,000001,96,9,RELLENO_NACIONAL_BENFORD
31,079,01,03,000002,84,8,RELLENO_NACIONAL_BENFORD
31,079,01,03,000003,94,9,RELLENO_NACIONAL_BENFORD
31,079,03,07,000011,97,9,RELLENO_NACIONAL_BENFORD
31,079,04,01,000001,85,8,RELLENO_NACIONAL_BENFORD
31,079,06,01,000003,84,8,RELLENO_NACIONAL_BENFORD
31,079,07,01,000001,81,8,RELLENO_NACIONAL_BENFORD
31,079,07,03,000006,84,8,RELLENO_NACIONAL_BENFORD
31,079,99,07,000003,80,8,RELLENO_NACIONAL_BENFORD
31,082,01,02,000006,80,8,RELLENO_NACIONAL_BENFORD
31,085,99,17,000001,90,9,RELLENO_NACIONAL_BENFORD
31,091,01,03,000003,95,9,RELLENO_NACIONAL_BENFORD
31,106,04,01,000013,93,9,RELLENO_NACIONAL_BENFORD
31,106,06,01,000003,81,8,RELLENO_NACIONAL_BENFORD
31,106,06,02,000018,97,9,RELLENO_NACIONAL_BENFORD
31,121,02,03,000002,85,8,RELLENO_NACIONAL_BENFORD
31,121,02,05,000003,97,9,RELLENO_NACIONAL_BENFORD
31,124,99,05,000002,92,9,RELLENO_NACIONAL_BENFORD
40,025,02,01,000009,83,8,RELLENO_NACIONAL_BENFORD
40,025,02,02,000008,91,9,RELLENO_NACIONAL_BENFORD
44,001,02,03,000022,81,8,RELLENO_NACIONAL_BENFORD
44,001,03,01,000005,83,8,RELLENO_NACIONAL_BENFORD
44,001,03,03,000018,94,9,RELLENO_NACIONAL_BENFORD
44,001,04,03,000005,89,8,RELLENO_NACIONAL_BENFORD
44,001,04,05,000012,91,9,RELLENO_NACIONAL_BENFORD
44,001,99,90,000002,86,8,RELLENO_NACIONAL_BENFORD
44,006,00,00,000028,94,9,RELLENO_NACIONAL_BENFORD
44,007,00,00,000014,85,8,RELLENO_NACIONAL_BENFORD
44,020,00,02,000006,97,9,RELLENO_NACIONAL_BENFORD
01,218,03,01,000011,91,9,RELLENO_NACIONAL_BENFORD
01,232,99,04,000002,92,9,RELLENO_NACIONAL_BENFORD
01,232,99,15,000004,81,8,RELLENO_NACIONAL_BENFORD
01,250,02,01,000020,94,9,RELLENO_NACIONAL_BENFORD
01,262,99,15,000001,84,8,RELLENO_NACIONAL_BENFORD
01,268,00,00,000023,84,8,RELLENO_NACIONAL_BENFORD
01,290,00,01,000017,97,9,RELLENO_NACIONAL_BENFORD
01,295,01,02,000012,84,8,RELLENO_NACIONAL_BENFORD
03,001,01,03,000009,80,8,RELLENO_NACIONAL_BENFORD
03,001,02,01,000023,83,8,RELLENO_NACIONAL_BENFORD
03,001,02,02,000004,83,8,RELLENO_NACIONAL_BENFORD
03,001,03,01,000006,88,8,RELLENO_NACIONAL_BENFORD
03,001,03,03,000013,83,8,RELLENO_NACIONAL_BENFORD
03,001,04,04,000003,99,9,RELLENO_NACIONAL_BENFORD
03,001,06,02,000001,97,9,RELLENO_NACIONAL_BENFORD
03,001,06,02,000003,97,9,RELLENO_NACIONAL_BENFORD
03,001,08,01,000003,88,8,RELLENO_NACIONAL_BENFORD
03,001,09,03,000009,89,8,RELLENO_NACIONAL_BENFORD
03,001,11,02,000005,85,8,RELLENO_NACIONAL_BENFORD
03,001,16,01,000015,99,9,RELLENO_NACIONAL_BENFORD
03,001,16,01,000027,81,8,RELLENO_NACIONAL_BENFORD
03,001,16,03,000016,86,8,RELLENO_NACIONAL_BENFORD
03,001,17,04,000001,81,8,RELLENO_NACIONAL_BENFORD
03,001,18,03,000003,88,8,RELLENO_NACIONAL_BENFORD
03,001,19,02,000013,89,8,RELLENO_NACIONAL_BENFORD
03,001,19,02,000014,82,8,RELLENO_NACIONAL_BENFORD
03,001,20,01,000019,98,9,RELLENO_NACIONAL_BENFORD
03,001,20,03,000010,94,9,RELLENO_NACIONAL_BENFORD
03,001,20,04,000014,86,8,RELLENO_NACIONAL_BENFORD
03,001,21,01,000005,96,9,RELLENO_NACIONAL_BENFORD
25,100,01,06,000008,99,9,RELLENO_NACIONAL_BENFORD
25,100,01,08,000001,85,8,RELLENO_NACIONAL_BENFORD
25,100,01,08,000028,90,9,RELLENO_NACIONAL_BENFORD
25,100,01,08,000032,98,9,RELLENO_NACIONAL_BENFORD
26,001,03,03,000024,84,8,RELLENO_NACIONAL_BENFORD
26,001,06,03,000026,80,8,RELLENO_NACIONAL_BENFORD
88,165,10,86,000006,89,8,RELLENO_NACIONAL_BENFORD
88,190,05,84,000001,91,9,RELLENO_NACIONAL_BENFORD
88,220,05,02,000002,9,9,RELLENO_NACIONAL_BENFORD
88,250,03,02,000014,80,8,RELLENO_NACIONAL_BENFORD
88,250,03,82,000006,93,9,RELLENO_NACIONAL_BENFORD
88,285,05,02,000001,86,8,RELLENO_NACIONAL_BENFORD
88,305,05,02,000006,83,8,RELLENO_NACIONAL_BENFORD
88,305,05,02,000013,82,8,RELLENO_NACIONAL_BENFORD
88,305,05,02,000047,81,8,RELLENO_NACIONAL_BENFORD
88,315,05,02,000001,9,9,RELLENO_NACIONAL_BENFORD
88,330,05,02,000001,87,8,RELLENO_NACIONAL_BENFORD
88,330,40,81,000001,9,9,RELLENO_NACIONAL_BENFORD
27,001,12,01,000028,98,9,RELLENO_NACIONAL_BENFORD
27,001,12,01,000041,97,9,RELLENO_NACIONAL_BENFORD
27,001,12,03,000003,80,8,RELLENO_NACIONAL_BENFORD
16,001,07,16,000004,80,8,RELLENO_NACIONAL_BENFORD
16,001,07,29,000010,91,9,RELLENO_NACIONAL_BENFORD
26,001,09,01,000014,80,8,RELLENO_NACIONAL_BENFORD
26,001,09,03,000014,86,8,RELLENO_NACIONAL_BENFORD
26,001,09,03,000018,99,9,RELLENO_NACIONAL_BENFORD
26,001,09,04,000017,91,9,RELLENO_NACIONAL_BENFORD
26,001,09,05,000024,94,9,RELLENO_NACIONAL_BENFORD
26,001,09,06,000004,85,8,RELLENO_NACIONAL_BENFORD
26,001,10,02,000048,98,9,RELLENO_NACIONAL_BENFORD
26,001,10,03,000009,88,8,RELLENO_NACIONAL_BENFORD
26,010,01,03,000015,96,9,RELLENO_NACIONAL_BENFORD
26,020,02,01,000014,91,9,RELLENO_NACIONAL_BENFORD
26,020,02,02,000006,82,8,RELLENO_NACIONAL_BENFORD
26,020,02,02,000012,96,9,RELLENO_NACIONAL_BENFORD
26,040,00,00,000015,95,9,RELLENO_NACIONAL_BENFORD
26,050,02,02,000006,82,8,RELLENO_NACIONAL_BENFORD
26,060,01,04,000005,82,8,RELLENO_NACIONAL_BENFORD
26,060,02,01,000008,91,9,RELLENO_NACIONAL_BENFORD
26,080,01,01,000012,89,8,RELLENO_NACIONAL_BENFORD
26,080,02,02,000010,89,8,RELLENO_NACIONAL_BENFORD
26,090,00,00,000011,97,9,RELLENO_NACIONAL_BENFORD
88,355,04,02,000015,8,8,RELLENO_NACIONAL_BENFORD
88,355,04,02,000031,9,9,RELLENO_NACIONAL_BENFORD
88,355,05,02,000018,80,8,RELLENO_NACIONAL_BENFORD
88,355,05,02,000154,9,9,RELLENO_NACIONAL_BENFORD
88,355,05,02,000155,8,8,RELLENO_NACIONAL_BENFORD
88,355,05,06,000007,83,8,RELLENO_NACIONAL_BENFORD
88,355,65,02,000044,9,9,RELLENO_NACIONAL_BENFORD
88,355,65,02,000047,8,8,RELLENO_NACIONAL_BENFORD
88,355,65,06,000009,95,9,RELLENO_NACIONAL_BENFORD
88,360,01,86,000008,93,9,RELLENO_NACIONAL_BENFORD
88,360,10,02,000008,96,9,RELLENO_NACIONAL_BENFORD
88,360,15,02,000005,82,8,RELLENO_NACIONAL_BENFORD
27,001,01,03,000019,93,9,RELLENO_NACIONAL_BENFORD
27,001,01,04,000015,88,8,RELLENO_NACIONAL_BENFORD
27,001,01,04,000016,91,9,RELLENO_NACIONAL_BENFORD
27,001,01,04,000025,93,9,RELLENO_NACIONAL_BENFORD
27,001,03,02,000034,97,9,RELLENO_NACIONAL_BENFORD
27,001,03,03,000001,83,8,RELLENO_NACIONAL_BENFORD
27,001,03,03,000038,95,9,RELLENO_NACIONAL_BENFORD
27,001,04,03,000004,93,9,RELLENO_NACIONAL_BENFORD
27,001,05,01,000037,98,9,RELLENO_NACIONAL_BENFORD
27,001,06,03,000010,95,9,RELLENO_NACIONAL_BENFORD
27,001,06,03,000020,80,8,RELLENO_NACIONAL_BENFORD
27,001,07,03,000014,98,9,RELLENO_NACIONAL_BENFORD
27,001,08,02,000017,83,8,RELLENO_NACIONAL_BENFORD
27,001,09,02,000007,88,8,RELLENO_NACIONAL_BENFORD
88,360,40,02,000026,81,8,RELLENO_NACIONAL_BENFORD
88,360,55,02,000039,8,8,RELLENO_NACIONAL_BENFORD
88,370,05,85,000001,8,8,RELLENO_NACIONAL_BENFORD
88,380,05,02,000026,9,9,RELLENO_NACIONAL_BENFORD
48,010,02,02,000016,90,9,RELLENO_NACIONAL_BENFORD
03,043,01,02,000009,86,8,RELLENO_NACIONAL_BENFORD
50,001,01,02,000003,84,8,RELLENO_NACIONAL_BENFORD
03,052,05,02,000014,81,8,RELLENO_NACIONAL_BENFORD
15,334,99,05,000002,86,8,RELLENO_NACIONAL_BENFORD
03,052,08,03,000002,84,8,RELLENO_NACIONAL_BENFORD
03,052,10,04,000017,84,8,RELLENO_NACIONAL_BENFORD
31,001,23,07,000003,92,9,RELLENO_NACIONAL_BENFORD
31,001,24,02,000008,83,8,RELLENO_NACIONAL_BENFORD
31,001,24,06,000036,83,8,RELLENO_NACIONAL_BENFORD
31,001,27,02,000023,86,8,RELLENO_NACIONAL_BENFORD
31,001,29,03,000013,82,8,RELLENO_NACIONAL_BENFORD
21,001,03,01,000005,89,8,RELLENO_NACIONAL_BENFORD
21,001,03,01,000022,95,9,RELLENO_NACIONAL_BENFORD
21,001,03,03,000006,94,9,RELLENO_NACIONAL_BENFORD
21,001,04,01,000004,94,9,RELLENO_NACIONAL_BENFORD
21,001,01,01,000004,95,9,RELLENO_NACIONAL_BENFORD
21,001,01,03,000013,91,9,RELLENO_NACIONAL_BENFORD
21,001,01,03,000016,85,8,RELLENO_NACIONAL_BENFORD
21,001,02,01,000005,95,9,RELLENO_NACIONAL_BENFORD
21,001,02,03,000012,94,9,RELLENO_NACIONAL_BENFORD
21,001,04,04,000003,86,8,RELLENO_NACIONAL_BENFORD
21,001,05,01,000010,89,8,RELLENO_NACIONAL_BENFORD
21,001,05,02,000003,93,9,RELLENO_NACIONAL_BENFORD
21,001,05,02,000017,85,8,RELLENO_NACIONAL_BENFORD
21,001,05,03,000009,86,8,RELLENO_NACIONAL_BENFORD
01,166,02,01,000012,95,9,RELLENO_NACIONAL_BENFORD
01,166,02,02,000018,98,9,RELLENO_NACIONAL_BENFORD
01,168,00,00,000010,99,9,RELLENO_NACIONAL_BENFORD
01,169,99,01,000003,9,9,RELLENO_NACIONAL_BENFORD
01,178,02,01,000024,95,9,RELLENO_NACIONAL_BENFORD
31,001,30,05,000013,99,9,RELLENO_NACIONAL_BENFORD
31,001,30,05,000014,88,8,RELLENO_NACIONAL_BENFORD
31,001,31,04,000006,85,8,RELLENO_NACIONAL_BENFORD
31,001,31,04,000008,87,8,RELLENO_NACIONAL_BENFORD
31,001,32,02,000001,82,8,RELLENO_NACIONAL_BENFORD
31,001,90,01,000012,85,8,RELLENO_NACIONAL_BENFORD
31,001,99,21,000001,84,8,RELLENO_NACIONAL_BENFORD
31,001,99,53,000005,86,8,RELLENO_NACIONAL_BENFORD
31,004,00,00,000024,89,8,RELLENO_NACIONAL_BENFORD
31,004,00,00,000025,88,8,RELLENO_NACIONAL_BENFORD
31,004,00,00,000027,80,8,RELLENO_NACIONAL_BENFORD
31,007,00,00,000004,92,9,RELLENO_NACIONAL_BENFORD
31,007,00,00,000023,87,8,RELLENO_NACIONAL_BENFORD
31,010,00,00,000027,96,9,RELLENO_NACIONAL_BENFORD
31,016,99,25,000005,87,8,RELLENO_NACIONAL_BENFORD
12,375,00,00,000021,94,9,RELLENO_NACIONAL_BENFORD
12,375,99,80,000003,87,8,RELLENO_NACIONAL_BENFORD
12,415,99,12,000012,84,8,RELLENO_NACIONAL_BENFORD
12,600,00,00,000014,99,9,RELLENO_NACIONAL_BENFORD
12,608,01,01,000010,94,9,RELLENO_NACIONAL_BENFORD
12,608,02,01,000003,81,8,RELLENO_NACIONAL_BENFORD
12,608,02,01,000017,81,8,RELLENO_NACIONAL_BENFORD
12,608,99,10,000005,90,9,RELLENO_NACIONAL_BENFORD
12,625,00,00,000015,90,9,RELLENO_NACIONAL_BENFORD
12,625,00,00,000023,87,8,RELLENO_NACIONAL_BENFORD
12,650,00,00,000027,94,9,RELLENO_NACIONAL_BENFORD
12,720,00,00,000005,81,8,RELLENO_NACIONAL_BENFORD
12,720,00,00,000034,98,9,RELLENO_NACIONAL_BENFORD
12,720,99,80,000002,9,9,RELLENO_NACIONAL_BENFORD
12,750,00,00,000034,8,8,RELLENO_NACIONAL_BENFORD
21,001,05,05,000023,88,8,RELLENO_NACIONAL_BENFORD
21,001,05,07,000006,94,9,RELLENO_NACIONAL_BENFORD
21,001,06,01,000003,91,9,RELLENO_NACIONAL_BENFORD
21,001,06,01,000014,83,8,RELLENO_NACIONAL_BENFORD
21,001,06,01,000019,93,9,RELLENO_NACIONAL_BENFORD
21,001,06,01,000021,93,9,RELLENO_NACIONAL_BENFORD
21,001,06,02,000003,86,8,RELLENO_NACIONAL_BENFORD
21,001,06,05,000001,87,8,RELLENO_NACIONAL_BENFORD
21,001,06,07,000015,85,8,RELLENO_NACIONAL_BENFORD
21,001,07,02,000010,95,9,RELLENO_NACIONAL_BENFORD
21,001,08,02,000014,85,8,RELLENO_NACIONAL_BENFORD
21,001,08,02,000017,80,8,RELLENO_NACIONAL_BENFORD
21,001,08,03,000015,81,8,RELLENO_NACIONAL_BENFORD
21,001,08,04,000004,99,9,RELLENO_NACIONAL_BENFORD
21,001,99,02,000001,84,8,RELLENO_NACIONAL_BENFORD
21,010,01,01,000018,8,8,RELLENO_NACIONAL_BENFORD
21,010,02,01,000003,85,8,RELLENO_NACIONAL_BENFORD
01,191,00,01,000043,8,8,RELLENO_NACIONAL_BENFORD
01,191,00,02,000002,94,9,RELLENO_NACIONAL_BENFORD
01,192,00,01,000030,84,8,RELLENO_NACIONAL_BENFORD
01,205,02,01,000020,89,8,RELLENO_NACIONAL_BENFORD
01,205,99,09,000001,91,9,RELLENO_NACIONAL_BENFORD
01,206,98,01,000001,8,8,RELLENO_NACIONAL_BENFORD
31,019,02,01,000020,8,8,RELLENO_NACIONAL_BENFORD
31,019,05,01,000037,9,9,RELLENO_NACIONAL_BENFORD
31,019,06,02,000010,9,9,RELLENO_NACIONAL_BENFORD
31,022,03,02,000008,89,8,RELLENO_NACIONAL_BENFORD
31,022,05,03,000001,83,8,RELLENO_NACIONAL_BENFORD
31,028,01,03,000006,94,9,RELLENO_NACIONAL_BENFORD
12,800,00,00,000026,86,8,RELLENO_NACIONAL_BENFORD
12,825,00,00,000028,81,8,RELLENO_NACIONAL_BENFORD
12,850,00,00,000028,84,8,RELLENO_NACIONAL_BENFORD
12,850,99,10,000001,87,8,RELLENO_NACIONAL_BENFORD
12,850,99,23,000002,8,8,RELLENO_NACIONAL_BENFORD
52,047,99,40,000002,85,8,RELLENO_NACIONAL_BENFORD
05,001,04,01,000010,85,8,RELLENO_NACIONAL_BENFORD
05,001,04,01,000012,88,8,RELLENO_NACIONAL_BENFORD
05,001,05,03,000003,90,9,RELLENO_NACIONAL_BENFORD
05,001,06,01,000002,88,8,RELLENO_NACIONAL_BENFORD
05,001,06,01,000037,86,8,RELLENO_NACIONAL_BENFORD
05,001,06,05,000004,98,9,RELLENO_NACIONAL_BENFORD
05,001,08,02,000016,97,9,RELLENO_NACIONAL_BENFORD
05,001,08,03,000018,98,9,RELLENO_NACIONAL_BENFORD
05,001,10,01,000004,83,8,RELLENO_NACIONAL_BENFORD
05,001,10,03,000004,85,8,RELLENO_NACIONAL_BENFORD
16,001,01,52,000006,87,8,RELLENO_NACIONAL_BENFORD
16,001,02,01,000024,8,8,RELLENO_NACIONAL_BENFORD
16,001,03,08,000002,99,9,RELLENO_NACIONAL_BENFORD
16,001,03,11,000003,85,8,RELLENO_NACIONAL_BENFORD
16,001,03,22,000002,95,9,RELLENO_NACIONAL_BENFORD
16,001,04,01,000003,84,8,RELLENO_NACIONAL_BENFORD
16,001,04,02,000005,97,9,RELLENO_NACIONAL_BENFORD
16,001,04,05,000011,92,9,RELLENO_NACIONAL_BENFORD
25,022,00,00,000006,87,8,RELLENO_NACIONAL_BENFORD
25,054,01,01,000010,90,9,RELLENO_NACIONAL_BENFORD
25,054,01,04,000015,84,8,RELLENO_NACIONAL_BENFORD
25,054,01,05,000013,84,8,RELLENO_NACIONAL_BENFORD
25,054,02,01,000025,96,9,RELLENO_NACIONAL_BENFORD
25,054,02,01,000028,84,8,RELLENO_NACIONAL_BENFORD
52,049,00,00,000004,97,9,RELLENO_NACIONAL_BENFORD
52,080,00,00,000024,95,9,RELLENO_NACIONAL_BENFORD
54,001,01,02,000004,98,9,RELLENO_NACIONAL_BENFORD
54,001,02,02,000003,81,8,RELLENO_NACIONAL_BENFORD
54,001,02,02,000008,94,9,RELLENO_NACIONAL_BENFORD
54,007,00,00,000011,90,9,RELLENO_NACIONAL_BENFORD
54,012,99,08,000002,8,8,RELLENO_NACIONAL_BENFORD
56,001,01,01,000003,90,9,RELLENO_NACIONAL_BENFORD
56,001,02,03,000006,82,8,RELLENO_NACIONAL_BENFORD
56,001,02,03,000017,99,9,RELLENO_NACIONAL_BENFORD
64,001,01,01,000002,93,9,RELLENO_NACIONAL_BENFORD
64,001,01,01,000004,80,8,RELLENO_NACIONAL_BENFORD
64,001,01,01,000011,92,9,RELLENO_NACIONAL_BENFORD
64,001,02,01,000001,85,8,RELLENO_NACIONAL_BENFORD
64,002,01,01,000003,85,8,RELLENO_NACIONAL_BENFORD
64,002,01,03,000004,90,9,RELLENO_NACIONAL_BENFORD
05,001,13,03,000008,86,8,RELLENO_NACIONAL_BENFORD
05,001,13,04,000005,94,9,RELLENO_NACIONAL_BENFORD
05,001,16,01,000004,93,9,RELLENO_NACIONAL_BENFORD
05,001,16,01,000008,86,8,RELLENO_NACIONAL_BENFORD
05,001,16,03,000010,98,9,RELLENO_NACIONAL_BENFORD
05,001,18,01,000007,89,8,RELLENO_NACIONAL_BENFORD
05,001,18,01,000014,98,9,RELLENO_NACIONAL_BENFORD
05,001,18,02,000014,92,9,RELLENO_NACIONAL_BENFORD
05,001,18,04,000031,80,8,RELLENO_NACIONAL_BENFORD
05,001,18,05,000010,93,9,RELLENO_NACIONAL_BENFORD
16,001,04,08,000005,99,9,RELLENO_NACIONAL_BENFORD
16,001,04,10,000002,97,9,RELLENO_NACIONAL_BENFORD
16,001,04,13,000007,83,8,RELLENO_NACIONAL_BENFORD
16,001,04,13,000008,98,9,RELLENO_NACIONAL_BENFORD
16,001,04,16,000007,95,9,RELLENO_NACIONAL_BENFORD
16,001,04,16,000013,95,9,RELLENO_NACIONAL_BENFORD
16,001,04,16,000023,96,9,RELLENO_NACIONAL_BENFORD
16,001,04,19,000005,85,8,RELLENO_NACIONAL_BENFORD
16,001,04,23,000020,8,8,RELLENO_NACIONAL_BENFORD
16,001,04,24,000004,88,8,RELLENO_NACIONAL_BENFORD
16,001,04,34,000003,94,9,RELLENO_NACIONAL_BENFORD
16,001,05,03,000011,87,8,RELLENO_NACIONAL_BENFORD
16,001,05,05,000016,86,8,RELLENO_NACIONAL_BENFORD
16,001,05,06,000004,96,9,RELLENO_NACIONAL_BENFORD
16,001,05,06,000018,94,9,RELLENO_NACIONAL_BENFORD
16,001,05,10,000008,99,9,RELLENO_NACIONAL_BENFORD
16,001,05,11,000003,81,8,RELLENO_NACIONAL_BENFORD
16,001,05,13,000008,97,9,RELLENO_NACIONAL_BENFORD
16,001,05,13,000013,81,8,RELLENO_NACIONAL_BENFORD
16,001,05,14,000007,86,8,RELLENO_NACIONAL_BENFORD
25,064,01,01,000018,94,9,RELLENO_NACIONAL_BENFORD
25,069,01,01,000007,80,8,RELLENO_NACIONAL_BENFORD
25,069,01,02,000002,91,9,RELLENO_NACIONAL_BENFORD
25,070,00,00,000020,96,9,RELLENO_NACIONAL_BENFORD
25,091,99,05,000007,8,8,RELLENO_NACIONAL_BENFORD
64,019,00,00,000003,96,9,RELLENO_NACIONAL_BENFORD
64,030,00,02,000003,89,8,RELLENO_NACIONAL_BENFORD
72,006,99,88,000001,8,8,RELLENO_NACIONAL_BENFORD
16,001,07,70,000022,93,9,RELLENO_NACIONAL_BENFORD
16,001,08,10,000023,82,8,RELLENO_NACIONAL_BENFORD
16,001,08,15,000021,91,9,RELLENO_NACIONAL_BENFORD
16,001,08,28,000010,98,9,RELLENO_NACIONAL_BENFORD
16,001,08,29,000026,94,9,RELLENO_NACIONAL_BENFORD
16,001,05,15,000007,88,8,RELLENO_NACIONAL_BENFORD
16,001,05,15,000010,93,9,RELLENO_NACIONAL_BENFORD
16,001,05,17,000003,96,9,RELLENO_NACIONAL_BENFORD
16,001,05,22,000006,97,9,RELLENO_NACIONAL_BENFORD
16,001,05,25,000002,85,8,RELLENO_NACIONAL_BENFORD
03,001,23,01,000012,96,9,RELLENO_NACIONAL_BENFORD
03,001,23,03,000016,80,8,RELLENO_NACIONAL_BENFORD
03,001,24,03,000001,96,9,RELLENO_NACIONAL_BENFORD
03,001,25,01,000004,89,8,RELLENO_NACIONAL_BENFORD
03,001,26,01,000004,88,8,RELLENO_NACIONAL_BENFORD
03,001,26,01,000009,98,9,RELLENO_NACIONAL_BENFORD
03,001,26,01,000029,86,8,RELLENO_NACIONAL_BENFORD
03,001,26,03,000023,84,8,RELLENO_NACIONAL_BENFORD
03,001,27,01,000014,88,8,RELLENO_NACIONAL_BENFORD
03,001,27,02,000007,80,8,RELLENO_NACIONAL_BENFORD
03,001,27,02,000008,82,8,RELLENO_NACIONAL_BENFORD
03,001,27,03,000002,94,9,RELLENO_NACIONAL_BENFORD
03,001,27,03,000003,89,8,RELLENO_NACIONAL_BENFORD
15,076,99,02,000001,82,8,RELLENO_NACIONAL_BENFORD
24,001,99,13,000005,98,9,RELLENO_NACIONAL_BENFORD
48,010,01,02,000020,99,9,RELLENO_NACIONAL_BENFORD
48,010,03,02,000015,89,8,RELLENO_NACIONAL_BENFORD
03,035,00,00,000018,80,8,RELLENO_NACIONAL_BENFORD
03,046,01,04,000007,88,8,RELLENO_NACIONAL_BENFORD
03,046,99,13,000002,86,8,RELLENO_NACIONAL_BENFORD
03,049,01,01,000002,84,8,RELLENO_NACIONAL_BENFORD
03,052,04,03,000015,87,8,RELLENO_NACIONAL_BENFORD
03,052,05,04,000010,90,9,RELLENO_NACIONAL_BENFORD
03,052,05,04,000011,88,8,RELLENO_NACIONAL_BENFORD
03,052,06,01,000003,98,9,RELLENO_NACIONAL_BENFORD
15,280,00,01,000024,92,9,RELLENO_NACIONAL_BENFORD
15,340,02,02,000031,87,8,RELLENO_NACIONAL_BENFORD
03,052,13,01,000007,83,8,RELLENO_NACIONAL_BENFORD
05,001,03,02,000002,82,8,RELLENO_NACIONAL_BENFORD
15,340,02,04,000006,98,9,RELLENO_NACIONAL_BENFORD
31,001,23,03,000008,97,9,RELLENO_NACIONAL_BENFORD
31,001,23,08,000006,81,8,RELLENO_NACIONAL_BENFORD
31,001,24,03,000014,81,8,RELLENO_NACIONAL_BENFORD
31,001,24,05,000013,88,8,RELLENO_NACIONAL_BENFORD
31,001,25,04,000041,91,9,RELLENO_NACIONAL_BENFORD
31,001,27,01,000001,99,9,RELLENO_NACIONAL_BENFORD
31,001,27,03,000005,85,8,RELLENO_NACIONAL_BENFORD
31,001,27,04,000007,91,9,RELLENO_NACIONAL_BENFORD
12,180,00,00,000019,94,9,RELLENO_NACIONAL_BENFORD
19,079,99,02,000002,98,9,RELLENO_NACIONAL_BENFORD
19,082,99,03,000002,83,8,RELLENO_NACIONAL_BENFORD
21,001,02,07,000010,96,9,RELLENO_NACIONAL_BENFORD
21,001,03,01,000007,85,8,RELLENO_NACIONAL_BENFORD
21,001,03,03,000001,99,9,RELLENO_NACIONAL_BENFORD
21,001,03,04,000005,80,8,RELLENO_NACIONAL_BENFORD
21,001,05,03,000013,80,8,RELLENO_NACIONAL_BENFORD
21,001,05,04,000006,90,9,RELLENO_NACIONAL_BENFORD
21,001,05,04,000008,95,9,RELLENO_NACIONAL_BENFORD
21,001,02,04,000014,86,8,RELLENO_NACIONAL_BENFORD
21,001,02,06,000008,94,9,RELLENO_NACIONAL_BENFORD
21,001,02,06,000013,90,9,RELLENO_NACIONAL_BENFORD
21,001,02,09,000014,80,8,RELLENO_NACIONAL_BENFORD
01,166,02,04,000013,95,9,RELLENO_NACIONAL_BENFORD
01,184,99,02,000001,8,8,RELLENO_NACIONAL_BENFORD
31,001,30,02,000025,94,9,RELLENO_NACIONAL_BENFORD
31,001,30,07,000004,96,9,RELLENO_NACIONAL_BENFORD
31,001,31,04,000009,89,8,RELLENO_NACIONAL_BENFORD
31,001,32,05,000006,86,8,RELLENO_NACIONAL_BENFORD
31,001,99,47,000004,91,9,RELLENO_NACIONAL_BENFORD
31,010,99,80,000001,95,9,RELLENO_NACIONAL_BENFORD
31,016,99,27,000001,8,8,RELLENO_NACIONAL_BENFORD
12,225,99,70,000006,88,8,RELLENO_NACIONAL_BENFORD
12,415,99,17,000001,88,8,RELLENO_NACIONAL_BENFORD
12,625,00,00,000013,99,9,RELLENO_NACIONAL_BENFORD
12,700,00,00,000024,89,8,RELLENO_NACIONAL_BENFORD
21,001,06,01,000011,83,8,RELLENO_NACIONAL_BENFORD
21,001,06,06,000006,94,9,RELLENO_NACIONAL_BENFORD
21,001,06,07,000008,87,8,RELLENO_NACIONAL_BENFORD
21,001,07,05,000002,96,9,RELLENO_NACIONAL_BENFORD
21,001,07,07,000002,82,8,RELLENO_NACIONAL_BENFORD
21,001,08,03,000005,98,9,RELLENO_NACIONAL_BENFORD
21,008,00,00,000025,8,8,RELLENO_NACIONAL_BENFORD
21,012,01,01,000019,84,8,RELLENO_NACIONAL_BENFORD
01,192,00,01,000001,90,9,RELLENO_NACIONAL_BENFORD
01,192,00,01,000034,81,8,RELLENO_NACIONAL_BENFORD
01,205,01,04,000014,83,8,RELLENO_NACIONAL_BENFORD
01,205,01,04,000015,99,9,RELLENO_NACIONAL_BENFORD
01,206,00,00,000009,86,8,RELLENO_NACIONAL_BENFORD
01,214,02,01,000019,84,8,RELLENO_NACIONAL_BENFORD
31,019,02,01,000032,8,8,RELLENO_NACIONAL_BENFORD
31,019,02,09,000001,9,9,RELLENO_NACIONAL_BENFORD
31,022,01,03,000010,96,9,RELLENO_NACIONAL_BENFORD
31,022,03,02,000007,82,8,RELLENO_NACIONAL_BENFORD
31,022,99,01,000001,88,8,RELLENO_NACIONAL_BENFORD
31,022,99,01,000002,80,8,RELLENO_NACIONAL_BENFORD
31,022,99,03,000002,96,9,RELLENO_NACIONAL_BENFORD
31,022,99,21,000005,9,9,RELLENO_NACIONAL_BENFORD
31,025,00,00,000008,82,8,RELLENO_NACIONAL_BENFORD
31,028,01,01,000001,82,8,RELLENO_NACIONAL_BENFORD
31,028,01,02,000007,94,9,RELLENO_NACIONAL_BENFORD
31,028,02,01,000004,94,9,RELLENO_NACIONAL_BENFORD
31,028,02,02,000006,84,8,RELLENO_NACIONAL_BENFORD
12,800,00,00,000027,89,8,RELLENO_NACIONAL_BENFORD
12,800,00,00,000039,92,9,RELLENO_NACIONAL_BENFORD
12,800,00,00,000040,93,9,RELLENO_NACIONAL_BENFORD
12,800,99,15,000001,85,8,RELLENO_NACIONAL_BENFORD
12,825,99,50,000002,8,8,RELLENO_NACIONAL_BENFORD
12,850,00,00,000026,99,9,RELLENO_NACIONAL_BENFORD
52,047,00,00,000003,81,8,RELLENO_NACIONAL_BENFORD
05,001,04,01,000007,91,9,RELLENO_NACIONAL_BENFORD
05,001,05,04,000003,88,8,RELLENO_NACIONAL_BENFORD
05,001,06,01,000005,96,9,RELLENO_NACIONAL_BENFORD
05,001,06,06,000012,81,8,RELLENO_NACIONAL_BENFORD
05,001,07,01,000007,82,8,RELLENO_NACIONAL_BENFORD
05,001,07,03,000006,86,8,RELLENO_NACIONAL_BENFORD
05,001,08,01,000008,86,8,RELLENO_NACIONAL_BENFORD
05,001,10,01,000020,93,9,RELLENO_NACIONAL_BENFORD
16,001,01,50,000004,88,8,RELLENO_NACIONAL_BENFORD
16,001,02,07,000002,81,8,RELLENO_NACIONAL_BENFORD
16,001,02,13,000006,92,9,RELLENO_NACIONAL_BENFORD
16,001,02,15,000003,97,9,RELLENO_NACIONAL_BENFORD
16,001,02,25,000010,95,9,RELLENO_NACIONAL_BENFORD
16,001,03,04,000002,82,8,RELLENO_NACIONAL_BENFORD
16,001,03,07,000003,86,8,RELLENO_NACIONAL_BENFORD
16,001,03,18,000002,99,9,RELLENO_NACIONAL_BENFORD
16,001,03,23,000011,81,8,RELLENO_NACIONAL_BENFORD
16,001,04,04,000005,88,8,RELLENO_NACIONAL_BENFORD
25,037,99,03,000001,87,8,RELLENO_NACIONAL_BENFORD
25,054,01,03,000007,90,9,RELLENO_NACIONAL_BENFORD
25,054,02,01,000017,83,8,RELLENO_NACIONAL_BENFORD
52,049,00,00,000017,89,8,RELLENO_NACIONAL_BENFORD
52,050,00,00,000050,97,9,RELLENO_NACIONAL_BENFORD
54,001,01,02,000014,91,9,RELLENO_NACIONAL_BENFORD
54,001,01,03,000004,87,8,RELLENO_NACIONAL_BENFORD
56,001,01,01,000005,98,9,RELLENO_NACIONAL_BENFORD
56,001,01,01,000019,92,9,RELLENO_NACIONAL_BENFORD
56,001,01,01,000020,95,9,RELLENO_NACIONAL_BENFORD
56,001,01,02,000003,99,9,RELLENO_NACIONAL_BENFORD
56,001,01,03,000006,93,9,RELLENO_NACIONAL_BENFORD
56,001,02,03,000018,80,8,RELLENO_NACIONAL_BENFORD
64,001,01,01,000005,82,8,RELLENO_NACIONAL_BENFORD
64,001,01,04,000003,96,9,RELLENO_NACIONAL_BENFORD
64,001,02,01,000004,82,8,RELLENO_NACIONAL_BENFORD
64,001,02,01,000005,81,8,RELLENO_NACIONAL_BENFORD
64,002,01,02,000003,91,9,RELLENO_NACIONAL_BENFORD
64,002,02,03,000002,96,9,RELLENO_NACIONAL_BENFORD
05,001,13,01,000016,86,8,RELLENO_NACIONAL_BENFORD
05,001,13,06,000007,80,8,RELLENO_NACIONAL_BENFORD
05,001,14,01,000010,80,8,RELLENO_NACIONAL_BENFORD
05,001,16,01,000011,91,9,RELLENO_NACIONAL_BENFORD
05,001,16,01,000014,97,9,RELLENO_NACIONAL_BENFORD
05,001,16,02,000010,82,8,RELLENO_NACIONAL_BENFORD
05,001,16,04,000001,95,9,RELLENO_NACIONAL_BENFORD
05,001,18,04,000026,97,9,RELLENO_NACIONAL_BENFORD
16,001,04,08,000013,98,9,RELLENO_NACIONAL_BENFORD
16,001,04,08,000019,96,9,RELLENO_NACIONAL_BENFORD
16,001,04,09,000001,97,9,RELLENO_NACIONAL_BENFORD
16,001,04,13,000002,92,9,RELLENO_NACIONAL_BENFORD
16,001,04,14,000010,91,9,RELLENO_NACIONAL_BENFORD
16,001,04,15,000006,80,8,RELLENO_NACIONAL_BENFORD
16,001,04,16,000019,91,9,RELLENO_NACIONAL_BENFORD
16,001,04,16,000021,84,8,RELLENO_NACIONAL_BENFORD
16,001,04,24,000008,90,9,RELLENO_NACIONAL_BENFORD
16,001,04,44,000010,9,9,RELLENO_NACIONAL_BENFORD
16,001,05,01,000008,92,9,RELLENO_NACIONAL_BENFORD
16,001,05,06,000011,85,8,RELLENO_NACIONAL_BENFORD
16,001,05,06,000013,92,9,RELLENO_NACIONAL_BENFORD
16,001,05,08,000008,85,8,RELLENO_NACIONAL_BENFORD
25,061,02,07,000012,83,8,RELLENO_NACIONAL_BENFORD
25,088,99,01,000003,87,8,RELLENO_NACIONAL_BENFORD
25,093,01,01,000025,87,8,RELLENO_NACIONAL_BENFORD
64,004,00,00,000011,93,9,RELLENO_NACIONAL_BENFORD
64,028,99,35,000001,8,8,RELLENO_NACIONAL_BENFORD
64,030,00,01,000012,81,8,RELLENO_NACIONAL_BENFORD
72,001,00,02,000008,82,8,RELLENO_NACIONAL_BENFORD
72,008,99,80,000002,9,9,RELLENO_NACIONAL_BENFORD
16,001,08,13,000018,81,8,RELLENO_NACIONAL_BENFORD
16,001,08,21,000013,81,8,RELLENO_NACIONAL_BENFORD
16,001,08,31,000020,83,8,RELLENO_NACIONAL_BENFORD
16,001,05,20,000003,98,9,RELLENO_NACIONAL_BENFORD
16,001,05,23,000004,91,9,RELLENO_NACIONAL_BENFORD
16,001,05,30,000004,98,9,RELLENO_NACIONAL_BENFORD
16,001,05,32,000003,87,8,RELLENO_NACIONAL_BENFORD
16,001,05,34,000003,96,9,RELLENO_NACIONAL_BENFORD
16,001,05,36,000005,87,8,RELLENO_NACIONAL_BENFORD
16,001,05,53,000001,95,9,RELLENO_NACIONAL_BENFORD
03,001,23,02,000022,81,8,RELLENO_NACIONAL_BENFORD
03,001,24,01,000003,86,8,RELLENO_NACIONAL_BENFORD
03,001,24,02,000010,91,9,RELLENO_NACIONAL_BENFORD
03,001,24,04,000008,97,9,RELLENO_NACIONAL_BENFORD
03,001,24,04,000009,84,8,RELLENO_NACIONAL_BENFORD
15,088,01,02,000009,82,8,RELLENO_NACIONAL_BENFORD
15,088,01,03,000003,84,8,RELLENO_NACIONAL_BENFORD
15,088,02,13,000005,81,8,RELLENO_NACIONAL_BENFORD
03,001,15,02,000004,93,9,RELLENO_NACIONAL_BENFORD
03,001,16,01,000005,86,8,RELLENO_NACIONAL_BENFORD
03,001,16,03,000007,82,8,RELLENO_NACIONAL_BENFORD
03,001,18,04,000001,84,8,RELLENO_NACIONAL_BENFORD
03,001,19,02,000010,96,9,RELLENO_NACIONAL_BENFORD
03,001,20,03,000014,85,8,RELLENO_NACIONAL_BENFORD
16,001,06,02,000023,88,8,RELLENO_NACIONAL_BENFORD
16,001,06,03,000004,94,9,RELLENO_NACIONAL_BENFORD
16,001,06,19,000004,92,9,RELLENO_NACIONAL_BENFORD
16,001,07,02,000018,88,8,RELLENO_NACIONAL_BENFORD
25,100,01,08,000025,99,9,RELLENO_NACIONAL_BENFORD
26,001,02,02,000018,8,8,RELLENO_NACIONAL_BENFORD
26,001,02,03,000009,94,9,RELLENO_NACIONAL_BENFORD
26,001,03,03,000031,89,8,RELLENO_NACIONAL_BENFORD
26,001,06,04,000009,85,8,RELLENO_NACIONAL_BENFORD
26,001,07,01,000020,88,8,RELLENO_NACIONAL_BENFORD
26,001,08,02,000028,94,9,RELLENO_NACIONAL_BENFORD
26,001,08,03,000016,94,9,RELLENO_NACIONAL_BENFORD
88,250,05,86,000001,86,8,RELLENO_NACIONAL_BENFORD
88,285,05,02,000004,97,9,RELLENO_NACIONAL_BENFORD
27,001,19,03,000008,92,9,RELLENO_NACIONAL_BENFORD
16,001,07,17,000004,92,9,RELLENO_NACIONAL_BENFORD
16,001,07,21,000010,99,9,RELLENO_NACIONAL_BENFORD
16,001,07,23,000013,82,8,RELLENO_NACIONAL_BENFORD
16,001,07,24,000003,82,8,RELLENO_NACIONAL_BENFORD
16,001,07,29,000016,98,9,RELLENO_NACIONAL_BENFORD
16,001,07,30,000009,96,9,RELLENO_NACIONAL_BENFORD
16,001,07,42,000010,95,9,RELLENO_NACIONAL_BENFORD
16,001,07,45,000031,86,8,RELLENO_NACIONAL_BENFORD
26,001,09,05,000026,87,8,RELLENO_NACIONAL_BENFORD
26,001,10,06,000006,85,8,RELLENO_NACIONAL_BENFORD
26,010,01,02,000009,84,8,RELLENO_NACIONAL_BENFORD
26,010,01,02,000010,97,9,RELLENO_NACIONAL_BENFORD
26,010,01,04,000001,84,8,RELLENO_NACIONAL_BENFORD
26,010,01,04,000021,83,8,RELLENO_NACIONAL_BENFORD
26,010,02,01,000021,96,9,RELLENO_NACIONAL_BENFORD
26,010,02,02,000013,92,9,RELLENO_NACIONAL_BENFORD
26,020,01,01,000016,89,8,RELLENO_NACIONAL_BENFORD
26,030,00,00,000023,96,9,RELLENO_NACIONAL_BENFORD
26,080,01,01,000013,99,9,RELLENO_NACIONAL_BENFORD
26,080,01,03,000004,91,9,RELLENO_NACIONAL_BENFORD
26,080,01,03,000005,80,8,RELLENO_NACIONAL_BENFORD
88,355,05,02,000136,8,8,RELLENO_NACIONAL_BENFORD
88,355,05,86,000023,89,8,RELLENO_NACIONAL_BENFORD
88,355,05,86,000037,83,8,RELLENO_NACIONAL_BENFORD
88,355,50,04,000006,93,9,RELLENO_NACIONAL_BENFORD
88,360,10,02,000011,93,9,RELLENO_NACIONAL_BENFORD
88,360,15,02,000018,9,9,RELLENO_NACIONAL_BENFORD
27,001,01,03,000029,87,8,RELLENO_NACIONAL_BENFORD
27,001,02,01,000020,90,9,RELLENO_NACIONAL_BENFORD
27,001,02,01,000021,93,9,RELLENO_NACIONAL_BENFORD
27,001,02,02,000018,89,8,RELLENO_NACIONAL_BENFORD
27,001,03,03,000011,95,9,RELLENO_NACIONAL_BENFORD
27,001,03,03,000035,88,8,RELLENO_NACIONAL_BENFORD
27,001,04,05,000004,97,9,RELLENO_NACIONAL_BENFORD
27,001,05,02,000013,97,9,RELLENO_NACIONAL_BENFORD
27,001,06,03,000014,92,9,RELLENO_NACIONAL_BENFORD
27,001,06,03,000018,87,8,RELLENO_NACIONAL_BENFORD
27,001,07,05,000004,98,9,RELLENO_NACIONAL_BENFORD
27,001,09,03,000011,87,8,RELLENO_NACIONAL_BENFORD
88,360,30,02,000017,82,8,RELLENO_NACIONAL_BENFORD
88,360,40,02,000063,8,8,RELLENO_NACIONAL_BENFORD
88,360,59,02,000020,85,8,RELLENO_NACIONAL_BENFORD
88,360,59,02,000023,90,9,RELLENO_NACIONAL_BENFORD
88,380,05,84,000003,80,8,RELLENO_NACIONAL_BENFORD
03,052,07,04,000010,99,9,RELLENO_NACIONAL_BENFORD
12,200,01,02,000015,87,8,RELLENO_NACIONAL_BENFORD
16,001,06,02,000019,81,8,RELLENO_NACIONAL_BENFORD
16,001,06,32,000002,88,8,RELLENO_NACIONAL_BENFORD
16,001,06,32,000003,94,9,RELLENO_NACIONAL_BENFORD
16,001,06,33,000004,95,9,RELLENO_NACIONAL_BENFORD
16,001,06,36,000004,85,8,RELLENO_NACIONAL_BENFORD
25,100,01,02,000028,96,9,RELLENO_NACIONAL_BENFORD
25,100,01,03,000012,97,9,RELLENO_NACIONAL_BENFORD
25,100,99,01,000006,97,9,RELLENO_NACIONAL_BENFORD
26,001,01,02,000014,80,8,RELLENO_NACIONAL_BENFORD
26,001,02,03,000007,87,8,RELLENO_NACIONAL_BENFORD
26,001,04,01,000018,83,8,RELLENO_NACIONAL_BENFORD
26,001,05,02,000012,86,8,RELLENO_NACIONAL_BENFORD
26,001,08,03,000017,92,9,RELLENO_NACIONAL_BENFORD
88,305,05,02,000001,96,9,RELLENO_NACIONAL_BENFORD
88,305,05,02,000008,82,8,RELLENO_NACIONAL_BENFORD
88,355,03,02,000058,9,9,RELLENO_NACIONAL_BENFORD
27,001,16,01,000021,89,8,RELLENO_NACIONAL_BENFORD
27,001,17,01,000006,82,8,RELLENO_NACIONAL_BENFORD
27,013,02,03,000008,84,8,RELLENO_NACIONAL_BENFORD
16,001,07,16,000006,88,8,RELLENO_NACIONAL_BENFORD
16,001,07,17,000008,82,8,RELLENO_NACIONAL_BENFORD
16,001,07,26,000023,95,9,RELLENO_NACIONAL_BENFORD
16,001,07,29,000008,99,9,RELLENO_NACIONAL_BENFORD
26,001,10,01,000018,95,9,RELLENO_NACIONAL_BENFORD
26,010,01,04,000020,87,8,RELLENO_NACIONAL_BENFORD
26,010,02,03,000014,90,9,RELLENO_NACIONAL_BENFORD
26,010,99,55,000003,90,9,RELLENO_NACIONAL_BENFORD
26,020,01,01,000017,81,8,RELLENO_NACIONAL_BENFORD
26,020,02,02,000011,95,9,RELLENO_NACIONAL_BENFORD
26,030,99,31,000001,92,9,RELLENO_NACIONAL_BENFORD
26,050,99,28,000002,87,8,RELLENO_NACIONAL_BENFORD
26,060,01,01,000011,88,8,RELLENO_NACIONAL_BENFORD
26,060,01,02,000001,81,8,RELLENO_NACIONAL_BENFORD
26,080,99,29,000001,98,9,RELLENO_NACIONAL_BENFORD
26,080,99,32,000002,88,8,RELLENO_NACIONAL_BENFORD
88,355,05,02,000052,92,9,RELLENO_NACIONAL_BENFORD
88,355,05,02,000134,8,8,RELLENO_NACIONAL_BENFORD
88,355,05,02,000150,9,9,RELLENO_NACIONAL_BENFORD
88,355,05,06,000006,93,9,RELLENO_NACIONAL_BENFORD
88,355,05,86,000029,98,9,RELLENO_NACIONAL_BENFORD
88,355,50,02,000023,8,8,RELLENO_NACIONAL_BENFORD
88,360,05,02,000007,83,8,RELLENO_NACIONAL_BENFORD
88,360,10,02,000009,85,8,RELLENO_NACIONAL_BENFORD
88,360,10,02,000015,85,8,RELLENO_NACIONAL_BENFORD
88,360,15,02,000017,9,9,RELLENO_NACIONAL_BENFORD
27,001,01,03,000026,97,9,RELLENO_NACIONAL_BENFORD
27,001,03,01,000029,87,8,RELLENO_NACIONAL_BENFORD
27,001,03,02,000021,98,9,RELLENO_NACIONAL_BENFORD
27,001,03,02,000025,91,9,RELLENO_NACIONAL_BENFORD
27,001,03,03,000030,82,8,RELLENO_NACIONAL_BENFORD
27,001,03,04,000006,94,9,RELLENO_NACIONAL_BENFORD
27,001,04,04,000006,83,8,RELLENO_NACIONAL_BENFORD
27,001,08,03,000019,99,9,RELLENO_NACIONAL_BENFORD
88,360,35,02,000007,84,8,RELLENO_NACIONAL_BENFORD
88,360,60,84,000001,97,9,RELLENO_NACIONAL_BENFORD
88,380,05,05,000003,80,8,RELLENO_NACIONAL_BENFORD
88,380,05,85,000004,80,8,RELLENO_NACIONAL_BENFORD
21,001,01,02,000005,82,8,RELLENO_NACIONAL_BENFORD
21,001,01,08,000001,97,9,RELLENO_NACIONAL_BENFORD
21,001,02,04,000022,83,8,RELLENO_NACIONAL_BENFORD
21,001,02,06,000012,83,8,RELLENO_NACIONAL_BENFORD
21,001,02,07,000030,89,8,RELLENO_NACIONAL_BENFORD
21,001,02,09,000016,86,8,RELLENO_NACIONAL_BENFORD
21,001,05,04,000010,96,9,RELLENO_NACIONAL_BENFORD
01,166,02,04,000018,99,9,RELLENO_NACIONAL_BENFORD
01,175,00,00,000018,81,8,RELLENO_NACIONAL_BENFORD
31,001,30,03,000023,87,8,RELLENO_NACIONAL_BENFORD
31,001,31,03,000004,90,9,RELLENO_NACIONAL_BENFORD
31,001,31,03,000016,99,9,RELLENO_NACIONAL_BENFORD
31,001,31,04,000003,83,8,RELLENO_NACIONAL_BENFORD
31,001,32,04,000003,92,9,RELLENO_NACIONAL_BENFORD
31,001,32,05,000013,80,8,RELLENO_NACIONAL_BENFORD
31,001,99,17,000011,91,9,RELLENO_NACIONAL_BENFORD
31,001,99,47,000011,83,8,RELLENO_NACIONAL_BENFORD
31,007,00,00,000020,95,9,RELLENO_NACIONAL_BENFORD
31,016,99,01,000001,88,8,RELLENO_NACIONAL_BENFORD
12,225,02,01,000009,82,8,RELLENO_NACIONAL_BENFORD
12,300,00,00,000029,89,8,RELLENO_NACIONAL_BENFORD
12,608,01,02,000003,95,9,RELLENO_NACIONAL_BENFORD
12,650,00,00,000009,98,9,RELLENO_NACIONAL_BENFORD
12,720,00,00,000027,87,8,RELLENO_NACIONAL_BENFORD
21,001,07,01,000005,89,8,RELLENO_NACIONAL_BENFORD
21,001,08,01,000018,83,8,RELLENO_NACIONAL_BENFORD
21,001,08,03,000007,92,9,RELLENO_NACIONAL_BENFORD
21,001,99,02,000019,83,8,RELLENO_NACIONAL_BENFORD
21,010,01,02,000015,9,9,RELLENO_NACIONAL_BENFORD
01,192,00,01,000038,84,8,RELLENO_NACIONAL_BENFORD
01,192,99,16,000001,86,8,RELLENO_NACIONAL_BENFORD
01,206,99,13,000003,90,9,RELLENO_NACIONAL_BENFORD
01,208,00,01,000004,99,9,RELLENO_NACIONAL_BENFORD
31,019,02,03,000002,8,8,RELLENO_NACIONAL_BENFORD
31,019,02,06,000009,9,9,RELLENO_NACIONAL_BENFORD
31,019,04,04,000004,8,8,RELLENO_NACIONAL_BENFORD
31,022,01,03,000002,98,9,RELLENO_NACIONAL_BENFORD
31,022,02,01,000005,98,9,RELLENO_NACIONAL_BENFORD
31,022,03,02,000004,82,8,RELLENO_NACIONAL_BENFORD
31,022,06,01,000011,94,9,RELLENO_NACIONAL_BENFORD
12,800,00,00,000032,92,9,RELLENO_NACIONAL_BENFORD
12,875,99,20,000003,83,8,RELLENO_NACIONAL_BENFORD
05,001,03,05,000017,8,8,RELLENO_NACIONAL_BENFORD
05,001,07,01,000004,80,8,RELLENO_NACIONAL_BENFORD
05,001,07,03,000001,86,8,RELLENO_NACIONAL_BENFORD
16,001,01,54,000004,80,8,RELLENO_NACIONAL_BENFORD
16,001,02,01,000034,81,8,RELLENO_NACIONAL_BENFORD
16,001,02,07,000015,87,8,RELLENO_NACIONAL_BENFORD
16,001,02,21,000010,83,8,RELLENO_NACIONAL_BENFORD
16,001,02,31,000008,85,8,RELLENO_NACIONAL_BENFORD
16,001,03,07,000006,82,8,RELLENO_NACIONAL_BENFORD
16,001,03,11,000007,92,9,RELLENO_NACIONAL_BENFORD
16,001,04,05,000014,95,9,RELLENO_NACIONAL_BENFORD
25,022,99,11,000001,8,8,RELLENO_NACIONAL_BENFORD
56,001,01,01,000025,99,9,RELLENO_NACIONAL_BENFORD
64,002,01,03,000001,94,9,RELLENO_NACIONAL_BENFORD
05,001,16,02,000005,88,8,RELLENO_NACIONAL_BENFORD
05,001,17,03,000001,95,9,RELLENO_NACIONAL_BENFORD
16,001,04,09,000004,82,8,RELLENO_NACIONAL_BENFORD
16,001,04,14,000006,88,8,RELLENO_NACIONAL_BENFORD
16,001,04,16,000028,94,9,RELLENO_NACIONAL_BENFORD
16,001,04,17,000002,99,9,RELLENO_NACIONAL_BENFORD
16,001,04,19,000008,82,8,RELLENO_NACIONAL_BENFORD
16,001,04,20,000002,93,9,RELLENO_NACIONAL_BENFORD
16,001,04,27,000013,80,8,RELLENO_NACIONAL_BENFORD
16,001,04,39,000002,91,9,RELLENO_NACIONAL_BENFORD
16,001,05,03,000002,92,9,RELLENO_NACIONAL_BENFORD
16,001,05,03,000003,92,9,RELLENO_NACIONAL_BENFORD
16,001,05,04,000006,90,9,RELLENO_NACIONAL_BENFORD
25,091,99,05,000004,8,8,RELLENO_NACIONAL_BENFORD
25,093,99,30,000001,9,9,RELLENO_NACIONAL_BENFORD
25,093,99,90,000001,82,8,RELLENO_NACIONAL_BENFORD
64,007,00,00,000002,89,8,RELLENO_NACIONAL_BENFORD
64,013,00,00,000005,92,9,RELLENO_NACIONAL_BENFORD
64,025,99,45,000002,84,8,RELLENO_NACIONAL_BENFORD
64,030,00,01,000018,96,9,RELLENO_NACIONAL_BENFORD
68,004,00,00,000004,9,9,RELLENO_NACIONAL_BENFORD
88,155,05,86,000003,87,8,RELLENO_NACIONAL_BENFORD
16,001,07,70,000006,94,9,RELLENO_NACIONAL_BENFORD
16,001,08,25,000012,91,9,RELLENO_NACIONAL_BENFORD
31,001,30,02,000023,87,8,RELLENO_NACIONAL_BENFORD
15,088,01,08,000003,86,8,RELLENO_NACIONAL_BENFORD
15,088,02,07,000014,81,8,RELLENO_NACIONAL_BENFORD
15,094,01,03,000002,89,8,RELLENO_NACIONAL_BENFORD
15,094,02,05,000011,8,8,RELLENO_NACIONAL_BENFORD
21,001,05,01,000016,9,9,RELLENO_NACIONAL_BENFORD
21,001,05,02,000014,99,9,RELLENO_NACIONAL_BENFORD
01,166,02,01,000020,95,9,RELLENO_NACIONAL_BENFORD
01,166,02,02,000010,91,9,RELLENO_NACIONAL_BENFORD
01,166,02,02,000024,86,8,RELLENO_NACIONAL_BENFORD
01,166,02,03,000020,89,8,RELLENO_NACIONAL_BENFORD
01,168,99,05,000005,84,8,RELLENO_NACIONAL_BENFORD
01,187,00,00,000004,85,8,RELLENO_NACIONAL_BENFORD
01,187,00,00,000010,80,8,RELLENO_NACIONAL_BENFORD
31,001,30,02,000020,82,8,RELLENO_NACIONAL_BENFORD
31,001,30,02,000024,93,9,RELLENO_NACIONAL_BENFORD
31,001,32,04,000002,95,9,RELLENO_NACIONAL_BENFORD
31,001,32,04,000018,81,8,RELLENO_NACIONAL_BENFORD
31,001,99,17,000015,97,9,RELLENO_NACIONAL_BENFORD
31,007,00,00,000019,87,8,RELLENO_NACIONAL_BENFORD
12,225,02,01,000013,81,8,RELLENO_NACIONAL_BENFORD
12,225,99,70,000004,99,9,RELLENO_NACIONAL_BENFORD
12,300,00,00,000026,90,9,RELLENO_NACIONAL_BENFORD
12,375,00,00,000018,81,8,RELLENO_NACIONAL_BENFORD
12,375,99,60,000001,84,8,RELLENO_NACIONAL_BENFORD
12,650,00,00,000037,95,9,RELLENO_NACIONAL_BENFORD
12,700,00,00,000022,98,9,RELLENO_NACIONAL_BENFORD
12,720,00,00,000037,83,8,RELLENO_NACIONAL_BENFORD
21,001,06,05,000002,96,9,RELLENO_NACIONAL_BENFORD
21,001,06,07,000009,81,8,RELLENO_NACIONAL_BENFORD
21,001,06,08,000012,82,8,RELLENO_NACIONAL_BENFORD
21,001,99,07,000002,85,8,RELLENO_NACIONAL_BENFORD
21,010,02,02,000003,82,8,RELLENO_NACIONAL_BENFORD
21,012,01,01,000038,82,8,RELLENO_NACIONAL_BENFORD
01,192,00,01,000008,96,9,RELLENO_NACIONAL_BENFORD
01,206,00,00,000010,85,8,RELLENO_NACIONAL_BENFORD
31,019,04,01,000042,9,9,RELLENO_NACIONAL_BENFORD
31,022,03,01,000005,93,9,RELLENO_NACIONAL_BENFORD
31,022,03,02,000011,85,8,RELLENO_NACIONAL_BENFORD
31,022,04,05,000001,95,9,RELLENO_NACIONAL_BENFORD
31,022,06,02,000017,93,9,RELLENO_NACIONAL_BENFORD
31,022,06,02,000034,94,9,RELLENO_NACIONAL_BENFORD
31,025,00,00,000007,84,8,RELLENO_NACIONAL_BENFORD
31,028,02,02,000009,93,9,RELLENO_NACIONAL_BENFORD
12,800,00,00,000038,89,8,RELLENO_NACIONAL_BENFORD
12,850,00,00,000016,90,9,RELLENO_NACIONAL_BENFORD
12,900,00,00,000006,84,8,RELLENO_NACIONAL_BENFORD
52,047,00,00,000002,92,9,RELLENO_NACIONAL_BENFORD
52,047,00,00,000015,94,9,RELLENO_NACIONAL_BENFORD
05,001,03,03,000022,8,8,RELLENO_NACIONAL_BENFORD
05,001,05,02,000007,82,8,RELLENO_NACIONAL_BENFORD
05,001,06,01,000009,94,9,RELLENO_NACIONAL_BENFORD
05,001,06,02,000004,95,9,RELLENO_NACIONAL_BENFORD
05,001,06,02,000015,90,9,RELLENO_NACIONAL_BENFORD
05,001,06,03,000006,89,8,RELLENO_NACIONAL_BENFORD
05,001,06,06,000011,88,8,RELLENO_NACIONAL_BENFORD
05,001,07,02,000009,97,9,RELLENO_NACIONAL_BENFORD
05,001,08,03,000005,89,8,RELLENO_NACIONAL_BENFORD
05,001,10,01,000021,92,9,RELLENO_NACIONAL_BENFORD
16,001,02,18,000001,97,9,RELLENO_NACIONAL_BENFORD
25,022,99,23,000001,8,8,RELLENO_NACIONAL_BENFORD
25,037,99,17,000007,93,9,RELLENO_NACIONAL_BENFORD
25,051,99,60,000002,82,8,RELLENO_NACIONAL_BENFORD
25,054,01,04,000016,99,9,RELLENO_NACIONAL_BENFORD
25,054,01,09,000001,90,9,RELLENO_NACIONAL_BENFORD
25,054,02,03,000021,89,8,RELLENO_NACIONAL_BENFORD
25,061,01,01,000015,99,9,RELLENO_NACIONAL_BENFORD
25,061,01,04,000004,96,9,RELLENO_NACIONAL_BENFORD
54,001,01,04,000004,80,8,RELLENO_NACIONAL_BENFORD
54,001,02,02,000004,97,9,RELLENO_NACIONAL_BENFORD
54,001,02,02,000005,84,8,RELLENO_NACIONAL_BENFORD
54,001,02,04,000005,97,9,RELLENO_NACIONAL_BENFORD
54,003,99,15,000001,93,9,RELLENO_NACIONAL_BENFORD
54,007,99,05,000002,93,9,RELLENO_NACIONAL_BENFORD
56,001,02,03,000014,97,9,RELLENO_NACIONAL_BENFORD
56,001,02,03,000024,80,8,RELLENO_NACIONAL_BENFORD
64,001,02,01,000009,88,8,RELLENO_NACIONAL_BENFORD
64,001,02,03,000001,90,9,RELLENO_NACIONAL_BENFORD
64,002,01,03,000007,80,8,RELLENO_NACIONAL_BENFORD
05,001,14,03,000003,84,8,RELLENO_NACIONAL_BENFORD
05,001,15,04,000003,93,9,RELLENO_NACIONAL_BENFORD
05,001,16,01,000019,88,8,RELLENO_NACIONAL_BENFORD
05,001,16,02,000004,84,8,RELLENO_NACIONAL_BENFORD
05,001,16,03,000019,83,8,RELLENO_NACIONAL_BENFORD
05,001,18,05,000008,87,8,RELLENO_NACIONAL_BENFORD
05,001,18,05,000009,81,8,RELLENO_NACIONAL_BENFORD
16,001,04,14,000011,93,9,RELLENO_NACIONAL_BENFORD
16,001,04,15,000004,99,9,RELLENO_NACIONAL_BENFORD
16,001,04,15,000007,85,8,RELLENO_NACIONAL_BENFORD
16,001,04,16,000027,94,9,RELLENO_NACIONAL_BENFORD
16,001,04,19,000009,88,8,RELLENO_NACIONAL_BENFORD
16,001,04,23,000008,86,8,RELLENO_NACIONAL_BENFORD
16,001,04,25,000004,90,9,RELLENO_NACIONAL_BENFORD
16,001,04,45,000001,86,8,RELLENO_NACIONAL_BENFORD
16,001,05,07,000009,96,9,RELLENO_NACIONAL_BENFORD
16,001,05,08,000006,99,9,RELLENO_NACIONAL_BENFORD
16,001,05,09,000005,96,9,RELLENO_NACIONAL_BENFORD
16,001,05,10,000006,97,9,RELLENO_NACIONAL_BENFORD
16,001,05,10,000009,96,9,RELLENO_NACIONAL_BENFORD
25,064,01,03,000015,98,9,RELLENO_NACIONAL_BENFORD
25,069,01,01,000014,88,8,RELLENO_NACIONAL_BENFORD
25,069,01,01,000015,81,8,RELLENO_NACIONAL_BENFORD
64,019,00,00,000002,90,9,RELLENO_NACIONAL_BENFORD
64,025,00,00,000019,8,8,RELLENO_NACIONAL_BENFORD
64,030,00,01,000002,86,8,RELLENO_NACIONAL_BENFORD
64,030,99,09,000006,8,8,RELLENO_NACIONAL_BENFORD
68,001,00,01,000002,84,8,RELLENO_NACIONAL_BENFORD
72,001,00,01,000019,96,9,RELLENO_NACIONAL_BENFORD
72,001,00,01,000022,85,8,RELLENO_NACIONAL_BENFORD
72,001,00,01,000023,92,9,RELLENO_NACIONAL_BENFORD
72,001,00,01,000024,98,9,RELLENO_NACIONAL_BENFORD
72,001,00,01,000033,86,8,RELLENO_NACIONAL_BENFORD
88,140,10,85,000001,94,9,RELLENO_NACIONAL_BENFORD
16,001,08,07,000010,95,9,RELLENO_NACIONAL_BENFORD
16,001,08,20,000016,85,8,RELLENO_NACIONAL_BENFORD
16,001,08,24,000010,85,8,RELLENO_NACIONAL_BENFORD
16,001,05,15,000005,98,9,RELLENO_NACIONAL_BENFORD
16,001,05,18,000005,90,9,RELLENO_NACIONAL_BENFORD
16,001,05,19,000003,95,9,RELLENO_NACIONAL_BENFORD
16,001,05,42,000009,8,8,RELLENO_NACIONAL_BENFORD
03,001,23,01,000016,95,9,RELLENO_NACIONAL_BENFORD
03,001,26,01,000011,94,9,RELLENO_NACIONAL_BENFORD
03,001,26,04,000021,92,9,RELLENO_NACIONAL_BENFORD
03,001,27,03,000001,98,9,RELLENO_NACIONAL_BENFORD
15,076,02,10,000018,92,9,RELLENO_NACIONAL_BENFORD
15,088,01,09,000002,87,8,RELLENO_NACIONAL_BENFORD
15,088,02,01,000011,93,9,RELLENO_NACIONAL_BENFORD
15,094,01,02,000012,80,8,RELLENO_NACIONAL_BENFORD
15,094,02,04,000008,95,9,RELLENO_NACIONAL_BENFORD
15,094,02,06,000016,94,9,RELLENO_NACIONAL_BENFORD
15,094,99,36,000006,88,8,RELLENO_NACIONAL_BENFORD
01,166,02,02,000022,87,8,RELLENO_NACIONAL_BENFORD
01,168,00,00,000013,83,8,RELLENO_NACIONAL_BENFORD
01,168,00,00,000016,98,9,RELLENO_NACIONAL_BENFORD
31,001,30,02,000021,90,9,RELLENO_NACIONAL_BENFORD
31,001,31,03,000018,95,9,RELLENO_NACIONAL_BENFORD
31,001,31,04,000013,85,8,RELLENO_NACIONAL_BENFORD
31,001,32,05,000007,87,8,RELLENO_NACIONAL_BENFORD
31,001,90,01,000001,96,9,RELLENO_NACIONAL_BENFORD
31,007,00,00,000014,94,9,RELLENO_NACIONAL_BENFORD
31,019,01,01,000013,95,9,RELLENO_NACIONAL_BENFORD
12,300,00,00,000033,88,8,RELLENO_NACIONAL_BENFORD
12,375,00,00,000003,88,8,RELLENO_NACIONAL_BENFORD
12,410,02,01,000002,84,8,RELLENO_NACIONAL_BENFORD
12,415,99,12,000010,91,9,RELLENO_NACIONAL_BENFORD
12,415,99,12,000011,85,8,RELLENO_NACIONAL_BENFORD
12,608,02,01,000016,86,8,RELLENO_NACIONAL_BENFORD
12,625,00,00,000024,89,8,RELLENO_NACIONAL_BENFORD
12,650,00,00,000026,94,9,RELLENO_NACIONAL_BENFORD
12,720,00,00,000029,88,8,RELLENO_NACIONAL_BENFORD
12,750,00,00,000017,83,8,RELLENO_NACIONAL_BENFORD
21,001,05,08,000010,97,9,RELLENO_NACIONAL_BENFORD
21,001,06,01,000002,87,8,RELLENO_NACIONAL_BENFORD
21,001,06,01,000013,84,8,RELLENO_NACIONAL_BENFORD
21,001,06,04,000004,85,8,RELLENO_NACIONAL_BENFORD
21,001,06,04,000008,85,8,RELLENO_NACIONAL_BENFORD
21,001,06,09,000019,86,8,RELLENO_NACIONAL_BENFORD
21,001,08,04,000003,81,8,RELLENO_NACIONAL_BENFORD
21,001,99,03,000003,98,9,RELLENO_NACIONAL_BENFORD
21,012,01,01,000033,94,9,RELLENO_NACIONAL_BENFORD
21,013,99,09,000003,81,8,RELLENO_NACIONAL_BENFORD
21,013,99,21,000001,88,8,RELLENO_NACIONAL_BENFORD
01,192,00,01,000012,89,8,RELLENO_NACIONAL_BENFORD
31,019,02,04,000007,8,8,RELLENO_NACIONAL_BENFORD
31,019,03,03,000034,9,9,RELLENO_NACIONAL_BENFORD
31,019,04,01,000036,9,9,RELLENO_NACIONAL_BENFORD
31,019,06,02,000012,9,9,RELLENO_NACIONAL_BENFORD
31,022,04,08,000001,82,8,RELLENO_NACIONAL_BENFORD
52,047,99,20,000002,82,8,RELLENO_NACIONAL_BENFORD
05,001,03,05,000001,83,8,RELLENO_NACIONAL_BENFORD
05,001,04,01,000015,85,8,RELLENO_NACIONAL_BENFORD
05,001,06,01,000025,87,8,RELLENO_NACIONAL_BENFORD
05,001,07,03,000007,94,9,RELLENO_NACIONAL_BENFORD
05,001,10,03,000001,91,9,RELLENO_NACIONAL_BENFORD
05,001,10,04,000006,87,8,RELLENO_NACIONAL_BENFORD
16,001,02,01,000040,81,8,RELLENO_NACIONAL_BENFORD
16,001,02,12,000004,84,8,RELLENO_NACIONAL_BENFORD
16,001,02,14,000010,98,9,RELLENO_NACIONAL_BENFORD
16,001,02,21,000011,93,9,RELLENO_NACIONAL_BENFORD
16,001,03,01,000010,82,8,RELLENO_NACIONAL_BENFORD
16,001,03,11,000009,89,8,RELLENO_NACIONAL_BENFORD
25,054,02,07,000005,84,8,RELLENO_NACIONAL_BENFORD
64,002,01,03,000013,95,9,RELLENO_NACIONAL_BENFORD
05,001,14,01,000012,94,9,RELLENO_NACIONAL_BENFORD
05,001,14,02,000013,83,8,RELLENO_NACIONAL_BENFORD
05,001,16,01,000010,92,9,RELLENO_NACIONAL_BENFORD
05,001,18,02,000012,97,9,RELLENO_NACIONAL_BENFORD
16,001,04,09,000008,99,9,RELLENO_NACIONAL_BENFORD
16,001,04,15,000012,82,8,RELLENO_NACIONAL_BENFORD
16,001,04,20,000006,95,9,RELLENO_NACIONAL_BENFORD
16,001,04,20,000007,88,8,RELLENO_NACIONAL_BENFORD
16,001,04,23,000003,89,8,RELLENO_NACIONAL_BENFORD
16,001,04,24,000006,96,9,RELLENO_NACIONAL_BENFORD
16,001,04,32,000003,86,8,RELLENO_NACIONAL_BENFORD
16,001,04,46,000002,87,8,RELLENO_NACIONAL_BENFORD
16,001,04,55,000002,89,8,RELLENO_NACIONAL_BENFORD
16,001,05,02,000001,91,9,RELLENO_NACIONAL_BENFORD
16,001,05,05,000008,84,8,RELLENO_NACIONAL_BENFORD
16,001,05,08,000012,91,9,RELLENO_NACIONAL_BENFORD
64,030,00,02,000002,97,9,RELLENO_NACIONAL_BENFORD
68,001,00,02,000002,88,8,RELLENO_NACIONAL_BENFORD
88,115,05,04,000001,8,8,RELLENO_NACIONAL_BENFORD
88,120,15,86,000003,83,8,RELLENO_NACIONAL_BENFORD
88,140,10,82,000001,89,8,RELLENO_NACIONAL_BENFORD
16,001,07,62,000005,99,9,RELLENO_NACIONAL_BENFORD
16,001,08,11,000017,97,9,RELLENO_NACIONAL_BENFORD
16,001,08,31,000016,88,8,RELLENO_NACIONAL_BENFORD
16,001,05,17,000006,90,9,RELLENO_NACIONAL_BENFORD
31,001,31,03,000003,97,9,RELLENO_NACIONAL_BENFORD
31,001,32,05,000003,80,8,RELLENO_NACIONAL_BENFORD
31,001,32,05,000014,86,8,RELLENO_NACIONAL_BENFORD
21,001,05,08,000009,95,9,RELLENO_NACIONAL_BENFORD
21,001,07,02,000009,92,9,RELLENO_NACIONAL_BENFORD
21,001,08,07,000011,94,9,RELLENO_NACIONAL_BENFORD
21,012,01,01,000036,87,8,RELLENO_NACIONAL_BENFORD
01,192,00,01,000024,86,8,RELLENO_NACIONAL_BENFORD
01,192,99,02,000009,84,8,RELLENO_NACIONAL_BENFORD
31,022,01,03,000006,83,8,RELLENO_NACIONAL_BENFORD
31,025,00,00,000009,89,8,RELLENO_NACIONAL_BENFORD
12,825,00,00,000050,87,8,RELLENO_NACIONAL_BENFORD
05,001,04,01,000020,91,9,RELLENO_NACIONAL_BENFORD
16,001,02,08,000004,82,8,RELLENO_NACIONAL_BENFORD
16,001,02,10,000017,85,8,RELLENO_NACIONAL_BENFORD
16,001,03,03,000004,88,8,RELLENO_NACIONAL_BENFORD
64,001,99,06,000001,82,8,RELLENO_NACIONAL_BENFORD
05,001,11,06,000001,83,8,RELLENO_NACIONAL_BENFORD
05,001,12,05,000002,80,8,RELLENO_NACIONAL_BENFORD
05,001,13,03,000006,86,8,RELLENO_NACIONAL_BENFORD
05,001,18,04,000032,99,9,RELLENO_NACIONAL_BENFORD
16,001,04,09,000017,83,8,RELLENO_NACIONAL_BENFORD
16,001,04,17,000008,98,9,RELLENO_NACIONAL_BENFORD
64,019,00,00,000007,94,9,RELLENO_NACIONAL_BENFORD
16,001,08,03,000009,95,9,RELLENO_NACIONAL_BENFORD
16,001,08,22,000022,95,9,RELLENO_NACIONAL_BENFORD
16,001,05,34,000002,97,9,RELLENO_NACIONAL_BENFORD
16,001,05,42,000002,96,9,RELLENO_NACIONAL_BENFORD
03,001,22,02,000001,82,8,RELLENO_NACIONAL_BENFORD
03,001,23,02,000023,89,8,RELLENO_NACIONAL_BENFORD
03,001,24,01,000024,82,8,RELLENO_NACIONAL_BENFORD
03,001,25,01,000006,85,8,RELLENO_NACIONAL_BENFORD
15,085,99,02,000003,80,8,RELLENO_NACIONAL_BENFORD
15,088,01,06,000002,84,8,RELLENO_NACIONAL_BENFORD
15,094,01,03,000004,83,8,RELLENO_NACIONAL_BENFORD
15,094,02,10,000013,94,9,RELLENO_NACIONAL_BENFORD
15,100,00,01,000028,95,9,RELLENO_NACIONAL_BENFORD
15,109,02,05,000017,85,8,RELLENO_NACIONAL_BENFORD
15,109,03,02,000014,98,9,RELLENO_NACIONAL_BENFORD
21,042,00,00,000005,99,9,RELLENO_NACIONAL_BENFORD
21,046,99,29,000007,98,9,RELLENO_NACIONAL_BENFORD
21,048,99,18,000001,80,8,RELLENO_NACIONAL_BENFORD
05,001,07,03,000004,93,9,RELLENO_NACIONAL_BENFORD
64,001,02,01,000002,95,9,RELLENO_NACIONAL_BENFORD
16,001,04,32,000004,91,9,RELLENO_NACIONAL_BENFORD
03,001,26,04,000007,93,9,RELLENO_NACIONAL_BENFORD
03,001,27,01,000009,94,9,RELLENO_NACIONAL_BENFORD
15,088,01,01,000016,98,9,RELLENO_NACIONAL_BENFORD
15,100,00,01,000019,80,8,RELLENO_NACIONAL_BENFORD
15,109,01,03,000011,85,8,RELLENO_NACIONAL_BENFORD
15,109,02,02,000003,81,8,RELLENO_NACIONAL_BENFORD
15,109,02,04,000007,97,9,RELLENO_NACIONAL_BENFORD
15,109,03,01,000016,92,9,RELLENO_NACIONAL_BENFORD
15,109,03,05,000010,96,9,RELLENO_NACIONAL_BENFORD
15,109,03,09,000006,94,9,RELLENO_NACIONAL_BENFORD
21,042,99,15,000002,98,9,RELLENO_NACIONAL_BENFORD
21,046,99,29,000004,88,8,RELLENO_NACIONAL_BENFORD
21,048,00,00,000008,91,9,RELLENO_NACIONAL_BENFORD
21,048,99,16,000001,99,9,RELLENO_NACIONAL_BENFORD
21,052,01,01,000009,95,9,RELLENO_NACIONAL_BENFORD
21,052,02,01,000002,82,8,RELLENO_NACIONAL_BENFORD
21,052,02,01,000005,84,8,RELLENO_NACIONAL_BENFORD
21,052,02,02,000015,82,8,RELLENO_NACIONAL_BENFORD
21,052,99,03,000001,99,9,RELLENO_NACIONAL_BENFORD
21,055,00,00,000006,90,9,RELLENO_NACIONAL_BENFORD
21,055,99,20,000003,92,9,RELLENO_NACIONAL_BENFORD
21,060,99,33,000003,90,9,RELLENO_NACIONAL_BENFORD
21,067,00,00,000011,86,8,RELLENO_NACIONAL_BENFORD
21,070,99,01,000002,88,8,RELLENO_NACIONAL_BENFORD
21,079,00,00,000006,80,8,RELLENO_NACIONAL_BENFORD
21,079,99,15,000002,85,8,RELLENO_NACIONAL_BENFORD
21,085,00,00,000009,82,8,RELLENO_NACIONAL_BENFORD
21,085,00,00,000010,84,8,RELLENO_NACIONAL_BENFORD
23,001,01,03,000024,96,9,RELLENO_NACIONAL_BENFORD
23,001,03,02,000003,89,8,RELLENO_NACIONAL_BENFORD
23,001,03,05,000011,89,8,RELLENO_NACIONAL_BENFORD
23,001,04,01,000003,87,8,RELLENO_NACIONAL_BENFORD
23,001,04,02,000008,83,8,RELLENO_NACIONAL_BENFORD
23,001,05,03,000018,98,9,RELLENO_NACIONAL_BENFORD
23,001,06,05,000008,99,9,RELLENO_NACIONAL_BENFORD
23,001,99,23,000001,83,8,RELLENO_NACIONAL_BENFORD
23,007,00,00,000006,81,8,RELLENO_NACIONAL_BENFORD
23,019,00,02,000012,94,9,RELLENO_NACIONAL_BENFORD
23,019,99,21,000004,97,9,RELLENO_NACIONAL_BENFORD
23,037,00,01,000003,91,9,RELLENO_NACIONAL_BENFORD
23,040,99,34,000001,9,9,RELLENO_NACIONAL_BENFORD
23,058,00,00,000002,89,8,RELLENO_NACIONAL_BENFORD
23,067,01,04,000012,94,9,RELLENO_NACIONAL_BENFORD
23,067,02,05,000003,85,8,RELLENO_NACIONAL_BENFORD
23,094,99,15,000001,9,9,RELLENO_NACIONAL_BENFORD
23,095,00,00,000030,8,8,RELLENO_NACIONAL_BENFORD
23,097,00,00,000004,86,8,RELLENO_NACIONAL_BENFORD
23,121,00,00,000007,98,9,RELLENO_NACIONAL_BENFORD
23,130,99,03,000001,90,9,RELLENO_NACIONAL_BENFORD
23,130,99,05,000001,96,9,RELLENO_NACIONAL_BENFORD
23,133,99,50,000004,8,8,RELLENO_NACIONAL_BENFORD
23,139,02,01,000018,9,9,RELLENO_NACIONAL_BENFORD
23,139,99,C1,000001,9,9,RELLENO_NACIONAL_BENFORD
24,001,01,01,000001,92,9,RELLENO_NACIONAL_BENFORD
46,001,03,01,000018,96,9,RELLENO_NACIONAL_BENFORD
46,001,03,02,000005,93,9,RELLENO_NACIONAL_BENFORD
46,320,99,06,000001,83,8,RELLENO_NACIONAL_BENFORD
46,680,02,01,000019,85,8,RELLENO_NACIONAL_BENFORD
46,680,99,54,000002,86,8,RELLENO_NACIONAL_BENFORD
46,840,99,88,000001,99,9,RELLENO_NACIONAL_BENFORD
03,001,28,01,000006,83,8,RELLENO_NACIONAL_BENFORD
03,001,29,01,000007,87,8,RELLENO_NACIONAL_BENFORD
03,001,29,04,000003,92,9,RELLENO_NACIONAL_BENFORD
03,001,30,01,000004,94,9,RELLENO_NACIONAL_BENFORD
03,001,30,03,000013,91,9,RELLENO_NACIONAL_BENFORD
03,001,31,05,000030,81,8,RELLENO_NACIONAL_BENFORD
03,001,31,06,000015,87,8,RELLENO_NACIONAL_BENFORD
03,001,31,06,000018,86,8,RELLENO_NACIONAL_BENFORD
03,001,33,04,000021,89,8,RELLENO_NACIONAL_BENFORD
03,001,34,02,000021,89,8,RELLENO_NACIONAL_BENFORD
31,079,04,02,000005,95,9,RELLENO_NACIONAL_BENFORD
31,079,04,05,000001,94,9,RELLENO_NACIONAL_BENFORD
31,079,06,04,000007,86,8,RELLENO_NACIONAL_BENFORD
31,079,08,01,000013,82,8,RELLENO_NACIONAL_BENFORD
31,079,99,04,000002,95,9,RELLENO_NACIONAL_BENFORD
31,079,99,07,000013,90,9,RELLENO_NACIONAL_BENFORD
31,079,99,40,000007,8,8,RELLENO_NACIONAL_BENFORD
31,088,99,15,000001,91,9,RELLENO_NACIONAL_BENFORD
31,091,02,03,000005,99,9,RELLENO_NACIONAL_BENFORD
31,097,99,17,000001,99,9,RELLENO_NACIONAL_BENFORD
31,100,00,00,000022,98,9,RELLENO_NACIONAL_BENFORD
31,103,00,02,000003,86,8,RELLENO_NACIONAL_BENFORD
31,106,02,01,000014,86,8,RELLENO_NACIONAL_BENFORD
31,106,05,03,000004,83,8,RELLENO_NACIONAL_BENFORD
31,106,07,01,000002,97,9,RELLENO_NACIONAL_BENFORD
31,106,07,01,000017,86,8,RELLENO_NACIONAL_BENFORD
31,106,07,02,000005,99,9,RELLENO_NACIONAL_BENFORD
31,112,99,18,000001,9,9,RELLENO_NACIONAL_BENFORD
31,115,00,00,000002,98,9,RELLENO_NACIONAL_BENFORD
31,118,99,01,000001,94,9,RELLENO_NACIONAL_BENFORD
31,121,01,03,000004,99,9,RELLENO_NACIONAL_BENFORD
31,121,02,02,000006,88,8,RELLENO_NACIONAL_BENFORD
31,121,02,02,000021,8,8,RELLENO_NACIONAL_BENFORD
31,121,04,05,000002,87,8,RELLENO_NACIONAL_BENFORD
31,121,99,13,000001,84,8,RELLENO_NACIONAL_BENFORD
31,124,01,02,000006,95,9,RELLENO_NACIONAL_BENFORD
31,124,02,01,000007,96,9,RELLENO_NACIONAL_BENFORD
31,124,02,02,000004,95,9,RELLENO_NACIONAL_BENFORD
31,124,99,09,000001,88,8,RELLENO_NACIONAL_BENFORD
40,001,01,02,000012,99,9,RELLENO_NACIONAL_BENFORD
40,001,02,03,000022,95,9,RELLENO_NACIONAL_BENFORD
40,001,03,03,000024,83,8,RELLENO_NACIONAL_BENFORD
40,005,02,01,000009,93,9,RELLENO_NACIONAL_BENFORD
40,010,01,01,000012,91,9,RELLENO_NACIONAL_BENFORD
40,010,01,02,000001,84,8,RELLENO_NACIONAL_BENFORD
40,025,01,03,000012,81,8,RELLENO_NACIONAL_BENFORD
40,025,02,01,000006,87,8,RELLENO_NACIONAL_BENFORD
44,001,01,01,000020,98,9,RELLENO_NACIONAL_BENFORD
44,001,01,02,000013,92,9,RELLENO_NACIONAL_BENFORD
44,001,01,03,000001,94,9,RELLENO_NACIONAL_BENFORD
44,001,01,03,000010,96,9,RELLENO_NACIONAL_BENFORD
44,001,01,05,000003,80,8,RELLENO_NACIONAL_BENFORD
44,001,01,07,000012,95,9,RELLENO_NACIONAL_BENFORD
44,001,01,07,000013,84,8,RELLENO_NACIONAL_BENFORD
44,001,02,05,000003,89,8,RELLENO_NACIONAL_BENFORD
44,001,03,05,000005,99,9,RELLENO_NACIONAL_BENFORD
44,001,04,01,000011,95,9,RELLENO_NACIONAL_BENFORD
44,001,04,04,000004,81,8,RELLENO_NACIONAL_BENFORD
44,001,04,05,000011,81,8,RELLENO_NACIONAL_BENFORD
44,001,04,06,000015,98,9,RELLENO_NACIONAL_BENFORD
44,001,04,06,000016,93,9,RELLENO_NACIONAL_BENFORD
44,001,04,07,000003,82,8,RELLENO_NACIONAL_BENFORD
44,001,04,07,000005,84,8,RELLENO_NACIONAL_BENFORD
44,004,00,00,000015,97,9,RELLENO_NACIONAL_BENFORD
44,006,00,00,000021,84,8,RELLENO_NACIONAL_BENFORD
44,006,00,00,000022,96,9,RELLENO_NACIONAL_BENFORD
44,009,00,01,000022,89,8,RELLENO_NACIONAL_BENFORD
44,009,00,02,000017,91,9,RELLENO_NACIONAL_BENFORD
44,009,99,60,000001,98,9,RELLENO_NACIONAL_BENFORD
44,012,00,00,000013,81,8,RELLENO_NACIONAL_BENFORD
44,020,00,01,000011,86,8,RELLENO_NACIONAL_BENFORD
44,020,99,80,000003,82,8,RELLENO_NACIONAL_BENFORD
01,218,03,03,000004,99,9,RELLENO_NACIONAL_BENFORD
01,220,00,00,000021,92,9,RELLENO_NACIONAL_BENFORD
01,237,01,01,000021,85,8,RELLENO_NACIONAL_BENFORD
01,237,02,01,000008,80,8,RELLENO_NACIONAL_BENFORD
01,237,02,02,000003,95,9,RELLENO_NACIONAL_BENFORD
01,256,02,01,000023,84,8,RELLENO_NACIONAL_BENFORD
01,268,00,00,000027,84,8,RELLENO_NACIONAL_BENFORD
01,274,00,02,000002,85,8,RELLENO_NACIONAL_BENFORD
01,280,02,01,000012,87,8,RELLENO_NACIONAL_BENFORD
01,283,01,01,000014,89,8,RELLENO_NACIONAL_BENFORD
01,283,02,01,000012,92,9,RELLENO_NACIONAL_BENFORD
01,290,00,02,000012,84,8,RELLENO_NACIONAL_BENFORD
01,295,01,05,000005,88,8,RELLENO_NACIONAL_BENFORD
01,295,01,06,000002,95,9,RELLENO_NACIONAL_BENFORD
01,295,02,02,000006,82,8,RELLENO_NACIONAL_BENFORD
03,001,01,01,000005,82,8,RELLENO_NACIONAL_BENFORD
03,001,03,01,000021,98,9,RELLENO_NACIONAL_BENFORD
03,001,03,04,000017,91,9,RELLENO_NACIONAL_BENFORD
03,001,04,04,000001,92,9,RELLENO_NACIONAL_BENFORD
03,001,06,01,000013,85,8,RELLENO_NACIONAL_BENFORD
03,001,06,02,000007,90,9,RELLENO_NACIONAL_BENFORD
03,001,08,02,000008,88,8,RELLENO_NACIONAL_BENFORD
03,001,09,01,000002,86,8,RELLENO_NACIONAL_BENFORD
03,001,09,03,000005,98,9,RELLENO_NACIONAL_BENFORD
03,001,09,03,000013,88,8,RELLENO_NACIONAL_BENFORD
03,001,10,02,000012,92,9,RELLENO_NACIONAL_BENFORD
03,001,10,02,000013,89,8,RELLENO_NACIONAL_BENFORD
03,001,13,01,000006,94,9,RELLENO_NACIONAL_BENFORD
03,001,13,01,000008,90,9,RELLENO_NACIONAL_BENFORD
03,001,14,03,000009,81,8,RELLENO_NACIONAL_BENFORD
03,001,15,02,000002,89,8,RELLENO_NACIONAL_BENFORD
03,001,17,01,000003,92,9,RELLENO_NACIONAL_BENFORD
03,001,19,01,000013,82,8,RELLENO_NACIONAL_BENFORD
03,001,19,02,000003,94,9,RELLENO_NACIONAL_BENFORD
03,001,19,02,000005,98,9,RELLENO_NACIONAL_BENFORD
03,001,19,02,000019,84,8,RELLENO_NACIONAL_BENFORD
03,001,20,03,000005,88,8,RELLENO_NACIONAL_BENFORD
03,001,20,04,000007,95,9,RELLENO_NACIONAL_BENFORD
03,001,20,04,000017,95,9,RELLENO_NACIONAL_BENFORD
16,001,06,01,000012,97,9,RELLENO_NACIONAL_BENFORD
16,001,06,01,000015,93,9,RELLENO_NACIONAL_BENFORD
16,001,06,05,000015,96,9,RELLENO_NACIONAL_BENFORD
25,100,01,05,000004,85,8,RELLENO_NACIONAL_BENFORD
25,100,01,07,000005,94,9,RELLENO_NACIONAL_BENFORD
15,109,01,03,000007,88,8,RELLENO_NACIONAL_BENFORD
15,109,02,02,000006,86,8,RELLENO_NACIONAL_BENFORD
15,109,02,04,000010,89,8,RELLENO_NACIONAL_BENFORD
15,109,03,08,000002,96,9,RELLENO_NACIONAL_BENFORD
21,042,99,07,000002,86,8,RELLENO_NACIONAL_BENFORD
21,052,02,01,000007,91,9,RELLENO_NACIONAL_BENFORD
21,052,02,02,000003,99,9,RELLENO_NACIONAL_BENFORD
21,052,90,01,000003,90,9,RELLENO_NACIONAL_BENFORD
21,073,99,01,000001,87,8,RELLENO_NACIONAL_BENFORD
21,078,00,00,000007,97,9,RELLENO_NACIONAL_BENFORD
21,078,00,00,000008,91,9,RELLENO_NACIONAL_BENFORD
21,079,00,00,000013,83,8,RELLENO_NACIONAL_BENFORD
23,001,01,02,000004,93,9,RELLENO_NACIONAL_BENFORD
23,001,01,03,000014,96,9,RELLENO_NACIONAL_BENFORD
23,001,02,02,000003,84,8,RELLENO_NACIONAL_BENFORD
23,001,02,03,000003,92,9,RELLENO_NACIONAL_BENFORD
23,001,04,03,000002,91,9,RELLENO_NACIONAL_BENFORD
23,001,04,03,000008,80,8,RELLENO_NACIONAL_BENFORD
23,001,05,01,000009,94,9,RELLENO_NACIONAL_BENFORD
23,001,07,05,000006,85,8,RELLENO_NACIONAL_BENFORD
23,001,99,26,000002,8,8,RELLENO_NACIONAL_BENFORD
23,004,99,30,000001,92,9,RELLENO_NACIONAL_BENFORD
23,007,00,00,000001,91,9,RELLENO_NACIONAL_BENFORD
23,022,99,03,000001,83,8,RELLENO_NACIONAL_BENFORD
23,028,00,00,000004,87,8,RELLENO_NACIONAL_BENFORD
23,038,00,01,000011,82,8,RELLENO_NACIONAL_BENFORD
23,043,99,09,000009,83,8,RELLENO_NACIONAL_BENFORD
23,043,99,09,000011,88,8,RELLENO_NACIONAL_BENFORD
23,046,00,00,000024,88,8,RELLENO_NACIONAL_BENFORD
23,046,00,00,000025,84,8,RELLENO_NACIONAL_BENFORD
23,067,01,01,000004,89,8,RELLENO_NACIONAL_BENFORD
23,073,00,00,000009,86,8,RELLENO_NACIONAL_BENFORD
23,076,00,00,000002,89,8,RELLENO_NACIONAL_BENFORD
23,076,99,03,000001,81,8,RELLENO_NACIONAL_BENFORD
23,079,00,01,000010,96,9,RELLENO_NACIONAL_BENFORD
23,079,00,02,000011,80,8,RELLENO_NACIONAL_BENFORD
23,103,00,00,000001,96,9,RELLENO_NACIONAL_BENFORD
23,103,00,00,000005,86,8,RELLENO_NACIONAL_BENFORD
23,103,00,00,000008,85,8,RELLENO_NACIONAL_BENFORD
23,118,00,00,000007,89,8,RELLENO_NACIONAL_BENFORD
23,118,00,00,000011,85,8,RELLENO_NACIONAL_BENFORD
23,139,02,01,000022,8,8,RELLENO_NACIONAL_BENFORD
23,139,99,45,000002,8,8,RELLENO_NACIONAL_BENFORD
23,145,00,00,000002,90,9,RELLENO_NACIONAL_BENFORD
46,001,04,01,000030,97,9,RELLENO_NACIONAL_BENFORD
03,001,30,04,000038,92,9,RELLENO_NACIONAL_BENFORD
03,001,31,02,000018,85,8,RELLENO_NACIONAL_BENFORD
03,001,35,01,000007,98,9,RELLENO_NACIONAL_BENFORD
31,079,01,04,000004,94,9,RELLENO_NACIONAL_BENFORD
31,079,01,07,000001,80,8,RELLENO_NACIONAL_BENFORD
31,079,02,01,000014,91,9,RELLENO_NACIONAL_BENFORD
31,079,02,04,000021,91,9,RELLENO_NACIONAL_BENFORD
31,079,02,04,000022,86,8,RELLENO_NACIONAL_BENFORD
31,079,04,06,000005,85,8,RELLENO_NACIONAL_BENFORD
31,079,99,04,000001,91,9,RELLENO_NACIONAL_BENFORD
31,088,99,17,000010,96,9,RELLENO_NACIONAL_BENFORD
31,106,08,02,000005,83,8,RELLENO_NACIONAL_BENFORD
31,118,00,00,000013,97,9,RELLENO_NACIONAL_BENFORD
31,121,04,07,000002,84,8,RELLENO_NACIONAL_BENFORD
40,010,99,07,000002,97,9,RELLENO_NACIONAL_BENFORD
44,001,99,91,000001,86,8,RELLENO_NACIONAL_BENFORD
44,010,02,01,000008,87,8,RELLENO_NACIONAL_BENFORD
01,226,00,00,000032,99,9,RELLENO_NACIONAL_BENFORD
01,280,01,02,000003,83,8,RELLENO_NACIONAL_BENFORD
01,280,03,02,000001,84,8,RELLENO_NACIONAL_BENFORD
01,280,99,03,000002,95,9,RELLENO_NACIONAL_BENFORD
01,280,99,03,000013,80,8,RELLENO_NACIONAL_BENFORD
01,283,01,01,000013,90,9,RELLENO_NACIONAL_BENFORD
01,300,00,01,000021,84,8,RELLENO_NACIONAL_BENFORD
03,001,02,02,000005,84,8,RELLENO_NACIONAL_BENFORD
03,001,03,01,000034,96,9,RELLENO_NACIONAL_BENFORD
03,001,06,01,000005,86,8,RELLENO_NACIONAL_BENFORD
03,001,06,01,000006,86,8,RELLENO_NACIONAL_BENFORD
03,001,08,01,000012,87,8,RELLENO_NACIONAL_BENFORD
03,001,13,01,000007,94,9,RELLENO_NACIONAL_BENFORD
03,001,13,01,000009,86,8,RELLENO_NACIONAL_BENFORD
03,001,15,01,000006,87,8,RELLENO_NACIONAL_BENFORD
03,001,16,01,000007,98,9,RELLENO_NACIONAL_BENFORD
03,001,16,01,000020,96,9,RELLENO_NACIONAL_BENFORD
03,001,16,03,000005,81,8,RELLENO_NACIONAL_BENFORD
03,001,16,03,000013,94,9,RELLENO_NACIONAL_BENFORD
03,001,19,01,000015,95,9,RELLENO_NACIONAL_BENFORD
03,001,19,02,000002,89,8,RELLENO_NACIONAL_BENFORD
03,001,20,02,000001,84,8,RELLENO_NACIONAL_BENFORD
03,001,20,04,000019,97,9,RELLENO_NACIONAL_BENFORD
03,001,20,04,000040,80,8,RELLENO_NACIONAL_BENFORD
03,001,21,01,000008,93,9,RELLENO_NACIONAL_BENFORD
03,001,21,01,000010,96,9,RELLENO_NACIONAL_BENFORD
03,001,21,01,000011,85,8,RELLENO_NACIONAL_BENFORD
03,001,21,02,000008,82,8,RELLENO_NACIONAL_BENFORD
16,001,06,30,000008,88,8,RELLENO_NACIONAL_BENFORD
16,001,07,01,000020,88,8,RELLENO_NACIONAL_BENFORD
16,001,07,04,000015,80,8,RELLENO_NACIONAL_BENFORD
15,088,01,05,000009,92,9,RELLENO_NACIONAL_BENFORD
15,088,02,10,000009,85,8,RELLENO_NACIONAL_BENFORD
15,094,02,05,000006,82,8,RELLENO_NACIONAL_BENFORD
15,094,99,30,000008,87,8,RELLENO_NACIONAL_BENFORD
15,109,02,01,000013,90,9,RELLENO_NACIONAL_BENFORD
15,109,02,04,000009,93,9,RELLENO_NACIONAL_BENFORD
15,109,03,03,000012,85,8,RELLENO_NACIONAL_BENFORD
21,052,01,01,000002,96,9,RELLENO_NACIONAL_BENFORD
21,052,02,02,000008,95,9,RELLENO_NACIONAL_BENFORD
21,070,00,00,000014,92,9,RELLENO_NACIONAL_BENFORD
23,001,01,01,000008,96,9,RELLENO_NACIONAL_BENFORD
23,001,01,06,000001,98,9,RELLENO_NACIONAL_BENFORD
23,001,03,01,000003,99,9,RELLENO_NACIONAL_BENFORD
23,001,04,01,000005,99,9,RELLENO_NACIONAL_BENFORD
23,001,04,01,000008,96,9,RELLENO_NACIONAL_BENFORD
23,004,00,02,000008,83,8,RELLENO_NACIONAL_BENFORD
23,013,00,00,000003,86,8,RELLENO_NACIONAL_BENFORD
23,041,99,02,000001,9,9,RELLENO_NACIONAL_BENFORD
23,052,00,00,000001,91,9,RELLENO_NACIONAL_BENFORD
23,052,00,00,000008,81,8,RELLENO_NACIONAL_BENFORD
23,067,01,07,000006,94,9,RELLENO_NACIONAL_BENFORD
23,085,00,00,000008,93,9,RELLENO_NACIONAL_BENFORD
23,100,00,00,000004,91,9,RELLENO_NACIONAL_BENFORD
23,142,99,29,000006,8,8,RELLENO_NACIONAL_BENFORD
46,040,02,01,000016,97,9,RELLENO_NACIONAL_BENFORD
03,001,28,01,000011,98,9,RELLENO_NACIONAL_BENFORD
03,001,29,01,000010,93,9,RELLENO_NACIONAL_BENFORD
03,001,29,05,000004,97,9,RELLENO_NACIONAL_BENFORD
03,001,30,04,000031,97,9,RELLENO_NACIONAL_BENFORD
03,001,31,03,000002,95,9,RELLENO_NACIONAL_BENFORD
03,001,34,02,000026,98,9,RELLENO_NACIONAL_BENFORD
31,079,02,03,000003,80,8,RELLENO_NACIONAL_BENFORD
31,079,03,03,000003,82,8,RELLENO_NACIONAL_BENFORD
31,079,03,04,000001,98,9,RELLENO_NACIONAL_BENFORD
31,079,04,05,000006,85,8,RELLENO_NACIONAL_BENFORD
31,079,05,05,000005,97,9,RELLENO_NACIONAL_BENFORD
31,079,07,01,000006,96,9,RELLENO_NACIONAL_BENFORD
31,079,10,01,000006,84,8,RELLENO_NACIONAL_BENFORD
31,079,99,04,000005,94,9,RELLENO_NACIONAL_BENFORD
31,079,99,40,000001,88,8,RELLENO_NACIONAL_BENFORD
31,082,02,01,000003,96,9,RELLENO_NACIONAL_BENFORD
31,085,99,01,000001,95,9,RELLENO_NACIONAL_BENFORD
31,088,99,09,000001,96,9,RELLENO_NACIONAL_BENFORD
31,097,02,02,000013,83,8,RELLENO_NACIONAL_BENFORD
31,103,00,01,000025,86,8,RELLENO_NACIONAL_BENFORD
31,106,01,01,000016,93,9,RELLENO_NACIONAL_BENFORD
31,106,06,02,000001,94,9,RELLENO_NACIONAL_BENFORD
31,106,99,01,000001,85,8,RELLENO_NACIONAL_BENFORD
31,118,00,00,000001,96,9,RELLENO_NACIONAL_BENFORD
31,118,99,21,000002,81,8,RELLENO_NACIONAL_BENFORD
31,124,01,01,000008,97,9,RELLENO_NACIONAL_BENFORD
31,124,02,02,000005,97,9,RELLENO_NACIONAL_BENFORD
40,005,99,71,000002,88,8,RELLENO_NACIONAL_BENFORD
40,025,99,60,000003,94,9,RELLENO_NACIONAL_BENFORD
44,005,00,00,000041,94,9,RELLENO_NACIONAL_BENFORD
44,010,02,01,000009,84,8,RELLENO_NACIONAL_BENFORD
01,218,02,01,000014,97,9,RELLENO_NACIONAL_BENFORD
01,247,01,01,000014,91,9,RELLENO_NACIONAL_BENFORD
01,247,02,02,000004,90,9,RELLENO_NACIONAL_BENFORD
01,253,99,09,000003,82,8,RELLENO_NACIONAL_BENFORD
01,259,01,01,000010,97,9,RELLENO_NACIONAL_BENFORD
01,262,99,50,000001,88,8,RELLENO_NACIONAL_BENFORD
01,283,02,02,000008,99,9,RELLENO_NACIONAL_BENFORD
01,283,99,21,000002,91,9,RELLENO_NACIONAL_BENFORD
01,295,01,03,000006,98,9,RELLENO_NACIONAL_BENFORD
01,295,02,02,000007,89,8,RELLENO_NACIONAL_BENFORD
01,298,00,02,000008,96,9,RELLENO_NACIONAL_BENFORD
01,298,00,02,000014,87,8,RELLENO_NACIONAL_BENFORD
03,001,01,03,000020,92,9,RELLENO_NACIONAL_BENFORD
03,001,01,03,000021,98,9,RELLENO_NACIONAL_BENFORD
03,001,04,01,000005,97,9,RELLENO_NACIONAL_BENFORD
03,001,04,02,000004,85,8,RELLENO_NACIONAL_BENFORD
03,001,06,02,000008,93,9,RELLENO_NACIONAL_BENFORD
03,001,07,03,000011,90,9,RELLENO_NACIONAL_BENFORD
03,001,07,03,000021,83,8,RELLENO_NACIONAL_BENFORD
03,001,08,01,000013,86,8,RELLENO_NACIONAL_BENFORD
03,001,09,01,000005,97,9,RELLENO_NACIONAL_BENFORD
03,001,10,01,000006,85,8,RELLENO_NACIONAL_BENFORD
03,001,15,01,000002,81,8,RELLENO_NACIONAL_BENFORD
03,001,17,02,000012,84,8,RELLENO_NACIONAL_BENFORD
03,001,17,03,000007,84,8,RELLENO_NACIONAL_BENFORD
03,001,19,01,000002,80,8,RELLENO_NACIONAL_BENFORD
03,001,19,01,000018,96,9,RELLENO_NACIONAL_BENFORD
03,001,20,03,000018,92,9,RELLENO_NACIONAL_BENFORD
03,001,20,04,000016,92,9,RELLENO_NACIONAL_BENFORD
03,001,21,01,000003,80,8,RELLENO_NACIONAL_BENFORD
16,001,06,03,000003,97,9,RELLENO_NACIONAL_BENFORD
16,001,06,13,000002,97,9,RELLENO_NACIONAL_BENFORD
16,001,06,17,000003,85,8,RELLENO_NACIONAL_BENFORD
16,001,06,31,000005,94,9,RELLENO_NACIONAL_BENFORD
25,097,00,00,000011,84,8,RELLENO_NACIONAL_BENFORD
25,100,02,03,000001,83,8,RELLENO_NACIONAL_BENFORD
26,001,01,05,000007,89,8,RELLENO_NACIONAL_BENFORD
26,001,02,03,000008,86,8,RELLENO_NACIONAL_BENFORD
26,001,02,04,000002,89,8,RELLENO_NACIONAL_BENFORD
26,001,03,02,000012,92,9,RELLENO_NACIONAL_BENFORD
26,001,03,02,000014,93,9,RELLENO_NACIONAL_BENFORD
26,001,03,03,000016,84,8,RELLENO_NACIONAL_BENFORD
26,001,03,04,000007,99,9,RELLENO_NACIONAL_BENFORD
26,001,07,02,000014,91,9,RELLENO_NACIONAL_BENFORD
26,001,08,01,000015,81,8,RELLENO_NACIONAL_BENFORD
26,001,08,01,000017,86,8,RELLENO_NACIONAL_BENFORD
26,001,08,02,000034,86,8,RELLENO_NACIONAL_BENFORD
88,165,10,86,000004,96,9,RELLENO_NACIONAL_BENFORD
88,305,02,82,000001,84,8,RELLENO_NACIONAL_BENFORD
88,305,02,84,000001,99,9,RELLENO_NACIONAL_BENFORD
88,305,05,02,000016,86,8,RELLENO_NACIONAL_BENFORD
88,305,05,02,000017,95,9,RELLENO_NACIONAL_BENFORD
88,305,05,02,000019,82,8,RELLENO_NACIONAL_BENFORD
27,001,12,01,000040,91,9,RELLENO_NACIONAL_BENFORD
27,001,13,04,000031,97,9,RELLENO_NACIONAL_BENFORD
27,001,14,01,000001,93,9,RELLENO_NACIONAL_BENFORD
27,001,14,04,000013,88,8,RELLENO_NACIONAL_BENFORD
27,013,01,03,000005,89,8,RELLENO_NACIONAL_BENFORD
27,013,02,03,000005,94,9,RELLENO_NACIONAL_BENFORD
27,019,01,04,000001,86,8,RELLENO_NACIONAL_BENFORD
16,001,07,05,000026,83,8,RELLENO_NACIONAL_BENFORD
16,001,07,06,000015,99,9,RELLENO_NACIONAL_BENFORD
16,001,07,07,000013,97,9,RELLENO_NACIONAL_BENFORD
16,001,07,23,000027,89,8,RELLENO_NACIONAL_BENFORD
16,001,07,49,000010,8,8,RELLENO_NACIONAL_BENFORD
26,001,09,01,000013,86,8,RELLENO_NACIONAL_BENFORD
26,001,10,03,000013,94,9,RELLENO_NACIONAL_BENFORD
26,010,01,02,000006,86,8,RELLENO_NACIONAL_BENFORD
26,010,02,01,000026,82,8,RELLENO_NACIONAL_BENFORD
26,010,02,03,000016,94,9,RELLENO_NACIONAL_BENFORD
26,040,00,00,000019,93,9,RELLENO_NACIONAL_BENFORD
26,050,01,02,000011,86,8,RELLENO_NACIONAL_BENFORD
26,050,02,01,000017,86,8,RELLENO_NACIONAL_BENFORD
26,060,01,02,000021,91,9,RELLENO_NACIONAL_BENFORD
26,060,02,02,000010,87,8,RELLENO_NACIONAL_BENFORD
26,070,00,00,000013,93,9,RELLENO_NACIONAL_BENFORD
26,080,01,02,000013,97,9,RELLENO_NACIONAL_BENFORD
26,080,01,02,000014,96,9,RELLENO_NACIONAL_BENFORD
26,080,02,01,000004,95,9,RELLENO_NACIONAL_BENFORD
88,355,04,02,000029,8,8,RELLENO_NACIONAL_BENFORD
88,355,04,81,000003,93,9,RELLENO_NACIONAL_BENFORD
88,355,05,02,000003,85,8,RELLENO_NACIONAL_BENFORD
88,355,05,02,000004,81,8,RELLENO_NACIONAL_BENFORD
27,001,01,04,000013,92,9,RELLENO_NACIONAL_BENFORD
27,001,01,06,000006,84,8,RELLENO_NACIONAL_BENFORD
27,001,02,05,000009,86,8,RELLENO_NACIONAL_BENFORD
27,001,03,01,000022,81,8,RELLENO_NACIONAL_BENFORD
27,001,03,01,000031,91,9,RELLENO_NACIONAL_BENFORD
27,001,03,01,000040,87,8,RELLENO_NACIONAL_BENFORD
27,001,03,02,000037,83,8,RELLENO_NACIONAL_BENFORD
27,001,03,03,000022,96,9,RELLENO_NACIONAL_BENFORD
27,001,03,03,000042,8,8,RELLENO_NACIONAL_BENFORD
27,001,03,04,000005,99,9,RELLENO_NACIONAL_BENFORD
27,001,05,01,000024,80,8,RELLENO_NACIONAL_BENFORD
27,001,05,03,000005,97,9,RELLENO_NACIONAL_BENFORD
27,001,05,03,000009,91,9,RELLENO_NACIONAL_BENFORD
27,001,06,03,000016,82,8,RELLENO_NACIONAL_BENFORD
27,001,06,03,000017,80,8,RELLENO_NACIONAL_BENFORD
27,001,08,02,000015,97,9,RELLENO_NACIONAL_BENFORD
27,001,08,03,000032,94,9,RELLENO_NACIONAL_BENFORD
27,001,09,02,000009,95,9,RELLENO_NACIONAL_BENFORD
27,001,11,01,000012,91,9,RELLENO_NACIONAL_BENFORD
88,360,40,02,000058,84,8,RELLENO_NACIONAL_BENFORD
88,360,55,02,000028,8,8,RELLENO_NACIONAL_BENFORD
88,360,55,02,000034,9,9,RELLENO_NACIONAL_BENFORD
88,360,57,11,000002,90,9,RELLENO_NACIONAL_BENFORD
88,360,60,02,000015,8,8,RELLENO_NACIONAL_BENFORD
88,380,05,10,000002,82,8,RELLENO_NACIONAL_BENFORD
16,001,05,52,000001,92,9,RELLENO_NACIONAL_BENFORD
15,094,01,05,000006,93,9,RELLENO_NACIONAL_BENFORD
15,109,01,03,000013,81,8,RELLENO_NACIONAL_BENFORD
21,040,99,70,000003,84,8,RELLENO_NACIONAL_BENFORD
21,049,01,01,000001,91,9,RELLENO_NACIONAL_BENFORD
21,052,01,01,000007,88,8,RELLENO_NACIONAL_BENFORD
21,052,02,01,000015,80,8,RELLENO_NACIONAL_BENFORD
21,052,02,02,000002,95,9,RELLENO_NACIONAL_BENFORD
21,060,00,00,000016,87,8,RELLENO_NACIONAL_BENFORD
21,079,00,00,000005,86,8,RELLENO_NACIONAL_BENFORD
21,079,00,00,000012,80,8,RELLENO_NACIONAL_BENFORD
21,079,00,00,000016,90,9,RELLENO_NACIONAL_BENFORD
21,079,99,01,000003,9,9,RELLENO_NACIONAL_BENFORD
21,090,00,00,000007,98,9,RELLENO_NACIONAL_BENFORD
23,001,01,03,000012,90,9,RELLENO_NACIONAL_BENFORD
23,001,01,03,000023,96,9,RELLENO_NACIONAL_BENFORD
23,001,01,06,000002,99,9,RELLENO_NACIONAL_BENFORD
23,001,02,01,000012,99,9,RELLENO_NACIONAL_BENFORD
23,001,03,01,000006,93,9,RELLENO_NACIONAL_BENFORD
23,001,03,03,000002,93,9,RELLENO_NACIONAL_BENFORD
23,001,04,02,000015,84,8,RELLENO_NACIONAL_BENFORD
23,001,05,02,000003,93,9,RELLENO_NACIONAL_BENFORD
23,001,05,03,000010,83,8,RELLENO_NACIONAL_BENFORD
23,001,05,05,000004,97,9,RELLENO_NACIONAL_BENFORD
23,001,07,05,000005,87,8,RELLENO_NACIONAL_BENFORD
23,001,99,29,000004,86,8,RELLENO_NACIONAL_BENFORD
23,013,00,00,000002,86,8,RELLENO_NACIONAL_BENFORD
23,019,00,02,000010,81,8,RELLENO_NACIONAL_BENFORD
23,019,99,25,000002,95,9,RELLENO_NACIONAL_BENFORD
23,038,00,01,000005,85,8,RELLENO_NACIONAL_BENFORD
23,038,00,01,000009,86,8,RELLENO_NACIONAL_BENFORD
23,038,00,01,000010,93,9,RELLENO_NACIONAL_BENFORD
23,043,00,00,000010,89,8,RELLENO_NACIONAL_BENFORD
23,067,02,01,000013,97,9,RELLENO_NACIONAL_BENFORD
23,067,02,02,000006,80,8,RELLENO_NACIONAL_BENFORD
23,077,00,00,000008,91,9,RELLENO_NACIONAL_BENFORD
23,079,00,01,000017,98,9,RELLENO_NACIONAL_BENFORD
23,079,99,30,000001,92,9,RELLENO_NACIONAL_BENFORD
23,079,99,80,000003,95,9,RELLENO_NACIONAL_BENFORD
23,103,00,00,000009,91,9,RELLENO_NACIONAL_BENFORD
23,106,00,00,000014,99,9,RELLENO_NACIONAL_BENFORD
23,118,00,00,000005,92,9,RELLENO_NACIONAL_BENFORD
23,121,00,00,000001,90,9,RELLENO_NACIONAL_BENFORD
46,001,04,02,000028,95,9,RELLENO_NACIONAL_BENFORD
03,001,28,01,000003,87,8,RELLENO_NACIONAL_BENFORD
03,001,28,03,000002,96,9,RELLENO_NACIONAL_BENFORD
03,001,30,01,000001,96,9,RELLENO_NACIONAL_BENFORD
03,001,31,02,000020,87,8,RELLENO_NACIONAL_BENFORD
31,079,03,02,000001,84,8,RELLENO_NACIONAL_BENFORD
31,079,03,03,000008,92,9,RELLENO_NACIONAL_BENFORD
31,079,05,02,000002,88,8,RELLENO_NACIONAL_BENFORD
31,079,06,03,000009,81,8,RELLENO_NACIONAL_BENFORD
31,079,06,04,000003,87,8,RELLENO_NACIONAL_BENFORD
31,079,09,03,000009,86,8,RELLENO_NACIONAL_BENFORD
31,079,09,04,000004,84,8,RELLENO_NACIONAL_BENFORD
31,079,99,07,000009,92,9,RELLENO_NACIONAL_BENFORD
31,100,00,00,000019,83,8,RELLENO_NACIONAL_BENFORD
31,106,01,02,000012,94,9,RELLENO_NACIONAL_BENFORD
31,106,04,03,000007,92,9,RELLENO_NACIONAL_BENFORD
31,106,99,26,000002,96,9,RELLENO_NACIONAL_BENFORD
31,121,02,03,000008,90,9,RELLENO_NACIONAL_BENFORD
31,121,02,05,000002,85,8,RELLENO_NACIONAL_BENFORD
31,121,99,29,000001,80,8,RELLENO_NACIONAL_BENFORD
40,001,03,03,000023,99,9,RELLENO_NACIONAL_BENFORD
44,001,02,02,000007,98,9,RELLENO_NACIONAL_BENFORD
44,001,02,04,000012,89,8,RELLENO_NACIONAL_BENFORD
44,010,01,04,000004,80,8,RELLENO_NACIONAL_BENFORD
44,012,00,00,000011,83,8,RELLENO_NACIONAL_BENFORD
01,217,00,00,000010,97,9,RELLENO_NACIONAL_BENFORD
01,247,01,01,000015,94,9,RELLENO_NACIONAL_BENFORD
01,250,01,03,000007,96,9,RELLENO_NACIONAL_BENFORD
01,253,00,00,000017,96,9,RELLENO_NACIONAL_BENFORD
01,271,00,00,000016,88,8,RELLENO_NACIONAL_BENFORD
01,280,02,01,000006,92,9,RELLENO_NACIONAL_BENFORD
01,295,02,03,000003,84,8,RELLENO_NACIONAL_BENFORD
01,298,00,01,000022,99,9,RELLENO_NACIONAL_BENFORD
03,001,03,04,000016,85,8,RELLENO_NACIONAL_BENFORD
03,001,04,02,000010,85,8,RELLENO_NACIONAL_BENFORD
03,001,08,02,000004,82,8,RELLENO_NACIONAL_BENFORD
03,001,13,02,000001,82,8,RELLENO_NACIONAL_BENFORD
03,001,16,03,000015,88,8,RELLENO_NACIONAL_BENFORD
03,001,16,03,000019,95,9,RELLENO_NACIONAL_BENFORD
03,001,16,03,000022,95,9,RELLENO_NACIONAL_BENFORD
03,001,16,03,000041,81,8,RELLENO_NACIONAL_BENFORD
03,001,18,01,000019,85,8,RELLENO_NACIONAL_BENFORD
03,001,19,01,000024,85,8,RELLENO_NACIONAL_BENFORD
03,001,19,03,000002,95,9,RELLENO_NACIONAL_BENFORD
03,001,20,01,000014,81,8,RELLENO_NACIONAL_BENFORD
03,001,20,04,000003,97,9,RELLENO_NACIONAL_BENFORD
16,001,06,01,000014,91,9,RELLENO_NACIONAL_BENFORD
16,001,06,31,000007,92,9,RELLENO_NACIONAL_BENFORD
16,001,07,01,000001,93,9,RELLENO_NACIONAL_BENFORD
16,001,07,01,000018,90,9,RELLENO_NACIONAL_BENFORD
16,001,07,01,000032,81,8,RELLENO_NACIONAL_BENFORD
26,001,03,03,000025,93,9,RELLENO_NACIONAL_BENFORD
26,001,06,04,000008,91,9,RELLENO_NACIONAL_BENFORD
88,305,05,86,000019,89,8,RELLENO_NACIONAL_BENFORD
88,330,05,02,000008,82,8,RELLENO_NACIONAL_BENFORD
88,330,05,02,000009,91,9,RELLENO_NACIONAL_BENFORD
88,355,03,06,000005,97,9,RELLENO_NACIONAL_BENFORD
27,001,14,01,000033,96,9,RELLENO_NACIONAL_BENFORD
27,001,17,02,000022,82,8,RELLENO_NACIONAL_BENFORD
27,013,01,03,000004,87,8,RELLENO_NACIONAL_BENFORD
27,013,02,03,000002,80,8,RELLENO_NACIONAL_BENFORD
27,013,02,03,000007,83,8,RELLENO_NACIONAL_BENFORD
27,019,01,01,000001,87,8,RELLENO_NACIONAL_BENFORD
27,019,01,01,000003,81,8,RELLENO_NACIONAL_BENFORD
27,019,01,01,000005,96,9,RELLENO_NACIONAL_BENFORD
16,001,07,07,000016,92,9,RELLENO_NACIONAL_BENFORD
16,001,07,09,000007,89,8,RELLENO_NACIONAL_BENFORD
16,001,07,28,000016,88,8,RELLENO_NACIONAL_BENFORD
16,001,07,43,000004,92,9,RELLENO_NACIONAL_BENFORD
16,001,07,45,000006,89,8,RELLENO_NACIONAL_BENFORD
26,010,02,02,000011,99,9,RELLENO_NACIONAL_BENFORD
26,010,99,10,000015,96,9,RELLENO_NACIONAL_BENFORD
26,060,01,03,000009,81,8,RELLENO_NACIONAL_BENFORD
88,355,05,02,000119,9,9,RELLENO_NACIONAL_BENFORD
88,355,05,04,000005,97,9,RELLENO_NACIONAL_BENFORD
27,001,03,01,000032,83,8,RELLENO_NACIONAL_BENFORD
27,001,05,02,000011,88,8,RELLENO_NACIONAL_BENFORD
27,001,05,05,000007,91,9,RELLENO_NACIONAL_BENFORD
27,001,07,03,000013,96,9,RELLENO_NACIONAL_BENFORD
27,001,07,04,000010,96,9,RELLENO_NACIONAL_BENFORD
27,001,11,01,000020,97,9,RELLENO_NACIONAL_BENFORD
15,109,02,01,000017,86,8,RELLENO_NACIONAL_BENFORD
21,049,99,21,000003,95,9,RELLENO_NACIONAL_BENFORD
21,052,90,01,000005,90,9,RELLENO_NACIONAL_BENFORD
21,052,99,06,000001,87,8,RELLENO_NACIONAL_BENFORD
21,052,99,07,000001,90,9,RELLENO_NACIONAL_BENFORD
21,055,99,20,000002,83,8,RELLENO_NACIONAL_BENFORD
21,058,00,00,000006,89,8,RELLENO_NACIONAL_BENFORD
21,058,00,00,000007,87,8,RELLENO_NACIONAL_BENFORD
21,060,99,10,000001,88,8,RELLENO_NACIONAL_BENFORD
21,070,99,25,000002,96,9,RELLENO_NACIONAL_BENFORD
21,085,99,17,000005,97,9,RELLENO_NACIONAL_BENFORD
21,090,00,00,000009,93,9,RELLENO_NACIONAL_BENFORD
21,095,99,26,000005,9,9,RELLENO_NACIONAL_BENFORD
21,095,99,39,000003,81,8,RELLENO_NACIONAL_BENFORD
23,001,01,01,000012,81,8,RELLENO_NACIONAL_BENFORD
23,001,02,01,000013,85,8,RELLENO_NACIONAL_BENFORD
23,001,04,01,000006,84,8,RELLENO_NACIONAL_BENFORD
23,001,05,01,000002,87,8,RELLENO_NACIONAL_BENFORD
23,001,05,03,000007,95,9,RELLENO_NACIONAL_BENFORD
23,001,06,01,000001,85,8,RELLENO_NACIONAL_BENFORD
23,001,06,07,000008,80,8,RELLENO_NACIONAL_BENFORD
23,001,06,09,000005,88,8,RELLENO_NACIONAL_BENFORD
23,001,07,02,000001,80,8,RELLENO_NACIONAL_BENFORD
23,001,07,06,000018,9,9,RELLENO_NACIONAL_BENFORD
23,007,00,00,000002,83,8,RELLENO_NACIONAL_BENFORD
23,019,00,02,000008,95,9,RELLENO_NACIONAL_BENFORD
23,019,00,02,000011,95,9,RELLENO_NACIONAL_BENFORD
23,019,00,02,000014,83,8,RELLENO_NACIONAL_BENFORD
23,019,99,17,000001,99,9,RELLENO_NACIONAL_BENFORD
23,031,00,00,000026,9,9,RELLENO_NACIONAL_BENFORD
23,044,00,00,000004,85,8,RELLENO_NACIONAL_BENFORD
23,046,00,00,000004,98,9,RELLENO_NACIONAL_BENFORD
23,049,00,00,000008,82,8,RELLENO_NACIONAL_BENFORD
23,058,00,00,000004,90,9,RELLENO_NACIONAL_BENFORD
23,067,01,01,000005,84,8,RELLENO_NACIONAL_BENFORD
23,067,01,02,000003,84,8,RELLENO_NACIONAL_BENFORD
23,067,90,01,000006,80,8,RELLENO_NACIONAL_BENFORD
23,079,99,83,000001,87,8,RELLENO_NACIONAL_BENFORD
23,103,00,00,000010,85,8,RELLENO_NACIONAL_BENFORD
23,120,00,00,000010,80,8,RELLENO_NACIONAL_BENFORD
23,145,00,00,000008,81,8,RELLENO_NACIONAL_BENFORD
23,145,00,00,000009,80,8,RELLENO_NACIONAL_BENFORD
23,145,99,35,000001,94,9,RELLENO_NACIONAL_BENFORD
46,040,99,20,000001,85,8,RELLENO_NACIONAL_BENFORD
46,540,99,10,000001,98,9,RELLENO_NACIONAL_BENFORD
46,560,99,19,000001,97,9,RELLENO_NACIONAL_BENFORD
46,680,99,55,000003,96,9,RELLENO_NACIONAL_BENFORD
03,001,30,03,000003,82,8,RELLENO_NACIONAL_BENFORD
03,001,30,03,000007,93,9,RELLENO_NACIONAL_BENFORD
03,001,30,03,000014,82,8,RELLENO_NACIONAL_BENFORD
03,001,31,01,000005,97,9,RELLENO_NACIONAL_BENFORD
03,001,31,02,000016,97,9,RELLENO_NACIONAL_BENFORD
03,001,31,02,000023,81,8,RELLENO_NACIONAL_BENFORD
03,001,31,06,000024,91,9,RELLENO_NACIONAL_BENFORD
31,076,99,17,000002,83,8,RELLENO_NACIONAL_BENFORD
31,079,02,05,000022,93,9,RELLENO_NACIONAL_BENFORD
31,079,03,05,000003,98,9,RELLENO_NACIONAL_BENFORD
31,079,04,03,000001,80,8,RELLENO_NACIONAL_BENFORD
31,079,06,02,000004,86,8,RELLENO_NACIONAL_BENFORD
31,079,09,02,000002,86,8,RELLENO_NACIONAL_BENFORD
31,079,09,03,000003,97,9,RELLENO_NACIONAL_BENFORD
31,079,10,02,000006,89,8,RELLENO_NACIONAL_BENFORD
31,079,99,77,000007,91,9,RELLENO_NACIONAL_BENFORD
31,082,01,01,000001,82,8,RELLENO_NACIONAL_BENFORD
31,082,02,01,000006,90,9,RELLENO_NACIONAL_BENFORD
31,082,02,01,000009,87,8,RELLENO_NACIONAL_BENFORD
31,082,02,02,000003,84,8,RELLENO_NACIONAL_BENFORD
31,085,99,03,000001,81,8,RELLENO_NACIONAL_BENFORD
31,088,99,01,000001,98,9,RELLENO_NACIONAL_BENFORD
31,091,01,03,000009,86,8,RELLENO_NACIONAL_BENFORD
31,091,01,03,000011,91,9,RELLENO_NACIONAL_BENFORD
31,091,02,02,000007,93,9,RELLENO_NACIONAL_BENFORD
31,091,02,03,000009,91,9,RELLENO_NACIONAL_BENFORD
31,091,99,20,000005,87,8,RELLENO_NACIONAL_BENFORD
31,094,99,29,000003,80,8,RELLENO_NACIONAL_BENFORD
31,097,99,36,000001,84,8,RELLENO_NACIONAL_BENFORD
31,100,00,00,000023,91,9,RELLENO_NACIONAL_BENFORD
31,103,00,01,000019,97,9,RELLENO_NACIONAL_BENFORD
31,106,06,02,000020,92,9,RELLENO_NACIONAL_BENFORD
31,121,01,03,000012,84,8,RELLENO_NACIONAL_BENFORD
31,121,01,06,000007,86,8,RELLENO_NACIONAL_BENFORD
31,121,02,03,000006,96,9,RELLENO_NACIONAL_BENFORD
31,124,02,02,000009,87,8,RELLENO_NACIONAL_BENFORD
40,001,01,01,000012,88,8,RELLENO_NACIONAL_BENFORD
40,001,03,01,000013,92,9,RELLENO_NACIONAL_BENFORD
40,005,01,03,000011,83,8,RELLENO_NACIONAL_BENFORD
40,005,99,60,000007,9,9,RELLENO_NACIONAL_BENFORD
40,005,99,72,000001,98,9,RELLENO_NACIONAL_BENFORD
40,010,99,05,000005,92,9,RELLENO_NACIONAL_BENFORD
40,010,99,45,000001,87,8,RELLENO_NACIONAL_BENFORD
40,025,01,02,000013,88,8,RELLENO_NACIONAL_BENFORD
40,025,01,03,000005,83,8,RELLENO_NACIONAL_BENFORD
40,025,02,02,000019,81,8,RELLENO_NACIONAL_BENFORD
44,001,01,01,000016,98,9,RELLENO_NACIONAL_BENFORD
44,001,01,05,000004,80,8,RELLENO_NACIONAL_BENFORD
44,001,01,06,000003,83,8,RELLENO_NACIONAL_BENFORD
44,001,01,07,000015,95,9,RELLENO_NACIONAL_BENFORD
44,001,01,08,000007,96,9,RELLENO_NACIONAL_BENFORD
44,001,01,09,000006,83,8,RELLENO_NACIONAL_BENFORD
44,001,02,01,000019,81,8,RELLENO_NACIONAL_BENFORD
44,001,03,04,000003,97,9,RELLENO_NACIONAL_BENFORD
44,001,04,04,000010,88,8,RELLENO_NACIONAL_BENFORD
44,001,99,76,000002,97,9,RELLENO_NACIONAL_BENFORD
44,003,00,00,000034,85,8,RELLENO_NACIONAL_BENFORD
44,004,00,00,000013,85,8,RELLENO_NACIONAL_BENFORD
44,005,00,00,000031,99,9,RELLENO_NACIONAL_BENFORD
44,006,00,00,000025,90,9,RELLENO_NACIONAL_BENFORD
44,009,00,01,000025,86,8,RELLENO_NACIONAL_BENFORD
44,010,01,01,000016,90,9,RELLENO_NACIONAL_BENFORD
44,010,01,02,000011,91,9,RELLENO_NACIONAL_BENFORD
44,010,02,01,000007,84,8,RELLENO_NACIONAL_BENFORD
44,010,99,50,000002,83,8,RELLENO_NACIONAL_BENFORD
44,012,00,00,000020,80,8,RELLENO_NACIONAL_BENFORD
44,016,99,10,000001,94,9,RELLENO_NACIONAL_BENFORD
44,020,00,01,000012,88,8,RELLENO_NACIONAL_BENFORD
44,020,00,02,000003,84,8,RELLENO_NACIONAL_BENFORD
01,218,03,03,000005,82,8,RELLENO_NACIONAL_BENFORD
01,227,99,05,000001,86,8,RELLENO_NACIONAL_BENFORD
01,229,00,00,000023,99,9,RELLENO_NACIONAL_BENFORD
01,231,99,01,000002,93,9,RELLENO_NACIONAL_BENFORD
01,231,99,10,000001,96,9,RELLENO_NACIONAL_BENFORD
01,231,99,82,000004,81,8,RELLENO_NACIONAL_BENFORD
01,231,99,86,000002,81,8,RELLENO_NACIONAL_BENFORD
01,235,99,25,000001,98,9,RELLENO_NACIONAL_BENFORD
01,237,02,02,000004,99,9,RELLENO_NACIONAL_BENFORD
01,237,99,06,000003,93,9,RELLENO_NACIONAL_BENFORD
01,241,99,06,000003,88,8,RELLENO_NACIONAL_BENFORD
01,247,01,02,000010,93,9,RELLENO_NACIONAL_BENFORD
01,247,02,01,000014,86,8,RELLENO_NACIONAL_BENFORD
01,250,02,01,000013,88,8,RELLENO_NACIONAL_BENFORD
01,274,00,02,000005,98,9,RELLENO_NACIONAL_BENFORD
01,277,00,00,000011,97,9,RELLENO_NACIONAL_BENFORD
01,280,99,06,000004,84,8,RELLENO_NACIONAL_BENFORD
01,280,99,06,000008,95,9,RELLENO_NACIONAL_BENFORD
01,282,00,00,000012,87,8,RELLENO_NACIONAL_BENFORD
01,290,00,01,000018,91,9,RELLENO_NACIONAL_BENFORD
01,290,00,02,000003,89,8,RELLENO_NACIONAL_BENFORD
01,293,00,00,000012,82,8,RELLENO_NACIONAL_BENFORD
01,298,99,05,000001,90,9,RELLENO_NACIONAL_BENFORD
01,301,00,01,000009,89,8,RELLENO_NACIONAL_BENFORD
03,001,01,04,000037,82,8,RELLENO_NACIONAL_BENFORD
03,001,03,01,000035,99,9,RELLENO_NACIONAL_BENFORD
03,001,03,03,000016,98,9,RELLENO_NACIONAL_BENFORD
03,001,07,01,000005,82,8,RELLENO_NACIONAL_BENFORD
03,001,07,01,000017,99,9,RELLENO_NACIONAL_BENFORD
03,001,07,03,000012,85,8,RELLENO_NACIONAL_BENFORD
03,001,09,02,000003,84,8,RELLENO_NACIONAL_BENFORD
03,001,10,02,000007,95,9,RELLENO_NACIONAL_BENFORD
03,001,11,03,000006,85,8,RELLENO_NACIONAL_BENFORD
03,001,12,03,000003,82,8,RELLENO_NACIONAL_BENFORD
03,001,12,03,000025,8,8,RELLENO_NACIONAL_BENFORD
03,001,13,01,000011,88,8,RELLENO_NACIONAL_BENFORD
03,001,13,03,000001,91,9,RELLENO_NACIONAL_BENFORD
03,001,14,04,000005,8,8,RELLENO_NACIONAL_BENFORD
03,001,17,01,000008,84,8,RELLENO_NACIONAL_BENFORD
03,001,18,01,000015,97,9,RELLENO_NACIONAL_BENFORD
03,001,19,01,000009,81,8,RELLENO_NACIONAL_BENFORD
03,001,19,02,000015,80,8,RELLENO_NACIONAL_BENFORD
03,001,19,02,000018,86,8,RELLENO_NACIONAL_BENFORD
03,001,20,01,000008,81,8,RELLENO_NACIONAL_BENFORD
03,001,20,01,000013,86,8,RELLENO_NACIONAL_BENFORD
03,001,20,03,000006,80,8,RELLENO_NACIONAL_BENFORD
03,001,20,03,000023,84,8,RELLENO_NACIONAL_BENFORD
03,001,20,04,000009,94,9,RELLENO_NACIONAL_BENFORD
03,001,21,01,000012,92,9,RELLENO_NACIONAL_BENFORD
03,001,21,02,000007,84,8,RELLENO_NACIONAL_BENFORD
16,001,06,03,000007,83,8,RELLENO_NACIONAL_BENFORD
16,001,06,11,000011,87,8,RELLENO_NACIONAL_BENFORD
16,001,07,01,000021,90,9,RELLENO_NACIONAL_BENFORD
16,001,07,01,000031,80,8,RELLENO_NACIONAL_BENFORD
25,100,01,03,000018,95,9,RELLENO_NACIONAL_BENFORD
26,001,02,03,000005,82,8,RELLENO_NACIONAL_BENFORD
26,001,03,03,000030,82,8,RELLENO_NACIONAL_BENFORD
26,001,07,02,000015,93,9,RELLENO_NACIONAL_BENFORD
88,305,05,02,000004,83,8,RELLENO_NACIONAL_BENFORD
88,305,05,02,000051,9,9,RELLENO_NACIONAL_BENFORD
27,001,19,01,000029,91,9,RELLENO_NACIONAL_BENFORD
27,001,19,01,000042,85,8,RELLENO_NACIONAL_BENFORD
27,013,01,03,000003,91,9,RELLENO_NACIONAL_BENFORD
27,019,01,01,000002,95,9,RELLENO_NACIONAL_BENFORD
27,019,01,01,000008,87,8,RELLENO_NACIONAL_BENFORD
27,019,01,02,000002,93,9,RELLENO_NACIONAL_BENFORD
27,019,01,03,000006,97,9,RELLENO_NACIONAL_BENFORD
16,001,07,07,000012,96,9,RELLENO_NACIONAL_BENFORD
16,001,07,09,000012,95,9,RELLENO_NACIONAL_BENFORD
16,001,07,14,000005,81,8,RELLENO_NACIONAL_BENFORD
16,001,07,27,000016,82,8,RELLENO_NACIONAL_BENFORD
16,001,07,28,000032,84,8,RELLENO_NACIONAL_BENFORD
16,001,07,30,000010,99,9,RELLENO_NACIONAL_BENFORD
26,010,99,10,000018,87,8,RELLENO_NACIONAL_BENFORD
26,070,00,00,000010,93,9,RELLENO_NACIONAL_BENFORD
26,080,90,01,000001,98,9,RELLENO_NACIONAL_BENFORD
88,355,04,82,000003,97,9,RELLENO_NACIONAL_BENFORD
88,355,04,83,000003,80,8,RELLENO_NACIONAL_BENFORD
88,355,05,02,000007,81,8,RELLENO_NACIONAL_BENFORD
88,355,05,86,000026,86,8,RELLENO_NACIONAL_BENFORD
88,355,60,85,000001,95,9,RELLENO_NACIONAL_BENFORD
88,360,10,02,000004,83,8,RELLENO_NACIONAL_BENFORD
88,360,10,02,000005,83,8,RELLENO_NACIONAL_BENFORD
27,001,03,03,000018,85,8,RELLENO_NACIONAL_BENFORD
27,001,03,03,000040,89,8,RELLENO_NACIONAL_BENFORD
27,001,04,02,000023,82,8,RELLENO_NACIONAL_BENFORD
27,001,06,01,000017,88,8,RELLENO_NACIONAL_BENFORD
27,001,08,01,000016,98,9,RELLENO_NACIONAL_BENFORD
27,001,10,01,000014,98,9,RELLENO_NACIONAL_BENFORD
27,001,11,01,000008,98,9,RELLENO_NACIONAL_BENFORD
27,001,11,01,000021,89,8,RELLENO_NACIONAL_BENFORD
88,360,40,02,000030,87,8,RELLENO_NACIONAL_BENFORD
88,360,59,02,000026,86,8,RELLENO_NACIONAL_BENFORD
88,360,59,02,000027,81,8,RELLENO_NACIONAL_BENFORD
88,360,60,82,000001,80,8,RELLENO_NACIONAL_BENFORD
31,022,05,02,000001,89,8,RELLENO_NACIONAL_BENFORD
15,094,01,11,000017,92,9,RELLENO_NACIONAL_BENFORD
15,094,02,04,000010,88,8,RELLENO_NACIONAL_BENFORD
15,109,02,08,000005,95,9,RELLENO_NACIONAL_BENFORD
21,042,00,00,000001,92,9,RELLENO_NACIONAL_BENFORD
21,042,00,00,000022,95,9,RELLENO_NACIONAL_BENFORD
21,060,99,33,000005,86,8,RELLENO_NACIONAL_BENFORD
21,070,00,00,000012,81,8,RELLENO_NACIONAL_BENFORD
21,049,02,02,000003,99,9,RELLENO_NACIONAL_BENFORD
21,052,02,02,000001,87,8,RELLENO_NACIONAL_BENFORD
21,085,99,17,000003,96,9,RELLENO_NACIONAL_BENFORD
23,001,02,01,000014,92,9,RELLENO_NACIONAL_BENFORD
23,001,04,01,000007,80,8,RELLENO_NACIONAL_BENFORD
23,001,04,02,000007,91,9,RELLENO_NACIONAL_BENFORD
23,001,05,03,000009,98,9,RELLENO_NACIONAL_BENFORD
23,001,05,03,000012,80,8,RELLENO_NACIONAL_BENFORD
23,016,99,14,000001,9,9,RELLENO_NACIONAL_BENFORD
23,016,99,31,000002,8,8,RELLENO_NACIONAL_BENFORD
23,043,00,00,000011,88,8,RELLENO_NACIONAL_BENFORD
23,058,00,00,000005,88,8,RELLENO_NACIONAL_BENFORD
23,064,00,00,000003,82,8,RELLENO_NACIONAL_BENFORD
23,067,01,01,000002,98,9,RELLENO_NACIONAL_BENFORD
23,067,01,03,000011,90,9,RELLENO_NACIONAL_BENFORD
23,067,01,04,000008,85,8,RELLENO_NACIONAL_BENFORD
23,067,90,01,000013,87,8,RELLENO_NACIONAL_BENFORD
23,096,00,00,000007,94,9,RELLENO_NACIONAL_BENFORD
23,100,99,85,000002,9,9,RELLENO_NACIONAL_BENFORD
23,106,00,00,000026,94,9,RELLENO_NACIONAL_BENFORD
23,120,00,00,000017,92,9,RELLENO_NACIONAL_BENFORD
23,121,99,04,000001,86,8,RELLENO_NACIONAL_BENFORD
23,139,02,03,000009,9,9,RELLENO_NACIONAL_BENFORD
23,139,99,45,000004,8,8,RELLENO_NACIONAL_BENFORD
23,139,99,V3,000001,8,8,RELLENO_NACIONAL_BENFORD
03,001,29,05,000002,97,9,RELLENO_NACIONAL_BENFORD
03,001,31,02,000014,98,9,RELLENO_NACIONAL_BENFORD
03,001,31,02,000021,96,9,RELLENO_NACIONAL_BENFORD
03,001,31,06,000025,87,8,RELLENO_NACIONAL_BENFORD
31,079,02,02,000002,83,8,RELLENO_NACIONAL_BENFORD
31,079,03,03,000007,97,9,RELLENO_NACIONAL_BENFORD
31,079,05,05,000013,81,8,RELLENO_NACIONAL_BENFORD
31,079,08,01,000015,91,9,RELLENO_NACIONAL_BENFORD
31,082,01,01,000007,81,8,RELLENO_NACIONAL_BENFORD
31,082,90,01,000002,80,8,RELLENO_NACIONAL_BENFORD
31,091,02,02,000010,84,8,RELLENO_NACIONAL_BENFORD
31,097,01,01,000009,94,9,RELLENO_NACIONAL_BENFORD
31,097,01,03,000006,82,8,RELLENO_NACIONAL_BENFORD
31,097,99,53,000001,93,9,RELLENO_NACIONAL_BENFORD
31,106,01,01,000019,96,9,RELLENO_NACIONAL_BENFORD
31,106,01,01,000020,95,9,RELLENO_NACIONAL_BENFORD
31,106,04,04,000003,97,9,RELLENO_NACIONAL_BENFORD
31,106,06,01,000011,90,9,RELLENO_NACIONAL_BENFORD
31,106,07,01,000012,88,8,RELLENO_NACIONAL_BENFORD
31,106,99,02,000001,92,9,RELLENO_NACIONAL_BENFORD
31,115,99,17,000001,92,9,RELLENO_NACIONAL_BENFORD
31,121,01,03,000011,91,9,RELLENO_NACIONAL_BENFORD
31,121,02,02,000001,92,9,RELLENO_NACIONAL_BENFORD
31,121,99,01,000003,83,8,RELLENO_NACIONAL_BENFORD
31,124,02,01,000005,99,9,RELLENO_NACIONAL_BENFORD
40,010,99,45,000010,93,9,RELLENO_NACIONAL_BENFORD
40,025,01,04,000004,95,9,RELLENO_NACIONAL_BENFORD
40,025,02,02,000009,81,8,RELLENO_NACIONAL_BENFORD
40,025,02,02,000014,82,8,RELLENO_NACIONAL_BENFORD
44,001,02,02,000013,88,8,RELLENO_NACIONAL_BENFORD
44,001,03,04,000011,96,9,RELLENO_NACIONAL_BENFORD
44,005,00,00,000033,94,9,RELLENO_NACIONAL_BENFORD
44,010,02,02,000006,82,8,RELLENO_NACIONAL_BENFORD
44,020,99,80,000001,92,9,RELLENO_NACIONAL_BENFORD
01,227,99,05,000004,81,8,RELLENO_NACIONAL_BENFORD
01,232,00,00,000016,86,8,RELLENO_NACIONAL_BENFORD
01,244,99,11,000002,99,9,RELLENO_NACIONAL_BENFORD
01,259,01,02,000012,82,8,RELLENO_NACIONAL_BENFORD
01,265,99,05,000002,83,8,RELLENO_NACIONAL_BENFORD
01,270,02,01,000001,96,9,RELLENO_NACIONAL_BENFORD
01,274,00,02,000008,96,9,RELLENO_NACIONAL_BENFORD
01,280,03,01,000004,88,8,RELLENO_NACIONAL_BENFORD
01,290,00,01,000016,86,8,RELLENO_NACIONAL_BENFORD
01,293,00,00,000015,95,9,RELLENO_NACIONAL_BENFORD
01,295,02,01,000007,81,8,RELLENO_NACIONAL_BENFORD
01,298,99,03,000003,95,9,RELLENO_NACIONAL_BENFORD
03,001,01,02,000006,81,8,RELLENO_NACIONAL_BENFORD
03,001,01,04,000031,91,9,RELLENO_NACIONAL_BENFORD
03,001,03,01,000004,92,9,RELLENO_NACIONAL_BENFORD
03,001,03,01,000037,82,8,RELLENO_NACIONAL_BENFORD
03,001,04,04,000004,96,9,RELLENO_NACIONAL_BENFORD
03,001,05,03,000020,91,9,RELLENO_NACIONAL_BENFORD
03,001,06,01,000002,99,9,RELLENO_NACIONAL_BENFORD
03,001,07,03,000015,96,9,RELLENO_NACIONAL_BENFORD
03,001,07,03,000019,93,9,RELLENO_NACIONAL_BENFORD
03,001,07,03,000029,83,8,RELLENO_NACIONAL_BENFORD
03,001,09,01,000001,90,9,RELLENO_NACIONAL_BENFORD
03,001,10,03,000006,82,8,RELLENO_NACIONAL_BENFORD
03,001,11,02,000007,86,8,RELLENO_NACIONAL_BENFORD
03,001,13,03,000002,88,8,RELLENO_NACIONAL_BENFORD
03,001,15,03,000014,80,8,RELLENO_NACIONAL_BENFORD
03,001,16,01,000011,97,9,RELLENO_NACIONAL_BENFORD
03,001,19,02,000007,87,8,RELLENO_NACIONAL_BENFORD
03,001,19,02,000008,86,8,RELLENO_NACIONAL_BENFORD
03,001,20,04,000010,86,8,RELLENO_NACIONAL_BENFORD
03,001,20,04,000023,92,9,RELLENO_NACIONAL_BENFORD
16,001,06,16,000005,98,9,RELLENO_NACIONAL_BENFORD
26,001,03,01,000013,91,9,RELLENO_NACIONAL_BENFORD
26,001,06,03,000022,93,9,RELLENO_NACIONAL_BENFORD
26,001,07,01,000018,84,8,RELLENO_NACIONAL_BENFORD
26,001,08,01,000009,83,8,RELLENO_NACIONAL_BENFORD
26,001,08,01,000011,86,8,RELLENO_NACIONAL_BENFORD
88,220,35,85,000001,99,9,RELLENO_NACIONAL_BENFORD
88,250,20,84,000002,94,9,RELLENO_NACIONAL_BENFORD
88,315,50,81,000001,8,8,RELLENO_NACIONAL_BENFORD
27,001,13,02,000016,91,9,RELLENO_NACIONAL_BENFORD
27,001,17,03,000010,99,9,RELLENO_NACIONAL_BENFORD
27,019,01,02,000001,90,9,RELLENO_NACIONAL_BENFORD
27,019,01,02,000011,81,8,RELLENO_NACIONAL_BENFORD
16,001,07,17,000007,94,9,RELLENO_NACIONAL_BENFORD
16,001,07,21,000032,81,8,RELLENO_NACIONAL_BENFORD
16,001,07,22,000012,99,9,RELLENO_NACIONAL_BENFORD
26,025,00,00,000014,82,8,RELLENO_NACIONAL_BENFORD
88,355,60,83,000002,95,9,RELLENO_NACIONAL_BENFORD
88,360,01,82,000005,92,9,RELLENO_NACIONAL_BENFORD
27,001,06,03,000006,96,9,RELLENO_NACIONAL_BENFORD
27,001,06,03,000012,93,9,RELLENO_NACIONAL_BENFORD
27,001,07,05,000013,82,8,RELLENO_NACIONAL_BENFORD
15,094,01,06,000021,84,8,RELLENO_NACIONAL_BENFORD
15,094,99,25,000003,92,9,RELLENO_NACIONAL_BENFORD
15,109,03,02,000011,90,9,RELLENO_NACIONAL_BENFORD
21,048,99,10,000002,99,9,RELLENO_NACIONAL_BENFORD
21,049,02,02,000002,89,8,RELLENO_NACIONAL_BENFORD
21,049,99,25,000002,85,8,RELLENO_NACIONAL_BENFORD
21,070,99,13,000002,90,9,RELLENO_NACIONAL_BENFORD
21,095,99,20,000002,86,8,RELLENO_NACIONAL_BENFORD
23,001,01,02,000007,81,8,RELLENO_NACIONAL_BENFORD
23,001,02,03,000012,9,9,RELLENO_NACIONAL_BENFORD
23,001,03,03,000004,99,9,RELLENO_NACIONAL_BENFORD
23,001,06,01,000008,84,8,RELLENO_NACIONAL_BENFORD
23,001,06,06,000005,90,9,RELLENO_NACIONAL_BENFORD
23,019,00,02,000016,88,8,RELLENO_NACIONAL_BENFORD
23,025,99,07,000003,84,8,RELLENO_NACIONAL_BENFORD
23,052,00,00,000005,86,8,RELLENO_NACIONAL_BENFORD
23,067,90,01,000014,83,8,RELLENO_NACIONAL_BENFORD
23,106,00,00,000005,85,8,RELLENO_NACIONAL_BENFORD
23,106,00,00,000010,90,9,RELLENO_NACIONAL_BENFORD
23,118,00,00,000002,98,9,RELLENO_NACIONAL_BENFORD
46,320,99,45,000001,99,9,RELLENO_NACIONAL_BENFORD
46,640,00,00,000019,81,8,RELLENO_NACIONAL_BENFORD
46,680,99,10,000001,99,9,RELLENO_NACIONAL_BENFORD
46,760,00,00,000003,99,9,RELLENO_NACIONAL_BENFORD
03,001,29,05,000020,80,8,RELLENO_NACIONAL_BENFORD
03,001,31,02,000001,92,9,RELLENO_NACIONAL_BENFORD
03,001,31,02,000019,92,9,RELLENO_NACIONAL_BENFORD
03,001,31,06,000007,84,8,RELLENO_NACIONAL_BENFORD
03,001,31,06,000014,90,9,RELLENO_NACIONAL_BENFORD
03,001,32,01,000011,94,9,RELLENO_NACIONAL_BENFORD
31,079,01,04,000003,90,9,RELLENO_NACIONAL_BENFORD
31,079,01,08,000002,91,9,RELLENO_NACIONAL_BENFORD
31,079,03,04,000018,81,8,RELLENO_NACIONAL_BENFORD
31,079,03,06,000003,89,8,RELLENO_NACIONAL_BENFORD
31,079,04,01,000005,99,9,RELLENO_NACIONAL_BENFORD
31,079,04,05,000003,94,9,RELLENO_NACIONAL_BENFORD
31,079,09,03,000001,95,9,RELLENO_NACIONAL_BENFORD
31,079,99,73,000006,8,8,RELLENO_NACIONAL_BENFORD
31,082,02,01,000010,93,9,RELLENO_NACIONAL_BENFORD
31,091,01,03,000002,92,9,RELLENO_NACIONAL_BENFORD
31,091,02,02,000011,93,9,RELLENO_NACIONAL_BENFORD
31,094,00,01,000004,94,9,RELLENO_NACIONAL_BENFORD
31,097,90,01,000001,96,9,RELLENO_NACIONAL_BENFORD
31,097,99,49,000001,93,9,RELLENO_NACIONAL_BENFORD
31,103,99,29,000004,82,8,RELLENO_NACIONAL_BENFORD
31,106,01,03,000001,98,9,RELLENO_NACIONAL_BENFORD
31,106,03,01,000019,83,8,RELLENO_NACIONAL_BENFORD
31,106,03,01,000020,96,9,RELLENO_NACIONAL_BENFORD
31,106,04,03,000008,92,9,RELLENO_NACIONAL_BENFORD
31,106,05,02,000003,84,8,RELLENO_NACIONAL_BENFORD
31,106,06,02,000023,90,9,RELLENO_NACIONAL_BENFORD
31,106,07,03,000004,9,9,RELLENO_NACIONAL_BENFORD
31,121,02,03,000013,92,9,RELLENO_NACIONAL_BENFORD
31,121,04,03,000004,82,8,RELLENO_NACIONAL_BENFORD
31,121,04,07,000001,87,8,RELLENO_NACIONAL_BENFORD
40,010,99,07,000001,96,9,RELLENO_NACIONAL_BENFORD
44,001,02,03,000014,96,9,RELLENO_NACIONAL_BENFORD
44,001,03,04,000004,92,9,RELLENO_NACIONAL_BENFORD
44,003,00,00,000023,92,9,RELLENO_NACIONAL_BENFORD
44,006,00,00,000027,88,8,RELLENO_NACIONAL_BENFORD
01,218,01,04,000003,89,8,RELLENO_NACIONAL_BENFORD
01,218,03,04,000007,87,8,RELLENO_NACIONAL_BENFORD
01,223,00,00,000011,89,8,RELLENO_NACIONAL_BENFORD
01,231,00,00,000030,82,8,RELLENO_NACIONAL_BENFORD
01,232,00,00,000026,94,9,RELLENO_NACIONAL_BENFORD
01,256,02,02,000024,87,8,RELLENO_NACIONAL_BENFORD
01,259,01,01,000009,87,8,RELLENO_NACIONAL_BENFORD
01,259,01,02,000013,93,9,RELLENO_NACIONAL_BENFORD
01,268,00,00,000035,80,8,RELLENO_NACIONAL_BENFORD
01,277,00,00,000012,82,8,RELLENO_NACIONAL_BENFORD
01,280,99,03,000019,80,8,RELLENO_NACIONAL_BENFORD
01,280,99,A2,000001,82,8,RELLENO_NACIONAL_BENFORD
01,295,01,04,000002,95,9,RELLENO_NACIONAL_BENFORD
01,295,01,06,000003,99,9,RELLENO_NACIONAL_BENFORD
03,001,03,02,000026,94,9,RELLENO_NACIONAL_BENFORD
03,001,03,03,000009,96,9,RELLENO_NACIONAL_BENFORD
03,001,03,03,000019,90,9,RELLENO_NACIONAL_BENFORD
03,001,04,02,000006,93,9,RELLENO_NACIONAL_BENFORD
03,001,04,04,000002,87,8,RELLENO_NACIONAL_BENFORD
03,001,05,01,000003,87,8,RELLENO_NACIONAL_BENFORD
03,001,08,01,000018,82,8,RELLENO_NACIONAL_BENFORD
03,001,10,02,000002,91,9,RELLENO_NACIONAL_BENFORD
03,001,11,02,000010,82,8,RELLENO_NACIONAL_BENFORD
03,001,15,01,000003,98,9,RELLENO_NACIONAL_BENFORD
03,001,15,03,000006,88,8,RELLENO_NACIONAL_BENFORD
03,001,16,01,000002,94,9,RELLENO_NACIONAL_BENFORD
03,001,16,01,000018,86,8,RELLENO_NACIONAL_BENFORD
03,001,17,01,000004,81,8,RELLENO_NACIONAL_BENFORD
03,001,19,01,000011,91,9,RELLENO_NACIONAL_BENFORD
03,001,19,01,000017,88,8,RELLENO_NACIONAL_BENFORD
03,001,19,02,000001,89,8,RELLENO_NACIONAL_BENFORD
03,001,20,01,000007,84,8,RELLENO_NACIONAL_BENFORD
03,001,20,03,000007,93,9,RELLENO_NACIONAL_BENFORD
03,001,20,03,000013,89,8,RELLENO_NACIONAL_BENFORD
03,001,20,03,000020,93,9,RELLENO_NACIONAL_BENFORD
03,001,20,03,000031,93,9,RELLENO_NACIONAL_BENFORD
03,001,21,01,000007,84,8,RELLENO_NACIONAL_BENFORD
25,100,02,03,000019,96,9,RELLENO_NACIONAL_BENFORD
25,100,02,06,000005,88,8,RELLENO_NACIONAL_BENFORD
26,001,01,02,000020,86,8,RELLENO_NACIONAL_BENFORD
26,001,03,03,000019,87,8,RELLENO_NACIONAL_BENFORD
26,001,03,04,000009,80,8,RELLENO_NACIONAL_BENFORD
26,001,06,01,000007,89,8,RELLENO_NACIONAL_BENFORD
26,001,06,01,000008,97,9,RELLENO_NACIONAL_BENFORD
26,001,06,03,000021,85,8,RELLENO_NACIONAL_BENFORD
88,165,10,86,000005,89,8,RELLENO_NACIONAL_BENFORD
88,220,15,81,000001,9,9,RELLENO_NACIONAL_BENFORD
88,250,03,02,000009,80,8,RELLENO_NACIONAL_BENFORD
88,250,03,84,000001,83,8,RELLENO_NACIONAL_BENFORD
88,250,05,86,000002,93,9,RELLENO_NACIONAL_BENFORD
88,250,20,83,000002,96,9,RELLENO_NACIONAL_BENFORD
88,305,02,81,000001,81,8,RELLENO_NACIONAL_BENFORD
88,305,05,02,000011,96,9,RELLENO_NACIONAL_BENFORD
88,315,50,83,000001,9,9,RELLENO_NACIONAL_BENFORD
88,315,50,84,000001,9,9,RELLENO_NACIONAL_BENFORD
88,355,03,02,000061,9,9,RELLENO_NACIONAL_BENFORD
27,001,13,07,000015,81,8,RELLENO_NACIONAL_BENFORD
27,001,14,01,000031,96,9,RELLENO_NACIONAL_BENFORD
27,001,18,01,000018,93,9,RELLENO_NACIONAL_BENFORD
16,001,07,06,000034,82,8,RELLENO_NACIONAL_BENFORD
16,001,07,17,000006,87,8,RELLENO_NACIONAL_BENFORD
16,001,07,19,000006,98,9,RELLENO_NACIONAL_BENFORD
16,001,07,22,000011,98,9,RELLENO_NACIONAL_BENFORD
16,001,07,30,000007,99,9,RELLENO_NACIONAL_BENFORD
26,001,09,03,000024,8,8,RELLENO_NACIONAL_BENFORD
26,001,09,05,000023,95,9,RELLENO_NACIONAL_BENFORD
26,001,09,06,000003,82,8,RELLENO_NACIONAL_BENFORD
26,001,10,02,000005,92,9,RELLENO_NACIONAL_BENFORD
26,010,01,03,000013,98,9,RELLENO_NACIONAL_BENFORD
26,020,01,02,000012,85,8,RELLENO_NACIONAL_BENFORD
26,020,02,02,000017,82,8,RELLENO_NACIONAL_BENFORD
26,030,99,53,000002,92,9,RELLENO_NACIONAL_BENFORD
26,050,01,02,000002,99,9,RELLENO_NACIONAL_BENFORD
26,050,01,02,000005,84,8,RELLENO_NACIONAL_BENFORD
26,060,01,01,000012,85,8,RELLENO_NACIONAL_BENFORD
26,080,90,01,000004,91,9,RELLENO_NACIONAL_BENFORD
27,001,01,02,000012,89,8,RELLENO_NACIONAL_BENFORD
27,001,01,02,000026,89,8,RELLENO_NACIONAL_BENFORD
88,355,05,02,000056,82,8,RELLENO_NACIONAL_BENFORD
88,360,15,86,000005,87,8,RELLENO_NACIONAL_BENFORD
27,001,03,01,000016,92,9,RELLENO_NACIONAL_BENFORD
27,001,03,03,000002,84,8,RELLENO_NACIONAL_BENFORD
27,001,03,03,000019,99,9,RELLENO_NACIONAL_BENFORD
27,001,03,03,000024,95,9,RELLENO_NACIONAL_BENFORD
27,001,04,03,000005,88,8,RELLENO_NACIONAL_BENFORD
27,001,04,03,000009,85,8,RELLENO_NACIONAL_BENFORD
27,001,04,03,000017,99,9,RELLENO_NACIONAL_BENFORD
27,001,05,03,000007,92,9,RELLENO_NACIONAL_BENFORD
27,001,06,01,000018,97,9,RELLENO_NACIONAL_BENFORD
27,001,06,03,000013,81,8,RELLENO_NACIONAL_BENFORD
27,001,06,04,000003,97,9,RELLENO_NACIONAL_BENFORD
27,001,08,02,000016,95,9,RELLENO_NACIONAL_BENFORD
88,360,59,04,000004,83,8,RELLENO_NACIONAL_BENFORD
88,360,60,86,000001,99,9,RELLENO_NACIONAL_BENFORD
16,001,06,30,000004,84,8,RELLENO_NACIONAL_BENFORD
16,001,07,01,000006,90,9,RELLENO_NACIONAL_BENFORD
16,001,07,01,000010,91,9,RELLENO_NACIONAL_BENFORD
25,100,02,04,000011,97,9,RELLENO_NACIONAL_BENFORD
26,001,01,02,000016,99,9,RELLENO_NACIONAL_BENFORD
26,001,02,03,000006,84,8,RELLENO_NACIONAL_BENFORD
26,001,03,03,000022,85,8,RELLENO_NACIONAL_BENFORD
26,001,06,04,000007,91,9,RELLENO_NACIONAL_BENFORD
26,001,07,03,000010,87,8,RELLENO_NACIONAL_BENFORD
88,250,03,02,000007,82,8,RELLENO_NACIONAL_BENFORD
88,250,03,81,000004,95,9,RELLENO_NACIONAL_BENFORD
88,250,03,81,000006,84,8,RELLENO_NACIONAL_BENFORD
88,250,03,84,000007,85,8,RELLENO_NACIONAL_BENFORD
88,305,05,02,000005,80,8,RELLENO_NACIONAL_BENFORD
88,305,05,02,000010,82,8,RELLENO_NACIONAL_BENFORD
88,330,05,02,000007,87,8,RELLENO_NACIONAL_BENFORD
88,350,05,86,000001,97,9,RELLENO_NACIONAL_BENFORD
27,001,11,04,000038,87,8,RELLENO_NACIONAL_BENFORD
27,001,17,02,000012,98,9,RELLENO_NACIONAL_BENFORD
27,001,19,02,000009,92,9,RELLENO_NACIONAL_BENFORD
16,001,07,16,000007,98,9,RELLENO_NACIONAL_BENFORD
16,001,07,27,000006,98,9,RELLENO_NACIONAL_BENFORD
16,001,07,42,000012,90,9,RELLENO_NACIONAL_BENFORD
16,001,07,47,000003,96,9,RELLENO_NACIONAL_BENFORD
16,001,07,51,000011,85,8,RELLENO_NACIONAL_BENFORD
26,001,10,01,000017,93,9,RELLENO_NACIONAL_BENFORD
26,001,10,02,000033,91,9,RELLENO_NACIONAL_BENFORD
26,010,02,03,000015,89,8,RELLENO_NACIONAL_BENFORD
26,050,02,02,000015,82,8,RELLENO_NACIONAL_BENFORD
26,060,99,34,000006,88,8,RELLENO_NACIONAL_BENFORD
88,355,05,02,000009,82,8,RELLENO_NACIONAL_BENFORD
88,355,05,02,000028,82,8,RELLENO_NACIONAL_BENFORD
88,355,05,02,000130,8,8,RELLENO_NACIONAL_BENFORD
88,355,05,86,000030,94,9,RELLENO_NACIONAL_BENFORD
88,355,05,86,000034,99,9,RELLENO_NACIONAL_BENFORD
88,355,60,84,000002,94,9,RELLENO_NACIONAL_BENFORD
27,001,01,03,000031,81,8,RELLENO_NACIONAL_BENFORD
27,001,01,04,000014,92,9,RELLENO_NACIONAL_BENFORD
27,001,01,04,000026,91,9,RELLENO_NACIONAL_BENFORD
27,001,01,06,000011,82,8,RELLENO_NACIONAL_BENFORD
27,001,02,03,000006,90,9,RELLENO_NACIONAL_BENFORD
27,001,03,01,000023,94,9,RELLENO_NACIONAL_BENFORD
27,001,03,01,000025,85,8,RELLENO_NACIONAL_BENFORD
27,001,03,02,000035,81,8,RELLENO_NACIONAL_BENFORD
27,001,03,03,000003,98,9,RELLENO_NACIONAL_BENFORD
27,001,03,03,000004,97,9,RELLENO_NACIONAL_BENFORD
27,001,03,03,000017,84,8,RELLENO_NACIONAL_BENFORD
27,001,03,03,000041,87,8,RELLENO_NACIONAL_BENFORD
27,001,03,04,000012,93,9,RELLENO_NACIONAL_BENFORD
27,001,05,01,000038,84,8,RELLENO_NACIONAL_BENFORD
27,001,06,04,000008,84,8,RELLENO_NACIONAL_BENFORD
27,001,07,04,000007,95,9,RELLENO_NACIONAL_BENFORD
27,001,08,01,000013,97,9,RELLENO_NACIONAL_BENFORD
27,001,08,03,000030,90,9,RELLENO_NACIONAL_BENFORD
27,001,09,03,000006,93,9,RELLENO_NACIONAL_BENFORD
27,001,09,03,000007,96,9,RELLENO_NACIONAL_BENFORD
27,001,10,02,000007,84,8,RELLENO_NACIONAL_BENFORD
21,048,99,50,000001,93,9,RELLENO_NACIONAL_BENFORD
21,052,99,05,000001,91,9,RELLENO_NACIONAL_BENFORD
21,055,00,00,000007,89,8,RELLENO_NACIONAL_BENFORD
21,095,99,20,000003,84,8,RELLENO_NACIONAL_BENFORD
23,001,01,01,000004,95,9,RELLENO_NACIONAL_BENFORD
23,001,02,01,000019,80,8,RELLENO_NACIONAL_BENFORD
23,001,03,02,000005,81,8,RELLENO_NACIONAL_BENFORD
23,001,03,05,000006,80,8,RELLENO_NACIONAL_BENFORD
23,001,07,05,000004,90,9,RELLENO_NACIONAL_BENFORD
23,019,99,07,000001,92,9,RELLENO_NACIONAL_BENFORD
23,041,00,00,000018,9,9,RELLENO_NACIONAL_BENFORD
23,049,99,05,000001,95,9,RELLENO_NACIONAL_BENFORD
23,058,00,00,000006,98,9,RELLENO_NACIONAL_BENFORD
23,067,02,03,000003,85,8,RELLENO_NACIONAL_BENFORD
23,082,00,00,000014,9,9,RELLENO_NACIONAL_BENFORD
23,091,99,09,000002,9,9,RELLENO_NACIONAL_BENFORD
23,096,00,00,000006,97,9,RELLENO_NACIONAL_BENFORD
23,098,99,40,000004,9,9,RELLENO_NACIONAL_BENFORD
23,100,99,02,000002,81,8,RELLENO_NACIONAL_BENFORD
23,112,00,00,000005,8,8,RELLENO_NACIONAL_BENFORD
23,118,00,00,000016,81,8,RELLENO_NACIONAL_BENFORD
23,139,02,01,000014,9,9,RELLENO_NACIONAL_BENFORD
23,139,99,09,000002,8,8,RELLENO_NACIONAL_BENFORD
24,001,01,01,000014,88,8,RELLENO_NACIONAL_BENFORD
46,001,03,04,000013,99,9,RELLENO_NACIONAL_BENFORD
46,320,99,74,000002,8,8,RELLENO_NACIONAL_BENFORD
46,840,99,84,000001,81,8,RELLENO_NACIONAL_BENFORD
03,001,27,05,000018,9,9,RELLENO_NACIONAL_BENFORD
03,001,31,06,000016,92,9,RELLENO_NACIONAL_BENFORD
03,001,33,05,000007,91,9,RELLENO_NACIONAL_BENFORD
31,079,06,03,000001,98,9,RELLENO_NACIONAL_BENFORD
31,079,10,01,000002,98,9,RELLENO_NACIONAL_BENFORD
31,079,99,08,000002,94,9,RELLENO_NACIONAL_BENFORD
31,079,99,42,000003,9,9,RELLENO_NACIONAL_BENFORD
31,088,00,00,000011,94,9,RELLENO_NACIONAL_BENFORD
31,091,01,03,000012,91,9,RELLENO_NACIONAL_BENFORD
31,091,99,02,000001,90,9,RELLENO_NACIONAL_BENFORD
31,091,99,16,000001,95,9,RELLENO_NACIONAL_BENFORD
31,091,99,20,000004,98,9,RELLENO_NACIONAL_BENFORD
31,094,99,29,000001,80,8,RELLENO_NACIONAL_BENFORD
31,124,02,01,000002,99,9,RELLENO_NACIONAL_BENFORD
31,124,02,02,000002,93,9,RELLENO_NACIONAL_BENFORD
31,124,02,02,000003,90,9,RELLENO_NACIONAL_BENFORD
40,005,02,01,000013,86,8,RELLENO_NACIONAL_BENFORD
44,001,04,06,000008,86,8,RELLENO_NACIONAL_BENFORD
44,001,04,06,000017,99,9,RELLENO_NACIONAL_BENFORD
44,016,00,00,000005,94,9,RELLENO_NACIONAL_BENFORD
44,020,99,30,000001,95,9,RELLENO_NACIONAL_BENFORD
01,218,03,03,000006,96,9,RELLENO_NACIONAL_BENFORD
01,231,00,00,000024,91,9,RELLENO_NACIONAL_BENFORD
01,231,99,10,000004,94,9,RELLENO_NACIONAL_BENFORD
01,250,01,01,000018,87,8,RELLENO_NACIONAL_BENFORD
01,250,01,02,000008,90,9,RELLENO_NACIONAL_BENFORD
01,280,01,01,000002,94,9,RELLENO_NACIONAL_BENFORD
01,298,00,02,000004,89,8,RELLENO_NACIONAL_BENFORD
03,001,01,03,000013,82,8,RELLENO_NACIONAL_BENFORD
03,001,02,04,000016,86,8,RELLENO_NACIONAL_BENFORD
03,001,03,02,000015,84,8,RELLENO_NACIONAL_BENFORD
03,001,05,01,000010,89,8,RELLENO_NACIONAL_BENFORD
03,001,11,02,000008,87,8,RELLENO_NACIONAL_BENFORD
03,001,15,01,000004,94,9,RELLENO_NACIONAL_BENFORD
03,001,15,03,000012,91,9,RELLENO_NACIONAL_BENFORD
16,001,06,28,000005,96,9,RELLENO_NACIONAL_BENFORD
88,285,05,02,000002,86,8,RELLENO_NACIONAL_BENFORD
88,330,15,06,000001,91,9,RELLENO_NACIONAL_BENFORD
31,109,99,05,000002,89,8,RELLENO_NACIONAL_BENFORD
03,001,11,03,000005,81,8,RELLENO_NACIONAL_BENFORD
03,001,16,03,000011,99,9,RELLENO_NACIONAL_BENFORD
03,001,18,01,000018,84,8,RELLENO_NACIONAL_BENFORD
25,100,01,02,000032,94,9,RELLENO_NACIONAL_BENFORD
26,001,02,03,000010,90,9,RELLENO_NACIONAL_BENFORD
26,001,08,02,000001,93,9,RELLENO_NACIONAL_BENFORD
88,215,05,83,000001,9,9,RELLENO_NACIONAL_BENFORD
26,001,01,02,000018,98,9,RELLENO_NACIONAL_BENFORD
88,355,03,08,000003,82,8,RELLENO_NACIONAL_BENFORD
16,001,07,07,000022,81,8,RELLENO_NACIONAL_BENFORD
16,001,07,12,000008,87,8,RELLENO_NACIONAL_BENFORD
16,001,07,17,000005,99,9,RELLENO_NACIONAL_BENFORD
16,001,07,31,000006,87,8,RELLENO_NACIONAL_BENFORD
16,001,07,42,000015,93,9,RELLENO_NACIONAL_BENFORD
16,001,07,54,000012,86,8,RELLENO_NACIONAL_BENFORD
26,001,09,05,000021,91,9,RELLENO_NACIONAL_BENFORD
26,001,09,06,000005,94,9,RELLENO_NACIONAL_BENFORD
26,001,10,02,000034,92,9,RELLENO_NACIONAL_BENFORD
26,020,01,01,000015,97,9,RELLENO_NACIONAL_BENFORD
26,050,02,01,000018,90,9,RELLENO_NACIONAL_BENFORD
27,001,01,02,000028,90,9,RELLENO_NACIONAL_BENFORD
88,355,05,02,000013,80,8,RELLENO_NACIONAL_BENFORD
88,355,05,02,000147,9,9,RELLENO_NACIONAL_BENFORD
27,001,01,03,000020,81,8,RELLENO_NACIONAL_BENFORD
27,001,01,06,000007,90,9,RELLENO_NACIONAL_BENFORD
27,001,03,03,000009,97,9,RELLENO_NACIONAL_BENFORD
27,001,03,04,000015,91,9,RELLENO_NACIONAL_BENFORD
27,001,04,01,000006,97,9,RELLENO_NACIONAL_BENFORD
27,001,07,05,000012,82,8,RELLENO_NACIONAL_BENFORD
27,001,08,03,000017,86,8,RELLENO_NACIONAL_BENFORD
88,360,59,02,000019,86,8,RELLENO_NACIONAL_BENFORD
88,360,59,02,000033,81,8,RELLENO_NACIONAL_BENFORD
26,001,04,01,000017,96,9,RELLENO_NACIONAL_BENFORD
26,001,05,01,000001,91,9,RELLENO_NACIONAL_BENFORD
26,001,08,02,000035,82,8,RELLENO_NACIONAL_BENFORD
88,315,10,02,000001,9,9,RELLENO_NACIONAL_BENFORD
26,001,09,01,000015,87,8,RELLENO_NACIONAL_BENFORD
26,010,02,03,000018,98,9,RELLENO_NACIONAL_BENFORD
26,025,00,00,000012,85,8,RELLENO_NACIONAL_BENFORD
26,040,00,00,000014,88,8,RELLENO_NACIONAL_BENFORD
26,050,01,01,000001,95,9,RELLENO_NACIONAL_BENFORD
26,050,01,02,000004,99,9,RELLENO_NACIONAL_BENFORD
26,050,02,02,000008,94,9,RELLENO_NACIONAL_BENFORD
26,050,02,02,000018,8,8,RELLENO_NACIONAL_BENFORD
88,355,04,02,000025,8,8,RELLENO_NACIONAL_BENFORD
88,355,05,02,000015,90,9,RELLENO_NACIONAL_BENFORD
88,355,50,05,000003,87,8,RELLENO_NACIONAL_BENFORD
88,355,60,02,000014,8,8,RELLENO_NACIONAL_BENFORD
88,355,60,85,000002,93,9,RELLENO_NACIONAL_BENFORD
27,001,01,05,000002,87,8,RELLENO_NACIONAL_BENFORD
27,001,03,01,000035,80,8,RELLENO_NACIONAL_BENFORD
27,001,07,05,000011,82,8,RELLENO_NACIONAL_BENFORD
88,360,55,07,000033,90,9,RELLENO_NACIONAL_BENFORD
88,360,60,86,000004,88,8,RELLENO_NACIONAL_BENFORD
21,052,02,01,000004,99,9,RELLENO_NACIONAL_BENFORD
23,001,03,04,000002,82,8,RELLENO_NACIONAL_BENFORD
31,106,99,26,000005,99,9,RELLENO_NACIONAL_BENFORD
03,001,18,01,000021,80,8,RELLENO_NACIONAL_BENFORD
