dane_code,hash_original,hash_alterado,peso_original_bytes,peso_alterado_bytes,diferencia_bytes,fecha_original,fecha_alterada,estado
01_001_29_06_002.pdf,bdc9b3178f383b5fc12aee7ffadd759b0913621a2be9af46aac7228a1524687a,5d66d302aabb2e84b354b2d8a8c4d38062c13253bbb968d95bc7c9632415407e,55565,54860,-705,2026-06-21T19:34:44,2026-07-11T10:40:09.849130,ALTERADO
01_001_29_06_003.pdf,5662b6a711d596b69643a89075e71d7f01ac83900c66196154b6b9919af06ceb,4ae7252ae3b7800a4abb40f115f90990298f0c2d72302f34bde30f320e066e33,53073,55220,2147,2026-06-21T19:28:34,2026-07-11T10:40:10.376153,ALTERADO
01_001_29_06_004.pdf,c00ca3ab87b294620f2a5302425ce106f7067b7653ce70a29832b96519916d9a,9aeb0ae0f5c19f96f58457c1b77bec8f5e5fad29e6769821657d2f61a3cd968f,52126,54695,2569,2026-06-21T19:23:03,2026-07-11T10:40:10.988808,ALTERADO
01_001_29_06_005.pdf,0f19e11fab14549000ce7b248500052550d7f80156d30250cbbf9c871ebd7956,98c40768588a6a146c38b93e130013a3799e86b38795c411447f9d5c873ea73a,56344,57377,1033,2026-06-21T19:31:15,2026-07-11T10:40:11.609238,ALTERADO
01_001_29_06_011.pdf,baf5b947e539e13ca5368dcf4f1eab204216ef7576596c294b0cee3b9e1d0f84,6554f5b16a45e21320b76f3a209ad99c4722961d97b6620ac2e06fba77c30c00,52883,52101,-782,2026-06-21T19:19:40,2026-07-11T10:40:14.834843,ALTERADO
01_001_29_06_013.pdf,d16c1ea46107467e23624694c5d48589c68e638be2ffd9b42f6c02657d99cc32,cf084537abb717263ba3806f9b4f2795a053cc28049cbeb1d78b476124bd3854,53428,55238,1810,2026-06-21T19:23:36,2026-07-11T10:40:15.961452,ALTERADO
01_001_29_06_014.pdf,0b92b94d455a91353d16a7ac1fa91baaa2f0402691e77aadd94264b69aa73c40,6570c0e42e77b8004fae2dd313b243cc0c47ccf2a4f17df57bdf8089ace332e0,58554,60924,2370,2026-06-21T19:32:38,2026-07-11T10:40:16.469056,ALTERADO
01_001_29_06_015.pdf,4a1694c63e6e418f3e468cfcfd5ac054bbe8347d260f452d34814a759e1eff4c,5fc440ab566e5e91fc6cbac6d29ff6cf04f9cad5f111520e5e251f9a3a5f2376,55250,55338,88,2026-06-21T19:26:09,2026-07-11T10:40:17.124835,ALTERADO
01_001_29_06_016.pdf,0691264c5562c789f9aa14dd52d6e545bca3ddb8a94e5250a8925783e727fcd3,870c82815474900fcc98597a22213eff2b4f5be173c81d6f3c6c943b6c155e2b,55721,56481,760,2026-06-21T19:25:48,2026-07-11T10:40:17.743731,ALTERADO
01_001_29_06_017.pdf,7b1f1848c905210fde3f46341f79741540009fd0b9ec9ec7311d4a1f6c91e88e,b92ea9f7b56ac965d2d61ce2ed20fb4ae88fccdf0adb0330258a5e486207da0a,55870,58021,2151,2026-06-21T19:19:45,2026-07-11T10:40:18.349778,ALTERADO
01_001_29_06_020.pdf,9a9846867aa4caf524c8b5acb0487e913c25c205c3138113fddb2a354c081ffd,bf0ed0f7b50d056d409d6a3563abd1ea7ffb3e1742ffc72d4fe8f0e80e1e675f,54011,55483,1472,2026-06-21T19:20:08,2026-07-11T10:40:19.894743,ALTERADO
01_001_20_03_004.pdf,82cedc5e83022a64f13b681b825eb8ef063f0796b59961febe05030ed1209be2,12385359f9ab69e3ef35741997325483b9f86d05c20044da8bb6c2acd6cb7ca4,73137,53151,-19986,2026-06-21T19:32:49,2026-07-11T10:28:17.519877,ALTERADO
01_001_25_03_018.pdf,0ed6482bce02b3c41fdb4cc23c8d4b2a1c5e440762afb9bf04155a9820d04e7f,9a72023c23e657b467186a5591ff7468f52b772751903926ed8221adf6a54064,73022,52142,-20880,2026-06-21T22:26:55,2026-07-11T10:34:22.102774,ALTERADO
01_001_10_01_038.pdf,d569d7351f3f7c3522a7f20f7969ebaee63dd0e65347555af8e6059535026623,b831174d7df1bfc4775a8612115f84007b5afde929f4ba3ca366533a67b69c84,72529,54251,-18278,2026-06-21T19:32:56,2026-07-11T10:13:09.013765,ALTERADO
01_001_99_B4_015.pdf,00b3d00d5c7d2c3f90e19fc14fe4526794282ece6856d227e2b420908a72e6fa,55c7323919989076a8a6239c4a386bae192846265a85fdb1405c05bdf8c22800,63187,47723,-15464,2026-06-21T22:23:45,2026-07-11T10:49:47.507548,ALTERADO
01_001_99_04_002.pdf,3a7f9e74009284be5e6646a639d6a4162c63bbabf1d191cd90e6fb84f35434bb,85551a71b9d8308d84c7a17e0fd87506bb2d11e467c2282e0de973ba29feca29,75812,54477,-21335,2026-06-21T22:22:06,2026-07-11T10:46:41.884096,ALTERADO
01_001_11_06_002.pdf,8769242bb1ff4b8cae27b2d35b094a3f6d7451029040a3928781d3486cde82d4,8ea2c08919d4eb73cbf172d4da6241cbb1a9c339509b67240b27aa2e426263c1,72037,52176,-19861,2026-06-21T19:19:17,2026-07-11T10:15:14.105266,ALTERADO
01_001_28_03_005.pdf,bb6767d649d3497913cc70d292f6440ee74daffd26b6b24f66e41c505e7d5728,b2ec4ed4e5f8f92dedda64355d9b2a22518a3353d9b89d7dc364a4d069616924,54321,54321,0,2026-06-21T19:20:07,2026-07-11T10:38:13.558462,ALTERADO
01_001_16_04_002.pdf,9995659a12582ae61fbe8def3238b64c1654e2322ffbf54a44a4aaa90cee0eb9,b6fac2176381171dc89dce56662f5fa11eeef2112311c4e3dc4152978ebb25f9,53393,55146,1753,2026-06-21T22:22:19,2026-07-11T10:22:29.803236,ALTERADO
01_001_16_04_004.pdf,3d503687d2d28e307e3f30c46f63fc89c6325c7845364b04d0907ef8a8c94165,3eaa66ce52854712641cb157f0ac72eb4159e96c3b1ddad251023030617e134c,55569,57719,2150,2026-06-21T22:21:05,2026-07-11T10:22:30.914042,ALTERADO
01_001_16_06_001.pdf,ea61f94631ce0ba375ca0ba999d1e363c1e2913e6b6fb446e1600155c0302958,cb5042ad2e5f8a7ebee0cf03e7c1ad8cd0850557305e411f1bbabc3608f11ddf,74349,54556,-19793,2026-06-21T19:17:25,2026-07-11T10:22:55.030812,ALTERADO
01_001_07_02_019.pdf,249b5c9111f4214cf41972c1cfb494f375b9037d213cc150a0217fa6bc81d274,ebbc03b4e70654a4889d6b725a5ce505d34e77ebd74eb68ebbb76b0a4d3dc5cd,70545,54285,-16260,2026-06-21T19:22:37,2026-07-11T10:08:55.605731,ALTERADO
01_001_31_06_001.pdf,0aa3de6502123745d44a16ce056b16ea64bf4af96242efe9c76dc33725c95e35,8613490ed7473ccef050f42ff1a3aa4e8a34814c372f1000db47f77c3c73c9fe,54684,52713,-1971,2026-06-21T19:37:59,2026-07-11T10:43:18.997082,ALTERADO
01_001_90_01_001.pdf,c238e3fb666cab282771d78af3c0962fa9377d8bf6dc95b57abec48ccff2b63d,60d91f116283b93cd4f6856af2d1278b5452c75742067000cc1392cf4654aba3,52258,54835,2577,2026-06-21T19:32:53,2026-07-11T10:45:11.918449,ALTERADO
01_001_90_01_002.pdf,d0981da388779de569e74ba5bec0bb3ca412f081da7c0966db5121fef0723e1a,de213045a204ba228aef2965a816e491c87044817b6843d9adddfab9efc6aca0,53395,56497,3102,2026-06-21T19:25:22,2026-07-11T10:45:12.473715,ALTERADO
01_001_90_01_003.pdf,aa1646dce71fc85931b46e39fa4277dd10293c60ef8db4560f590044a161afb2,16608c6afc7a7b480f34c1bfc3acecfb03cc13cdb9d0389c65d7d47c946169e1,52889,54865,1976,2026-06-21T19:25:49,2026-07-11T10:45:12.997414,ALTERADO
01_001_90_01_004.pdf,2037ab0a4d77c4faedf49c552718a6ea0c09c269b0cc97ece25ec83147fd5bc1,89fe085007ec2a642b161e80fca19a29132caaa1e98ddc871e8eaa74cc37a401,52528,53538,1010,2026-06-21T19:25:40,2026-07-11T10:45:13.574914,ALTERADO
01_001_90_01_005.pdf,4bcdbeda4b5525dba80575c43d2b242cb14847aefeed533ab37d6034c1785874,4c944003eb7227e4ee5810a422a0861669ce9a9ed95fab7db6252ca45c24a809,53785,55198,1413,2026-06-21T19:17:54,2026-07-11T10:45:14.095538,ALTERADO
01_001_90_01_006.pdf,39632904a971d9ca04c45dd1e5360e3f67847ee82da53b4efdb2627b6b1fe263,9817e70f35dec7b5738b54e6f69dcf8f44a29b9537664e4bb54b8741e735e668,57316,59267,1951,2026-06-21T19:27:56,2026-07-11T10:45:14.728657,ALTERADO
01_001_90_01_007.pdf,35a35eaa51b4b359faa3533a6db73ae0871eee1652227d2c949d3558c55a5b09,e871719acbe6ad3e3431c87b8c163b42a68af4743efd232ecd0d427e94d07845,51693,55842,4149,2026-06-21T19:26:21,2026-07-11T10:45:15.347753,ALTERADO
01_001_90_01_008.pdf,e7d82f69dc8bb2dbc5c6564eb6efc5155852b3480809e0ce347e30f4971746f9,bbb0d4d71127924449544eecc8f62fb85d792266a0e4590332600cbec9e62c80,50026,52984,2958,2026-06-21T19:16:54,2026-07-11T10:45:15.978904,ALTERADO
01_001_90_01_009.pdf,93267b8136e0147c003ec40b7b811b17c72d6e5439b87f701553d5f750ea324f,db115f3df164c554639379c20aa9bb9aa11ec128b6c6f06144cff189e5ae4a28,54007,56698,2691,2026-06-21T19:23:48,2026-07-11T10:45:16.469094,ALTERADO
01_001_90_01_010.pdf,fdb7c9c4b2d8109df1e9b288413426c90868e988c247301fa02ef18204de4634,d5e1172be97cbcc4c853551da8c87bc5f26c699a0b365511977e1355fecd8b52,62008,64154,2146,2026-06-21T19:16:44,2026-07-11T10:45:16.945978,ALTERADO
01_001_90_01_011.pdf,935200d1f919b77cfeba8f238b3584c0ac64c2326fd71c5be890907f8158a250,d495ebdcbb224472ae9bd99b43be8a71b3ff69e5f216e7bbb1cc2a9f275f70bb,54119,56457,2338,2026-06-21T19:20:59,2026-07-11T10:45:17.457931,ALTERADO
01_001_90_01_012.pdf,d76c891ee2772c73d9792573b63faeb06e396e120cef1808f16c66aed254fbac,3ee7343970116a7f275d91a216d0104eb0963b11b5215b02077af0a0a76b0d20,53481,54847,1366,2026-06-21T19:33:11,2026-07-11T10:45:18.070719,ALTERADO
01_001_90_01_013.pdf,e171658f0df1fe6d5afc9f7cfc1ad2edf67485567257905f6c5d5f6332e5f7c1,8fd7788dcd2ba8c52fd17adbe86c4c966ef6d281bbbe0f41d0659bd4c618ee8f,53200,54552,1352,2026-06-21T19:34:10,2026-07-11T10:45:18.676072,ALTERADO
01_001_90_01_014.pdf,25bd1cb48ec372bd20ff646e050a7fd27a5c2e26da1b3eb945ed1a2304b800cd,23ef40e73a87679e09d984ff7a25d5e8e0e0c25cc887d021abc9dfafad919f69,53878,56171,2293,2026-06-21T19:23:11,2026-07-11T10:45:19.237192,ALTERADO
01_001_90_01_015.pdf,a26ed75614c3f34cbe49b84bf0c12158cf2e1fc7b297d8427f5264f66b686c22,d76f7d44ec8e77b671bf361d36892f4dbea9dc48aa1626e3cb0e98f0c848bdf4,52745,54729,1984,2026-06-21T19:19:24,2026-07-11T10:45:19.733884,ALTERADO
01_001_90_01_016.pdf,93c6eba19abee0ace062c52b065471db8e31f60b85415e5242ad583095ab17ae,4e5b2b522ae34e70ccf39d5489e29d0a6bc2f788425f8d5b4e906d282d5e1687,53997,55324,1327,2026-06-21T19:16:18,2026-07-11T10:45:20.321315,ALTERADO
01_001_90_01_017.pdf,c785a310d365c6750e863a289261920b328b5e80229f4c139a969edce7859380,38d9fa672e75634b89ed781bf18f5bc41ff0d1f556bc44e378b55fe1b57b3a81,55465,58354,2889,2026-06-21T19:27:08,2026-07-11T10:45:20.832997,ALTERADO
01_001_90_01_018.pdf,3f8b12a94734085419ddc205d64073bda09c565732592661c044aee9adb73527,59e98b91a019df9e28504477e6cb73a4e125498758e9f4497b7cbeb651d0da4d,52414,53094,680,2026-06-21T19:31:16,2026-07-11T10:45:21.356600,ALTERADO
01_001_90_01_019.pdf,5252328549c838bad04646db56b62c4dd3b6f9b79199ebf58a8075b577ec4256,0a519fdf4ccf2afa9ca292a4ff5a4638eaa6d6b9fac252f736901b73728e8b25,56235,58870,2635,2026-06-21T19:25:44,2026-07-11T10:45:21.865483,ALTERADO
01_001_90_01_020.pdf,86ba0ed493dee7a90811d07c578b52fffaad2337af1ded9b5b249b620b478c94,8b063f18d75dbc9ef7bd530cbfc1688e6b032dfa9ae3c784e5e6e7f6e021329a,53968,55173,1205,2026-06-21T19:27:51,2026-07-11T10:45:22.453506,ALTERADO
01_001_90_01_021.pdf,a9b191796f73d0d07a0c3d1ef875251194bd64c7e5f73a306777567a67c4ec74,3cf6f09cd38e49ac0bc8702e5b28c42c815b0c3dc684af87887fca4eead37d85,58214,57056,-1158,2026-06-21T19:37:06,2026-07-11T10:45:22.977555,ALTERADO
01_001_90_01_022.pdf,c19422ab76e7abc0b8176634d815fa5cea2be1880c53fc1b8463b106ee21e8c0,70ffd7d64a1294908354110c5d5992e2b50b6809436027601316f02a8df240b1,54831,55815,984,2026-06-21T19:38:51,2026-07-11T10:45:23.491077,ALTERADO
01_001_90_01_023.pdf,54f563e4032b600f963e90cf5389972768e08ff605a0f8431f9240e4d94c49c9,839dd2b1e9afc0b607dc957862620b4afaf77b9a66a25a5d1ddd37fb4e52e4de,56410,57436,1026,2026-06-21T19:30:04,2026-07-11T10:45:24.076739,ALTERADO
01_001_90_01_024.pdf,c91ae29b2d6891c432945ab9f565ff4960154f3315892680d8b30fb89ca7bc44,e4b0aed4e6f20ad534d771c95cdff706a5ac07a2e336782da54511c0b944d785,54307,56462,2155,2026-06-21T19:38:30,2026-07-11T10:45:24.713959,ALTERADO
01_001_90_01_025.pdf,ad129006ab87ade90add45f64576a2a90d7cd820a256a2f4629bd7ed02338091,ff789c477d1c494e455591747c08fbd0d69d23aad35b1029e5db1f48109f42fd,63610,64836,1226,2026-06-21T19:37:04,2026-07-11T10:45:25.328290,ALTERADO
01_001_90_01_026.pdf,631f7572e7ab263d875bcad40ab46c94ca2121e263c283994181109733ee21d7,622fe2266a1d56a22557e0ee9c926f57e2997a8591aa7baf91e734b12ffb290a,50693,56083,5390,2026-06-21T19:40:44,2026-07-11T10:45:25.838002,ALTERADO
01_001_90_01_027.pdf,1acb4e0cb603b1bcedf955b268ced8025ee429c1bc40c23d77349b1fc9966de0,0c6f06e7f5d0b2e2f41e981c663fa871db1ee6aab7242d22d6477ecdd159ce0f,51811,55804,3993,2026-06-21T19:39:20,2026-07-11T10:45:26.348962,ALTERADO
01_001_90_01_028.pdf,4037a0dd8e422378e3c8a6cc01de8671ccff4d023b72397c548c19fc1595f17a,92dc544293205d9ebb877f1d19f1bba68cab82abe49120eabf13fe6275316855,54893,57670,2777,2026-06-21T19:40:35,2026-07-11T10:45:26.849235,ALTERADO
01_001_90_01_029.pdf,f7025eff4dd048c19b37f5d7f50a8130d72e433758f93e25192970d57f24d4f2,013ffd312d9557ed99a4717090dd74f0dd465603d5609be388b5e25b1c6670b7,52916,56010,3094,2026-06-21T19:37:14,2026-07-11T10:45:27.357614,ALTERADO
01_001_90_01_030.pdf,6cdd003f6776e6333ee7be897cf696996cfa3d164d17f6642e69e80e087bdf91,4948373f2e8471f620199e02561548772290d3a8fa008bb815b897c44d90a8de,52525,55534,3009,2026-06-21T19:32:59,2026-07-11T10:45:27.957942,ALTERADO
01_001_90_01_031.pdf,90f2fbf5d4e919f082281ccafe96cf5a8b6146e3a176a1f594875a5483bca3bf,29e30532af637decacbb9014cd39eebfeec71469f1dde4575bf650c42f82c7f1,55158,59816,4658,2026-06-21T19:31:48,2026-07-11T10:45:28.562133,ALTERADO
01_001_90_01_032.pdf,fe1b386ccb754bb360a548a1e460222b60a08ee2719a7c133c6b79866e1a91ca,87e898d2df1935eccec495079351a110d726d30903530941df966e03ed027bb4,51930,53335,1405,2026-06-21T19:24:35,2026-07-11T10:45:29.140829,ALTERADO
01_001_90_01_033.pdf,39f1c83a37b7b6c37548a5738921f347cdb3784e17b75e78b7b2c1595371ba0e,399c3cc880e4f5a4afb961e9da4ccb5e3ecbe40b3d861831c37b3bf06447ce4b,53167,54821,1654,2026-06-21T19:27:57,2026-07-11T10:45:29.677788,ALTERADO
01_001_90_01_034.pdf,26b93abc06e50794edcecbbfb39310cbab95275e444e23b3824e324f3ceb36f1,e94bb6f43871371a7c641ad8680dff27fa627efee3ab18c30a683361e969f41e,52762,55536,2774,2026-06-21T19:30:18,2026-07-11T10:45:30.215439,ALTERADO
01_001_90_01_035.pdf,bae66d74c420908bd2e3b3343802c85208cc9665b438ca8abbbc01d5b75e3e4d,a46a490f58fb8bec30e448febe64519c1f90e66051580ba2828da99ea0db9973,52814,54216,1402,2026-06-21T19:28:56,2026-07-11T10:45:30.763957,ALTERADO
01_001_90_01_036.pdf,6c4e1c348e5e8834f115f8a69128b2d0139632483d0b8516cbd6c4819d9d2e0c,a50e62fb76006d28dba183842acbcad946dc46c3dca1a33fa4e7c3275ab71f71,52311,55043,2732,2026-06-21T19:20:43,2026-07-11T10:45:31.380893,ALTERADO
01_001_90_01_037.pdf,5000e645247ad7d2dafa93790cfe24aa505062ed545e62d30ce2b0c7e22d9a76,c8751b83aeed2f59dc62fbd31d7769cbfe98b51342d55d578355e325f3dd52d3,55286,55645,359,2026-06-21T19:29:07,2026-07-11T10:45:31.894695,ALTERADO
01_001_90_01_038.pdf,f2f26f86cbcf5d749527467b5adc269af368b9251281adf9320349a6c2ed65e3,4102c8982fb6dc80ebc55478193da9bdc30b2fb80c41c831768396108e27f109,54648,54121,-527,2026-06-21T19:34:41,2026-07-11T10:45:32.392664,ALTERADO
01_001_90_01_039.pdf,bf3774397bb874c3cbb2c0f8d0f21f04a665321f66b2d87c1a5b2b4930c3919a,ec0f676ef1ba986bc98073dcdf0c738a5292ea51dcae780080c0427ac261b23a,53234,54272,1038,2026-06-21T19:29:58,2026-07-11T10:45:32.989851,ALTERADO
01_001_90_01_040.pdf,de2d9b7b1d44f306d2b661002ca6b4df079cf2557043bc498d9827b2f15247be,047e620e12ada3de0fd7f385a860a58f5ac310659df3985d5ff42a8cf27716e5,54859,54349,-510,2026-06-21T19:24:14,2026-07-11T10:45:33.504723,ALTERADO
01_001_90_01_041.pdf,6ff1dabb75573f26494dadabd25b66563dea4a8d9cd45aeed30862c251b8184f,526e9369e5531a03460bc2a51444fd44c265a1fcb00168146a55c128b97bf57b,53422,53334,-88,2026-06-21T19:24:59,2026-07-11T10:45:34.083694,ALTERADO
01_001_90_01_042.pdf,de2dbafb16ff45d669fceb95cd5d5e9ec05fa26e9470543597d2f1fb5b14229e,bde763a9db747bca10d958cf99acb783f23af1008e7aac29904ecd41162d1520,56266,58485,2219,2026-06-21T19:21:37,2026-07-11T10:45:34.607135,ALTERADO
01_001_90_01_043.pdf,9921c66b3d00a9efd12b25114a505a5d2e2591030f3111204053f07fcafcea48,a585a8f0df380e37a20cff0ccd02032bb2f69a04fb04191f60cf0f3ae0bad06c,55547,55823,276,2026-06-21T19:23:06,2026-07-11T10:45:35.234316,ALTERADO
01_001_90_01_044.pdf,86c1438007d7f780329964bb740a15dbf249c95f77f504a9a96b435ee1e71604,cfcee8b7085558e934c8d5d2e483206eec5958ecdf28c0f61fde88b346349603,53983,53390,-593,2026-06-21T19:26:44,2026-07-11T10:45:35.754636,ALTERADO
01_001_90_01_045.pdf,edc068cd2c264f24f51982cfa1b254dcf60f8949a29de9c338cae4c52757f198,e5be98b2769bba3da45235a7942fc54458241d2e9346a09a1bb2d383e98a3abc,54507,54361,-146,2026-06-21T19:21:33,2026-07-11T10:45:36.261738,ALTERADO
01_001_90_01_046.pdf,adf6c8d0be2c6599ec5c8eb288717932d9dcbe2fb1a04cf6a1938e253f713842,75befed13300f3028235f146f6a612a2a67de8c62dc56a8974b4b60e711a316f,52196,53638,1442,2026-06-21T19:24:12,2026-07-11T10:45:36.882481,ALTERADO
01_001_90_01_047.pdf,e2e391faa3b7cbddff729e366e1a89273eeeca624e982d37f55da2e881b70507,a92e725ba63f29998ecf3b958323703fe1a2c87b1e9e36f21712f0051f953bbb,51458,55601,4143,2026-06-21T19:31:45,2026-07-11T10:45:37.477152,ALTERADO
01_001_90_01_048.pdf,80ec37ea989d287074761149c3ed94f44f3aa5c212e3b63bec9734235146601d,31d050b39daeedba1794f4c6c2a073f63458372332b9955ddaa11ff26d3a4a51,54282,57049,2767,2026-06-21T19:20:17,2026-07-11T10:45:38.157698,ALTERADO
01_001_90_01_049.pdf,236364674d06c9ce9d586b3906c9d4c4de1d2d108edbb1aa2e038cb195b7b815,372fddad1dd7c068b4d9e96ead4712f8848ecf69ddbccc2b7f4899054da1c4bc,72723,53879,-18844,2026-06-21T19:18:48,2026-07-11T10:45:38.662290,ALTERADO
01_001_90_01_050.pdf,dac113be9b356f61994a17e1ac3b2c68eca5f03930fb3afb506af8a0afa1a660,c6e9726af943393ddf28dbf5461b9663e057faa5ee365c7dd69db67c74a290e9,57978,57372,-606,2026-06-21T19:22:02,2026-07-11T10:45:39.194730,ALTERADO
01_001_90_01_051.pdf,2d3dc8ebfc1a17962059fae017e4adf657269cac248dcc7dfe9b3fdb11b1e3e2,e9ab549388b260704679d4935ce7a80e7acb56b035c4cb7d1a93323748d1b70e,53266,53295,29,2026-06-21T19:30:48,2026-07-11T10:45:39.731692,ALTERADO
01_001_90_01_052.pdf,b118903e3d99051686854ea149c26aee1db852dbbdc773f6bc35d6599aac5072,decd41bf16ac80ae082130657bca2b79edf6cb0f341c236356ea2f03390469d2,56220,56724,504,2026-06-21T19:19:13,2026-07-11T10:45:40.255616,ALTERADO
01_001_90_01_053.pdf,98a23ea7389d661ad6f9d85f6461421bb0fe30af92d6a46a8dba6c75fe5e21ed,d709c8da2f1bdf87292fff258812a5d34baf4ccf24fe8365e6029955c07ba513,52114,54122,2008,2026-06-21T19:28:13,2026-07-11T10:45:40.841056,ALTERADO
01_001_90_01_054.pdf,8b7f7d1c748640bdd43c454370fd917531caa9331f68e8f3797792e21ced6f32,972785f80f31afbc0acf78aabe9926aa20233ac204dd8c07e54bcf523d2ace76,52756,53246,490,2026-06-21T19:16:53,2026-07-11T10:45:41.445569,ALTERADO
01_001_90_01_055.pdf,d4bf41bf1144416cd7a0caf28765102a5218317f329afdabc6a0409298573250,35d76721668bc1dd018adc402d49b8a2515be71e5dfefb215e99302f47819972,52446,53493,1047,2026-06-21T19:34:40,2026-07-11T10:45:42.211731,ALTERADO
01_001_90_01_056.pdf,7d9bacc613f095f87378cde1df694abb28d87b2ef39f60003705ccfb856fa37a,a20cca65e7c5ebf323f2a44f43ee9286f8a86b4fb8774b527ff41d06a0b7a45a,53236,55564,2328,2026-06-21T19:18:03,2026-07-11T10:45:42.737882,ALTERADO
01_001_90_01_057.pdf,0ebd94d24d6d24d840f3a75f9b0e79bcf1e02fdb7e6c67c4da68f3a9cdc96605,7246eda39e17775b3a913ce4f39a80dc9b2fc146ac3a382e6c259ec1971e19db,54860,55667,807,2026-06-21T19:27:05,2026-07-11T10:45:43.245725,ALTERADO
01_001_90_01_058.pdf,bfa0c84fa8c3fbbfeeafa13ef03a3f946a57f60921606da51c3ca672659163c8,92a7e34b3ea05897baf9928e9d9c12fef05c4e33f5c2bd885a1b3f907deb9c7f,54084,56260,2176,2026-06-21T19:30:40,2026-07-11T10:45:43.802032,ALTERADO
01_001_90_01_059.pdf,0abf10d6f99c2cd00b88eeeb2cf140bf56033bf5b23070e0088db6a94c2704af,f0b857fd6310531a8cc930e22c4863262b2eb60f34a641a47b3b8d1f52dbd165,54504,54514,10,2026-06-21T19:32:43,2026-07-11T10:45:44.432979,ALTERADO
01_001_90_01_060.pdf,2996bbbaaeabaa7c097226b821d15712c6579e179ba0f6b7eba39951dbfdf21c,9cf464ecf48a8299ecf1668785457bfdf3a401ec688395f205fbe4cad6913e98,54811,54945,134,2026-06-21T19:20:03,2026-07-11T10:45:45.064138,ALTERADO
01_121_02_01_032.pdf,4820c1755952392c56013baabe138b06334456e1a009a4b608073bdb67f2ce28,4ed1c3a88e44058182681179602928321141b3f456edca5913797eb4304e3910,51542,54320,2778,2026-06-21T19:16:50,2026-07-11T11:29:29.067089,ALTERADO
01_121_02_01_033.pdf,b408b7faca32f450fcc6ac302288972e6287169dbd36b9c66e2ad5d3ba7ab421,3683afec9592b4c3f84d89b0b1e7071f663a79ca688d037402c0a5a75ae0fb23,54256,52562,-1694,2026-06-21T19:25:51,2026-07-11T11:29:29.578587,ALTERADO
01_121_02_01_036.pdf,0e52ebe71aea92d41c455b15dd41240bd47d3e4be17bf1058ccc694fb45f15e5,a90faeb3c3908626b3e5852024dba90e1c944ce3200b2c3dc29d9beeffa54f26,53025,52581,-444,2026-06-21T19:24:55,2026-07-11T11:29:31.301221,ALTERADO
01_121_02_02_011.pdf,2ab4de983dcfb638d0b76968a1ec168c15abd7d0be4aa3ae9ca391c53da9993f,fc22f85759357fe73e64debe0044950ae1fb5443c74f1af12de78325bd95afa1,54522,53644,-878,2026-06-21T19:24:53,2026-07-11T11:29:38.222148,ALTERADO
01_121_08_03_019.pdf,c54d9e1b50a77a7aaa2df8a0b6b6dfa8bc5265f51d44bbb95536e7c9f1a0f99d,a08f5573a35370824161d39bddda9565e1739390d79593da44b019c990ec8716,53893,54849,956,2026-06-21T19:16:09,2026-07-11T11:33:51.341988,ALTERADO
01_121_04_01_001.pdf,f78fdafd9e954d52471ee6279b95a6b1032cbfc694561254be06f9ef9c387d52,c9da018c5ddea66503b444ad49b464796e934f99a9e6c8a8ee513b6831f7c72a,52733,51616,-1117,2026-06-21T19:21:03,2026-07-11T11:30:27.796790,ALTERADO
01_121_04_01_002.pdf,5664116fe1908612e69dde81fcb40d8b960d639ff72fbc8ea8afa7ccaa94edb7,35615b93c637e0ad0a89f432962fff82f5852dacddace859d9afa38297409c65,53056,50225,-2831,2026-06-21T19:31:45,2026-07-11T11:30:28.338784,ALTERADO
01_121_04_01_003.pdf,1412a90965ad5dc67d797142ef11495daf2511edf7f667841944282bebb81599,a3211d94f6cd4950fb5ddd2c79ca63f104587020d42708409577a905464c2508,51289,50349,-940,2026-06-21T19:31:09,2026-07-11T11:30:28.888771,ALTERADO
01_121_03_01_004.pdf,800566502a9efb53e1b29deeb4ee581fa1532433cc140c1e5756adb742dd2fab,a7d75be4c4ed569408aea05f87f2b62e5faf85ffda86c4f8f40fb21c125668dd,65659,54280,-11379,2026-06-21T19:24:45,2026-07-11T11:29:45.530236,ALTERADO
01_121_03_01_025.pdf,2c1c26bee2c15be1c50c9490d29467fe038f6faf6ccefba5ec7245b62d91564f,c9ad2cb06bbb02823178e8b66c03e67454e73437f2acb9f7fa277bf9abe97c4c,73240,54095,-19145,2026-06-21T19:17:56,2026-07-11T11:29:57.125808,ALTERADO
01_121_09_03_002.pdf,e00dfabfefc0ad4f90c1b606983a3a96295783f4a675635362a5e648018a4458,043cd85e7d23e7ccec89eb488e7f6ed916ee7ec35ab2075abe4843914a41470d,56319,54343,-1976,2026-06-21T19:20:05,2026-07-11T11:34:09.873926,ALTERADO
01_121_01_01_034.pdf,e1cf47e675e5588cc09ab7b66da3797a405939452faa16924df4f59d07af55be,87e89fc2ceb1b4a9818aa41aee0f591bfff63ba554d640043921860320b67fef,72004,50763,-21241,2026-06-21T19:38:47,2026-07-11T11:29:01.571080,ALTERADO
01_121_01_03_005.pdf,c4c451d46eeb7519be4fa7b30daa39d21d9ddbfce562ae0d40a5263aa051ba87,32426281ec3b5f0b477fc10b3d3f8bd0c3a3452da4087e391e1b17b973a6baf3,72651,52281,-20370,2026-06-21T19:30:17,2026-07-11T11:29:09.232853,ALTERADO
01_031_99_15_001.pdf,21291396ec4062332ac7359d1aa1c382c4c152a7dcc7e007291cf357b15b2385,ea0796d19cecb2c640b34f4a29ff55dd1385ea9c12021542edbf18ee4bd28ee7,54509,54509,0,2026-06-21T22:25:33,2026-07-11T10:54:32.538765,ALTERADO
01_031_99_07_001.pdf,f6fff3d1d6231acc0faf69d3078a8cae2e7a5aeb8239a8edfdbd4874ee44f656,7937401633f2c43bf271d80e1e5173eeb06bac91aeea59a7153b007e129f4592,1647947,53140,-1594807,2026-06-21T19:25:19,2026-07-11T10:54:30.862133,ALTERADO
01_031_99_04_001.pdf,5a312e2b018acc230e09350f8f0638eedabae0d74761db0a50406620525e5e41,6daf691900280fb459ed1c29461d17b47c6f611c28550cfde00719fe123789b6,477392,53203,-424189,2026-06-21T19:40:13,2026-07-11T10:54:28.561207,ALTERADO
01_031_99_04_002.pdf,3f4e2527c12d8d2cb4283cef1f8715d1a426538b62396a86038efb001628e7d3,9f698f2905e4e5f43f835e89ea185b1614d2527d825ccc4264e322176eb4c343,717587,52215,-665372,2026-06-21T19:22:14,2026-07-11T10:54:29.155001,ALTERADO
01_031_99_09_001.pdf,416000f60e943b91cf4319e3aa4e94ec6f77c01bae2d9ecf67c5432ff158fe68,189d9c4aeb93098d2ce1102d9bbe1c3a3cd162d39fc6eee132bd22e267313926,1007708,60501,-947207,2026-06-21T19:27:11,2026-07-11T10:54:31.374182,ALTERADO
01_031_99_09_002.pdf,777c7a36b4c56cadc8a92de1b367c2645c259be2248613cdcdc1581aef58e83d,efd3c9e3ce13c4594dfd818cf2f1d6e409f4be7d0746e17f6cced0dd94e91f7a,938017,54166,-883851,2026-06-21T19:29:59,2026-07-11T10:54:31.909428,ALTERADO
01_031_01_02_002.pdf,ea18533d54414d7962f02b6232420167a0891775f140023ae7af81b876a8d787,cf69df7897f4f915540faac4fe07b37fd246dad1ac93587b87b32cd5cabeea32,1080197,53813,-1026384,2026-06-21T19:31:14,2026-07-11T10:53:59.839316,ALTERADO
01_031_01_02_003.pdf,3feeaa8197fede0a837e29c88e07dd59f54d19c74dcfe62f464a6ab9b5f5863e,807c028661eca2d87a6d27bae0ddae3ecf0c80109ce0be20e778dd55cac85687,285346,72357,-212989,2026-06-21T19:31:09,2026-07-11T10:54:00.331267,ALTERADO
01_031_01_02_004.pdf,c3e9095a181510bc319a145551c2df23c00008b39ea1306ce0770b51dfe15bc1,bd5b62ec6f1122c98d17ac9216ec8b9f65fabbe903ad441e54dfa97edb647a05,425476,56407,-369069,2026-06-21T19:23:04,2026-07-11T10:54:00.846695,ALTERADO
01_031_01_02_005.pdf,441e4ed2f999eaace07465f9900381bb8f21bf7f8a06ca046795034057938637,ef1f5c28e0185576b04444c004f26d17594e18add80c79e2479465a56f18a3e9,426391,56257,-370134,2026-06-21T19:29:54,2026-07-11T10:54:01.454700,ALTERADO
01_031_01_02_006.pdf,21dd2958da5e3642026044aa388503275014f00f2696add28aada4da20757a4e,05b3f6ed333fa65574cc06339893267e97dff991ccd5784e089998973ae0a587,474845,53411,-421434,2026-06-21T19:20:51,2026-07-11T10:54:02.065069,ALTERADO
01_031_01_02_008.pdf,d7f0a656c52a2274e6a34f1a751553bc09d3b41197ea84012e7baff727693b0f,a94feefbe6e4da4df97954c27fa62c7d279120d153dc4eba9bbaa2e9dc4fcd97,391033,53514,-337519,2026-06-21T19:19:18,2026-07-11T10:54:03.258384,ALTERADO
01_031_01_02_009.pdf,bb7ad9c1cfd3dc1ecd40c62d5fb964d2f6857c3127fabf174a6a5b1b939649b3,0f71d6949c946686fe4b46cade8adbb0e4f4c4260a0a26d2a209b4633ba2f243,424992,55686,-369306,2026-06-21T19:40:43,2026-07-11T10:54:03.768353,ALTERADO
01_031_01_02_010.pdf,ef349c92889c88c1cfac2ca3fa08cca2212c6a50f6b1dcbb3f1067cffe694640,e5e1cbba511fb701a9b15f9d3bd90815af8214a6f97e2132f4fc071528f47b59,474457,55360,-419097,2026-06-21T19:33:41,2026-07-11T10:54:04.355544,ALTERADO
01_031_01_02_011.pdf,a83b1b119a43aa5b45098ea2ce75b54e164eabff9360bf26921dabd41de5dc92,2b316baac46717e7734fe45625fd050cc8e94aca77ddfd80296a60e7d766f57c,428140,55287,-372853,2026-06-21T19:34:33,2026-07-11T10:54:04.997200,ALTERADO
01_031_01_02_012.pdf,abd0a0357a8573c3f2a6d2b041d0ec0aa8a5344e300071ccc04d3c12db4912d8,d5515bd1e93a4c0affdf83093d8b676a4509268d7910f1db40f0b686e4dd0ac9,499404,53799,-445605,2026-06-21T19:21:48,2026-07-11T10:54:05.615467,ALTERADO
01_031_01_02_013.pdf,d73d95b552f2cfb3bb886cb39bb996ecb4faf72dde0dcd449fa34ea84f18e7f3,9d5f6b9d66988ad5a74ba5f8d9080cab9e11e4af11cf06df04f3fa2361c8a90d,403849,53252,-350597,2026-06-21T19:29:07,2026-07-11T10:54:06.135195,ALTERADO
01_031_01_02_014.pdf,508ccf6e54a2e69049d6e4d15bbe0b1349ebf86f9abe3a73fa69fa648461baf2,0ad8375852c21b0268cc706a404fa69dfd2a9c11f730a0ab6316e6b6870530b9,394230,54496,-339734,2026-06-21T19:22:56,2026-07-11T10:54:06.618165,ALTERADO
01_031_01_02_015.pdf,3c6ad338bdc99037f015b7ee8bbbd0ed11d330d4a7a7352b3a61be1ec53d3e78,3ce4de1d769b6e33b9a5ab3c88ad5a63e4585959782c869b07ad6dbac5f55940,380530,55711,-324819,2026-06-21T19:30:42,2026-07-11T10:54:07.216776,ALTERADO
01_031_01_01_001.pdf,34efcda19d260a80e896e296f45e2d73191031c8fb3e744207fb5c6ec36a794a,22fd3200e949ac2ed17180d413576238006d58e13f0cf108666562bfbaa242ac,806468,56984,-749484,2026-06-21T19:37:35,2026-07-11T10:53:51.334036,ALTERADO
01_031_01_01_002.pdf,f38720254da07889cd53a994eb5af9362f445f5432419776b7bd2acc26a2774b,6ae9fbedcf544c03485ba542f267ad72ddde05f1fc6020b9e4db55f8a87e5884,741242,54175,-687067,2026-06-21T19:25:37,2026-07-11T10:53:51.865496,ALTERADO
01_031_01_01_003.pdf,795e6bd847af18a7ea121693e83694143c4a9e2f32c112bd34c7b12a77ae424f,f8fdccada388b6316bfe8eb854acae9c10334fe2d0cf6bad2b24f1da9d3fac6e,709491,54110,-655381,2026-06-21T19:36:50,2026-07-11T10:53:52.451941,ALTERADO
01_031_01_01_004.pdf,d2ea3b8d82d2b42e6963ddd986e7591e7d08e4004f8eb6b4d822cb5b109bfaae,24035fe8d426751539ecaf7b0d34697fa675256eaba23c4b00c69b67af97b081,465186,52037,-413149,2026-06-21T19:23:36,2026-07-11T10:53:53.067195,ALTERADO
01_031_01_01_005.pdf,5b6fafc777105334e56d2341f96f033026d233f20f2ada7ee4f2e0cbc7d8fd28,709cc7cd9a2f87215680cd970c910c3fb887ea63cabc0f6cc4c64165e6d82b41,815706,53925,-761781,2026-06-21T19:34:44,2026-07-11T10:53:53.661469,ALTERADO
01_031_01_01_006.pdf,fcf5124be148ad3e31ba71a0e10df1494747c02665f3f962ac9c6c025965cf82,9fe6ef8f631471e7d018269cdc439bdb910181b6a594a35dc5667ca4ce44aa75,716019,54217,-661802,2026-06-21T19:26:21,2026-07-11T10:53:54.226825,ALTERADO
01_031_01_01_007.pdf,854f4d13999a29acbd61e58bec080a41f46ce09099b58dc03fa29b25e48ebb2a,d33bc08edae8693777ed945e114151ec6e21c9822580c1f107221816cdf8c233,647116,52865,-594251,2026-06-21T19:31:43,2026-07-11T10:53:54.766732,ALTERADO
01_031_01_01_008.pdf,18838e0aaad7b91e399cc5fb4c08d81791586f0d9263771400a35ad9b8f4b925,7d018c2f11a8ad49693eade9c7446780b57cbbe49cf7471fac0b7f4225cf7050,781610,52141,-729469,2026-06-21T19:26:48,2026-07-11T10:53:55.265905,ALTERADO
01_031_01_01_009.pdf,1fd2d9aca6abd1ade36005fea3de6ba3e86c24925310bbe1de723c0082ff5fd1,33c48485b4a563d9b35d3dc9703e475bf3b93c17f961a5827d630347f5256fb8,1237300,53197,-1184103,2026-06-21T19:36:45,2026-07-11T10:53:55.879128,ALTERADO
01_031_01_01_010.pdf,8a02bbdd4e92d016b11c6ee03abf5ff48c0ba3e04aeb0aec8afa5e5cd5a06f3d,a3f52694e0a238578d9b01386decc69f2f5d6c82c86c1d1ce50f1e21bb56d44e,768760,53998,-714762,2026-06-21T19:23:38,2026-07-11T10:53:56.495037,ALTERADO
01_031_01_01_011.pdf,3b28af0b5bb78205513357cd3dec3b1be53bee60cb0e7f6877854a0dbc9beeda,9195a6f099822eb4147fe4cd57a902c9ecbe0dace5813117b9c7802f7de96a3b,825486,55318,-770168,2026-06-21T19:21:40,2026-07-11T10:53:57.103218,ALTERADO
01_031_01_01_012.pdf,4c16d8477d164a0f568e18042ab564963a9855b21ff6419eeee9a0433a3f5556,c76b3d7c986d2ba4b26d782c737bd2855cf036ed6817c130e1297e56d82cdc55,509279,54522,-454757,2026-06-21T19:37:54,2026-07-11T10:53:57.600856,ALTERADO
01_031_01_01_013.pdf,bf33d9f8237e778754d4bf0f99c3a01fc6c4ceb4244357128cd34d67d3e0038a,022ad4f8ffb60872f1e6a8ec2f80e30b92522d01f397645d1fe3903f0f221319,536176,53958,-482218,2026-06-21T19:21:37,2026-07-11T10:53:58.163646,ALTERADO
01_031_01_01_014.pdf,b5b47786015bea62fc28750e2c8b4f1cc726658583c9e5f5403d775969220e2c,652d94e827c04444b6fffb9c9ad03af13456dbad414c7a8ecad89831743605ce,1267513,53995,-1213518,2026-06-21T19:18:57,2026-07-11T10:53:58.704991,ALTERADO
01_208_99_04_001.pdf,5f7ec08a2221c2de78c7751c3fca2bd50e12968f1edd8ba717e205a939f5ede0,633edcf17b349d51e44455a19477b542eff7687c78397ce2b678d06ceea015a0,52005,52115,110,2026-06-21T22:29:57,2026-07-11T12:01:33.776277,ALTERADO
01_208_99_01_001.pdf,8a2d5ae4b6b43431d6e7db5c66ac7688d7493a186f841bf04f7a3c606257dd46,0752e0b81d576e6c90e02ac48a60edb7c4f2e15cd5c0e1325b492d0d50d1246a,51995,52185,190,2026-06-21T19:39:45,2026-07-11T12:01:24.626702,ALTERADO
01_208_99_01_002.pdf,7dd1e90b9487159124deee940c704e18e76503b1426ddc92cb061cb6264ac693,993091beba4c6936a0b46bc667cdb90a4c99f39cf1366da13d3bf8eeb8c43b6b,53104,52801,-303,2026-06-21T19:40:18,2026-07-11T12:01:25.217078,ALTERADO
01_208_99_01_003.pdf,62ce9854778819af4b212050077466bed6d12fe1728cfd0b99ac713fb18a0200,c086716f972ab0c4d5d895e9852dcf9b4ba0978dce09cfa4c1d19f8be3572582,60789,52960,-7829,2026-06-21T19:39:16,2026-07-11T12:01:25.735508,ALTERADO
01_208_99_01_004.pdf,d0a9db2619d7fed4e05b7141076e63dcb9fdd45c711f6d966862f11a82282a36,1cc9c6ea51b3a9dcffa80b5a0b8465be149daee8efcc59c691651679e6b0bee2,61338,53796,-7542,2026-06-21T19:36:53,2026-07-11T12:01:26.300606,ALTERADO
01_208_99_01_005.pdf,4b18a32fa866b9c49e7e5592768376fde29d655b76b3dda7709c1a6cbc725496,4925ac9e9e98dc79e69607c2febdf227779d3d0332dc3f29c5a3555bf48721f7,59234,51729,-7505,2026-06-21T19:36:45,2026-07-11T12:01:26.859709,ALTERADO
01_208_99_01_006.pdf,bc31ad4681f3d10cc44e3e7debcf7256866f76a306dbb6e10d575d0c70b52fbc,d20683b9f19d4efd856f6150e9f9329e55823f143a83d2c70538c6bc83eadaed,60862,51983,-8879,2026-06-21T19:36:59,2026-07-11T12:01:27.391644,ALTERADO
01_208_99_01_007.pdf,4d53155a21af87c1cb686e3c31afd4cfd68f9739362dabd8332a26df8aafb0fb,6fc2158c58cfee5addd881fb6e958eca28ae3b0da1439c95c6eee2d1613c5621,59439,55505,-3934,2026-06-21T19:37:08,2026-07-11T12:01:27.984984,ALTERADO
01_208_99_01_008.pdf,0f9190fb3b7020e09da6dd2ac4116bf22737b7129017b455f77d4291b1c1777a,d6b36684b2510499eeafa0b1549242b4861c8b7669a41f39d4c866bfaa0880e4,62549,54588,-7961,2026-06-21T19:39:02,2026-07-11T12:01:28.627541,ALTERADO
01_208_99_01_009.pdf,0e89fb28194d6945c7b07d3fd7dd6a243164228b7c6437e70a160eb52b34ccf3,87b8b55bf26691558726aead3b6d16394fa97a61d20950d49de211ba354499e8,63553,54577,-8976,2026-06-21T19:38:48,2026-07-11T12:01:29.234003,ALTERADO
01_208_99_01_010.pdf,e33ee2fd9e085ed346d1326a78677496db0d8e6480ce807c4c42918b9a49f365,e4a1cc817e5053bb0638666da0709459b32294ad8fc71a660d2b319e90c02bb1,62496,52807,-9689,2026-06-21T19:39:35,2026-07-11T12:01:29.860440,ALTERADO
01_208_99_01_011.pdf,2af1dcba11951bc6575f1cc5291dc618220525ebf84793e5f1d65b93d67be278,efbfe1552a967d9802507767be25b38f9f80fc4024ada36719d8f33eb435b64a,59953,51027,-8926,2026-06-21T19:39:55,2026-07-11T12:01:30.365476,ALTERADO
01_208_99_05_001.pdf,157139659d14e42fb9abc6dd57ad2f26a2d29551a21a83dcc890c0948ac97fcd,aadd37221cdaca564d7813a3b8321b79ed7c9a91430ccbd8fbcde772157acd83,54271,53741,-530,2026-06-21T19:27:57,2026-07-11T12:01:34.384862,ALTERADO
01_208_99_05_002.pdf,42fa81c346ddd69f91ad7ecd22b2eecf65ca4e73536e633c310a9f6784275f12,c50d0c1d7b435f6f8ec242429569b9e7af50dc74ec75f57957906cd626dc8188,55936,59439,3503,2026-06-21T19:30:13,2026-07-11T12:01:34.925460,ALTERADO
01_208_99_05_003.pdf,35cf0a5113e747d96acc0b3195b33fcaa397af08807aba18a5dd51cf66bdfe96,900d955f0f0b920601aac8b8664ab0b08e387b32a8d3f2ac7c26b701f6bbe48a,53719,55990,2271,2026-06-21T19:16:45,2026-07-11T12:01:35.592050,ALTERADO
01_208_99_05_004.pdf,d077480d6a29370e136d253c7e6e6e4eaf5dd2d96c8347446d805c7e8a402c24,bca9175c16629036963016acfc42c6e6b12d45a2cc8e5536a18d409a8466a4d5,52546,54279,1733,2026-06-21T19:31:53,2026-07-11T12:01:36.212167,ALTERADO
01_208_99_05_005.pdf,d0444608f9965c3b1efc9c75f99ec8604d0e7e11c2bcebd97ced410ac1f049a2,e7c6e4d87bdd3ef37167ce69cf67c8ce18e5ac2a5309a9681d276cf14095145a,58816,61415,2599,2026-06-21T19:28:42,2026-07-11T12:01:36.810300,ALTERADO
01_208_99_03_001.pdf,f073c87de16333494d8acc8e433a4074ce3a48ff9f5c52ba70d9fd5fc0b134bf,1bfdddd48ffd7cf69baf47dd3346ebaaf3d248f86eeebf26e72e554a865ef9d9,61600,51547,-10053,2026-06-22T22:50:13,2026-07-11T12:01:31.580994,ALTERADO
01_208_99_03_002.pdf,5fab4114107948f3750003f710a2a4ebc2c7e0848b00cef3324b1a1900c3e236,4f5ccb14cd3a16a00a6c5094a6b09ee6404da9fceb2e7789d911544dd6fed9df,61130,52582,-8548,2026-06-22T22:50:12,2026-07-11T12:01:32.168057,ALTERADO
01_208_99_03_003.pdf,f73c7a3312fc3e069cca562120b286b57f5a4a1b5fd3e47ad0b91a1f9fcb7186,95b4b38004d6c6fe38e56a6c7a21331c31713542dbe157e8a5c4c13bf6de0357,60623,48702,-11921,2026-06-24T09:13:34,2026-07-11T12:01:32.650536,ALTERADO
01_208_99_02_001.pdf,3c337b026d35cf908994c1c0496742b86a9896eb52d4181e71843b53f10fd33f,acef973407f3a98e60e696f74a8f2c1ec4567dfa8d60c26dbd0ae953f9eba15a,60049,51006,-9043,2026-06-22T07:37:15,2026-07-11T12:01:30.976116,ALTERADO
01_208_99_06_001.pdf,0682518b3f8db53b23269d10b757b18c5a1a60ddc6a7e357446380d5e8d684a3,1d72a9e3f0ae2d8ae20623f4df1cbe297e3561239fabc827a8409e76219f84f6,61696,59390,-2306,2026-06-21T22:19:19,2026-07-11T12:01:37.417180,ALTERADO
01_208_00_01_001.pdf,6bb8306cea88771a46c74c291cbf81ea8c81f7bd8247217d626492cefe4362ba,9e99385d5fe05ca2dd5c6a0a20b8e3922cfd563aaa885ef5d18320a9586821e6,63675,57083,-6592,2026-06-21T19:24:57,2026-07-11T12:00:57.528904,ALTERADO
01_208_00_01_002.pdf,432ebe94ea2b58c1dfd1a1bb5b13e8e5d75a8c1982d2aa44c4898cb0b555d728,ecf5db68c427a32badaefcb54abd0bb8244a1ef594f7b0b95af1b1870d653e19,56266,57635,1369,2026-06-21T19:16:09,2026-07-11T12:00:58.030114,ALTERADO
01_208_00_01_003.pdf,b6c91c713a8c23a517db1531993de4d0b4a2a4a7420eaf229cbe61f04d81f6f6,da6eabdb3eaef37573fd73b0d484998c02ec31924580b0781011f14b06e12688,52069,53333,1264,2026-06-21T19:20:00,2026-07-11T12:00:58.587415,ALTERADO
01_208_00_01_004.pdf,208d6605f0161921213d957e1a48189fe5c995f74b564eeaf21546ce4c94e295,2a902f3ba382a90d1bf051878f39d48177ab74f5cdd9bcdca9a8a5a4b85c21a0,53445,54323,878,2026-06-21T19:21:38,2026-07-11T12:00:59.117694,ALTERADO
01_208_00_01_005.pdf,ed199a996ea6a36151d0252073280eae38777d393b176d4e3d789f1a7514b64e,302bcf3dad0a0a7faa1f0d65b4448dbc9f53ed19171656b504adb70fcc95c0dd,50033,54309,4276,2026-06-21T19:31:00,2026-07-11T12:00:59.739769,ALTERADO
01_208_00_01_006.pdf,b8ae421cddeb76fd4e7645f62a818e427cf04a40e9c865efd855255bcf9b5143,9fce62875fd21a1f4784fa1f7322554d2d868fb4eadd3c22d8fca32ab6ad10bb,53350,57133,3783,2026-06-21T19:20:41,2026-07-11T12:01:00.369379,ALTERADO
01_208_00_01_007.pdf,93ee42be04c25409044b18802171f995a48dcfb6ca6853e793d1bacdc179c04d,c1614351aba5cb73ea772bb4e750f66f434f97ff64cd6e36dc281ec1fbcb979d,52697,55628,2931,2026-06-21T19:17:10,2026-07-11T12:01:00.885395,ALTERADO
01_208_00_01_008.pdf,a69afa557f7913d8e27f3ae92c0502233ac8bd3c2be216ec0fe6ed4e3e0b4285,22f88296ce70209125c46f48c3739a37e76788b9eb135b24e13b5e83b84c68e4,55724,57442,1718,2026-06-21T19:31:00,2026-07-11T12:01:01.470841,ALTERADO
01_208_00_01_009.pdf,dcf33f9be1800f1c3b46fc62130bd75ade819e4a1797b6280c0c28d1cbee63b9,16573ce29c8fc382cc5bd389ec9d2497fc291edeaeae2a9b75f176aefbadda91,51961,53784,1823,2026-06-21T19:22:35,2026-07-11T12:01:02.008044,ALTERADO
01_208_00_01_010.pdf,67991602c7d1be78e45515d00c1eb0a83e4825577c4f8c1cb46a644387b19335,dcb69119ca4e9017f22c25b49695fb25b580522326832861f88ed94b4f4daf5e,66475,56562,-9913,2026-06-21T19:27:39,2026-07-11T12:01:02.530760,ALTERADO
01_208_00_01_011.pdf,f7d7739bad484b9a730d1795f6d3f471a20ac8ec815a30fd459628da37c9f7d7,39518a38c36d1b93dd0e23575e2cd43642d0015e3e47b9bbdf4588bb9c534d61,55616,57998,2382,2026-06-21T19:23:35,2026-07-11T12:01:03.127445,ALTERADO
01_208_00_01_012.pdf,c43c0b9b34ca0f90f14ea0d39c18ae50e03288777018e4aa5f6b777a5dbe03c3,8242d59b98b4abc660949775496e6d7ed265986653a3f63b85075f478d4d3693,58986,54329,-4657,2026-06-21T19:28:42,2026-07-11T12:01:03.771502,ALTERADO
01_208_00_01_013.pdf,ada623f758a6c0e2147d42fe538756f9bd42b0ed2146537577b420f1db06750e,9820d4c68f65ed5efe18cd8cd1c93f6718d258630672eb5bc83dd0a7e143226d,52542,55554,3012,2026-06-21T19:27:57,2026-07-11T12:01:04.421362,ALTERADO
01_208_00_01_014.pdf,6f5377c07420251c34bc53c33f158d46656ecea361ec83f2e57a29817b13de12,98420cbf362d7d8473b91baece336d5298fd13d81f2714540a9934ce28fbf1b1,56034,56761,727,2026-06-21T19:27:31,2026-07-11T12:01:05.015341,ALTERADO
01_208_00_01_015.pdf,def4d19d8be0b748f409aed02e31b082064875acc4f10f3c175c11018343939d,d91b930d56de591116e5349b7eeb0be9588f8d855498865b76d5f0d26bec8ff4,50402,52316,1914,2026-06-21T19:26:03,2026-07-11T12:01:05.623051,ALTERADO
01_208_00_01_016.pdf,eb4a3105b96a805b144a838870f808cf0676c5398408d9510c7a1b0fbb598bff,bcddd14df1be0ff6f40a68316f37e206758a8eeda0734422b95538bd25daf86c,62259,56230,-6029,2026-06-21T19:19:36,2026-07-11T12:01:06.229059,ALTERADO
01_208_00_01_017.pdf,b7c9e59661b1887332c6fbd8d9216f575e85e3eec25315d9b4b66da29965b406,1a7b1c7640b2398a19f4f148369382dfa2dc7deb913bbbf1fa6f958407f9eaad,60165,54199,-5966,2026-06-21T19:27:35,2026-07-11T12:01:06.842504,ALTERADO
01_208_00_01_018.pdf,cef00e1733c6da5e77442e34dbe7547edd1804b868d6cb4cd870d6e69b367ebb,b60714787e01cb2d4bd737e42e1ef5c8fd6aed560202381d72f168ad514aa17c,54514,54878,364,2026-06-21T19:30:38,2026-07-11T12:01:07.444053,ALTERADO
01_208_00_01_019.pdf,507cad74060d2f551aaa6a5632a6492610e22543ef4dc192001628ec95d94484,5bef2f3913bf18d75ce56d1751ec6844af634f995fb3dd093fb0b6ad9e4715dc,51404,55242,3838,2026-06-21T19:26:16,2026-07-11T12:01:07.966424,ALTERADO
01_208_00_01_020.pdf,4eb69c50004312fbf29012c4db37d940207ea178e7532c249edc0a5d829aca52,53ea73803ba2c699696776e2b494361ffb777da3b1b849e32f1554763c24fe68,51399,53256,1857,2026-06-21T19:31:41,2026-07-11T12:01:08.580030,ALTERADO
01_208_00_01_021.pdf,f38fd3df0a7e0abfd38a27b29be02f41f22db110637816e180f99883b7923261,eab57beef1a090b57a6a42d749132014679f774a03be64c180a0d87f8400622e,55991,55179,-812,2026-06-21T19:24:47,2026-07-11T12:01:09.188305,ALTERADO
01_208_00_01_022.pdf,1baa4c3ba53f2f1ebe095faef5d2868193552e82f93bb42591672816469da1a4,caa02a441bb76d3e74aaa60935967bf3727175f8e7c28826741b378eb13aed23,53726,52422,-1304,2026-06-21T19:28:33,2026-07-11T12:01:09.736836,ALTERADO
01_208_00_01_023.pdf,8e1aecd04688303bead1c298cbbefd4011c8619f75893fd14d2fd200a316d492,3f4579c912afb4bdd4b88abd640490abec3c462852323e264a246bbd7d46223a,56910,54918,-1992,2026-06-21T19:23:09,2026-07-11T12:01:10.324507,ALTERADO
01_208_00_01_024.pdf,2fd034d00bdfec5395155e7b8c3939aca3f09107a9c432fbdd7706c5a9301e1a,235d1a9e0956676c27da00ef3a627b0b5e3f4b52305944a1c54b2182f7cd4f91,53213,55441,2228,2026-06-21T19:27:40,2026-07-11T12:01:10.947484,ALTERADO
01_208_00_01_025.pdf,3804501f4775e968d1c2bbe33a3d6cac7a9c1797e5bb69a4f25e7c197b703bfd,ef052f96e346099e31e6e71be022195025f0cca1b794159363d690302aaab1b1,56547,56358,-189,2026-06-21T19:27:19,2026-07-11T12:01:11.557862,ALTERADO
01_208_00_01_026.pdf,d2ac3670fb0f3f50ce7e4272a0c70b086f0643a0692788f423a8491dba712bbc,11b5236b662697115dd4a3389e8ecc913daa0bc1421c48f344e182a94ddc1722,55807,55688,-119,2026-06-21T19:27:49,2026-07-11T12:01:12.161579,ALTERADO
01_208_00_01_027.pdf,5147b5cf3a9703224e1e368237460df4a0ff925eb6ae6bdc0f0a1e6c7c877ef6,ba6f668421c7ac58736382bf0e86b947a05b5d661b941de29db64ec5f3e8f84c,55162,55377,215,2026-06-21T19:26:32,2026-07-11T12:01:12.654556,ALTERADO
01_208_00_01_028.pdf,3e0587ba291270a086a799eda79c6d8b1c04280ea98162490eaed1cf4d0d93f9,6896b89c8fd5accff74cb7d21f3568c3c83f0d4300cfceab657917a728a24abf,54124,56636,2512,2026-06-21T19:29:40,2026-07-11T12:01:13.254028,ALTERADO
01_208_00_01_029.pdf,52e271885a6e5cae8dbb9b26a0f4c1777ba56009483e4263b0d37c3ae1e2537b,b39ad23a3d666b0ab9d7ad3794075a4bdfee3d717c18b6d357980b7871223060,54300,55020,720,2026-06-21T19:16:58,2026-07-11T12:01:13.751585,ALTERADO
01_208_00_01_030.pdf,3c14bcb9e12c6b86e808dc8961421cf2aa4d1c04e67993578bb25216cd3b7be8,c3a5e64ba51c5e951de77b2beb033c3c48f44a660972e6422c9399d59b09080f,57912,55523,-2389,2026-06-21T19:20:16,2026-07-11T12:01:14.273437,ALTERADO
01_208_00_01_031.pdf,ca1cf6cdb5df148c63263d576aba7a42bcc2da15850f23c5db5f2b6f647e9d97,24104dc2cf2ab362e4d2d958d5c1920ac5720a27443fb886318476f5d9fc4c74,54645,54117,-528,2026-06-21T19:24:38,2026-07-11T12:01:14.794720,ALTERADO
01_208_00_01_032.pdf,73f34974ad2dad45cfa75e2eba6f7e71ecee12cfcdc005573f8573030c5ac09e,4da1947c75381c74ed2629b87b8c3a05082193aeefe1692ffad266c363f8c4b7,54891,56509,1618,2026-06-21T19:16:43,2026-07-11T12:01:15.388969,ALTERADO
01_208_00_02_001.pdf,f04be65776352527b73a423435c7a62fcf5dc3197fb66c1cb89de2ee0f2b19ae,8cde0a6258453351e9bddff7745df65ebfa7f8ae65b9166a8d0b371894d7216c,52973,55546,2573,2026-06-21T19:25:39,2026-07-11T12:01:15.914434,ALTERADO
01_208_00_02_002.pdf,0b115f7da0c1c3f6a19f239af07186dd830cfd8928a551dd807a425e80cc0f23,7f7fa0564f60f6e3c626a41b541ea3a28e49a7e6674580682071a4b2e405eae4,59825,56336,-3489,2026-06-21T19:22:50,2026-07-11T12:01:16.526123,ALTERADO
01_208_00_02_003.pdf,adefa8e07ab98132580c2fbae7db1904949eda11ff9bea8666e112ff27382205,007ec9ad524ae9ef36cd62da5fbc5a4c3e027bdf116358c7046f0c29d930fb20,56854,60393,3539,2026-06-21T19:24:03,2026-07-11T12:01:17.064556,ALTERADO
01_208_00_02_004.pdf,12fb8df0b817cfe3d38b1b624ff05af1d11ff185b2ea408edeb680ab016d2aa7,bc9c9b236622022526b5fec86657630ec18db2756d2d6142dda9d729a98fc29b,53971,56837,2866,2026-06-21T19:28:49,2026-07-11T12:01:17.686575,ALTERADO
01_208_00_02_005.pdf,68e1d143666c5aeec0f8dfd44a9d0503e90dc366d550c1fcf2a8d2bbd3d4880b,7c776665632eb18e9f35b95137af37bf7f54ac3e1b1a5c5cfd590c2d62aa9e8e,54471,55977,1506,2026-06-21T22:20:39,2026-07-11T12:01:18.324114,ALTERADO
01_208_00_02_006.pdf,f435fd257f0a3f6d02f2a00b8c8108a5ed52c5085b33df8fba60b72254356bd4,0bc139154ab5bcec66ab0e477446452a126fa0f20f50dc74f1604594baa80c5e,52169,56270,4101,2026-06-21T19:26:13,2026-07-11T12:01:18.900184,ALTERADO
01_208_00_02_007.pdf,ed11f36722c9feb50fe6916642713d491a31cc3c781318fbcac111835cb677fc,0b793542500263f82e23170ff7aca3dbeb4a18e6db93bcf1a3f77869263f47f2,50929,54907,3978,2026-06-21T19:24:40,2026-07-11T12:01:19.513260,ALTERADO
01_208_00_02_008.pdf,27a6f6cd2387020173ba3bf3ea909c870d2761fe15ae9eb919874b6f73e0a2d2,a1b2ba552110ebf02ae48a247364a1b2574bbcb0dce968085dc5cf0731ac59db,53173,56361,3188,2026-06-21T19:34:17,2026-07-11T12:01:20.074521,ALTERADO
01_208_00_02_009.pdf,d17165e3254e5c4762ce5d7f46a48e1e689a5bdc7375386e234758d2b4122536,70b03c8a01e2cac9fabe7e38dc4e12e8218603a75eca9963b5d7b24db394f202,52281,56080,3799,2026-06-21T19:31:36,2026-07-11T12:01:20.675995,ALTERADO
01_208_00_02_010.pdf,a93ca73302ddc3770d090b7d35bd3507874c15d61b0db92b25359f643ae3eb51,393eac463d7da92b5aef55e604d8238f3d1b71fa17a6718d5a202e02e82638bf,67556,58797,-8759,2026-06-21T19:21:34,2026-07-11T12:01:21.227113,ALTERADO
01_208_00_02_011.pdf,34dc159149a01cbee70fbc5bffa0f064dd6223dcd98a11b2cfb2a06a2cfbb95d,779be23430a991cf2edd6ca58ce47002094b5e2a36d89652f5ba49d386a8d9e1,53670,58172,4502,2026-06-21T19:29:11,2026-07-11T12:01:21.740081,ALTERADO
01_208_00_02_012.pdf,1868f621ecf69bdd30f7f1e44fa93c42a229d560596314d8cc39d39b3fdcc855,39e57ba33221c2c1049ae534562d560f3e88c58f3188465fcb48db919d2dcb5b,52475,54783,2308,2026-06-21T19:19:34,2026-07-11T12:01:22.336671,ALTERADO
01_208_00_02_013.pdf,208d55af09b58629b79e518f07f45127bd3ac1847475aee6fda576b8c03cb1cb,7fe7da784647564a62f23a626b000d752949fff0a6fd67ee809f51e9bac3ddb5,51915,55774,3859,2026-06-21T19:32:55,2026-07-11T12:01:22.835483,ALTERADO
01_208_00_02_014.pdf,27cf53992f8dacfc502235d757d90712d631016c6f6bc7fea48a2689bd6e5c5a,19e5c1359d3130b1a66bdcb3a0f6295c86df9cee8f69e5675e6acc8776d7058f,53152,55952,2800,2026-06-21T19:24:05,2026-07-11T12:01:23.457258,ALTERADO
01_208_00_02_015.pdf,c810e142c7e599702afc10021d285e87af0cae0e34792dff5d4b4f285e08bfda,e99db0d0829ee718f4f67cc33860bda936c076d49e9920b9c454eacadf88ec58,57882,60938,3056,2026-06-21T19:19:29,2026-07-11T12:01:24.069522,ALTERADO
01_133_99_10_006.pdf,dfbd6bff39b0a37527b8de018fe96e2815c95948bbbf736cdacbc72642c24898,c4cf30bba87dacf7ed80da7df36195b6cd9077e39c208865b63585acc0509d71,797155,53183,-743972,2026-06-21T19:40:07,2026-07-11T11:38:07.864146,ALTERADO
01_127_99_09_001.pdf,73d11c9896c994f618694bd54d3bf7d9faee0cb907fe83f0d6227dadce129df6,6e10805f3f8b35c7c1ce74ce2691d64aeb36e0b9119893a8a81eb172780cafd4,603974,49561,-554413,2026-06-21T19:23:57,2026-07-11T11:36:22.068708,ALTERADO
01_127_99_14_002.pdf,9beb0ab303572d4bb1a58c0e7cbfb7a375e002220d1437e9e634da2752c0882f,50dfa11668c15711be163208dc9195feff5a3c6cd39244b6516aae85c8bd9f89,50966,50966,0,2026-06-21T19:28:41,2026-07-11T11:36:27.604656,ALTERADO
01_127_99_55_001.pdf,53125fa06a76f9d32135cd25ab91be3d4b121c8b839d69c448fb4d7f3a2b2ed5,36773ed444d2cd614172daa8b6734139f05d64747a61f69ebd972105551c36fe,624291,51295,-572996,2026-06-21T19:37:09,2026-07-11T11:36:32.035307,ALTERADO
01_127_99_01_001.pdf,9ad697582b46eacbd4c80158f3540f2a20483db91d60b7b35993be656e91b661,431dfbc5c9b130db1c5c7d7b3fa835f223296322768026fd40beb18580f94743,1301063,48581,-1252482,2026-06-21T22:20:01,2026-07-11T11:36:19.858915,ALTERADO
01_127_99_21_001.pdf,637a85908c44ab6d1a4d339e85d3ee38fd223d8fc3fdae9e9b2fce150a109c2c,982f00d695b4b153359436e24b1dce5f62adb5a8001541088e765a452c62be43,488352,51328,-437024,2026-06-21T19:25:16,2026-07-11T11:36:29.194102,ALTERADO
01_127_99_21_003.pdf,4827d5fd6dcb7c1f66d7e362bb3008d4c74c352106fa8e5f5885507ffc6ba3d3,713649a2c02dcea8cbf6377f3605a74eef4b0791db5f5be23647c479e7c66cd6,548624,50624,-498000,2026-06-21T19:26:33,2026-07-11T11:36:30.281248,ALTERADO
01_127_99_21_004.pdf,328327aad14ff8f27b1c082f9185e9ed31d0d5d39ff58e05fa31bd59a570d3e0,e93ffe6b5839873a6b036cf2999b4fceaa52a1f1cee6011121c2c3e4840ddfbf,488349,52292,-436057,2026-06-21T19:39:12,2026-07-11T11:36:30.870944,ALTERADO
01_127_99_21_005.pdf,74a8f170487c733a73072c2e222d791b4358c70a2087fbf4dc9bb9dee125c276,17ff93380280b1bde7ebeedc632fb3980687f3ffca8091991f8da542c0f71412,581027,51610,-529417,2026-06-21T19:34:18,2026-07-11T11:36:31.366405,ALTERADO
01_127_00_01_001.pdf,a8a0a0e00f9395566f6664462b87bf4fac768242e93b0d7ebb20c448d6ea89b7,1e9f8feb6117a15294bc9fbfd9397f2f077d10cd79dd5d710ad3fd323e4f095b,30703,59396,28693,2026-06-21T19:17:11,2026-07-11T11:36:00.475575,ALTERADO
01_127_00_01_002.pdf,4dc81967d2c34281685eae7c4afe914f7448d605ed584fbd27f97acc93f81e30,df394afe7e0602cab3e636bab45ac29e42bd3a9a43539418f1f743680608a527,7765,55975,48210,2026-06-21T19:29:08,2026-07-11T11:36:01.104089,ALTERADO
01_127_00_01_003.pdf,0b617438f1fcb422130c803f5cc4a379e6f89cd68b5d2aa07914654c5befad7e,b0f712cb1be841bf6d0e314f08b867277db65db9c77aca8655fd26a9ae3e1667,50837,54911,4074,2026-06-21T19:31:57,2026-07-11T11:36:01.727257,ALTERADO
01_127_00_01_004.pdf,beebd6ad22d14b4dac04066738627aa151079812be54c40c1445271f29b2f7b0,49a8d6c4d8f288307674ea19e8dd218a4d69d06b1707406602976fa3a5d28a51,50655,55368,4713,2026-06-21T19:18:15,2026-07-11T11:36:02.251627,ALTERADO
01_127_00_01_005.pdf,8a4a9f15b38b579e31ce5fb2c2edaa32d9c6fd8b9a55ef237113c3a39481180a,fb9d725a8f3703762b2cb5479ae093c8e2285346d598f9bca7ee580a793644ee,50038,56431,6393,2026-06-21T19:26:43,2026-07-11T11:36:02.860970,ALTERADO
01_127_00_01_006.pdf,a4dfc4be1bf4cd9cb722a49038f42e3cbc5dd56fdcdabb599d352ce9bb0c34fb,1e33e35d35c86733d422a8abb959694c2ec35cc6a613ca6f8f4aa9f02e62f37d,50265,55298,5033,2026-06-21T19:20:32,2026-07-11T11:36:03.386517,ALTERADO
01_127_00_01_007.pdf,32f7d8b02de0510106ab15078b81e4f0d8a7aa7f30d5c6505cfcb264bedb958e,e7e17123d52ae662c8431da96c124bbde062f00f7cde127bf5765f0a4ad601f4,50910,57911,7001,2026-06-21T19:28:17,2026-07-11T11:36:03.905289,ALTERADO
01_127_00_01_008.pdf,088cfd71e2e41c19c20ca90b2f79864a0f5266efec5329b85cc5033b823abe9b,09c5794b8050cd5165b246895ff94ee15a50f104f1a31417e88486d829f8eee7,52856,58544,5688,2026-06-21T19:29:48,2026-07-11T11:36:04.436176,ALTERADO
01_127_00_01_009.pdf,7c85172399f6ec7c10af0d98ab415c7c3cafc273967d84e99ae67457c70816e7,4563087893409022963fab246843c7a18538c6dd9cd292f4312aa6b53676739e,51198,60386,9188,2026-06-21T19:32:00,2026-07-11T11:36:05.060162,ALTERADO
01_127_00_01_010.pdf,005d85a5915bd351dad41dddebf72c85249d625b2db5638cbc1e4357cabb44c9,1dc4c532e116ca2cb847c44d0a90b7fed62629bfd7ff3e6ab954c502be8b899d,51843,58023,6180,2026-06-21T19:32:58,2026-07-11T11:36:05.665586,ALTERADO
01_127_00_01_011.pdf,460cc382a84a3ad6755c3661a3231246cb3b876b9978459a8f854f3cc4314d20,c1d2e1c77e7bee90b0fb12b5c0906c20a66d4c5503034c0a53053ba0435d43ce,8140,62275,54135,2026-06-21T19:26:03,2026-07-11T11:36:06.264859,ALTERADO
01_127_00_01_012.pdf,cbb54873a49d69c110f0d4cd6c675e24ee345841910d9ef460cc035c33797fcf,e4706754d2ec9434a41c7c4886abeef120cbf736853066c4d896b6ca32a5fe05,49226,55139,5913,2026-06-21T19:29:14,2026-07-11T11:36:06.819418,ALTERADO
01_127_00_01_013.pdf,f98be8e9952a76824308cf4a19868a02f2d548f4161abdd4b94b9cedc100e374,cdd92a6e1693b1b5c43902a3bcb19e34abb89c7f9de18c97647b3f7bf3f4735a,50472,57181,6709,2026-06-21T19:32:35,2026-07-11T11:36:07.342288,ALTERADO
01_127_00_01_014.pdf,e8ac042185bf9065e01e6feb79559da2559bb51fa33f668220c0089aecf42ad9,5b851ef4c76db954adfba37af346738b8b0bc58eb9378755b8fd61e08da66469,52565,58354,5789,2026-06-21T19:27:16,2026-07-11T11:36:07.949155,ALTERADO
01_127_00_01_015.pdf,aeb003cf7cd4760969fba821cc6647a5ac8169119fc9d6654789fad13511b22d,f852642d3a2de87d4cda9be9e59ab2e0703842f161a6903395d0725302667643,52123,59278,7155,2026-06-21T19:27:13,2026-07-11T11:36:08.578029,ALTERADO
01_127_00_01_016.pdf,fdf2c902038ea2d1e6e2ea26f1d61535284b7fc491f616cc5a37c82d8ed2db98,e4d7d327c21e3078ac62ea757c66534c0f4d02fc089ed27aa3a542b86f95ae82,48977,53665,4688,2026-06-21T19:20:17,2026-07-11T11:36:09.249233,ALTERADO
01_127_00_01_017.pdf,ad3e7c8eb20faf7af5fe6fa43965072a1bb314761b3eb2cedd2d4182202f1a16,95ee0d50401431b3923533319c33eb0b2fdb1058d35d3e0e2f993697d37a200d,53856,61163,7307,2026-06-21T19:26:05,2026-07-11T11:36:09.806628,ALTERADO
01_127_00_01_018.pdf,9c867bf06fd655d71efa5bf5a52b05c609971cfed17f3c0ae4e320b934745b05,a442e750e69247158efe3a90b487d118f666c07dafb89d071a72b1935c712584,27751,56741,28990,2026-06-21T19:21:42,2026-07-11T11:36:10.338387,ALTERADO
01_127_00_01_019.pdf,b1f627843d3c7b79a44ec27a1933699f26e0c7ad28f241304f81e70b3a53ae28,2efd9131b4957b8be12ba6601f1b3a27627c148bbae8125af4d50ce4eb1ad470,30659,57479,26820,2026-06-21T19:32:39,2026-07-11T11:36:10.948285,ALTERADO
01_127_00_01_020.pdf,5cde7ecc67d9faa84eef137581a442314af26e3296201bb14a3238a509160038,5745367915e8e86fbcb6b7f1cf2b40c2525270ed04042423daab20940f8f703a,52079,58647,6568,2026-06-21T19:31:09,2026-07-11T11:36:11.535722,ALTERADO
01_127_00_01_021.pdf,012cd0d20e58864935ea6832bbe84107bdf01b16a17ee67c11d3b0e005d8eb52,9dbf03b7f128f59665eb22ad20863fb8ba440de74359ad3a7f8b6cfd36f62f95,30189,60086,29897,2026-06-21T19:30:44,2026-07-11T11:36:12.127513,ALTERADO
01_127_00_01_022.pdf,2939f7a1ff979f168f52b145576bd176b8237646b658febe21525ff01e4e138b,4766b812f0d2ee4a48c6014dd65eea10c1e6c5d1e1b6c1a21533b73ae5d9a7a2,51532,58885,7353,2026-06-21T19:19:10,2026-07-11T11:36:12.616918,ALTERADO
01_127_00_01_023.pdf,612802ebb4b564d0f8f5b2dadf1479de4f8f90631cac21cb511c4cfce94ec54c,efbb745e4f6ddaccf55dabd3fccb93e0dc430160f353ca2f6f43ef7714aad77f,50510,57881,7371,2026-06-21T19:18:48,2026-07-11T11:36:13.115084,ALTERADO
01_127_00_01_024.pdf,34f8f69a05bac1ddae5cb6536d25662d0edb756acde70b990823bdbad31f5c7a,9b41d45c40f9f786af718277e9cc049724134404552c5306a7260fc86aac19c6,30206,57686,27480,2026-06-21T19:16:58,2026-07-11T11:36:13.664620,ALTERADO
01_127_00_01_025.pdf,1f8a74c92a948c47075fd7ed5cc4065e490098e24e7394b026ec20b6ee41124c,07a9f6c9354b87c71b89d5998f363c91970f868d2dd78ca9fd0b0187d1c81a09,51026,59517,8491,2026-06-21T19:23:46,2026-07-11T11:36:14.261657,ALTERADO
01_127_00_01_026.pdf,638ab0225398ba2cc64dce4b0773d24398d272800645624ecf2f38d482903f72,7b95b33a402ddfb77ac740a2dbf040ddf3f6bda7852fd5bcc715be2e99a98705,52091,58649,6558,2026-06-21T19:21:37,2026-07-11T11:36:14.867568,ALTERADO
01_127_00_01_027.pdf,01b8efbe62289b192ef356f6a1ff02dc28cf75be5130d22ad3ae4f83a1bd4f7e,6de7f65a38f736e4220b43761d2fba4d42763d16bc10b004110c756426d95249,51133,57877,6744,2026-06-21T19:32:12,2026-07-11T11:36:15.436874,ALTERADO
01_192_99_15_001.pdf,64efc0227772735e760357384a849372d49bdd46f97bb4e229ea789c7c1f07cc,e041484c35a5d91b7ff4b53522b0599bc2a57a29a26f7d4e7f5068152dd740a0,558725,60076,-498649,2026-06-21T19:21:11,2026-07-11T11:58:12.177463,ALTERADO
01_192_99_15_002.pdf,be425c299afc1a786a4596e32581dceaee929f4f370daea474af8424acad2ab7,c2747aba1f7f007c3ebc71f77a27700072e9d606c01ff0052ec4eb037ad44e64,538850,57635,-481215,2026-06-21T19:23:53,2026-07-11T11:58:12.653112,ALTERADO
01_192_99_15_003.pdf,1fb8574629e9491b1a184a5faaee8860d73a9c9979d604767e814346d293ef43,0afb36a6b62388bba11f0f27523dd5107fd108d6b775e947a0400e697d52b891,631905,56115,-575790,2026-06-21T19:37:15,2026-07-11T11:58:13.196762,ALTERADO
01_192_99_15_004.pdf,915346cf1cb310748d5b608e343eb215b90226614809c224084875c8be9cfeaf,4ac6edaf94bbe854df8a2f4ff9a9aaa15340f724bf9d5aa6aa49fefbd71d60f8,467383,56833,-410550,2026-06-21T19:16:55,2026-07-11T11:58:13.726204,ALTERADO
01_192_99_15_005.pdf,0938ddd96c2dd56b0a0d5f87e948e1353752d9857b6255afdcf1139ab2e51eac,b469e37ed561f78f9806c338f212763ed453de3b521e08c148c02fdd2672e872,401220,55649,-345571,2026-06-21T19:22:38,2026-07-11T11:58:14.329511,ALTERADO
01_192_99_02_001.pdf,2f708bae49788e864a8b7b00b8266ab33f42f6839d5500dc9a63d8a9dd39177d,2b6f529cdf56287cdfc1e80cbf4f4ad693ee2e8d3a04e08d8bcae3afeee96209,830530,64343,-766187,2026-06-21T19:39:49,2026-07-11T11:57:55.135841,ALTERADO
01_192_99_02_002.pdf,3228621732d29f6de0199cb97e0bedc66d5cc05604594a9861fa3df04c4c6fc6,f542caf44fca990944874e8eabdd1ef8a93e3e01278eb6c5447a1940b3de5328,635154,55918,-579236,2026-06-21T19:16:50,2026-07-11T11:57:55.633615,ALTERADO
01_192_99_02_003.pdf,45e8d4ab069270754afc7f9ce53000abc2206e187587ef8e7e70500735f961d7,481d94c98e740dee7f8bd94ee11e3db11b73ed0a9439e35d6520c4b842ef2b9c,679049,54160,-624889,2026-06-21T19:28:50,2026-07-11T11:57:56.229549,ALTERADO
01_192_99_02_004.pdf,8d6289526cbdea95f9658cc671cb9de960c9e4b3b6315f8ea86f29e9f57dfcd9,4a5070d7e9167fa7aa907be8e960dac293bc0e34cf865d6ce518b4760326d649,617036,51113,-565923,2026-06-21T19:33:16,2026-07-11T11:57:56.742890,ALTERADO
01_192_99_02_005.pdf,86bc0852c87c69028ced6782d5e3528b1b4ecea7e494ff9e38540c6ac36c783f,464404dd7f6add850318d55cd89f8ba103d33e58f4cb14a86ce5e4d3cd63b631,611822,54748,-557074,2026-06-21T19:21:11,2026-07-11T11:57:57.226567,ALTERADO
01_192_99_02_006.pdf,56deb6148ae505f5b1692f253e0e79bbb8a78ad0432a4f6b68ee97b031ed1dce,022d3167adaa67037245c4edb20a93ea60e9f004d7c400b4971aa8b80059b986,380609,54965,-325644,2026-06-21T19:34:38,2026-07-11T11:57:57.758750,ALTERADO
01_192_99_02_007.pdf,53b9d9e124ebf02da074d45daa497be5f58b3af20bb17135a5c1357bcb09eeb9,11efba6d7c2f2b3fb19e73446ee4f8c1246493835378c03237969ab620c9b030,396058,55156,-340902,2026-06-21T19:38:54,2026-07-11T11:57:58.289410,ALTERADO
01_192_99_02_008.pdf,8c151e004fab053ed5379e84ce71d9d1fac385b90285d96d72d9ce037653e47e,e60069b1b322885a5fe2e0b7929d5046192ecc26a5d510c5aa1a827ef9fd2638,414705,58001,-356704,2026-06-21T19:37:37,2026-07-11T11:57:58.905152,ALTERADO
01_192_99_02_009.pdf,6a9b9a075e74d8553a8b1f1fe0d81a9514b497d4e859cc024cd3331950ceb4e3,9438b20fdda3a28b502e8cb105978a383c678b77c2f02df484fb15484c02eceb,432014,68710,-363304,2026-06-21T19:39:38,2026-07-11T11:57:59.450156,ALTERADO
01_192_99_12_009.pdf,b86124430ffe822ca5178c52b5948c13c194520b36ff80f390719c9120c690d0,51ddbfcd25284fc3ebdacee7bde16c4fc937dc5b9a9c3be5b688a1493d11abc2,71704,53894,-17810,2026-06-21T22:26:40,2026-07-11T11:58:10.681438,ALTERADO
01_192_99_12_010.pdf,c49b8ab172012a7bf02140de55b8e10aca38d8d8af7a9673ea5043ad23c9cf87,1814c2aa0bd6920533ce24b850261b5126adfae736c04b883537a1d7c812b6b8,94883,52641,-42242,2026-06-21T22:21:45,2026-07-11T11:58:11.193713,ALTERADO
01_192_99_12_011.pdf,99ec7b69561da306433a662cc72da801599d2160fb825c79e7c6357c76f258ed,374454a58fd59609fd8e31669e56ae201cbf3365c98d19a512b92fc7f0837f66,75224,56269,-18955,2026-06-21T22:23:25,2026-07-11T11:58:11.698105,ALTERADO
01_192_00_01_022.pdf,b1217917e9e940d3e439d0421e7002f723ed81ca7b6544bb47a676eda1c1ea64,1b11e1d79150ad0adcf725360e75c5d22af86de39794e9451bdaa2ba2fbf75fa,63316,63270,-46,2026-06-21T19:37:14,2026-07-11T11:57:33.585565,ALTERADO
01_192_00_01_023.pdf,5fc3c88006f15740fd19b59e79bc9cb024df96d815bc19b242cf7aa1931e7881,da30bfe27208fa0cafbf0f3108dd7adeb8d2e5f6cbf78c08565ff6640972b480,77233,55457,-21776,2026-06-21T19:40:33,2026-07-11T11:57:34.193143,ALTERADO
01_192_00_01_024.pdf,7d74f9424cdf675341de3c0fdf82db7c77ccc7ac38278720f8951cb69bfaca89,54daca3fe83cceadf2ae13815f94510da121aa50c76b54f266a88d6026bb2b92,78188,56731,-21457,2026-06-21T19:40:04,2026-07-11T11:57:34.709202,ALTERADO
01_192_00_01_040.pdf,325f7f9782358aa92aaa2c832f45a3da968cc90b407a3f2fe96a695f8b6a9679,33168f0f79acb330ebe0dbd716e482ded353390c49044c2bee7c2d94e5aeaf3b,68380,57084,-11296,2026-06-21T19:39:58,2026-07-11T11:57:43.698635,ALTERADO
01_293_00_00_001.pdf,aa9c29955766ea3374f6f8bc3212ca79273d11f3f66d6b0adbf8bf1e3596f878,761c72a76170136cfe1ed4591047aaa5de7a8130b97144ad7fb9834540612750,49159,50029,870,2026-06-21T19:20:06,2026-07-11T12:26:13.857189,ALTERADO
01_293_00_00_002.pdf,ae6ecaf19c6d25e9148763ae89dd51ae9d1c1a27d12cf3a0b873ba44d0d2a580,9b4fa75c8423536d39954cd1fe4f5912dac8c55f4b3045b8fdf6582b23fa0108,51468,52092,624,2026-06-21T19:19:52,2026-07-11T12:26:14.383548,ALTERADO
01_293_00_00_003.pdf,74824f47011e5b811e3bac2eb6357706b475150b3e16ceedd6eb78aeda80e2b9,b55e9ff079040eb65b73ae27a16c11425f761cb74abfe0b6b462fd9e6c145f74,49424,50408,984,2026-06-21T19:24:37,2026-07-11T12:26:14.882807,ALTERADO
01_058_01_02_002.pdf,91609552376f6d76105aa3978a649dc062089ba69b543c23eb3bae0a3c490dd3,2309b7a8e955ec9599806e31b9d13dbf5cd3ffae0c4a9ffd9a99baf7d4974e6a,71023,43786,-27237,2026-06-21T19:32:42,2026-07-11T11:10:58.264867,ALTERADO
01_058_01_02_014.pdf,ebc3e51d69be60c2376002d1b0e25c68de3ac8ad4bd1976a32f05cf711947864,3ab5bd2cbca32bb181ac4969e900e4074c8971b4ccbbd7c92086b1524cea3fd8,71834,51661,-20173,2026-06-21T19:17:02,2026-07-11T11:11:05.383756,ALTERADO
01_097_00_00_012.pdf,9fbe58210e05969a7585cb89bfe9f18ae0d513e165c7d0e56409e9a1ca96ccb4,e97acee161df4ffdabf7e9d2ff8fa04d5a13298db420a38b13ef258e819f9f12,67842,50048,-17794,2026-06-21T19:32:53,2026-07-11T11:21:41.145834,ALTERADO
01_039_99_25_001.pdf,c53f9dcc86b9b4756e8bed7d318f1805d1df45867b3457c44b8904012483b4c1,6b97bd3f83bb0532732bf024ab59c5ae36d094ac3e0143c9ffa2128937b1e4d2,666720,46951,-619769,2026-06-21T19:39:13,2026-07-11T10:58:41.165157,ALTERADO
01_039_99_20_001.pdf,a37f2ca71b922b54de2ed77cc1ef1132c9ede95aa2cb00ebb089211751aea6c2,b4e4342bcb0bcb19bb621a342789fb22b73d1042e547522e68621d45a1c1d210,483372,47348,-436024,2026-06-21T19:39:54,2026-07-11T10:58:40.573208,ALTERADO
01_039_00_00_002.pdf,190c0ce794e38b86b8dda02c986ec45e7c61b2222486e00806f0e88456f3c314,36d3500c81b7620ee27da6dec8e163ba60117ba3d22b90dc5ff07c4859e17227,49448,49289,-159,2026-06-21T19:22:43,2026-07-11T10:58:29.615605,ALTERADO
01_080_02_01_001.pdf,89b0bac348997c87141451c7c41ffc9e494dba87cd6cbea64f86b333e5f4c181,0ba8b714f4b2d6fdc99bd900a8d556bdfaf7833195a756eac528ba45a79891ef,58485,54127,-4358,2026-06-21T19:19:53,2026-07-11T11:16:06.282916,ALTERADO
01_262_99_40_002.pdf,6b2b5a0e3ecff992cf837eb6e2b04f4a0f3cf86b245683b938123df5f7e685f9,6eadf6f8d64ea2600a0b7894265758d3237a29621ccd84902f03f2bfb9f7b427,75828,66490,-9338,2026-06-22T22:50:14,2026-07-11T12:18:53.515347,ALTERADO
01_229_99_18_001.pdf,68bf2384338e8f64845809a0df2f6b98d3f58f35076e7f2ac5f4d17c231f2344,9dd743b508f0e85266abb1aeb57a5d3c4b4b35619d5ffd7ceb7a87bb8a2f584f,55326,55326,0,2026-06-21T19:40:10,2026-07-11T12:10:31.225756,ALTERADO
01_229_99_13_001.pdf,1028fe2c0e192318171f732ba5e00dc20885fb88ec7527a6d703b1790be56bf7,b6a18b6404853ddd1dd17c1967b058608ae064941de067371e93a8476932c9d8,537852,54683,-483169,2026-06-21T19:39:13,2026-07-11T12:10:30.190220,ALTERADO
01_229_99_06_001.pdf,58309d9224be7f138956c0553904c989e61a4a592934a6965a4e004880ae6696,1364e64feae14911e64bf8e81d8f4ee4cfe2b31d5d6a04c109039aa873b465ab,830933,55367,-775566,2026-06-21T19:37:00,2026-07-11T12:10:28.599008,ALTERADO
01_229_99_06_002.pdf,9a1230f537ae71f748e910f8d4e95c2f5c01bd685e5ad15883ebd619084d83d5,9d0472588068345af2d7233ab453959ce49aae7e4b59700ec0d074d1e7f014bd,837652,58413,-779239,2026-06-21T19:37:13,2026-07-11T12:10:29.088481,ALTERADO
01_229_99_36_001.pdf,c8bc9952ed07426158274cf1f37fda817e9d28a8e8405a3eb717bdb3367ca064,3f7ab398d43efaac8402e02cccb4484d1daf4c748ebe57843cc6be2fd2316f8e,56134,56828,694,2026-06-21T22:20:29,2026-07-11T12:10:32.317939,ALTERADO
01_223_99_08_001.pdf,892723ddccf365ea0a066b08f8ea1457f73832ab82b885ed1b8557c7fb71761f,3905d98ac43d676aa742ca22638770fb8d947baf120d81d778c4c9e6fba4f220,48996,48996,0,2026-06-21T19:20:34,2026-07-11T12:09:30.462290,ALTERADO
01_253_99_01_002.pdf,433a5ff2098a1cb963e0773e5b8b78038fa3547194d4bb8782d0bd96d46a740d,b22518702a369e7a133dc2c642ce5de9caafc48f13cd41fb0879521381a548fc,474740,50343,-424397,2026-06-21T19:33:06,2026-07-11T12:16:10.148939,ALTERADO
01_253_99_14_001.pdf,2e01d0e79df73b73c91846f897b367e1a84e0f8ce5311f9f8eedb0fc02c6f96c,e66947d5168a34b0399250d5bc33dd1d0eb9644ad7fdc53e566844bf4e1c4726,49125,49125,0,2026-06-21T19:27:41,2026-07-11T12:16:15.177884,ALTERADO
01_253_99_14_002.pdf,3c9764bb8ff626d10974d009b0595f008fe7bd033029e1794df0361f3d76c401,a6612050950b8e38af11948b265141013170c91bd45fcec73bbc437e837c61a5,51316,51316,0,2026-06-21T19:25:37,2026-07-11T12:16:15.673598,ALTERADO
01_253_99_09_001.pdf,2ee2143de1b5d465cdf3fb66d36ec4ca68e1b0ca075483e5fcf35978e9912b77,70cde882f8e6a55fee9f705129af320edccc933caef8d05612d44c6a80c02f99,303225,51506,-251719,2026-06-21T19:25:58,2026-07-11T12:16:11.850602,ALTERADO
01_253_99_09_002.pdf,d4f441f6c00853a390af07358301ecd8ed83950637c0149123a303ec3cfc2bbe,0d362a5d93f165f89bbc36a2857f4ab3cef73fa061e9df14e8edb3c8c685695a,409233,50038,-359195,2026-06-21T19:24:11,2026-07-11T12:16:12.384755,ALTERADO
01_253_99_09_003.pdf,f8fbd18cd134a96d6bace5d3c310755ce4934a1ef47dd1265cb889680b25b0d9,76459f0ddd7ac0c8a6d458fc551e784010147e33e204bc01cb6a5d02ec40a458,999441,49915,-949526,2026-06-21T19:37:54,2026-07-11T12:16:12.982044,ALTERADO
01_154_99_50_001.pdf,b3088e90a6ef417af45125b1bf60f9c572516e84140e0a4d216f102a065dbdfb,6c95e8929b837e05866772e7361642fb447af2e92c3b5a72615ed73fee926c8c,62905,62905,0,2026-06-21T19:17:15,2026-07-11T11:48:15.643415,ALTERADO
01_154_99_05_001.pdf,41b210030e17c890507eed1fb09408194263bbb23639204c5db17777b7c84839,2c21e3a3e0358c2046843fd11733a24bbf10acd26912578363f4054878794640,702321,52904,-649417,2026-06-21T22:20:03,2026-07-11T11:48:01.821522,ALTERADO
01_055_99_09_001.pdf,3c3be63350f275726d6f806b1c2068a33b140795e54890c25cd56af14d3dc872,8fa0a0f7cf2a6f9eac350c17d123958ab8431efcb8ab4c097e19eb0912e68b2a,4778182,54178,-4724004,2026-06-21T22:19:52,2026-07-11T11:10:47.238681,ALTERADO
01_055_99_09_002.pdf,6dd33c5ccb24dc8cb576a76da0335bd19982312bfb1e91baacab1ebaa034be1b,11613e63a956f7b160813093c1fa3979db2eed8e558896aed3dfdf209bf46c78,4488549,53055,-4435494,2026-06-21T22:22:30,2026-07-11T11:10:47.724363,ALTERADO
01_055_99_09_003.pdf,c88f06a1da03eb2851406972a30aca1dea3748f989c505d3519b06dd4baab836,25816dbb81b8ae3898bf9a5bb1d59fcb0947ad0344cf46d6ff3689cc618aadb6,4891671,51531,-4840140,2026-06-21T19:37:48,2026-07-11T11:10:48.253189,ALTERADO
01_055_99_09_004.pdf,d0f163489c5f12a9bdf7e6423e2a5cd0c0f7ac7f1ca167e776a3f170cb0c056d,3105810fc7e8591629b579338757cd86ee9832fc7deedd3785a970c0d9fdb308,4985212,57641,-4927571,2026-06-21T22:25:22,2026-07-11T11:10:48.823862,ALTERADO
01_055_99_01_001.pdf,cbb8762b64d82f132623d9536b26e212f1ae0b8c4ef9efee180b757b4dff10ac,5180fbb648137964c1c51d12b0f610e585b0c555c8a30325a7e405ea0a9c6078,575874,53786,-522088,2026-06-21T19:22:13,2026-07-11T11:10:42.790392,ALTERADO
01_055_99_01_002.pdf,253d787d91fa13f1f91f46990263473542fbe31c072b37206a797e8366be5cb6,b47a6a411ec4028ae8a6b732e88022e5ca4c9cd309b9b0d666e1a4b5408328c0,558393,54182,-504211,2026-06-21T19:16:19,2026-07-11T11:10:43.385802,ALTERADO
01_055_99_01_003.pdf,a8e6881349e2419abb3fae52ef1ba7c0d32a3852a9a04a24328224146684be47,e65678b45d119e00463d60192c99e1689b24cb483d36003828b8d061e24420e5,596640,54573,-542067,2026-06-21T19:17:21,2026-07-11T11:10:43.893439,ALTERADO
01_055_99_01_004.pdf,a110290fe8e17a17e4a7fc1a94728f73fb10a91823f5a50c4c05f939f4fbd647,bbbf9df6ced818ab0bf16f2f5a9f755cf031de5a26f158c4cb995a6b0867d411,589292,53334,-535958,2026-06-21T19:24:04,2026-07-11T11:10:44.431999,ALTERADO
01_055_99_01_005.pdf,485850234ebf443be2101c1ed9ea34893d726158a42bec2b7149f048dba156f1,3019f068dbc1c20baed6ec9dcaa86ab1afdc4f301f47de63d684be8d032b9730,539182,52697,-486485,2026-06-21T19:32:39,2026-07-11T11:10:44.938823,ALTERADO
01_055_99_01_006.pdf,cfc582987a69cffeea156b455381c592e5ad091ed9c5e1e2f45ef7a43e2e1150,b6e8be677c4eadd07e6cb00869c44984868ca5e9913ef25dddd58642d139a587,539734,53359,-486375,2026-06-21T19:29:33,2026-07-11T11:10:45.534420,ALTERADO
01_055_99_01_007.pdf,8bb4129eea6b18ebe6e8d249aebf93c0e79e77ed39f471cfeb14fc1395096d73,bb69bf6925cd2c05f06d06e4d883a9ecd3409032105d8955e34bf0ce58128b80,570487,55440,-515047,2026-06-21T19:27:33,2026-07-11T11:10:46.138496,ALTERADO
01_055_99_05_001.pdf,d3e664f6cf8b1975195ddcea5f96173ac24320daca1a24b90b482ef76b17ca47,d8b44bc607c01f83423318f50c2f246d542242caeb759f1bb0d252bb83ce49db,52220,52220,0,2026-06-21T22:23:14,2026-07-11T11:10:46.730361,ALTERADO
01_013_02_01_009.pdf,382476844d2bb48eb55c5936ceb5ed25623d59d64ad73de7ac2f84a0b48477a1,bbd703e3106c11e8f227c019a14fbd142c5d165591ecfa4a0627b2172845b806,72515,56096,-16419,2026-06-21T22:22:25,2026-07-11T10:51:03.391320,ALTERADO
01_013_01_01_002.pdf,b4009041c04e0a994657222459b31e73e3c426144fc93826f865705be5dc5f9c,1713b2da878353a69d4e137ae4b5b23d6eeb328fd0cea3ff528e9d0128f3e769,72743,50616,-22127,2026-06-21T19:21:06,2026-07-11T10:50:44.590805,ALTERADO
01_013_01_01_011.pdf,b789ca3951e0412f2cde0ba11db47d2b7decbc66d9761126aece595606107b83,f08d65744745b74c4d5b978874f22f232828b2b491d33643baa0535333fd26d9,73879,51518,-22361,2026-06-21T19:23:53,2026-07-11T10:50:49.499516,ALTERADO
01_013_01_01_012.pdf,310e4926a2581877f20a9183a90953f20cd92f7a67f48b22b611f1c6a1d4f22f,720dc3382f0664655fa743e7f811b8eb8103772de5591d26cb16b041d13c511c,53345,52174,-1171,2026-06-21T19:21:11,2026-07-11T10:50:50.026687,ALTERADO
01_013_01_01_013.pdf,5c7a9f6a2279307f2ff54f8a3be97a0dc1b59eedf5d6711b67873bb5d0920bc8,2ac7d033b0d16eea8db9bf8d63bc2998f2027da74519e8aa9b3f40a8b0775cb2,73854,53086,-20768,2026-06-21T22:20:44,2026-07-11T10:50:50.533622,ALTERADO
01_013_01_02_013.pdf,309fba1d5d1da63c2d0656b98c5665e2157d37857d03e7ba94896f930182567b,b76f9a5161d4d6e5958058084dfc10f5b75c103af6b7537d43a90578dc7b187f,73167,55194,-17973,2026-06-21T19:16:11,2026-07-11T10:50:57.627919,ALTERADO
01_217_99_01_001.pdf,d8d7efb15ade89eea5f782f1ffbc679a1b9f4653b4cf9a539a8fa22a1ed2b49f,d906b7c755047192b132a3d8c0e089c172a5f63593e4248381ab716189f96916,576267,49950,-526317,2026-06-21T19:17:40,2026-07-11T12:06:09.126582,ALTERADO
01_217_99_01_002.pdf,3c3b988e9174c21e10d89e53ebf98e9ac7dd92dd5c4f8674b3d964bc9c236bc8,8ab5cf8906f6d64630564f79b62bba4fec05f3bd0cf84aa38ea703c2fb2b162b,50928,50928,0,2026-06-21T19:38:18,2026-07-11T12:06:09.634240,ALTERADO
01_160_99_07_001.pdf,dd4daeb104ece79f9cc4ea4347332fbce4181457ef39fa51996a787cda1bfa43,d69505fcb58e3314a2f8c952236a6b5c5f76df3cf8a31e3baf883c30631f7cdd,93684,67717,-25967,2026-06-21T22:20:44,2026-07-11T11:48:56.757961,ALTERADO
01_160_98_01_001.pdf,df0cc90a22edf5530f56b1d18a53ba9ba9d3fbc21e3fe5b0e3adcdc04766b154,3e050f8e69fc15103907501a317cf1ae78df2580dcb39a11ab8a17dfdb49042a,58209,51796,-6413,2026-06-21T19:18:49,2026-07-11T11:48:56.249011,ALTERADO
01_160_00_00_001.pdf,64a5959fa30c3efcf7519e5767774ca2c0e0706f32d33ecc019ba0eeba81027f,a1c77c1092f46be7d6c4ab758d9eac99125befb127f984247ac70747316aa93c,75857,52181,-23676,2026-06-21T19:16:13,2026-07-11T11:48:38.228578,ALTERADO
01_160_00_00_002.pdf,d5414b1fb2c7cf130fab573d6ac9c4cc7dc5bc0496e52fb77b0fa34bf4e81479,c776b2b4d87fb976b40223792f8676e63b3b0711cc4325d8e670b674fb105f1e,77101,52843,-24258,2026-06-21T19:16:52,2026-07-11T11:48:38.855391,ALTERADO
01_160_00_00_003.pdf,bd5b5490d877bb6e9ef8f8ed114f802c80b9c4501d9ec704b52482ba552833b2,bd73a691a65a500310c44cdb9e2553b9d893fdfaf2c12347211addbc56d2ef45,81200,63067,-18133,2026-06-21T19:26:59,2026-07-11T11:48:39.434171,ALTERADO
01_160_00_00_004.pdf,d360cfd0db9b203d2a1906086145f5990c970cbf6fd4342d1370892a7a1952de,ae23629e97e028b60483646c3a51bfc9bd5a4841492c9378aa25f7c84c3951a6,72999,52679,-20320,2026-06-21T19:19:37,2026-07-11T11:48:39.976356,ALTERADO
01_160_00_00_005.pdf,ddb940c3b73094764271722dda652bd32aba62d6b55ffdf38e42cb0de6afa1e1,dc562a6cb3c23ba1b5d3f12611445155c7885eb3120b0e95e3666e521907186f,75388,52694,-22694,2026-06-21T19:21:39,2026-07-11T11:48:40.508633,ALTERADO
01_160_00_00_006.pdf,bc7475392fb615a2938e6f407bd5961b4b2a8ed74eff371788910f4d7b6a03ac,4a1fed80cf65e022edd933da644b2f6c1bc75f79968c1c9fa5e93c0755c6318c,57214,53009,-4205,2026-06-21T19:29:18,2026-07-11T11:48:41.102860,ALTERADO
01_160_00_00_007.pdf,d410c6538e2ea0bf7a9a061d4844ecb4742a4b1959668ccf98e35fe5d13964e6,92acfac6b8750e12de329d803989f14e65b6eea58aa5bbbbb3ac3c5453609f47,57252,53834,-3418,2026-06-21T19:22:34,2026-07-11T11:48:41.605649,ALTERADO
01_160_00_00_008.pdf,d781c05c396dcd790693175ab446de024713b0c90d5869b850d35662223a8fe9,7984d2c26b116c5aee486ce62e28703b91ed9de8aca6616d3650436e5c83e7be,55166,54148,-1018,2026-06-21T19:33:09,2026-07-11T11:48:42.201553,ALTERADO
01_160_00_00_009.pdf,54dd99bd6b227a3080f5337eb3a25dd525f458f7499aca7eb63295cb9dbed22e,e1164c600233b9575feab52a67f2506414c058ca0f46861391e7e030b754d806,75727,53301,-22426,2026-06-21T19:30:15,2026-07-11T11:48:42.719434,ALTERADO
01_160_00_00_010.pdf,da4cb3ef596541a242f1742ce4a55e11214517c891608eadab2488690b399989,ab46672fdb1e7c28fdf7082fec8f2e0516db35ac6f38ac2014c5d1f75a34afb0,74327,52308,-22019,2026-06-21T19:22:59,2026-07-11T11:48:43.326152,ALTERADO
01_160_00_00_011.pdf,095f858abcd3ec0fe48e62923efeccb1245433f62143849540dd6aa4826b6d7c,516bf0c84e7920d17e4614cf07388d803189bef7e6ffe16cb276322a1da6b669,85214,78191,-7023,2026-06-21T19:17:02,2026-07-11T11:48:43.960273,ALTERADO
01_160_00_00_012.pdf,8b6f02270d0b6a28345e1570130f76280581c6e18095ba9bda5f8e7e3feb506f,dc97f42db4e88c5108be92d568731415cb43aacab7e52bd8d874dd178bce1fec,74009,51374,-22635,2026-06-21T19:18:12,2026-07-11T11:48:44.563729,ALTERADO
01_160_00_00_013.pdf,5a759ed44c4e816be38c42e328f7041406c0ad229f28fcee184f91dd957c46b9,cd83a82074d01c78b3a671e37994104fd26f30db16f49adcd76130ae4514ad18,56430,55712,-718,2026-06-21T19:25:42,2026-07-11T11:48:45.098855,ALTERADO
01_160_00_00_014.pdf,98848fe4b19a051378566703c413db873c1f666c1cdfde3de8cd473165b47ee9,7f60bba84b2f5f30a82197ba08710642cb4181333a52a57c69efa9761aea1c8c,59844,55322,-4522,2026-06-21T19:32:01,2026-07-11T11:48:45.708270,ALTERADO
01_160_00_00_015.pdf,7fd542c2cde1de9050b83bbeb916df61a68fd0b859887a174dca4f2bb216bd18,04be04e9fecfc57e31a55148ae661f6aad310bccfed04a6cffc7f6d35c58dc94,75885,55072,-20813,2026-06-21T19:17:00,2026-07-11T11:48:46.301696,ALTERADO
01_160_00_00_016.pdf,46a2524a9d15e7fb63fa47bc6e845965403625398d0404ea6fa05b899c6c859a,f6defb41e671843e84d4eec793c28af05165d2b120ad40b68504ff2c78a695f0,72614,51922,-20692,2026-06-21T19:25:40,2026-07-11T11:48:46.820307,ALTERADO
01_160_00_00_017.pdf,46a424d493bb09e65686593b5b5471b486cbde564f9ce0743ff7ef2d00c40fe3,2deb30c221c97ad010f3ed5cf3bfc29abb880cfb4bf5bcb65fde066e99489e1f,76197,55283,-20914,2026-06-21T19:34:34,2026-07-11T11:48:47.406782,ALTERADO
01_160_00_00_018.pdf,f18edbd713890ceeea7f0ba21f28b0f12f7df6097bf8a1293d85a83710ad20dc,5dd87c9cdb708d14ebf544d2abdf1899d77ef6c5bfc78a9615e9b019434d5b3f,57889,53945,-3944,2026-06-21T19:33:09,2026-07-11T11:48:47.939162,ALTERADO
01_160_00_00_019.pdf,5ca0c65e6b35b0ed8f412fe30a0ee557d4dfdcdd39f6f00d03e8823ae2c762c2,664edf569df46501443d32f4f7f62b37270d3615e57f2aa2de87d18d96052b4a,74869,55978,-18891,2026-06-21T19:19:10,2026-07-11T11:48:48.465076,ALTERADO
01_160_00_00_020.pdf,50dc7bbd009c88d68cb81b8754c036c0169e4ace6b8676a0554bb9245fe9ac28,30b4ade64833c6f10898c760b57f4b2fa37c11158b80c8216cabab209535d8e2,77070,53480,-23590,2026-06-21T19:28:16,2026-07-11T11:48:49.020279,ALTERADO
01_160_00_00_021.pdf,ab93efc4fe3f4b905f1766387bbc7916ae10fdb7f7cb1077bbc6148da651931f,794e6ce3516e53c417d47d0a1633e6290a3ae6b754e2a41dfa9f8481b735b7b7,64485,62558,-1927,2026-06-21T19:29:06,2026-07-11T11:48:49.559230,ALTERADO
01_160_00_00_022.pdf,9ac440046ff7456f4349dd94762b4925e74c012e18f06920a5219131a50fe8dc,29b049480e4ac6dc13b8e55c32efaf7fddbcf85300f8fef372253c7ea49e7a2a,72159,52801,-19358,2026-06-21T19:16:27,2026-07-11T11:48:50.098225,ALTERADO
01_160_00_00_023.pdf,4fa988ae414db1c76b15578f85abe2d170ad25bbbab5fef4abf764b8dea6d70a,2c90a603835a8590506639224d7d23133b8b1e6dc244e46f04399c89daf2337c,77705,54775,-22930,2026-06-21T19:34:04,2026-07-11T11:48:50.674177,ALTERADO
01_160_00_00_024.pdf,302a98ef0889235b609a0d0b425295c69e5fde46fd2d0a58eea9c3cb3c331173,417e3a35cbb3fbe33f910cd0b98acbb636c0dcdd084baef19c24c21169e6b02d,58439,55604,-2835,2026-06-21T19:17:14,2026-07-11T11:48:51.282481,ALTERADO
01_160_00_00_025.pdf,991e7b4356da3ed76e196691a76c21db6aced56c9bdcbe04b71c03ebca1ac266,528a6e23ccd7343bae0649a372eaf67dd283067fddbf76aae5b4082640364132,57096,54364,-2732,2026-06-21T19:18:08,2026-07-11T11:48:51.901831,ALTERADO
01_160_00_00_026.pdf,6065faf52b90af6af7ea642f92dd48eab906fb43b8225c739ad2469b3fbcbba2,6f215d9975e929619188f96464f2572e3ec03ba1c7e81f5889375fd05113664d,74854,55031,-19823,2026-06-21T19:20:34,2026-07-11T11:48:52.406494,ALTERADO
01_160_00_00_027.pdf,cec6830a2ec2168ed6738189ee9c5744b2edf58c4ac4f91f03cefa3cbecebef6,3418d2754d952ba4df7c7e6ecc4c75a6ac41d7a74b23c73f29db921e7885dc76,76150,55668,-20482,2026-06-21T19:24:50,2026-07-11T11:48:53.032901,ALTERADO
01_160_00_00_028.pdf,de38eef4f2fd4d8e38b918277e7c05a0a1702521cccc62790a235a85c6250b89,a85170b0574ed9a872c996dfb5da73fa3cad60950bbc89cb4903773a6fe4b419,56971,52158,-4813,2026-06-21T19:33:51,2026-07-11T11:48:53.547255,ALTERADO
01_160_00_00_029.pdf,cf0b1de18be0a724d071fba044dd0aebf627c336e0026a9ae9079ece9ae11187,87cae2e0720ea1b38784506a02764b05baf20613bc26b62938ff0da2cf30b179,84500,65199,-19301,2026-06-21T19:17:00,2026-07-11T11:48:54.050551,ALTERADO
01_160_00_00_030.pdf,ec6a8afbe035a73d9ed362eb28f2cbec2914e520b7bdaa8e4cac375f303ab259,dd9db1c657bd753b1898555cdf58670e9d2e5cad9b51b957b18e3a8f393e3b21,75213,55347,-19866,2026-06-21T19:27:00,2026-07-11T11:48:54.542996,ALTERADO
01_160_00_00_031.pdf,55665910256ca22000c20f3fc38a4b66a1d0ee98c5951ed000a19e884420565b,78e82a2e6d9a9da87a21ca2678dc7f3806e05d6e3543043dc229f7230c709066,75424,53631,-21793,2026-06-21T19:31:34,2026-07-11T11:48:55.131748,ALTERADO
01_160_00_00_032.pdf,007f842f5c594eacdff06feb53ef3a2c182cda1d57baeca6853be21d7bbbdf10,3cd57f4540967a5d70d8432e016584f6155f4e492ec8ac373284ff8bcd049e1a,76633,55972,-20661,2026-06-21T19:24:13,2026-07-11T11:48:55.728635,ALTERADO
01_022_99_70_001.pdf,e8b6ec97ecebea1f60e611c43536d0332724e83de524de432eac808426a40b17,c0c59f0d0f0512b0261c957eaabc8009af9b0929350d573f346c389df97ef506,308405,52338,-256067,2026-06-21T19:25:02,2026-07-11T10:53:10.822830,ALTERADO
01_022_99_01_001.pdf,a8fa26961b7aebbf7e51b6e11257b940dd87449a0ee3fced5e14d115b7e2df06,da5448e655ee1fe32f25fef5b7ea45b6fe783544821798037cce585a503f96af,910514,54847,-855667,2026-06-21T19:29:16,2026-07-11T10:53:09.222796,ALTERADO
01_022_99_01_002.pdf,5ab5e92b3685d36c1cb306b8a0c2d44035c3e66a2fffe35dc6f0348e027050d5,0969e147665bfd91a470f548df17004afa62e1ddda1e8b9cb0b9ec2a62bbed66,584383,56315,-528068,2026-06-21T19:33:34,2026-07-11T10:53:09.727105,ALTERADO
01_022_99_01_003.pdf,d94fbcc09fa55cd91a1befe0fa370df224190287df5da700bed10d754bf990a5,9876eef6e61c8d67df9902eeec73e213d8574fc5d9243f3bb68ee937d26623d0,858439,55827,-802612,2026-06-21T19:38:51,2026-07-11T10:53:10.216485,ALTERADO
01_214_99_B2_001.pdf,b925af1790528051401874679a0ee5e2c91191d8d30d2df955d22ed142a3ce1c,726936144a4a2ef90efb37441f59f05f6c383ec4a9cf2ea040e632da50058423,629254,56876,-572378,2026-06-21T19:22:02,2026-07-11T12:05:35.579850,ALTERADO
01_214_99_B2_002.pdf,944ac7bf6115e22acfeb4a8a3f07657351ac4590b0b836d7d36326cc9bdca911,85eb0c5da47b64774905e834c64f08e893fdcddd00029a7ee0834df140f71a93,552569,57380,-495189,2026-06-21T19:30:12,2026-07-11T12:05:36.192868,ALTERADO
01_214_99_B2_003.pdf,6e18fed134de22cc2b878bddf9dc3b8555810e21d26ce9b79e3aebfc7bb54055,66972bf8fc16fefcea95d84ca402b85af7c262ecea14ae3debfc56703dbd6fe2,648502,54719,-593783,2026-06-21T19:33:51,2026-07-11T12:05:36.663470,ALTERADO
01_214_99_B2_004.pdf,561721d1bab82ae71c17155f31af2e105852ad2a29a841b930218aad7cccf79a,4c696d458f592d6b8db5e1bbe2d43f4e3187c976fa85aa90709decda74125b27,657046,55188,-601858,2026-06-21T19:18:06,2026-07-11T12:05:37.157935,ALTERADO
01_214_99_B2_005.pdf,13921ce4dfb2661c0357d0d8762986930697c1c6f6602712abaded4fac91d826,8518549461365e2036e4f6b800ae683f717277242274aa37d9367c01aab23cb2,922584,56190,-866394,2026-06-21T19:40:20,2026-07-11T12:05:37.747743,ALTERADO
01_214_99_B2_006.pdf,1ca94548455bccb648291daa0d09269031fa57ece0a8180b07e7c57537cd8496,76e6658ac7def1255e1c8b251222b75611bc436df703c138c1a7e056915e3ebd,961566,57336,-904230,2026-06-21T19:31:57,2026-07-11T12:05:38.324800,ALTERADO
01_214_99_B2_007.pdf,e50c1712717c764250e316e898ae9084f6da956adaa82ffb3031e858940c87a0,ba768c2cd2d25cf8ec7a8e7f8b6e292f8d19956ccc4d7954bdc5277d25c079db,639013,57262,-581751,2026-06-21T19:19:00,2026-07-11T12:05:38.925945,ALTERADO
01_214_99_B2_008.pdf,d9a052f40a7ed76d260b14bc88fa25a8a694d15d768eaad044a9c79ca60ed591,96a10d72a29988d3e90a9028e806581d7ddc12df9c6ff5192a978d70107f7777,611288,57042,-554246,2026-06-21T19:26:51,2026-07-11T12:05:39.440244,ALTERADO
01_214_99_B2_009.pdf,7933bb7d6ec44e7e7cfc988a10c2f6c8b3ca53f0676b016b666e8e0c9363c5af,be171f698b2dd7a891ac0ef5a43ce0c9a24550a07c2ae0e13ac98175cd3e997c,635297,60601,-574696,2026-06-21T19:28:00,2026-07-11T12:05:39.956861,ALTERADO
01_214_99_B2_010.pdf,3bafc4e41ff2d79b97d2263ee5c95293bdbcd04ea8a04098506173293124a559,08f1b14dade2b9b0550a47899ef38c5cee40fdcfed374fa8f2ef8e95f4021f03,641448,54936,-586512,2026-06-21T19:34:19,2026-07-11T12:05:40.550614,ALTERADO
01_214_99_B2_011.pdf,f858d7f17574d08cbad2116fa1e29593e6bab1a0b41de60257450ea2f04318e6,656b30551d3fad558b05a9d3f3e5c24feaf4c828f870fbe93e99196290534410,911108,54721,-856387,2026-06-21T19:38:20,2026-07-11T12:05:41.050248,ALTERADO
01_214_03_01_025.pdf,9fc55c5bfecaedb8a7ee64b36e57280db114d38ba085e4796530d7454ecfea9a,80c47e394499a55722308a75f6f0847badd8dd60e4109cdb794f5b31f0111f6a,69001,51824,-17177,2026-06-21T19:38:44,2026-07-11T12:03:47.152204,ALTERADO
01_265_99_17_001.pdf,028dd94aaea97ce660ec7141ea8870c51fcd058a84e7b96f8f3ed90df844249d,7c5320e958fb89334d109e8e71354cda4ac5337017cf1dcf252512cf80c4ceea,477865,56910,-420955,2026-06-21T19:32:19,2026-07-11T12:19:21.388205,ALTERADO
01_265_99_05_001.pdf,327312f160830208437ab2d8f881167e11fc95cfa12e97d7f025622865da3b79,825ccd0494af9ea1bcc594616155a63cfb58ce7df08fac5ae06dd0744b8ca7ea,448645,51572,-397073,2026-06-21T19:25:30,2026-07-11T12:19:17.094326,ALTERADO
01_265_99_05_002.pdf,97b8492e78e49e97c9152b3ba5e576fa89159e2a66022c41cc394da545306a8f,fbe42b552e6efe03dce4d7167b4c9ccd3ebb8d13cc657bbf4091762dc36312c0,967971,54241,-913730,2026-06-21T19:31:04,2026-07-11T12:19:17.594438,ALTERADO
01_265_99_01_002.pdf,c7cdc3a23b5b130b9192314a702cb96311fdfcc2f64629015ce03059611f8c0d,f1ec45755a67cc6a88cafa2a51da3b3a479656cd027991afeaccc835c8d94de8,614724,54757,-559967,2026-06-21T19:39:52,2026-07-11T12:19:16.566985,ALTERADO
01_265_99_09_001.pdf,9b8ecda9679add6976c24c4ad668a091a114b6b8cff04b7741abf4a3c02fce84,1b21f821683e7a3c0c59044ca034bcd0163f43ff0892ac701556de939d4487f4,408632,54606,-354026,2026-06-21T19:30:36,2026-07-11T12:19:18.084904,ALTERADO
01_265_99_09_002.pdf,a378a06d03d15d7605e26ccfa439557219c8f996caa5cd4904a8d48933ab1e22,f91371e8564fd494cec9c930b84b1c8c5f554547768577146a01d2d140cf4836,372699,53883,-318816,2026-06-21T19:19:34,2026-07-11T12:19:18.616274,ALTERADO
01_265_99_13_001.pdf,e7e3f94779f27b34357b497406a8381b2e25bab39df5ae50ef59f2ccd4481c57,c27584553593cf2a50b01ff7574ae8ade068faaec434a6c2b156ced4428c5305,574355,54945,-519410,2026-06-21T19:34:36,2026-07-11T12:19:19.200023,ALTERADO
01_265_99_13_002.pdf,2c31e60e0d4b1481f12d6648f193853f19218d865fc856f816d93827c54b6c8d,845f8f7cc49a7ca4ff79cdd80e98c14009ac94c5a0e0113559950cdf72bdd5d6,1101639,59544,-1042095,2026-06-21T19:16:57,2026-07-11T12:19:19.692434,ALTERADO
01_265_99_15_001.pdf,c46b37c9fdf7a939fce64b8ad228655710dbefc60bb479f91eb7328e0be2236b,b0b4283f03b41aa3e0c73e17609222ddcd889a7b6b5e3cc651dcc35b46ac5152,2349715,56463,-2293252,2026-06-21T19:32:41,2026-07-11T12:19:20.194596,ALTERADO
01_265_99_15_002.pdf,1353a7f487dbd952ceeb6c46c15c89ff3d2a6ed12a68537b9a02deec769a26e3,c6ed930975f6c4aa0cb931ef1658140783458655ae302eee71d77474f521dbc1,2207122,56781,-2150341,2026-06-21T19:29:41,2026-07-11T12:19:20.780130,ALTERADO
01_148_99_01_001.pdf,2f26cc046b3ee3e65e91b119efe9d267a0a314a73dab5ba991ca1cb2423e10e9,d05b6baaa65db952b3f6ff4752f5574d04d6213d829f1eeefdca33fded3bec18,509887,51976,-457911,2026-06-21T19:20:51,2026-07-11T11:40:33.946576,ALTERADO
01_148_99_01_002.pdf,d8a1412f75e19d89eed3b3c9c730feaacf894634271e061fccd583bef596f201,76f20d2c1c32adfd73e738868df646f90cea84bae7b05dc36f87e8293da1ef1c,427861,56084,-371777,2026-06-21T19:28:41,2026-07-11T11:40:34.557635,ALTERADO
01_148_99_01_003.pdf,51a88ee525a4aa0921994e83f011e10d6ab32df727ec1494e98fc4ffa9714fcb,3104f1dec51e938da80021dd6ee4b31ad047b0375c1a121b1e989bd425fbefc4,52284,52284,0,2026-06-21T22:23:25,2026-07-11T11:40:35.081197,ALTERADO
01_148_99_05_002.pdf,e243272c5862c2c9fe5368800e364e837d4ad6017b4ae868bc6a593937f81713,60119b083b8e50a7e4b5b985b21a8e15f80c3077443b3e957eea6dae7e513629,835003,51271,-783732,2026-06-21T19:24:41,2026-07-11T11:40:36.706080,ALTERADO
01_148_99_13_001.pdf,fe478a82d4414d6c7a67df7172f1462366ba923e465583b87cafc959e7ba78ff,b2e654bfd65eec21926717e27b82bba08d6029d166990b5ece9f90cb042c5e28,575882,51630,-524252,2026-06-21T19:25:02,2026-07-11T11:40:37.222975,ALTERADO
01_148_99_13_002.pdf,24c300825d735c7e6ffc8369fdcca400abaf2b7e00306e91d125748f51cdc37a,4504ab2a86342e279c7740d75c885f164d0b340e206c010d6cbcc51adc9270c7,569741,51220,-518521,2026-06-21T19:33:10,2026-07-11T11:40:37.761468,ALTERADO
01_148_99_04_001.pdf,f2db12b4a83b0ef9040106f7f47f784b5b8bd0f76963a8eaea65732667c82b6f,f163704b2dafbea718890fdb9216f585977029933700cf5bb3bdabb30725c28e,307235,53093,-254142,2026-06-21T22:20:11,2026-07-11T11:40:35.636399,ALTERADO
01_202_00_00_011.pdf,694c72a5ab11a451006a728acec95243ba131b4db806e8d9dfa530474e59b1fb,23083bd6c3a648bf7b7ffdf4986318267ecbbec6330f18a9678bb4c901b11ccb,70728,49377,-21351,2026-06-21T19:22:35,2026-07-11T11:59:22.949741,ALTERADO
01_202_00_00_018.pdf,e3017773fd47f7d0e9833263321fe5266e916ab6a58d5839aa057bed1e593f4a,b30f9d49d6450bfd0904993adbb597e4304ae592eea45c5c493b6f4d229fade9,70728,51309,-19419,2026-06-21T19:33:42,2026-07-11T11:59:26.968196,ALTERADO
01_202_00_00_021.pdf,f04707fdb9c96ae0d7f13db5783ea5fc22f69d68c1d6e1da5b3cd3bc8451403f,4cd6eb96d01795aca2ab3e77ed197a6dd482a398ca915f42cc076e092744c2f0,70890,51093,-19797,2026-06-21T19:30:48,2026-07-11T11:59:28.698502,ALTERADO
01_061_99_05_004.pdf,1f8469aa1aa696421aab925711a77e971766af72bb550f1eb3c30d83ea3d816b,f87fadd2607f32dc9c4050dcffb7083004615a45413a1b5a5d1f7d176fa6ec33,449811,50412,-399399,2026-06-21T19:33:48,2026-07-11T11:11:44.945708,ALTERADO
01_103_03_02_001.pdf,07404123a0aea293c00573829309b52cf8bd95aa19b3be6e4082bbe706481714,965f0666f029b41d4c15711af2d20e811fcb7057b4a4d9818a5fbef271afd85a,55314,53215,-2099,2026-06-21T19:38:09,2026-07-11T11:23:42.416219,ALTERADO
01_232_99_15_001.pdf,cab5b4f77c897bd7e53d59e7f1b48ebbaeaedab214fe72b412026d420aaabd09,501d2201332bc4c43d5143ad09bada4e8aa10e673cb82b8f47ea451d916c512e,552101,58876,-493225,2026-06-21T19:26:00,2026-07-11T12:11:32.604755,ALTERADO
01_232_99_15_003.pdf,dbe5e225c066320db6171070eb35b071bc888580289ffe64690290a458d9c127,5013b86e0006c50935e493a80b3366ce4c7155ad386737308771dceb6f1ec2b5,536913,58402,-478511,2026-06-21T19:16:57,2026-07-11T12:11:33.721569,ALTERADO
01_295_02_02_005.pdf,e96f1853d1388f05fd19feb70a760d6a4728959162fce0fbfef8e2346b7378ba,33b871d2b4293efa02ce12be0ab6e96e4b842aa5be3b06957995bd31cee7d59e,69423,51419,-18004,2026-06-21T19:24:45,2026-07-11T12:27:07.673923,ALTERADO
01_295_01_02_006.pdf,9a20e9f3b4debb6e73126cebac5e929317d3878255b755d3146af0a8e9b7c563,e8398ad4e6d87f90ba75972996575f8fc9c6150f08d397554409140b207499d7,53002,52809,-193,2026-06-21T19:27:54,2026-07-11T12:26:31.246217,ALTERADO
01_295_01_02_013.pdf,961d42e1ee0cbf1b4e0b56f02e1b896acea577be6c51072ac1067332ac070de4,0849d3ae6ec8e523d897cb07529e5f6152ecd3cf648969279ce86fd43a214675,72130,49881,-22249,2026-06-21T19:31:49,2026-07-11T12:26:35.276349,ALTERADO
01_295_01_06_005.pdf,4f261f37aa1667118d2b7fed869a1ebe5303da515ece53c8ea9d0f0230d95c06,9f1a85c275a2296117acbfcc2e6d285b4fd5dd9c22f46a3757208bc891a2a2e8,52549,51467,-1082,2026-06-21T19:24:08,2026-07-11T12:26:52.092685,ALTERADO
01_064_99_29_001.pdf,61983bd8ab3c517217e86bded2d2077094b6c00f33029f1825765bb7d6ce5d3d,d9f3bb85728b6f5c2f683910361b9bf62f2e8cacdb569ef580958aa6ee9b176f,51536,51799,263,2026-06-21T19:22:03,2026-07-11T11:12:33.176630,ALTERADO
01_064_99_29_002.pdf,d44f7041bba7fd981c7a2814be1fe1d69b4a64f22a887e9b99ab4c5d96fbc689,bd77e80904340d3d22ce27910559d45a27e407a27d2867b1cd605f384a41c72b,48470,52556,4086,2026-06-21T19:31:40,2026-07-11T11:12:33.677234,ALTERADO
01_064_99_29_003.pdf,9ca1cee35bfb5b29b0c604d8dcd966f74ca6ce2af90754c9fea3ab0bf9d8f520,cccbfe80bedb77d9e443ee89f937615f4632d3af406ee1e681521afb6e40d31a,50969,52662,1693,2026-06-21T19:17:41,2026-07-11T11:12:34.244303,ALTERADO
01_064_99_29_004.pdf,143111dc5754eac7140a9a501da4fd97919f1be55eac2e80936fb57cbabf37c4,05097d6e00ae3a18e72ac4b0e08c5dd1c2e8578a9982429cb83a7fddab86962b,53312,35026,-18286,2026-06-21T19:26:07,2026-07-11T11:12:34.748268,ALTERADO
01_064_99_05_003.pdf,e15d35e23cee965ee81c19d3ab229c0d6adc42bf3d86f7a209374f2803cda678,24950edceaba5ad0bd096ea412247d70c86ccc690db72b9180c3e94e839773fb,61656,61656,0,2026-06-21T22:26:32,2026-07-11T11:12:20.422873,ALTERADO
01_064_99_05_004.pdf,23261b2f7cf791aff6d9343686ff4fe4b04e2594478feffa08811c6af40b5ab3,14129b096ae472b81e0e325bbcf2f5ccac1224261e0462eaf5d1d1a8d7678e47,50543,50543,0,2026-06-21T22:23:46,2026-07-11T11:12:20.997009,ALTERADO
01_064_99_05_006.pdf,cfe2e88adaa059db6860f37e2ca7acfb500b6549ea9c6c240f8069bcb8612acc,5e42c2ec255e6f34d6c8f6be153febf1e21f75a7f3df9585504d55a9ec0cd597,54300,54300,0,2026-06-21T22:19:35,2026-07-11T11:12:21.981477,ALTERADO
01_064_99_05_007.pdf,b443dcea152c95beea1c1dff686af6cf39c32952e9552c2347269edecc2196bd,c47eb0b49d8cd79fc8bf937bb306c407909d7cb1beed536e9ddbd54c2986b6b5,51445,51445,0,2026-06-21T22:26:40,2026-07-11T11:12:22.531358,ALTERADO
01_064_99_05_008.pdf,f32d8401b61c19ced881120f0969883079063631c918d2640994e66a3b456767,b8f67306b5a1cee60a4038c734b4c136f542253b443cdb8ee8b698d7f64953c8,52921,52921,0,2026-06-21T22:21:39,2026-07-11T11:12:23.031225,ALTERADO
01_064_99_05_009.pdf,544f78c9d5a3e419ff9f5e9b8caf05f325c626dd7416ebbdb0b3fddbbe2f5e24,10f14f256384477a8d9dd7e308a37f42829d5d76043fe4e145c60bb437c87222,54224,54224,0,2026-06-21T22:20:56,2026-07-11T11:12:23.562431,ALTERADO
01_064_99_05_014.pdf,15f44c9f5ac68ac7c001ffdd47f30d58b8570f375f3e1052476906992992e69f,6c8a5dcd82fcb9bb2f6ae86b3dbb0cbdccd8fed04b655d9b4e08df18b6c3226b,51503,51503,0,2026-06-21T22:22:21,2026-07-11T11:12:26.495195,ALTERADO
01_064_99_05_016.pdf,753a7cefd6e7f1083526a5a6c040edb150a05fb9df930c08ee9452a1102dcc4e,46bb852c2aa012d02e09507b8e82fbba369170a2e6b31c8fe740bcb7bbf4e5bd,52074,52074,0,2026-06-21T22:26:48,2026-07-11T11:12:27.559836,ALTERADO
01_064_99_13_006.pdf,1b513aa7dd8165bbfcd88b17c8bdf6dc5c684e019f9221b8a4b4d7e0791d06e9,e8cc03b605857c71577535c04d8cc5ff77c9b174a9a8fe4602308dbbc5936539,68175,60136,-8039,2026-06-21T19:23:59,2026-07-11T11:12:32.669277,ALTERADO
01_064_99_02_001.pdf,7a4c1c4f183d78ab32f677cfa6237ce4a2e285fccf3b561bb0eb4ca8eb09f176,00d66c9e4f6bcb064ed4a04f86c9bbd4a0c35992c4cc9e13640972cb2406050b,51207,51490,283,2026-06-21T19:37:14,2026-07-11T11:12:17.045459,ALTERADO
01_064_99_02_002.pdf,7bae952d4276fbd52ee9e4263b4fe2bf12089f685ba2513ee871988230ad78e6,e4eda5c01265adca419aa357b5aab94045e82fffe8b452daa6476980176e4cde,51621,51767,146,2026-06-21T19:37:48,2026-07-11T11:12:17.650037,ALTERADO
01_064_99_01_006.pdf,f90b4a985090610ab258fc1876695eeb458f8754f5008f18dd8aa9b6cb5bcb50,1b1ea8ccad14c4b155ce977f16cfeb2cd3396128b4f98c31a7ab6e754c5440f1,71128,49012,-22116,2026-06-21T19:38:09,2026-07-11T11:12:14.198704,ALTERADO
01_181_00_00_002.pdf,27001ead5061aeb9777e2f89a12aca14326b8f7307c3cb683e04c0e25b2bc0c3,53c4d4356ae57e4f6756e8f5ceb143579c2187d35693739e580a30cfb87151e9,47554,47554,0,2026-06-21T19:21:38,2026-07-11T11:55:40.712186,ALTERADO
01_193_99_01_001.pdf,c07c8fdd9806ef386654e2954f1fdba46ac467a8e066e1e8779b71ff5fbe3f18,e7c0abfb27ca15a42d48b2e4c8fc5a0e1277472313ce8a77e1f064445c10228c,778669,53478,-725191,2026-06-21T19:31:03,2026-07-11T11:58:28.555362,ALTERADO
01_193_99_01_002.pdf,bf63b483fbb34b644fb413c18a282baf719147f5702501a32c471ffc382bd75c,73c2351dc526bd701746ee395d584ff14d803b86b0145d888bb1ba88f2f58b3f,794305,58495,-735810,2026-06-21T19:18:16,2026-07-11T11:58:29.055133,ALTERADO
01_193_99_01_003.pdf,4d26de2d5d98d4e478242ec4436f04fc68b2cb73997fb12ddd85861ead338bff,762e63da74c438ea4be239b63be3f9dadee24bfea0f11cf47adffd9180f67053,408999,53343,-355656,2026-06-21T19:18:35,2026-07-11T11:58:29.728468,ALTERADO
01_193_99_01_004.pdf,a33b9512696416c4e68d531863b359558f7e7eb9c77364f21b9ba018bcb13724,34bc6da4e3663ca7a23b8971d7449f7c9813f7b9683ba8f78a6984f3cdc88bab,450592,53364,-397228,2026-06-21T19:24:08,2026-07-11T11:58:30.241066,ALTERADO
01_193_99_01_005.pdf,eb217d5659aacdafad1b56d7d3362ed3c80930c1d93aa8f4a2cd098ad805f52b,61aa410b829e2a5c0d549bfa5e35171789ece5331c8f22a065874c85a374e5e9,706019,54426,-651593,2026-06-21T19:25:10,2026-07-11T11:58:30.717085,ALTERADO
01_193_99_05_001.pdf,5f7fce305151e86ddb8990b876bcf71abe566825be6e133a5a4b618d1692919e,17f937c064d362b722dce581b5d4c64ab913dcb3d5be5594960ebf06f9793d81,620984,56878,-564106,2026-06-21T19:38:43,2026-07-11T11:58:31.935291,ALTERADO
01_193_99_05_002.pdf,f89963644d375d08d6f02857dc0cf99f0b4a429ea3edc15fe42a3c4150326c0d,a723acaf378ef154cd01a713c24c22377a686a0e2380a0be0a55b2e874cd39db,1220364,55908,-1164456,2026-06-21T22:26:41,2026-07-11T11:58:32.544333,ALTERADO
01_193_99_03_001.pdf,d92d8c8ddb7f475ccbd277e0afa7606250b70fe1d910982d0560b9020c41920d,1efd9a3e042f073e9a5e77058c1e3d81965d1227ef618662dd37717dfd354679,704588,51894,-652694,2026-06-21T19:26:11,2026-07-11T11:58:31.307642,ALTERADO
01_193_00_00_001.pdf,a523a9d7ff9b4db287fe0c88d7478fb4760b909df5b3cae7f50924fb3c07c593,3ba4969bc8af43c258adbfe6e4065a5e545a36e15474cd1a3c5f02a74c8e7eb1,968690,54081,-914609,2026-06-21T19:17:38,2026-07-11T11:58:27.971405,ALTERADO
01_218_03_03_015.pdf,2499913e72a6c7fa7a28d74e33378a377be4ea75b2998a4bf68f767d021cad0e,68b84a83142b359ea92d95940e744dc336bc01ce06eede7be6b756e4c9aab780,72518,53844,-18674,2026-06-21T19:29:45,2026-07-11T12:08:30.093752,ALTERADO
01_218_01_02_023.pdf,8130042afec12eebebee2acb5583d4e8b7458f047e6f3736e40d7278fb56ff41,d2dd256fcedfe5a2352d52b1ddcace2775635929c66b596529639bb05c2c89b3,74225,55215,-19010,2026-06-21T19:40:17,2026-07-11T12:06:44.657984,ALTERADO
01_190_99_07_001.pdf,38b87f37b43c24cc2604e0be14f6980469c9cbd06ed173b14d24c6e5352d2c43,306b6e5883f3ccb8c83db6f9632072b1016665fc3551d3c6cbace21a23ee5a50,48226,48226,0,2026-06-21T19:21:06,2026-07-11T11:56:39.491268,ALTERADO
01_190_99_07_002.pdf,7c7ea6568bcbcf20ecf6c195fa622adb7ac5c6704ea8642fe796ac3be14ae367,7645003e61479943919427b15f838af3eecb2baa7a015c1cef629db82d650ec0,52470,52470,0,2026-06-21T19:28:27,2026-07-11T11:56:40.067129,ALTERADO
01_190_99_07_003.pdf,3721f87dda3983d0fd7b6f3f0f81b0db57c137270b576fe929939160190bdfb2,7da8d658b8743a7092d49cd42ef1bbb5aac4557033f0e3ada23f6b6e5b45c660,48572,48572,0,2026-06-21T19:23:54,2026-07-11T11:56:40.583885,ALTERADO
01_190_99_07_004.pdf,5648be21d30ae9e961777680a53d8a385b82c6a32f5e35b1d20ca5d83415d35b,47226ef74e1f051c1a2ea1a96d5f32f246fbfd01b93c5c222f062bc4fc56f0c3,47621,47621,0,2026-06-21T19:16:12,2026-07-11T11:56:41.163406,ALTERADO
01_237_02_02_011.pdf,338cb34c5f7945ad18001e21cccee4afdbdaa5ce64476f6c32c0b9606c746cbd,1b8710cf3a09c99ae37f8d358d5e9a9827c6b4d11421ccbaf6adac78371b1adb,57060,34433,-22627,2026-06-21T19:21:32,2026-07-11T12:12:50.116038,ALTERADO
01_237_02_01_016.pdf,1992969d4174e8a76072d27137b81818b7c100312f9042c0166d1808169a4895,5d2008e954c90cc62717258050214ec60ea48f333b34ca8a26db43a9e7211f42,57509,39791,-17718,2026-06-21T19:16:41,2026-07-11T12:12:43.290463,ALTERADO
01_237_99_25_001.pdf,441b7b59c5c36cdd60a6b0258cf8d153051736d0edf58d48cf887176baa32add,addd67f1e06372c5c1f8efa6c513a36d34bf08e46fc28a0b1db589a52ac18c8b,58581,37123,-21458,2026-06-21T22:25:17,2026-07-11T12:13:00.747655,ALTERADO
01_237_99_25_007.pdf,d40893dc3e2873216342cfa27da4c89878b90d618f6bd69b254d0a9d672ef37b,3b9c58e275855bcd0d54e0187c0dc27a374d4565f8375f935ae68af0ff5ff93c,67598,36720,-30878,2026-06-21T22:20:03,2026-07-11T12:13:04.090223,ALTERADO
01_237_99_25_008.pdf,a023e9cbd4a69ab2bef090aa844bc7090602b4fb460bef00ecbd6e6750bb52a8,89c9fa3b4e9965694c5239eeb6f139683d9bbb66aa4d88259a0a8fa4db709aa6,65025,36541,-28484,2026-06-21T22:21:47,2026-07-11T12:13:04.663088,ALTERADO
01_237_99_04_003.pdf,ef59232d26ee8ec57e93ad3dfdfe13ed5ff68e338e49530b264d9bac75229318,4f0993e6b9c046729bc9cae625b1e47e4edd59da62d63833e9ae71d884b278cd,64622,36866,-27756,2026-06-21T19:23:05,2026-07-11T12:12:54.242033,ALTERADO
01_237_99_10_004.pdf,61ea3a6162dc5308813388d56ec6ecbc3248004e10fbbdbbff8807a9013576f6,5a38456dc6b187afc58271ce8bc1fce3813e23d502cfbc9188a9e66e78c08dc4,61189,37507,-23682,2026-06-21T22:20:38,2026-07-11T12:12:58.687157,ALTERADO
01_237_99_05_001.pdf,ecb5745319460bf79af9943a5675936f2981e6ef95624b7cb833661fe26382c7,1f51fab8b1bd92d49d68f26b964c87532f6535ecd82cfc90741b56b7d54aa660,60933,34889,-26044,2026-06-21T19:23:08,2026-07-11T12:12:54.755847,ALTERADO
01_237_99_32_001.pdf,b521a4fd01948e64bfc45d9694b30ce21647f4cc1666091710e10e98b1109165,488c7178f0bcd1d5a80732445bbf18898adcdf3c2b939b1fc8b7364103e20697,67350,37432,-29918,2026-06-21T22:19:18,2026-07-11T12:13:05.168140,ALTERADO
01_237_99_32_003.pdf,a757648209266747f2839e9c6db26474dc26da65b52a06efe314da7b28dc68ec,b33490fa0815dcbc810381607ce6aec66709ed0c1066b5617c29515c5888dec7,64470,35447,-29023,2026-06-21T22:19:52,2026-07-11T12:13:06.295599,ALTERADO
01_206_99_26_003.pdf,6f979503898e3435f1af284e38cd4f5ddb9950b8b7ad9300dd2a5a71f67ef630,412f1dc7bb7a8e94e991d0ad69c29054e71938a0ed0d8ce2e251fee980aa6857,68467,54440,-14027,2026-06-21T19:29:33,2026-07-11T12:00:56.901899,ALTERADO
01_178_02_02_015.pdf,e89ed78db902194f52566fc953122ade0fe48b939ce776a3ee168114b5d38327,0031fa408f098e2021e6a4787f49e0d1638a6e123155bc62db3e8a16f03fef43,73409,51493,-21916,2026-06-21T22:20:12,2026-07-11T11:55:14.423394,ALTERADO
01_117_99_60_001.pdf,c93f1a28d20676a6e9466df8245bff62d06149e4d3e8457d061938879c701975,248a2ebe4aa667f71cf8f177893b82016497148c63eeb667557019475679c12e,57698,61342,3644,2026-06-21T22:21:36,2026-07-11T11:28:12.348973,ALTERADO
01_117_99_60_002.pdf,c17707fcc3f823c5aaf99a0aafdf7b98244b9ebdf7937643ddc959e3a85a4b24,c4510959736d275b26f749adbd22a044ce6423efc12a2a656dca836c0c70f2d3,57567,64936,7369,2026-06-21T22:22:09,2026-07-11T11:28:12.910968,ALTERADO
01_088_99_06_002.pdf,e664319d46bbd8447f55b9bbe601ceefd1e2bb7a1685b7683b87ae154ab496c9,97525fc26ae62162eb1cec3fa4979a5ad373d57d982df0af846336baff7b5a49,54438,53398,-1040,2026-06-21T22:20:13,2026-07-11T11:20:38.562971,ALTERADO
01_088_99_17_001.pdf,5fa8bb078f2f57c4b18039ed07e3d1f674e48c206c47e8ee6ac19e21cd3c436e,ff548661d3262967d611802a2adc7d67d3db8539428985eacebbb5072ba695a0,57005,53365,-3640,2026-06-21T22:21:47,2026-07-11T11:20:39.720867,ALTERADO
01_088_99_17_002.pdf,80bdcdfd521a51fe59b6cec1b7a6c81b57c52a73a41637859888321c265952c8,1c8f0821747649b85a1e9bc9779127a3e384c0f5b673ca89a362aced806d9984,57141,56263,-878,2026-06-21T22:19:41,2026-07-11T11:20:40.309734,ALTERADO
01_088_99_17_003.pdf,204ca28a66f1f6634aff4135f3b7140a9dd4400426143fdad1833176d23bc984,aae5d79bf48f5483954d6aa39a1a1f0b27ed89b122f4cb4982bbcaf4f03ac7b7,53886,52997,-889,2026-06-21T22:22:24,2026-07-11T11:20:40.817905,ALTERADO
01_088_99_05_001.pdf,25523186b4e02c6b208ba2392c08e006b0489d9489dd36f1ecd73cd4d4bf128c,91f231d384121305bc9f1cd6c6ddc9f00af1b5e1c62089e93f261ae801a34020,55026,53722,-1304,2026-06-21T22:20:13,2026-07-11T11:20:35.214640,ALTERADO
01_088_99_05_003.pdf,c4a26cf1422645aca4e6dd482156906436436aea381334bea354257c02d9c7fa,4d1277d064c887a5ec1229a0cf5049e2c5f8a8b4f8120e1eeecb4168db9a1070,54476,55023,547,2026-06-21T22:19:18,2026-07-11T11:20:36.231063,ALTERADO
01_088_99_05_004.pdf,a52a46241c9fe338a616201bdc80e16c0fafc599d51edcb454c9b7e278dfac7f,ef71f16a34f77b1a998c2fa4f2f292518f3c036d4f00de2289ef5c2ed8404876,55088,53229,-1859,2026-06-21T22:20:56,2026-07-11T11:20:36.833846,ALTERADO
01_049_05_02_009.pdf,4d491059fc182acadd70904ebd2924a84cd2923b1b5c8d5910d984db8f9d5f1e,a88f9fa5ef7b2454588eda43a09484ce820fd5a7bf64f3f3e5bed5387aeea90c,55420,54662,-758,2026-06-21T19:39:08,2026-07-11T11:05:30.022527,ALTERADO
01_049_08_04_008.pdf,9f6579b4580894f990bdf6869c5480ba5c722650b889f0dc9c3eb9e060affbd7,b70965199464e9690851558b9bb893e6e651da2adf1b8b828af9ad1f7d771ec7,73637,55457,-18180,2026-06-21T19:27:11,2026-07-11T11:08:08.591665,ALTERADO
01_049_04_05_001.pdf,d3170eab386a69a963f7e432932499be7025c92b0caeec7864e875347ac2916a,67b2733208f925b17657d04323132ddb4760bc16972efd2d391162b57060c95a,733109,54585,-678524,2026-06-21T19:18:39,2026-07-11T11:04:05.942862,ALTERADO
01_049_04_05_002.pdf,8f9986259a4be44980c874248218c5966a797a2b2e30b14d077029e6951ca8b3,14a4ca1ba91912a258c7047fd348d575343580e6abfc42bb17d7880a5566661c,1912288,55141,-1857147,2026-06-21T19:23:40,2026-07-11T11:04:06.551209,ALTERADO
01_049_04_05_003.pdf,257e216188eb9fe81dd828ee70fd736d7e4b143c3dd7fbf7e29899f070fab70b,00d59ec6f6b131451ed7c1cd9b379fb315373f4b9d18e616c76e2125bac0b240,674136,56323,-617813,2026-06-21T19:22:35,2026-07-11T11:04:07.168807,ALTERADO
01_049_04_05_004.pdf,e75b467c0bbf2013de20ef19bd4d5bd6b6d254bc9138256c296fc80da1e6c851,b67847dff57c80a36b3d18fb1e73f8c34cfb9d21592904ee85c88704735f49a5,2206474,56279,-2150195,2026-06-21T19:22:38,2026-07-11T11:04:07.803134,ALTERADO
01_049_04_05_005.pdf,1f6c10a8f90ffd2b5ab1947a5c3921f25de2da5f3ac2bcc799cf0c88ceb4f41e,0aac92f6aec048b772c5906384066289e976c35f176fccad542e1d0ef34e0e3f,2150356,53505,-2096851,2026-06-21T19:34:42,2026-07-11T11:04:08.316677,ALTERADO
01_049_04_05_006.pdf,156a7f86d53d4c466e8f258b0f50bcd2afe8528232f99f70f9db944a21b1ee68,e4400295c81ced3b2c5dadb28da0acf7d1ee4aec41b9a1b508839dbe9853e8c4,1580610,54009,-1526601,2026-06-21T19:31:47,2026-07-11T11:04:08.850275,ALTERADO
01_049_04_05_007.pdf,94e948e4975101c380bca689762a500e1e3660c2d2005e93638fae0c8b502436,d7bee394d42b2e9c50d27feab9605351004e16adb835269a234ec270a3aa9719,2167768,55692,-2112076,2026-06-21T19:38:19,2026-07-11T11:04:09.367889,ALTERADO
01_049_04_05_008.pdf,4e13422c4c6e4b73829fc8b97804d857701499f82657816acbbb9fde486154be,4afcbe7090258d33db283d88ad10be927776de5c324bad9380494b991baa0153,2232642,56178,-2176464,2026-06-21T19:21:57,2026-07-11T11:04:09.972673,ALTERADO
01_049_04_05_009.pdf,a28c1561d12328b212da6695e46f5c40ac4799a8ad351a9c66b31c797d3c67f0,96d700528f43ce2232094c34c5ce09c8b8df12fa11d1c38cbc45750e48dc270c,2043749,55033,-1988716,2026-06-21T19:19:56,2026-07-11T11:04:10.642779,ALTERADO
01_049_04_05_010.pdf,5c8f6098cae469a8974f28369b02c04f2ed4bd34a8350b8710ca5eadfc2e432a,9ecea7f45628d1007741f0672fd7362a55a2d351e514e65cd00572b659aa4c2f,2080900,53149,-2027751,2026-06-21T19:30:36,2026-07-11T11:04:11.257890,ALTERADO
01_049_04_05_011.pdf,41348a8bbb1c14b143ee3fbeda068e2c5f21c0a91e4469fca2f09461670cb9a8,4153324767ffca0860b91c1800d7f29d94a3571248c47b7c77669dbc3cd5b749,2176850,53448,-2123402,2026-06-21T19:37:58,2026-07-11T11:04:11.795167,ALTERADO
01_049_04_05_012.pdf,d7ee4ee4aa8908e19f4affa215e53ce6c04329c3bded344898e39b6385877cff,4113f8b3573f8b10e031a2e1b3baaedc79ec3adc4c07c4edf7191339c790c46e,1988036,52934,-1935102,2026-06-21T19:38:02,2026-07-11T11:04:12.336738,ALTERADO
01_049_04_05_013.pdf,60d40962a9454b6658078d4d87eed2df7e897083a104863896f10146bae92702,f30a19c9357e76a986014a43cd1d2deddfc9e5d317283d2d69ecc105cc6b4a4c,1959920,54539,-1905381,2026-06-21T19:39:03,2026-07-11T11:04:12.825418,ALTERADO
01_049_04_05_014.pdf,c1995e4c4e14025419bd2db334fa0def40d95a6fa2efa8a87064bb95f08b22a0,b482c9d5528e9fc88240825a7d8138cb856c387768210213fd817e742497d205,1107304,55492,-1051812,2026-06-21T19:38:10,2026-07-11T11:04:13.429113,ALTERADO
01_049_04_05_016.pdf,48c02819a3c84c7c8a979f0fd093626bdbe403998ad4c1d120aea71db415c568,f213248c5b7fb4cdb471c08a8091e48817e31c9417bb6692583c4d28dc0e10a3,1195846,54108,-1141738,2026-06-21T19:38:09,2026-07-11T11:04:14.450462,ALTERADO
01_049_04_05_017.pdf,7d2d9a4899659517425e5a0d7e3957843bdf1b571d0b50b967142eeb2817ca7b,2e91792e4a8d4603e465acdbb30cfa675d0fa584a2a083ac20961f0bff97b65a,1128791,52373,-1076418,2026-06-21T22:23:46,2026-07-11T11:04:14.960728,ALTERADO
01_049_04_05_018.pdf,f5266c7187fcfff392eb7d30239414461a5c554fc8cb5aaa1f083459a4fa151e,760e94ed9b16832083242d6b2589a5c2bb6a01686ddbb057f331dd7e4b986367,2086151,55324,-2030827,2026-06-21T19:28:10,2026-07-11T11:04:15.553498,ALTERADO
01_049_04_05_019.pdf,e1da628fcc1f6f580ce7d6a8641251d4b08c4dc4cb3186f3814050d68d9ce7b8,5873da7f83c8f455da7537bafd401efdaef60c6914aff271e63f5f753ed112d5,2020923,56057,-1964866,2026-06-21T19:37:44,2026-07-11T11:04:16.161938,ALTERADO
01_049_01_05_002.pdf,bab82cb8c3fb95795def52d5632038f482c847d48a5f2f338a016bab4cf3e5ef,e2026517d97fe168643f6d6d098384da8c85f37742c38e73d7f55b7e9fa6694b,73692,54995,-18697,2026-06-21T19:32:14,2026-07-11T11:00:51.605515,ALTERADO
01_238_99_23_001.pdf,2c4a5245c6d3cad3333a5af9d180e16dd8bf2a15fb459ecb0eff5b12d8ecbb45,58352f4a2a74a71cc121a25ff295304e4bcfc9822bf004fb43167c95c149e1d2,346491,51257,-295234,2026-06-21T19:24:06,2026-07-11T12:13:30.112683,ALTERADO
01_142_01_02_005.pdf,fb5cd3e638e32e49a0f97b86d311cec0b9b7b6bad1e9181e1d79f9467f1e34c1,df78c9397e22c6dcb9cb61fdeb8a1060e72e9031ad00128c81f03be6ad1a825c,52845,55487,2642,2026-06-21T19:36:50,2026-07-11T11:39:12.087329,ALTERADO
01_151_04_01_018.pdf,b7e8f11d993963942ac47a6df88713991698a7e76662bdd84876e52340b4cce2,954f869dc06818119c357410dadea6e7db3fe43a1d95ecbf6412f3d621aeef2e,53132,51089,-2043,2026-06-21T19:23:57,2026-07-11T11:43:41.763119,ALTERADO
01_109_99_04_001.pdf,ad3691f480c464e12446ceac16e7458ed29f51956fbfc08d391eaed9060b1213,ba7c4a7e1034d1b6721e65cbb4ef5aa5c3d853ee8a18617ee1c1ff3a9c6403db,364075,54661,-309414,2026-06-21T19:25:04,2026-07-11T11:26:18.235842,ALTERADO
01_109_99_01_001.pdf,fbefeadd93f53e66575738792884be7608137bd8bc5e6752544c6f256b8ecebf,d3258e4162c87f466d4150cfd92784af49072982b06f00076f9c40132f63cf37,1398572,54394,-1344178,2026-06-21T19:24:04,2026-07-11T11:26:14.285824,ALTERADO
01_205_99_01_001.pdf,76c3ce0717ceb9c1e792a24e4919dc745a355d83f0b77d28fb7eb52fa0161b8e,4f67d1b8baa9a9daeeee20f57e49d4fe06f484271c57cc48ae2e14c9c358e947,53635,53635,0,2026-06-21T19:30:14,2026-07-11T12:00:24.631766,ALTERADO
01_100_99_07_001.pdf,031ca2a3ea2f812d9578cb79452b44946330728bb22dee72d8e0289b8d6a7e9f,5599c543bd9b110f778bc87d459f52436cbb72785908a89c266ad37c1baa844e,55982,56515,533,2026-06-21T19:30:25,2026-07-11T11:22:09.047504,ALTERADO
01_283_02_02_003.pdf,f4a653ccee9704e1342548c2c615117cc409858a49239a8efcc755b877d643bd,899e61d27e2685bcb5a040285738670104ac59212703756b2fffd03d7cd2e8a5,50962,49714,-1248,2026-06-21T19:28:20,2026-07-11T12:24:36.492115,ALTERADO
01_283_99_17_001.pdf,0931a587ab6f805ef5c495a143217269a6c5a35038c79815027571737621aec4,a0a09c38dcae5511afd622510d458e2a547e7309c250b3c45e23ea0ba7abfb17,50663,49187,-1476,2026-06-22T22:50:16,2026-07-11T12:24:47.018959,ALTERADO
01_283_99_21_001.pdf,f657e25dd1d1b425bdb10c4fa4cdf41776a892e0eb43747f7c820f55ea15db17,90ac3a455110364ecba4610b245e3af7b428f3f89cbe9320bd9dbf646a8678c5,53488,53488,0,2026-06-21T22:20:35,2026-07-11T12:24:48.085968,ALTERADO
01_283_01_02_005.pdf,fe81b03f0ddf8ae4d386fe003b26cdd4a1a7c00cfae1612b602da9839ae16962,0fe2ccfa9485eb1f0bb9cc4ca74424f6c3c894ca0e3e1343975bd2bb0df84c64,53153,52175,-978,2026-06-21T19:29:11,2026-07-11T12:24:17.053768,ALTERADO
01_037_99_05_001.pdf,db399c7153b224602e992e46dd927c45dfc7478996ea42c3ee0351a624df2dbe,244e93c728025989e6152f304fc39cd0b5dc93c9718531b405b482aad567e33b,1136614,49846,-1086768,2026-06-21T19:21:04,2026-07-11T10:58:12.728747,ALTERADO
01_037_99_05_002.pdf,8fe296504945047fef71811b27a629a0b8896a27b20c4e6f0b9191ef549fa7c5,57743c56eddd1f3d785205fd0eadc53a53003ae47cee398f54d5227404ff35d4,1253759,51090,-1202669,2026-06-21T19:17:36,2026-07-11T10:58:13.325271,ALTERADO
01_037_99_05_003.pdf,95a90c673da56cb3e3027e241f559bf298636b9d6f86f3aa3feb5b4e2b5ef718,19e77440ffd2c30e069209161eefa73108bf74da8d26d1b54227a864551aa295,1103937,65251,-1038686,2026-06-21T19:19:18,2026-07-11T10:58:13.846566,ALTERADO
01_037_99_05_004.pdf,d883a63d0c22b57ae031f8370e8ca7538368408534cfe76ff68a9934d3d984b5,8e31e29dc99a3852f7e43d427e32add64ab77087c6b9ba5af9494b494525a275,1430101,51746,-1378355,2026-06-21T19:38:03,2026-07-11T10:58:14.348509,ALTERADO
01_231_99_86_003.pdf,191088e9cf730dd91bfe9a547baa6b9327839c8e532a3dfa6f68827d2ca0ed56,6c72bcfc5ca4efba04a908f4ffa86c185442fbdb6de8c68ee3ec64e0d853cc52,654652,52519,-602133,2026-06-21T19:16:13,2026-07-11T12:11:11.041231,ALTERADO
01_231_00_00_026.pdf,7d22ec8c720ccfe217465dd07d4add8b23469f024ec54f038433b8cf70144209,8737b88d8415ce847b7a5c83134c20d43a40cf221e4657d02dd4a91e55ec657e,72082,52075,-20007,2026-06-21T19:17:03,2026-07-11T12:10:53.516917,ALTERADO
01_001_01_02_036.pdf,1fda0f5e377b59fef1d235847703d0eee2fad2ecf6812df290ab898365d9e8de,d693aa9dad05f6651ad9104a73c5f5784c3a1c0089e4af87ac1f89ac3e1260b0,72821,50812,-22009,2026-06-21T19:40:34,2026-07-11T10:01:01.112377,ALTERADO
01_001_01_05_013.pdf,4a975bea51d2d0dc5376d54710ea64a5699090a2caed6c6023555917af50f4d8,4df90b6dad6e41c1f8c0255f6e74d7a1f8ebc6dda744a1d3e5139dbc2733e6ed,77106,56728,-20378,2026-06-21T19:27:59,2026-07-11T10:01:40.810090,ALTERADO
01_001_07_02_019.pdf,249b5c9111f4214cf41972c1cfb494f375b9037d213cc150a0217fa6bc81d274,ebbc03b4e70654a4889d6b725a5ce505d34e77ebd74eb68ebbb76b0a4d3dc5cd,70545,54285,-16260,2026-06-21T19:22:37,2026-07-11T10:08:55.605731,ALTERADO
01_001_10_01_038.pdf,d569d7351f3f7c3522a7f20f7969ebaee63dd0e65347555af8e6059535026623,b831174d7df1bfc4775a8612115f84007b5afde929f4ba3ca366533a67b69c84,72529,54251,-18278,2026-06-21T19:32:56,2026-07-11T10:13:09.013765,ALTERADO
01_001_11_06_002.pdf,8769242bb1ff4b8cae27b2d35b094a3f6d7451029040a3928781d3486cde82d4,8ea2c08919d4eb73cbf172d4da6241cbb1a9c339509b67240b27aa2e426263c1,72037,52176,-19861,2026-06-21T19:19:17,2026-07-11T10:15:14.105266,ALTERADO
01_001_16_04_002.pdf,9995659a12582ae61fbe8def3238b64c1654e2322ffbf54a44a4aaa90cee0eb9,b6fac2176381171dc89dce56662f5fa11eeef2112311c4e3dc4152978ebb25f9,53393,55146,1753,2026-06-21T22:22:19,2026-07-11T10:22:29.803236,ALTERADO
01_001_16_04_004.pdf,3d503687d2d28e307e3f30c46f63fc89c6325c7845364b04d0907ef8a8c94165,3eaa66ce52854712641cb157f0ac72eb4159e96c3b1ddad251023030617e134c,55569,57719,2150,2026-06-21T22:21:05,2026-07-11T10:22:30.914042,ALTERADO
01_001_16_06_001.pdf,ea61f94631ce0ba375ca0ba999d1e363c1e2913e6b6fb446e1600155c0302958,cb5042ad2e5f8a7ebee0cf03e7c1ad8cd0850557305e411f1bbabc3608f11ddf,74349,54556,-19793,2026-06-21T19:17:25,2026-07-11T10:22:55.030812,ALTERADO
01_001_20_03_004.pdf,82cedc5e83022a64f13b681b825eb8ef063f0796b59961febe05030ed1209be2,12385359f9ab69e3ef35741997325483b9f86d05c20044da8bb6c2acd6cb7ca4,73137,53151,-19986,2026-06-21T19:32:49,2026-07-11T10:28:17.519877,ALTERADO
01_001_25_03_018.pdf,0ed6482bce02b3c41fdb4cc23c8d4b2a1c5e440762afb9bf04155a9820d04e7f,9a72023c23e657b467186a5591ff7468f52b772751903926ed8221adf6a54064,73022,52142,-20880,2026-06-21T22:26:55,2026-07-11T10:34:22.102774,ALTERADO
01_001_28_03_005.pdf,bb6767d649d3497913cc70d292f6440ee74daffd26b6b24f66e41c505e7d5728,b2ec4ed4e5f8f92dedda64355d9b2a22518a3353d9b89d7dc364a4d069616924,54321,54321,0,2026-06-21T19:20:07,2026-07-11T10:38:13.558462,ALTERADO
01_001_29_06_002.pdf,bdc9b3178f383b5fc12aee7ffadd759b0913621a2be9af46aac7228a1524687a,5d66d302aabb2e84b354b2d8a8c4d38062c13253bbb968d95bc7c9632415407e,55565,54860,-705,2026-06-21T19:34:44,2026-07-11T10:40:09.849130,ALTERADO
01_001_29_06_003.pdf,5662b6a711d596b69643a89075e71d7f01ac83900c66196154b6b9919af06ceb,4ae7252ae3b7800a4abb40f115f90990298f0c2d72302f34bde30f320e066e33,53073,55220,2147,2026-06-21T19:28:34,2026-07-11T10:40:10.376153,ALTERADO
01_001_29_06_004.pdf,c00ca3ab87b294620f2a5302425ce106f7067b7653ce70a29832b96519916d9a,9aeb0ae0f5c19f96f58457c1b77bec8f5e5fad29e6769821657d2f61a3cd968f,52126,54695,2569,2026-06-21T19:23:03,2026-07-11T10:40:10.988808,ALTERADO
01_001_29_06_005.pdf,0f19e11fab14549000ce7b248500052550d7f80156d30250cbbf9c871ebd7956,98c40768588a6a146c38b93e130013a3799e86b38795c411447f9d5c873ea73a,56344,57377,1033,2026-06-21T19:31:15,2026-07-11T10:40:11.609238,ALTERADO
01_001_29_06_011.pdf,baf5b947e539e13ca5368dcf4f1eab204216ef7576596c294b0cee3b9e1d0f84,6554f5b16a45e21320b76f3a209ad99c4722961d97b6620ac2e06fba77c30c00,52883,52101,-782,2026-06-21T19:19:40,2026-07-11T10:40:14.834843,ALTERADO
01_001_29_06_013.pdf,d16c1ea46107467e23624694c5d48589c68e638be2ffd9b42f6c02657d99cc32,cf084537abb717263ba3806f9b4f2795a053cc28049cbeb1d78b476124bd3854,53428,55238,1810,2026-06-21T19:23:36,2026-07-11T10:40:15.961452,ALTERADO
01_001_29_06_014.pdf,0b92b94d455a91353d16a7ac1fa91baaa2f0402691e77aadd94264b69aa73c40,6570c0e42e77b8004fae2dd313b243cc0c47ccf2a4f17df57bdf8089ace332e0,58554,60924,2370,2026-06-21T19:32:38,2026-07-11T10:40:16.469056,ALTERADO
01_001_29_06_015.pdf,4a1694c63e6e418f3e468cfcfd5ac054bbe8347d260f452d34814a759e1eff4c,5fc440ab566e5e91fc6cbac6d29ff6cf04f9cad5f111520e5e251f9a3a5f2376,55250,55338,88,2026-06-21T19:26:09,2026-07-11T10:40:17.124835,ALTERADO
01_001_29_06_016.pdf,0691264c5562c789f9aa14dd52d6e545bca3ddb8a94e5250a8925783e727fcd3,870c82815474900fcc98597a22213eff2b4f5be173c81d6f3c6c943b6c155e2b,55721,56481,760,2026-06-21T19:25:48,2026-07-11T10:40:17.743731,ALTERADO
01_001_29_06_017.pdf,7b1f1848c905210fde3f46341f79741540009fd0b9ec9ec7311d4a1f6c91e88e,b92ea9f7b56ac965d2d61ce2ed20fb4ae88fccdf0adb0330258a5e486207da0a,55870,58021,2151,2026-06-21T19:19:45,2026-07-11T10:40:18.349778,ALTERADO
01_001_29_06_020.pdf,9a9846867aa4caf524c8b5acb0487e913c25c205c3138113fddb2a354c081ffd,bf0ed0f7b50d056d409d6a3563abd1ea7ffb3e1742ffc72d4fe8f0e80e1e675f,54011,55483,1472,2026-06-21T19:20:08,2026-07-11T10:40:19.894743,ALTERADO
01_001_31_06_001.pdf,0aa3de6502123745d44a16ce056b16ea64bf4af96242efe9c76dc33725c95e35,8613490ed7473ccef050f42ff1a3aa4e8a34814c372f1000db47f77c3c73c9fe,54684,52713,-1971,2026-06-21T19:37:59,2026-07-11T10:43:18.997082,ALTERADO
01_001_90_01_001.pdf,c238e3fb666cab282771d78af3c0962fa9377d8bf6dc95b57abec48ccff2b63d,60d91f116283b93cd4f6856af2d1278b5452c75742067000cc1392cf4654aba3,52258,54835,2577,2026-06-21T19:32:53,2026-07-11T10:45:11.918449,ALTERADO
01_001_90_01_002.pdf,d0981da388779de569e74ba5bec0bb3ca412f081da7c0966db5121fef0723e1a,de213045a204ba228aef2965a816e491c87044817b6843d9adddfab9efc6aca0,53395,56497,3102,2026-06-21T19:25:22,2026-07-11T10:45:12.473715,ALTERADO
01_001_90_01_003.pdf,aa1646dce71fc85931b46e39fa4277dd10293c60ef8db4560f590044a161afb2,16608c6afc7a7b480f34c1bfc3acecfb03cc13cdb9d0389c65d7d47c946169e1,52889,54865,1976,2026-06-21T19:25:49,2026-07-11T10:45:12.997414,ALTERADO
01_001_90_01_004.pdf,2037ab0a4d77c4faedf49c552718a6ea0c09c269b0cc97ece25ec83147fd5bc1,89fe085007ec2a642b161e80fca19a29132caaa1e98ddc871e8eaa74cc37a401,52528,53538,1010,2026-06-21T19:25:40,2026-07-11T10:45:13.574914,ALTERADO
01_001_90_01_005.pdf,4bcdbeda4b5525dba80575c43d2b242cb14847aefeed533ab37d6034c1785874,4c944003eb7227e4ee5810a422a0861669ce9a9ed95fab7db6252ca45c24a809,53785,55198,1413,2026-06-21T19:17:54,2026-07-11T10:45:14.095538,ALTERADO
01_001_90_01_006.pdf,39632904a971d9ca04c45dd1e5360e3f67847ee82da53b4efdb2627b6b1fe263,9817e70f35dec7b5738b54e6f69dcf8f44a29b9537664e4bb54b8741e735e668,57316,59267,1951,2026-06-21T19:27:56,2026-07-11T10:45:14.728657,ALTERADO
01_001_90_01_007.pdf,35a35eaa51b4b359faa3533a6db73ae0871eee1652227d2c949d3558c55a5b09,e871719acbe6ad3e3431c87b8c163b42a68af4743efd232ecd0d427e94d07845,51693,55842,4149,2026-06-21T19:26:21,2026-07-11T10:45:15.347753,ALTERADO
01_001_90_01_008.pdf,e7d82f69dc8bb2dbc5c6564eb6efc5155852b3480809e0ce347e30f4971746f9,bbb0d4d71127924449544eecc8f62fb85d792266a0e4590332600cbec9e62c80,50026,52984,2958,2026-06-21T19:16:54,2026-07-11T10:45:15.978904,ALTERADO
01_001_90_01_009.pdf,93267b8136e0147c003ec40b7b811b17c72d6e5439b87f701553d5f750ea324f,db115f3df164c554639379c20aa9bb9aa11ec128b6c6f06144cff189e5ae4a28,54007,56698,2691,2026-06-21T19:23:48,2026-07-11T10:45:16.469094,ALTERADO
01_001_90_01_010.pdf,fdb7c9c4b2d8109df1e9b288413426c90868e988c247301fa02ef18204de4634,d5e1172be97cbcc4c853551da8c87bc5f26c699a0b365511977e1355fecd8b52,62008,64154,2146,2026-06-21T19:16:44,2026-07-11T10:45:16.945978,ALTERADO
01_001_90_01_011.pdf,935200d1f919b77cfeba8f238b3584c0ac64c2326fd71c5be890907f8158a250,d495ebdcbb224472ae9bd99b43be8a71b3ff69e5f216e7bbb1cc2a9f275f70bb,54119,56457,2338,2026-06-21T19:20:59,2026-07-11T10:45:17.457931,ALTERADO
01_001_90_01_012.pdf,d76c891ee2772c73d9792573b63faeb06e396e120cef1808f16c66aed254fbac,3ee7343970116a7f275d91a216d0104eb0963b11b5215b02077af0a0a76b0d20,53481,54847,1366,2026-06-21T19:33:11,2026-07-11T10:45:18.070719,ALTERADO
01_001_90_01_013.pdf,e171658f0df1fe6d5afc9f7cfc1ad2edf67485567257905f6c5d5f6332e5f7c1,8fd7788dcd2ba8c52fd17adbe86c4c966ef6d281bbbe0f41d0659bd4c618ee8f,53200,54552,1352,2026-06-21T19:34:10,2026-07-11T10:45:18.676072,ALTERADO
01_001_90_01_014.pdf,25bd1cb48ec372bd20ff646e050a7fd27a5c2e26da1b3eb945ed1a2304b800cd,23ef40e73a87679e09d984ff7a25d5e8e0e0c25cc887d021abc9dfafad919f69,53878,56171,2293,2026-06-21T19:23:11,2026-07-11T10:45:19.237192,ALTERADO
01_001_90_01_015.pdf,a26ed75614c3f34cbe49b84bf0c12158cf2e1fc7b297d8427f5264f66b686c22,d76f7d44ec8e77b671bf361d36892f4dbea9dc48aa1626e3cb0e98f0c848bdf4,52745,54729,1984,2026-06-21T19:19:24,2026-07-11T10:45:19.733884,ALTERADO
01_001_90_01_016.pdf,93c6eba19abee0ace062c52b065471db8e31f60b85415e5242ad583095ab17ae,4e5b2b522ae34e70ccf39d5489e29d0a6bc2f788425f8d5b4e906d282d5e1687,53997,55324,1327,2026-06-21T19:16:18,2026-07-11T10:45:20.321315,ALTERADO
01_001_90_01_017.pdf,c785a310d365c6750e863a289261920b328b5e80229f4c139a969edce7859380,38d9fa672e75634b89ed781bf18f5bc41ff0d1f556bc44e378b55fe1b57b3a81,55465,58354,2889,2026-06-21T19:27:08,2026-07-11T10:45:20.832997,ALTERADO
01_001_90_01_018.pdf,3f8b12a94734085419ddc205d64073bda09c565732592661c044aee9adb73527,59e98b91a019df9e28504477e6cb73a4e125498758e9f4497b7cbeb651d0da4d,52414,53094,680,2026-06-21T19:31:16,2026-07-11T10:45:21.356600,ALTERADO
01_001_90_01_019.pdf,5252328549c838bad04646db56b62c4dd3b6f9b79199ebf58a8075b577ec4256,0a519fdf4ccf2afa9ca292a4ff5a4638eaa6d6b9fac252f736901b73728e8b25,56235,58870,2635,2026-06-21T19:25:44,2026-07-11T10:45:21.865483,ALTERADO
01_001_90_01_020.pdf,86ba0ed493dee7a90811d07c578b52fffaad2337af1ded9b5b249b620b478c94,8b063f18d75dbc9ef7bd530cbfc1688e6b032dfa9ae3c784e5e6e7f6e021329a,53968,55173,1205,2026-06-21T19:27:51,2026-07-11T10:45:22.453506,ALTERADO
01_001_90_01_021.pdf,a9b191796f73d0d07a0c3d1ef875251194bd64c7e5f73a306777567a67c4ec74,3cf6f09cd38e49ac0bc8702e5b28c42c815b0c3dc684af87887fca4eead37d85,58214,57056,-1158,2026-06-21T19:37:06,2026-07-11T10:45:22.977555,ALTERADO
01_001_90_01_022.pdf,c19422ab76e7abc0b8176634d815fa5cea2be1880c53fc1b8463b106ee21e8c0,70ffd7d64a1294908354110c5d5992e2b50b6809436027601316f02a8df240b1,54831,55815,984,2026-06-21T19:38:51,2026-07-11T10:45:23.491077,ALTERADO
01_001_90_01_023.pdf,54f563e4032b600f963e90cf5389972768e08ff605a0f8431f9240e4d94c49c9,839dd2b1e9afc0b607dc957862620b4afaf77b9a66a25a5d1ddd37fb4e52e4de,56410,57436,1026,2026-06-21T19:30:04,2026-07-11T10:45:24.076739,ALTERADO
01_001_90_01_024.pdf,c91ae29b2d6891c432945ab9f565ff4960154f3315892680d8b30fb89ca7bc44,e4b0aed4e6f20ad534d771c95cdff706a5ac07a2e336782da54511c0b944d785,54307,56462,2155,2026-06-21T19:38:30,2026-07-11T10:45:24.713959,ALTERADO
01_001_90_01_025.pdf,ad129006ab87ade90add45f64576a2a90d7cd820a256a2f4629bd7ed02338091,ff789c477d1c494e455591747c08fbd0d69d23aad35b1029e5db1f48109f42fd,63610,64836,1226,2026-06-21T19:37:04,2026-07-11T10:45:25.328290,ALTERADO
01_001_90_01_026.pdf,631f7572e7ab263d875bcad40ab46c94ca2121e263c283994181109733ee21d7,622fe2266a1d56a22557e0ee9c926f57e2997a8591aa7baf91e734b12ffb290a,50693,56083,5390,2026-06-21T19:40:44,2026-07-11T10:45:25.838002,ALTERADO
01_001_90_01_027.pdf,1acb4e0cb603b1bcedf955b268ced8025ee429c1bc40c23d77349b1fc9966de0,0c6f06e7f5d0b2e2f41e981c663fa871db1ee6aab7242d22d6477ecdd159ce0f,51811,55804,3993,2026-06-21T19:39:20,2026-07-11T10:45:26.348962,ALTERADO
01_001_90_01_028.pdf,4037a0dd8e422378e3c8a6cc01de8671ccff4d023b72397c548c19fc1595f17a,92dc544293205d9ebb877f1d19f1bba68cab82abe49120eabf13fe6275316855,54893,57670,2777,2026-06-21T19:40:35,2026-07-11T10:45:26.849235,ALTERADO
01_001_90_01_029.pdf,f7025eff4dd048c19b37f5d7f50a8130d72e433758f93e25192970d57f24d4f2,013ffd312d9557ed99a4717090dd74f0dd465603d5609be388b5e25b1c6670b7,52916,56010,3094,2026-06-21T19:37:14,2026-07-11T10:45:27.357614,ALTERADO
01_001_90_01_030.pdf,6cdd003f6776e6333ee7be897cf696996cfa3d164d17f6642e69e80e087bdf91,4948373f2e8471f620199e02561548772290d3a8fa008bb815b897c44d90a8de,52525,55534,3009,2026-06-21T19:32:59,2026-07-11T10:45:27.957942,ALTERADO
01_001_90_01_031.pdf,90f2fbf5d4e919f082281ccafe96cf5a8b6146e3a176a1f594875a5483bca3bf,29e30532af637decacbb9014cd39eebfeec71469f1dde4575bf650c42f82c7f1,55158,59816,4658,2026-06-21T19:31:48,2026-07-11T10:45:28.562133,ALTERADO
01_001_90_01_032.pdf,fe1b386ccb754bb360a548a1e460222b60a08ee2719a7c133c6b79866e1a91ca,87e898d2df1935eccec495079351a110d726d30903530941df966e03ed027bb4,51930,53335,1405,2026-06-21T19:24:35,2026-07-11T10:45:29.140829,ALTERADO
01_001_90_01_033.pdf,39f1c83a37b7b6c37548a5738921f347cdb3784e17b75e78b7b2c1595371ba0e,399c3cc880e4f5a4afb961e9da4ccb5e3ecbe40b3d861831c37b3bf06447ce4b,53167,54821,1654,2026-06-21T19:27:57,2026-07-11T10:45:29.677788,ALTERADO
01_001_90_01_034.pdf,26b93abc06e50794edcecbbfb39310cbab95275e444e23b3824e324f3ceb36f1,e94bb6f43871371a7c641ad8680dff27fa627efee3ab18c30a683361e969f41e,52762,55536,2774,2026-06-21T19:30:18,2026-07-11T10:45:30.215439,ALTERADO
01_001_90_01_035.pdf,bae66d74c420908bd2e3b3343802c85208cc9665b438ca8abbbc01d5b75e3e4d,a46a490f58fb8bec30e448febe64519c1f90e66051580ba2828da99ea0db9973,52814,54216,1402,2026-06-21T19:28:56,2026-07-11T10:45:30.763957,ALTERADO
01_001_90_01_036.pdf,6c4e1c348e5e8834f115f8a69128b2d0139632483d0b8516cbd6c4819d9d2e0c,a50e62fb76006d28dba183842acbcad946dc46c3dca1a33fa4e7c3275ab71f71,52311,55043,2732,2026-06-21T19:20:43,2026-07-11T10:45:31.380893,ALTERADO
01_001_90_01_037.pdf,5000e645247ad7d2dafa93790cfe24aa505062ed545e62d30ce2b0c7e22d9a76,c8751b83aeed2f59dc62fbd31d7769cbfe98b51342d55d578355e325f3dd52d3,55286,55645,359,2026-06-21T19:29:07,2026-07-11T10:45:31.894695,ALTERADO
01_001_90_01_038.pdf,f2f26f86cbcf5d749527467b5adc269af368b9251281adf9320349a6c2ed65e3,4102c8982fb6dc80ebc55478193da9bdc30b2fb80c41c831768396108e27f109,54648,54121,-527,2026-06-21T19:34:41,2026-07-11T10:45:32.392664,ALTERADO
01_001_90_01_039.pdf,bf3774397bb874c3cbb2c0f8d0f21f04a665321f66b2d87c1a5b2b4930c3919a,ec0f676ef1ba986bc98073dcdf0c738a5292ea51dcae780080c0427ac261b23a,53234,54272,1038,2026-06-21T19:29:58,2026-07-11T10:45:32.989851,ALTERADO
01_001_90_01_040.pdf,de2d9b7b1d44f306d2b661002ca6b4df079cf2557043bc498d9827b2f15247be,047e620e12ada3de0fd7f385a860a58f5ac310659df3985d5ff42a8cf27716e5,54859,54349,-510,2026-06-21T19:24:14,2026-07-11T10:45:33.504723,ALTERADO
01_001_90_01_041.pdf,6ff1dabb75573f26494dadabd25b66563dea4a8d9cd45aeed30862c251b8184f,526e9369e5531a03460bc2a51444fd44c265a1fcb00168146a55c128b97bf57b,53422,53334,-88,2026-06-21T19:24:59,2026-07-11T10:45:34.083694,ALTERADO
01_001_90_01_042.pdf,de2dbafb16ff45d669fceb95cd5d5e9ec05fa26e9470543597d2f1fb5b14229e,bde763a9db747bca10d958cf99acb783f23af1008e7aac29904ecd41162d1520,56266,58485,2219,2026-06-21T19:21:37,2026-07-11T10:45:34.607135,ALTERADO
01_001_90_01_043.pdf,9921c66b3d00a9efd12b25114a505a5d2e2591030f3111204053f07fcafcea48,a585a8f0df380e37a20cff0ccd02032bb2f69a04fb04191f60cf0f3ae0bad06c,55547,55823,276,2026-06-21T19:23:06,2026-07-11T10:45:35.234316,ALTERADO
01_001_90_01_044.pdf,86c1438007d7f780329964bb740a15dbf249c95f77f504a9a96b435ee1e71604,cfcee8b7085558e934c8d5d2e483206eec5958ecdf28c0f61fde88b346349603,53983,53390,-593,2026-06-21T19:26:44,2026-07-11T10:45:35.754636,ALTERADO
01_001_90_01_045.pdf,edc068cd2c264f24f51982cfa1b254dcf60f8949a29de9c338cae4c52757f198,e5be98b2769bba3da45235a7942fc54458241d2e9346a09a1bb2d383e98a3abc,54507,54361,-146,2026-06-21T19:21:33,2026-07-11T10:45:36.261738,ALTERADO
01_001_90_01_046.pdf,adf6c8d0be2c6599ec5c8eb288717932d9dcbe2fb1a04cf6a1938e253f713842,75befed13300f3028235f146f6a612a2a67de8c62dc56a8974b4b60e711a316f,52196,53638,1442,2026-06-21T19:24:12,2026-07-11T10:45:36.882481,ALTERADO
01_001_90_01_047.pdf,e2e391faa3b7cbddff729e366e1a89273eeeca624e982d37f55da2e881b70507,a92e725ba63f29998ecf3b958323703fe1a2c87b1e9e36f21712f0051f953bbb,51458,55601,4143,2026-06-21T19:31:45,2026-07-11T10:45:37.477152,ALTERADO
01_001_90_01_048.pdf,80ec37ea989d287074761149c3ed94f44f3aa5c212e3b63bec9734235146601d,31d050b39daeedba1794f4c6c2a073f63458372332b9955ddaa11ff26d3a4a51,54282,57049,2767,2026-06-21T19:20:17,2026-07-11T10:45:38.157698,ALTERADO
01_001_90_01_049.pdf,236364674d06c9ce9d586b3906c9d4c4de1d2d108edbb1aa2e038cb195b7b815,372fddad1dd7c068b4d9e96ead4712f8848ecf69ddbccc2b7f4899054da1c4bc,72723,53879,-18844,2026-06-21T19:18:48,2026-07-11T10:45:38.662290,ALTERADO
01_001_90_01_050.pdf,dac113be9b356f61994a17e1ac3b2c68eca5f03930fb3afb506af8a0afa1a660,c6e9726af943393ddf28dbf5461b9663e057faa5ee365c7dd69db67c74a290e9,57978,57372,-606,2026-06-21T19:22:02,2026-07-11T10:45:39.194730,ALTERADO
01_001_90_01_051.pdf,2d3dc8ebfc1a17962059fae017e4adf657269cac248dcc7dfe9b3fdb11b1e3e2,e9ab549388b260704679d4935ce7a80e7acb56b035c4cb7d1a93323748d1b70e,53266,53295,29,2026-06-21T19:30:48,2026-07-11T10:45:39.731692,ALTERADO
01_001_90_01_052.pdf,b118903e3d99051686854ea149c26aee1db852dbbdc773f6bc35d6599aac5072,decd41bf16ac80ae082130657bca2b79edf6cb0f341c236356ea2f03390469d2,56220,56724,504,2026-06-21T19:19:13,2026-07-11T10:45:40.255616,ALTERADO
01_001_90_01_053.pdf,98a23ea7389d661ad6f9d85f6461421bb0fe30af92d6a46a8dba6c75fe5e21ed,d709c8da2f1bdf87292fff258812a5d34baf4ccf24fe8365e6029955c07ba513,52114,54122,2008,2026-06-21T19:28:13,2026-07-11T10:45:40.841056,ALTERADO
01_001_90_01_054.pdf,8b7f7d1c748640bdd43c454370fd917531caa9331f68e8f3797792e21ced6f32,972785f80f31afbc0acf78aabe9926aa20233ac204dd8c07e54bcf523d2ace76,52756,53246,490,2026-06-21T19:16:53,2026-07-11T10:45:41.445569,ALTERADO
01_001_90_01_055.pdf,d4bf41bf1144416cd7a0caf28765102a5218317f329afdabc6a0409298573250,35d76721668bc1dd018adc402d49b8a2515be71e5dfefb215e99302f47819972,52446,53493,1047,2026-06-21T19:34:40,2026-07-11T10:45:42.211731,ALTERADO
01_001_90_01_056.pdf,7d9bacc613f095f87378cde1df694abb28d87b2ef39f60003705ccfb856fa37a,a20cca65e7c5ebf323f2a44f43ee9286f8a86b4fb8774b527ff41d06a0b7a45a,53236,55564,2328,2026-06-21T19:18:03,2026-07-11T10:45:42.737882,ALTERADO
01_001_90_01_057.pdf,0ebd94d24d6d24d840f3a75f9b0e79bcf1e02fdb7e6c67c4da68f3a9cdc96605,7246eda39e17775b3a913ce4f39a80dc9b2fc146ac3a382e6c259ec1971e19db,54860,55667,807,2026-06-21T19:27:05,2026-07-11T10:45:43.245725,ALTERADO
01_001_90_01_058.pdf,bfa0c84fa8c3fbbfeeafa13ef03a3f946a57f60921606da51c3ca672659163c8,92a7e34b3ea05897baf9928e9d9c12fef05c4e33f5c2bd885a1b3f907deb9c7f,54084,56260,2176,2026-06-21T19:30:40,2026-07-11T10:45:43.802032,ALTERADO
01_001_90_01_059.pdf,0abf10d6f99c2cd00b88eeeb2cf140bf56033bf5b23070e0088db6a94c2704af,f0b857fd6310531a8cc930e22c4863262b2eb60f34a641a47b3b8d1f52dbd165,54504,54514,10,2026-06-21T19:32:43,2026-07-11T10:45:44.432979,ALTERADO
01_001_90_01_060.pdf,2996bbbaaeabaa7c097226b821d15712c6579e179ba0f6b7eba39951dbfdf21c,9cf464ecf48a8299ecf1668785457bfdf3a401ec688395f205fbe4cad6913e98,54811,54945,134,2026-06-21T19:20:03,2026-07-11T10:45:45.064138,ALTERADO
01_001_99_04_002.pdf,3a7f9e74009284be5e6646a639d6a4162c63bbabf1d191cd90e6fb84f35434bb,85551a71b9d8308d84c7a17e0fd87506bb2d11e467c2282e0de973ba29feca29,75812,54477,-21335,2026-06-21T22:22:06,2026-07-11T10:46:41.884096,ALTERADO
01_001_99_B4_015.pdf,00b3d00d5c7d2c3f90e19fc14fe4526794282ece6856d227e2b420908a72e6fa,55c7323919989076a8a6239c4a386bae192846265a85fdb1405c05bdf8c22800,63187,47723,-15464,2026-06-21T22:23:45,2026-07-11T10:49:47.507548,ALTERADO
01_013_01_01_002.pdf,b4009041c04e0a994657222459b31e73e3c426144fc93826f865705be5dc5f9c,1713b2da878353a69d4e137ae4b5b23d6eeb328fd0cea3ff528e9d0128f3e769,72743,50616,-22127,2026-06-21T19:21:06,2026-07-11T10:50:44.590805,ALTERADO
01_013_01_01_011.pdf,b789ca3951e0412f2cde0ba11db47d2b7decbc66d9761126aece595606107b83,f08d65744745b74c4d5b978874f22f232828b2b491d33643baa0535333fd26d9,73879,51518,-22361,2026-06-21T19:23:53,2026-07-11T10:50:49.499516,ALTERADO
01_013_01_01_012.pdf,310e4926a2581877f20a9183a90953f20cd92f7a67f48b22b611f1c6a1d4f22f,720dc3382f0664655fa743e7f811b8eb8103772de5591d26cb16b041d13c511c,53345,52174,-1171,2026-06-21T19:21:11,2026-07-11T10:50:50.026687,ALTERADO
01_013_01_01_013.pdf,5c7a9f6a2279307f2ff54f8a3be97a0dc1b59eedf5d6711b67873bb5d0920bc8,2ac7d033b0d16eea8db9bf8d63bc2998f2027da74519e8aa9b3f40a8b0775cb2,73854,53086,-20768,2026-06-21T22:20:44,2026-07-11T10:50:50.533622,ALTERADO
01_013_01_02_013.pdf,309fba1d5d1da63c2d0656b98c5665e2157d37857d03e7ba94896f930182567b,b76f9a5161d4d6e5958058084dfc10f5b75c103af6b7537d43a90578dc7b187f,73167,55194,-17973,2026-06-21T19:16:11,2026-07-11T10:50:57.627919,ALTERADO
01_013_02_01_009.pdf,382476844d2bb48eb55c5936ceb5ed25623d59d64ad73de7ac2f84a0b48477a1,bbd703e3106c11e8f227c019a14fbd142c5d165591ecfa4a0627b2172845b806,72515,56096,-16419,2026-06-21T22:22:25,2026-07-11T10:51:03.391320,ALTERADO
01_019_99_01_001.pdf,1198eca71e4df5c5c1a5beeef2dec9a51aef19bfdd425d23853e24c1e5db981c,13bdc1671dc5cd58656960523eafd630574f7f55bf968c4df3f20601391167b0,55591,55591,0,2026-06-21T19:40:38,2026-07-11T10:52:42.671574,ALTERADO
01_019_99_01_004.pdf,403ec7d6d945214f7fbe8030f9482dd122257fb562dafe161ae213ed683612b2,937e4a0fd02fce7f853b980af39e8aa5bf0a18fe8be1056a7b3b951ecf5decea,595574,53708,-541866,2026-06-21T19:27:58,2026-07-11T10:52:44.440180,ALTERADO
01_022_99_01_001.pdf,a8fa26961b7aebbf7e51b6e11257b940dd87449a0ee3fced5e14d115b7e2df06,da5448e655ee1fe32f25fef5b7ea45b6fe783544821798037cce585a503f96af,910514,54847,-855667,2026-06-21T19:29:16,2026-07-11T10:53:09.222796,ALTERADO
01_022_99_01_002.pdf,5ab5e92b3685d36c1cb306b8a0c2d44035c3e66a2fffe35dc6f0348e027050d5,0969e147665bfd91a470f548df17004afa62e1ddda1e8b9cb0b9ec2a62bbed66,584383,56315,-528068,2026-06-21T19:33:34,2026-07-11T10:53:09.727105,ALTERADO
01_022_99_01_003.pdf,d94fbcc09fa55cd91a1befe0fa370df224190287df5da700bed10d754bf990a5,9876eef6e61c8d67df9902eeec73e213d8574fc5d9243f3bb68ee937d26623d0,858439,55827,-802612,2026-06-21T19:38:51,2026-07-11T10:53:10.216485,ALTERADO
01_022_99_70_001.pdf,e8b6ec97ecebea1f60e611c43536d0332724e83de524de432eac808426a40b17,c0c59f0d0f0512b0261c957eaabc8009af9b0929350d573f346c389df97ef506,308405,52338,-256067,2026-06-21T19:25:02,2026-07-11T10:53:10.822830,ALTERADO
01_028_00_00_001.pdf,5b91666629da24371cacfe79ab6bf9dda51744e950c79d73e45deaa27653963e,582d867f3f37ec0c4d3e5be267565e43d114dd83bc40c16f4bc8b82690f0b99e,60760,60760,0,2026-06-21T19:24:06,2026-07-11T10:53:27.124348,ALTERADO
01_028_00_00_002.pdf,c676362c777be1a5e72c5f1f205d119aa6b9d137900122f9c2b66482be73790c,f0159ef38d093e1bc0a2f864ad75aa6ec923ec2611f6bdfe70a87a16680a907e,59640,59640,0,2026-06-21T19:33:48,2026-07-11T10:53:27.644458,ALTERADO
01_028_00_00_003.pdf,b1c52a344dd9183ae9a879da3336f650881ee7a6fbdfeaa62272a6caa6e2f941,6ef01ab8a299e3ec82a25e958546fa7ece4801607a6eee22f3a34f41775ed741,60414,60414,0,2026-06-21T19:31:59,2026-07-11T10:53:28.275223,ALTERADO
01_028_00_00_004.pdf,64e066e5d325056383c427a2ae0aed3ef1de1e42e53e1611aef43634ba1be654,c6fc7564dbab78d5544f3bb86ff92b42556c369a7713d79a4ee7dfcb6071f14c,61023,61023,0,2026-06-21T19:23:49,2026-07-11T10:53:28.907975,ALTERADO
01_028_00_00_005.pdf,5b95762d7b868d0dfb471bafdee2451d2ccd50225d4983e24c109dde4733243b,ad6f5438d76cf237be37259e23cc429e359346569d2d7270977c6da3002e908e,60657,60657,0,2026-06-21T19:33:53,2026-07-11T10:53:29.540669,ALTERADO
01_028_00_00_006.pdf,937b6fe4409a0e7b4cb6014dd5eef59e3a8eb9ce1fd5f2c69f8abc3f04079437,5f19e9fea565b667fddb62fe738f39f09d1efd798bf40500b98bbb3d19402b7c,35827,60450,24623,2026-06-21T19:33:33,2026-07-11T10:53:30.107980,ALTERADO
01_028_00_00_007.pdf,b2eeefd733f0cecbfcc9dc0daeeceadede796af2c266cb7daf02e647274ccd7f,be19eb4d5a4f939bf3777a1df1e6a370b68658ac9d3977b417d24f309d52b16d,58691,58691,0,2026-06-21T19:26:49,2026-07-11T10:53:30.740427,ALTERADO
01_028_00_00_008.pdf,b6a296b1049b5177438775711f0c8384368ae00e721d08d8b407ba7ed3a71651,c833be8bd9647cedf86e4d08cf0edd8b009c9fa9c547a869bf9407dd918627a5,34828,60545,25717,2026-06-21T19:22:09,2026-07-11T10:53:31.290314,ALTERADO
01_028_00_00_014.pdf,03273648fed70d9b7b9276dbf16f13bea5c81894fe1c7a1a9dfd71427d0496ed,3bac042bfeeed5e3afb65de2536ae69c810cacb5e115b5d090639e5c06b8f5eb,31405,59443,28038,2026-06-21T19:23:17,2026-07-11T10:53:34.680795,ALTERADO
01_028_00_00_015.pdf,dc67d5bed06de099cb10388242985156750a1e2ca523fe934f1891d86a9954c6,89f87712f32749e4138fa85d39b636328c67d38997598ed5f285f0a79f95b9d5,32422,60015,27593,2026-06-21T19:18:00,2026-07-11T10:53:35.202034,ALTERADO
01_028_99_37_001.pdf,5e8d2a8b130a9a0a82ed1b86408792a2e8e42c5f4cd4bac89eaf4a74ec6763cf,e545945ab8a85ce0e7049c0355932711ed8d7b0f056210a1a0fffd02ea754441,981072,57268,-923804,2026-06-21T19:22:09,2026-07-11T10:53:50.843951,ALTERADO
01_031_01_01_001.pdf,34efcda19d260a80e896e296f45e2d73191031c8fb3e744207fb5c6ec36a794a,22fd3200e949ac2ed17180d413576238006d58e13f0cf108666562bfbaa242ac,806468,56984,-749484,2026-06-21T19:37:35,2026-07-11T10:53:51.334036,ALTERADO
01_031_01_01_002.pdf,f38720254da07889cd53a994eb5af9362f445f5432419776b7bd2acc26a2774b,6ae9fbedcf544c03485ba542f267ad72ddde05f1fc6020b9e4db55f8a87e5884,741242,54175,-687067,2026-06-21T19:25:37,2026-07-11T10:53:51.865496,ALTERADO
01_031_01_01_003.pdf,795e6bd847af18a7ea121693e83694143c4a9e2f32c112bd34c7b12a77ae424f,f8fdccada388b6316bfe8eb854acae9c10334fe2d0cf6bad2b24f1da9d3fac6e,709491,54110,-655381,2026-06-21T19:36:50,2026-07-11T10:53:52.451941,ALTERADO
01_031_01_01_004.pdf,d2ea3b8d82d2b42e6963ddd986e7591e7d08e4004f8eb6b4d822cb5b109bfaae,24035fe8d426751539ecaf7b0d34697fa675256eaba23c4b00c69b67af97b081,465186,52037,-413149,2026-06-21T19:23:36,2026-07-11T10:53:53.067195,ALTERADO
01_031_01_01_005.pdf,5b6fafc777105334e56d2341f96f033026d233f20f2ada7ee4f2e0cbc7d8fd28,709cc7cd9a2f87215680cd970c910c3fb887ea63cabc0f6cc4c64165e6d82b41,815706,53925,-761781,2026-06-21T19:34:44,2026-07-11T10:53:53.661469,ALTERADO
01_031_01_01_006.pdf,fcf5124be148ad3e31ba71a0e10df1494747c02665f3f962ac9c6c025965cf82,9fe6ef8f631471e7d018269cdc439bdb910181b6a594a35dc5667ca4ce44aa75,716019,54217,-661802,2026-06-21T19:26:21,2026-07-11T10:53:54.226825,ALTERADO
01_031_01_01_007.pdf,854f4d13999a29acbd61e58bec080a41f46ce09099b58dc03fa29b25e48ebb2a,d33bc08edae8693777ed945e114151ec6e21c9822580c1f107221816cdf8c233,647116,52865,-594251,2026-06-21T19:31:43,2026-07-11T10:53:54.766732,ALTERADO
01_031_01_01_008.pdf,18838e0aaad7b91e399cc5fb4c08d81791586f0d9263771400a35ad9b8f4b925,7d018c2f11a8ad49693eade9c7446780b57cbbe49cf7471fac0b7f4225cf7050,781610,52141,-729469,2026-06-21T19:26:48,2026-07-11T10:53:55.265905,ALTERADO
01_031_01_01_009.pdf,1fd2d9aca6abd1ade36005fea3de6ba3e86c24925310bbe1de723c0082ff5fd1,33c48485b4a563d9b35d3dc9703e475bf3b93c17f961a5827d630347f5256fb8,1237300,53197,-1184103,2026-06-21T19:36:45,2026-07-11T10:53:55.879128,ALTERADO
01_031_01_01_010.pdf,8a02bbdd4e92d016b11c6ee03abf5ff48c0ba3e04aeb0aec8afa5e5cd5a06f3d,a3f52694e0a238578d9b01386decc69f2f5d6c82c86c1d1ce50f1e21bb56d44e,768760,53998,-714762,2026-06-21T19:23:38,2026-07-11T10:53:56.495037,ALTERADO
01_031_01_01_011.pdf,3b28af0b5bb78205513357cd3dec3b1be53bee60cb0e7f6877854a0dbc9beeda,9195a6f099822eb4147fe4cd57a902c9ecbe0dace5813117b9c7802f7de96a3b,825486,55318,-770168,2026-06-21T19:21:40,2026-07-11T10:53:57.103218,ALTERADO
01_031_01_01_012.pdf,4c16d8477d164a0f568e18042ab564963a9855b21ff6419eeee9a0433a3f5556,c76b3d7c986d2ba4b26d782c737bd2855cf036ed6817c130e1297e56d82cdc55,509279,54522,-454757,2026-06-21T19:37:54,2026-07-11T10:53:57.600856,ALTERADO
01_031_01_01_013.pdf,bf33d9f8237e778754d4bf0f99c3a01fc6c4ceb4244357128cd34d67d3e0038a,022ad4f8ffb60872f1e6a8ec2f80e30b92522d01f397645d1fe3903f0f221319,536176,53958,-482218,2026-06-21T19:21:37,2026-07-11T10:53:58.163646,ALTERADO
01_031_01_01_014.pdf,b5b47786015bea62fc28750e2c8b4f1cc726658583c9e5f5403d775969220e2c,652d94e827c04444b6fffb9c9ad03af13456dbad414c7a8ecad89831743605ce,1267513,53995,-1213518,2026-06-21T19:18:57,2026-07-11T10:53:58.704991,ALTERADO
01_031_01_02_002.pdf,ea18533d54414d7962f02b6232420167a0891775f140023ae7af81b876a8d787,cf69df7897f4f915540faac4fe07b37fd246dad1ac93587b87b32cd5cabeea32,1080197,53813,-1026384,2026-06-21T19:31:14,2026-07-11T10:53:59.839316,ALTERADO
01_031_01_02_003.pdf,3feeaa8197fede0a837e29c88e07dd59f54d19c74dcfe62f464a6ab9b5f5863e,807c028661eca2d87a6d27bae0ddae3ecf0c80109ce0be20e778dd55cac85687,285346,72357,-212989,2026-06-21T19:31:09,2026-07-11T10:54:00.331267,ALTERADO
01_031_01_02_004.pdf,c3e9095a181510bc319a145551c2df23c00008b39ea1306ce0770b51dfe15bc1,bd5b62ec6f1122c98d17ac9216ec8b9f65fabbe903ad441e54dfa97edb647a05,425476,56407,-369069,2026-06-21T19:23:04,2026-07-11T10:54:00.846695,ALTERADO
01_031_01_02_005.pdf,441e4ed2f999eaace07465f9900381bb8f21bf7f8a06ca046795034057938637,ef1f5c28e0185576b04444c004f26d17594e18add80c79e2479465a56f18a3e9,426391,56257,-370134,2026-06-21T19:29:54,2026-07-11T10:54:01.454700,ALTERADO
01_031_01_02_006.pdf,21dd2958da5e3642026044aa388503275014f00f2696add28aada4da20757a4e,05b3f6ed333fa65574cc06339893267e97dff991ccd5784e089998973ae0a587,474845,53411,-421434,2026-06-21T19:20:51,2026-07-11T10:54:02.065069,ALTERADO
01_031_01_02_008.pdf,d7f0a656c52a2274e6a34f1a751553bc09d3b41197ea84012e7baff727693b0f,a94feefbe6e4da4df97954c27fa62c7d279120d153dc4eba9bbaa2e9dc4fcd97,391033,53514,-337519,2026-06-21T19:19:18,2026-07-11T10:54:03.258384,ALTERADO
01_031_01_02_009.pdf,bb7ad9c1cfd3dc1ecd40c62d5fb964d2f6857c3127fabf174a6a5b1b939649b3,0f71d6949c946686fe4b46cade8adbb0e4f4c4260a0a26d2a209b4633ba2f243,424992,55686,-369306,2026-06-21T19:40:43,2026-07-11T10:54:03.768353,ALTERADO
01_031_01_02_010.pdf,ef349c92889c88c1cfac2ca3fa08cca2212c6a50f6b1dcbb3f1067cffe694640,e5e1cbba511fb701a9b15f9d3bd90815af8214a6f97e2132f4fc071528f47b59,474457,55360,-419097,2026-06-21T19:33:41,2026-07-11T10:54:04.355544,ALTERADO
01_031_01_02_011.pdf,a83b1b119a43aa5b45098ea2ce75b54e164eabff9360bf26921dabd41de5dc92,2b316baac46717e7734fe45625fd050cc8e94aca77ddfd80296a60e7d766f57c,428140,55287,-372853,2026-06-21T19:34:33,2026-07-11T10:54:04.997200,ALTERADO
01_031_01_02_012.pdf,abd0a0357a8573c3f2a6d2b041d0ec0aa8a5344e300071ccc04d3c12db4912d8,d5515bd1e93a4c0affdf83093d8b676a4509268d7910f1db40f0b686e4dd0ac9,499404,53799,-445605,2026-06-21T19:21:48,2026-07-11T10:54:05.615467,ALTERADO
01_031_01_02_013.pdf,d73d95b552f2cfb3bb886cb39bb996ecb4faf72dde0dcd449fa34ea84f18e7f3,9d5f6b9d66988ad5a74ba5f8d9080cab9e11e4af11cf06df04f3fa2361c8a90d,403849,53252,-350597,2026-06-21T19:29:07,2026-07-11T10:54:06.135195,ALTERADO
01_031_01_02_014.pdf,508ccf6e54a2e69049d6e4d15bbe0b1349ebf86f9abe3a73fa69fa648461baf2,0ad8375852c21b0268cc706a404fa69dfd2a9c11f730a0ab6316e6b6870530b9,394230,54496,-339734,2026-06-21T19:22:56,2026-07-11T10:54:06.618165,ALTERADO
01_031_01_02_015.pdf,3c6ad338bdc99037f015b7ee8bbbd0ed11d330d4a7a7352b3a61be1ec53d3e78,3ce4de1d769b6e33b9a5ab3c88ad5a63e4585959782c869b07ad6dbac5f55940,380530,55711,-324819,2026-06-21T19:30:42,2026-07-11T10:54:07.216776,ALTERADO
01_031_99_04_001.pdf,5a312e2b018acc230e09350f8f0638eedabae0d74761db0a50406620525e5e41,6daf691900280fb459ed1c29461d17b47c6f611c28550cfde00719fe123789b6,477392,53203,-424189,2026-06-21T19:40:13,2026-07-11T10:54:28.561207,ALTERADO
01_031_99_04_002.pdf,3f4e2527c12d8d2cb4283cef1f8715d1a426538b62396a86038efb001628e7d3,9f698f2905e4e5f43f835e89ea185b1614d2527d825ccc4264e322176eb4c343,717587,52215,-665372,2026-06-21T19:22:14,2026-07-11T10:54:29.155001,ALTERADO
01_031_99_07_001.pdf,f6fff3d1d6231acc0faf69d3078a8cae2e7a5aeb8239a8edfdbd4874ee44f656,7937401633f2c43bf271d80e1e5173eeb06bac91aeea59a7153b007e129f4592,1647947,53140,-1594807,2026-06-21T19:25:19,2026-07-11T10:54:30.862133,ALTERADO
01_031_99_09_001.pdf,416000f60e943b91cf4319e3aa4e94ec6f77c01bae2d9ecf67c5432ff158fe68,189d9c4aeb93098d2ce1102d9bbe1c3a3cd162d39fc6eee132bd22e267313926,1007708,60501,-947207,2026-06-21T19:27:11,2026-07-11T10:54:31.374182,ALTERADO
01_031_99_09_002.pdf,777c7a36b4c56cadc8a92de1b367c2645c259be2248613cdcdc1581aef58e83d,efd3c9e3ce13c4594dfd818cf2f1d6e409f4be7d0746e17f6cced0dd94e91f7a,938017,54166,-883851,2026-06-21T19:29:59,2026-07-11T10:54:31.909428,ALTERADO
01_031_99_15_001.pdf,21291396ec4062332ac7359d1aa1c382c4c152a7dcc7e007291cf357b15b2385,ea0796d19cecb2c640b34f4a29ff55dd1385ea9c12021542edbf18ee4bd28ee7,54509,54509,0,2026-06-21T22:25:33,2026-07-11T10:54:32.538765,ALTERADO
01_035_02_02_002.pdf,079add9ecea72cec1e2dae1b92cc34d539bb3808995d5e166ed1af7b1f250daa,1089500013d4f1c5f5141ba28cf6288fa9260766c35ff12d14f783803a9b01aa,73738,59777,-13961,2026-06-21T19:20:53,2026-07-11T10:55:42.426885,ALTERADO
01_035_02_02_005.pdf,af86af62992dce7c86c309e7cac70916d4f0c7bcea5922e887617a0540ab79f7,9576936e9304c33325ba2755bc9b5d957de214b9550d1011430a8d3388713772,73025,53178,-19847,2026-06-21T19:17:44,2026-07-11T10:55:44.085833,ALTERADO
01_037_99_05_001.pdf,db399c7153b224602e992e46dd927c45dfc7478996ea42c3ee0351a624df2dbe,244e93c728025989e6152f304fc39cd0b5dc93c9718531b405b482aad567e33b,1136614,49846,-1086768,2026-06-21T19:21:04,2026-07-11T10:58:12.728747,ALTERADO
01_037_99_05_002.pdf,8fe296504945047fef71811b27a629a0b8896a27b20c4e6f0b9191ef549fa7c5,57743c56eddd1f3d785205fd0eadc53a53003ae47cee398f54d5227404ff35d4,1253759,51090,-1202669,2026-06-21T19:17:36,2026-07-11T10:58:13.325271,ALTERADO
01_037_99_05_003.pdf,95a90c673da56cb3e3027e241f559bf298636b9d6f86f3aa3feb5b4e2b5ef718,19e77440ffd2c30e069209161eefa73108bf74da8d26d1b54227a864551aa295,1103937,65251,-1038686,2026-06-21T19:19:18,2026-07-11T10:58:13.846566,ALTERADO
01_037_99_05_004.pdf,d883a63d0c22b57ae031f8370e8ca7538368408534cfe76ff68a9934d3d984b5,8e31e29dc99a3852f7e43d427e32add64ab77087c6b9ba5af9494b494525a275,1430101,51746,-1378355,2026-06-21T19:38:03,2026-07-11T10:58:14.348509,ALTERADO
01_039_00_00_002.pdf,190c0ce794e38b86b8dda02c986ec45e7c61b2222486e00806f0e88456f3c314,36d3500c81b7620ee27da6dec8e163ba60117ba3d22b90dc5ff07c4859e17227,49448,49289,-159,2026-06-21T19:22:43,2026-07-11T10:58:29.615605,ALTERADO
01_039_99_20_001.pdf,a37f2ca71b922b54de2ed77cc1ef1132c9ede95aa2cb00ebb089211751aea6c2,b4e4342bcb0bcb19bb621a342789fb22b73d1042e547522e68621d45a1c1d210,483372,47348,-436024,2026-06-21T19:39:54,2026-07-11T10:58:40.573208,ALTERADO
01_039_99_25_001.pdf,c53f9dcc86b9b4756e8bed7d318f1805d1df45867b3457c44b8904012483b4c1,6b97bd3f83bb0532732bf024ab59c5ae36d094ac3e0143c9ffa2128937b1e4d2,666720,46951,-619769,2026-06-21T19:39:13,2026-07-11T10:58:41.165157,ALTERADO
01_043_01_01_006.pdf,00d4c1f1433584fb3520d39c3056f8a5d5e5e601e1b1e9bf5f04243fd0c3dc81,62ed3946e3df2f1393bd902d7e18aa7da95792fa0fcc5e2fdf4aa99694b72dc3,885656,53588,-832068,2026-06-21T22:22:10,2026-07-11T10:58:52.870758,ALTERADO
01_043_01_01_009.pdf,c170004d62e0500a753f509f404eb5c8818680687ec613a6a191ee967bbf3779,64c937da7813c4e52ca4f6bbfcd0508deb5dbe3d82843366ee50f9f8f0603ec5,53753,53753,0,2026-06-21T22:26:43,2026-07-11T10:58:54.514745,ALTERADO
01_043_01_02_001.pdf,c77d0a266dcdd5832dd294314d692f7a5cc1cc2c5ee862ac4baa110fbc851766,08a78e42c896df988fd74be7dbc35e1b654448665416fb928695c758a32ef9a6,537086,55720,-481366,2026-06-21T19:37:20,2026-07-11T10:59:00.206120,ALTERADO
01_043_01_02_003.pdf,ac92354e20563d5df2a2285b0885cdb1d0e4358d2d5199952bc6986fc8a7c685,cfb4710a4e58e9b04e985f2af928a8bf42ad946f31e4670168f5e2a3a0a65787,659726,55094,-604632,2026-06-21T22:20:14,2026-07-11T10:59:01.234185,ALTERADO
01_043_01_02_004.pdf,6e097fbe88e92586200f6b147230009787b68c41cfd0fbc581bedef64274ce61,3a3c707c1a94ba5ad2d9ed14d86d3f1b1b0672aa427d547b8a7b1e479cab5b6c,664528,52155,-612373,2026-06-21T22:26:46,2026-07-11T10:59:01.861556,ALTERADO
01_043_01_02_006.pdf,b0149793b257e46e076986e31dded559d5ca83cfeb20d64484f85f02fa2e4e19,3c105e47e4b25a0583d8d389847ca55d732c6aa1e24466ce97182902eef655c0,585326,53251,-532075,2026-06-21T22:29:58,2026-07-11T10:59:03.073669,ALTERADO
01_043_01_02_008.pdf,10797e30e562c1b847db1a90ed7653738a02e88274bf4a3a89d1a989356fd297,1e4259e6e9ff37596957fdf66c77671331f41e325d2fa667fcca519e034c7606,579368,54559,-524809,2026-06-21T22:23:37,2026-07-11T10:59:04.086298,ALTERADO
01_043_01_02_017.pdf,0c1bbdc08fcc9cb08ffc8f6d0b719c3262f5e9664f2450bdb37112e8270d74eb,6293ed9a58e35a84c0fd64938563dd8616261b4209bda30f0dd54f917ddf23ae,55546,55546,0,2026-06-21T22:20:19,2026-07-11T10:59:08.996758,ALTERADO
01_043_01_03_001.pdf,b89f77d9f8a50651d962a08a8975a9a05db5a937e575a9941667957e3033e3e3,a2df0f464978ae2cf5b462f01f3d9d9434364b377e3d32a40df4907c1edfe773,1876062,60972,-1815090,2026-06-21T19:30:59,2026-07-11T10:59:13.638939,ALTERADO
01_043_01_03_002.pdf,d42a4dde2537bba34fd0c1d0ebc34e2b3d5bfdc0b5792cfe7d529c62f2f34ebc,9faffed49fa365c81d66b96035ade6c382c125a4bf3b0e381e58a1c7f8ce66e3,1320896,55380,-1265516,2026-06-21T19:39:10,2026-07-11T10:59:14.269852,ALTERADO
01_043_01_03_003.pdf,73083efcc0c9d4275a4a0b0b2a77aade4b2d0b5844675bdc51e71abce40c0b63,d2574207cec37140a943cf5899daa867806803ef17f540ba8aa5474e158d46c7,1321636,54536,-1267100,2026-06-21T19:23:04,2026-07-11T10:59:14.801341,ALTERADO
01_043_01_03_004.pdf,5c5cc4f9b90e371b283f56c93ff9100eac9445a7344a0a935df73d1a5825f2ee,27af30c93a5d765fe18ea2ab0118864feb960dd10e9d3f2c89f44605e3feebdc,1209460,52664,-1156796,2026-06-21T19:28:32,2026-07-11T10:59:15.300146,ALTERADO
01_043_01_03_005.pdf,de74c6fe2e8c0b1b6d55fb0ba57f4e10d7af9ed0e5aef64344e296c35bf395c5,98d82662089cf06ceb3d3ef7cf4b52238c9edddfc3bb96d198e4a2298000b05a,1367564,54374,-1313190,2026-06-21T19:24:01,2026-07-11T10:59:15.906877,ALTERADO
01_043_01_03_006.pdf,33c40608950a38d9e51738abcbca12457be2c74b1f2d6807c364ac5b80edb2c6,7c4d5b6027a1e629aa1bc45dd40647ada691a9cf008c64d6703d1e988c78ef5b,1353887,53435,-1300452,2026-06-21T19:19:57,2026-07-11T10:59:16.476046,ALTERADO
01_043_01_03_007.pdf,2ef4b078739859d2439fa1e61780062a1df562d26ccf5a4690df46a723fda085,ad0dc134ee313288782ffc0fc988fb5c1382cb12304a131f8cc148a60d460255,1309274,54331,-1254943,2026-06-21T19:27:19,2026-07-11T10:59:16.979634,ALTERADO
01_043_01_03_008.pdf,c33ecc559811587d85003f6d99c8721e19fbfea6988de2fcd58766c5888765d9,a11445828eec436a5099b665e15113892995f4e83c4de49779fa87e712113882,1337567,55128,-1282439,2026-06-21T19:36:56,2026-07-11T10:59:17.473084,ALTERADO
01_043_01_03_009.pdf,2589edfc31f1850f517a28a2ad33d7a72df8bf58e3db9980867cc3b5ab730154,7beacd18e70a3b9c6d0284637dcf3aa22a048a2a7648df405470b5c1e3e18f2c,1261456,55231,-1206225,2026-06-21T19:17:46,2026-07-11T10:59:18.092497,ALTERADO
01_043_01_03_010.pdf,1c9095aa8baa42da0c232b8507bb31c98572092ea97e4debd5b5f603046a0b9e,b667014311286a7c2d0cd5e9d2e5871ae8734895765cbb4df4cb8f56818c3929,1366313,53100,-1313213,2026-06-21T19:33:34,2026-07-11T10:59:18.693353,ALTERADO
01_043_01_03_011.pdf,4b4521125437c6f831f2eb3c6b7058ad885d9a3691b90659411a578c3a9f0030,62b1c25b1939ba40fd2bfcbcb0bc59ae833e8f337a8a28635a9a60737705f2e0,1289807,58152,-1231655,2026-06-21T19:37:40,2026-07-11T10:59:19.181471,ALTERADO
01_043_01_03_012.pdf,2b2a72d247758cf50835ce8112091506fc1934b55ec6dcf63ed8c57503fdbc0f,753caa5f9619050f49ea89177a19b70c9168ecfd21939b553e0b7f02487601e2,1223069,51283,-1171786,2026-06-21T19:24:32,2026-07-11T10:59:19.780108,ALTERADO
01_043_01_03_013.pdf,6654a00998e3024f27926715b870a7c5390a88b01181964c8dfc4b2eb54522e8,abf4ffdc4ee28ed9700e4bcac7d142a08652c90f4a864aca66d1beabec3f55f9,1300528,53326,-1247202,2026-06-21T19:24:08,2026-07-11T10:59:20.320345,ALTERADO
01_043_01_03_014.pdf,8c0ceca02f81d2da146e05f1cec2a2b49b9ea5d5fabb189eb24b4ba840a9803b,7d28648a224bd4be374fd5cb66cb9b9f6e5354d0fc1c42d8b19cd58bc120e3e5,1273518,52790,-1220728,2026-06-21T19:37:39,2026-07-11T10:59:20.824396,ALTERADO
01_043_01_03_015.pdf,4108a8ecb95c5f9f3dd09f7e2bf35c8024778673a461f371d918e4ead1162788,6b90c966b21bdc4444f472581c87ed3a3d8f461dcb679cd216cafcce20e3d4a0,1455470,53119,-1402351,2026-06-21T19:23:41,2026-07-11T10:59:21.326689,ALTERADO
01_043_01_03_016.pdf,08d0be6791d8e8281d1ea56c7477a9cfc14d1328aa82e45aa3b62503245c335a,2ae07773074591bab6c8c957167341d7070ee003aadfddc3dcdc9cad35fbcf16,1238454,53187,-1185267,2026-06-21T19:29:41,2026-07-11T10:59:21.837949,ALTERADO
01_043_01_03_017.pdf,1228ed215e44e5ecc2e57d7822606483c36d10a4e0343f23965a8b87b806da8d,b4468735e36f869a9731f4b07c64b9fc010aa2dd7ef54c10fbb16b6ac7defd62,1420228,53786,-1366442,2026-06-21T19:31:16,2026-07-11T10:59:22.460930,ALTERADO
01_043_01_03_018.pdf,4273e624838d9842204f5717cbffe6968836ddf650d5a36f62c87024f3d91553,311e74d7915a67dbe83cd4e63c7df16cbde850db81134623ccc87ad36f26476b,1393392,54864,-1338528,2026-06-21T19:39:10,2026-07-11T10:59:22.948734,ALTERADO
01_043_01_03_019.pdf,c44128c7a183c6331e1a215f041e0d0b4064a5871c12d89c087c34850e821df8,5ddd67398606273c3374f0201370f14c84b95f30f5cefd30dc07eaef783125e8,1326684,54992,-1271692,2026-06-21T19:37:17,2026-07-11T10:59:23.482001,ALTERADO
01_043_01_03_020.pdf,283b94a89d0391f32f060653caa2e35e6a7f3fe94418749a7f7fc374a38720b5,d924de63db3ba8ebbf77835b9b6118b356d3e100a230983f5921cbb3fe04996a,1313174,56267,-1256907,2026-06-21T19:19:09,2026-07-11T10:59:24.075025,ALTERADO
01_043_01_03_021.pdf,228c328dc008ecc79665d54079ca8a6be06029b515d194e77dc5e936214e1f1b,c722ae2a620057dbd43f10479fbfa07e7b736f81d0a51ccdf007159fca1c2cf5,1282654,55333,-1227321,2026-06-21T19:21:39,2026-07-11T10:59:24.678676,ALTERADO
01_043_01_03_022.pdf,80089a59610e7422bd4fe6394b55d9796e67e3bf6e4e24177bda4ac97578dbf7,f21a4093edf94c3d323215ca1400cb6d98bfa2fad2f36d27c447a4842f3dc9e2,1316763,55295,-1261468,2026-06-21T19:29:36,2026-07-11T10:59:25.283902,ALTERADO
01_043_01_03_023.pdf,e1717ecfce87286bb4147c71476bcc41be9840877072fdfa76d711ab7aff56ce,ecfda9d88405390b62e8fe5d12b09e4e73428a8f8888bbcf7e8be82dc69b6386,1275274,56535,-1218739,2026-06-21T19:25:46,2026-07-11T10:59:25.768902,ALTERADO
01_043_02_01_001.pdf,de5474c471b8f36ddda468145d9e5bdfb748ec1fea89079d866601012d5490f2,4ed99d4f75d8f0cbce2e8c9ccf8d6962d8b02919a025508838d8aa12b5e965b3,1027338,56884,-970454,2026-06-21T19:26:48,2026-07-11T10:59:26.369789,ALTERADO
01_043_02_01_002.pdf,202a7228058e121c7bbd7e3b0ad56999e91dbd2c822141365c812f581864e88b,fdfc676a7614c9fb7d1af3da8515ad74605819f7376f55d705a48d2872af55b0,1000332,57215,-943117,2026-06-21T19:26:38,2026-07-11T10:59:26.968391,ALTERADO
01_043_02_01_003.pdf,e2b110104cbb203b3333fa7742f9edc3a8d2d4ba4688e3982c23380baeb14df0,95f6404f0878d7c62b82ecee1be7eebc6fcf07899d867cd516f1d45c255e09ee,981449,55674,-925775,2026-06-21T19:21:08,2026-07-11T10:59:27.591894,ALTERADO
01_043_02_01_004.pdf,e8c88ee8cb56458ddb72988750277ce7eb0ea16b89b84b98787f9e3ee22e7bdb,e23923a983176e508cab2e7907136b68f3163ce2812c24f9232310a985aa8647,972193,57036,-915157,2026-06-21T19:27:51,2026-07-11T10:59:28.147626,ALTERADO
01_043_02_01_005.pdf,556512490212d6142281fee0866adb7d47387116649dfda038a991b743deff8e,09b1c77441563f70b61fad07c411a12f871eb7e94e8625396c083e1d754b76b0,898296,57224,-841072,2026-06-21T19:26:42,2026-07-11T10:59:28.684100,ALTERADO
01_043_02_01_006.pdf,cbd07a3985a784e04d785b6149e66b90c3115527e6440a9efa1c1ba534ee72de,a1d50f0d95beeb8771ac07c075b29e67c0475c9ad19e3ae86878155ba84df07a,1107367,53985,-1053382,2026-06-21T19:31:45,2026-07-11T10:59:29.204559,ALTERADO
01_043_02_01_007.pdf,a5a729e99e311712a64a1abe8fff2c9fb5b1292e4f9e31fd965c25460759b4aa,8d45ca74d0ba47a2d661c1755a08e97392e0ceb62e60c8c110c17d3867d2ecee,962513,54620,-907893,2026-06-21T19:33:55,2026-07-11T10:59:29.781670,ALTERADO
01_043_02_02_001.pdf,2301d9932a3942f76c48a33650924100032185d34e7e8c5c45a423f9cba3d108,e9f3ba21615897cd0a40739fd7c3738bc3dd483c8b0c1f392624ee27e0927dcb,848779,54479,-794300,2026-06-21T19:30:20,2026-07-11T10:59:30.425565,ALTERADO
01_043_02_02_002.pdf,0bb6858460ef0848efdd828bae4c4191f8640091ae914116aecb03d43d90a267,0958948ba19d4f3a842c74ceb9be8d45eaefbd2fc36a146ae03f644c8b052988,558843,55412,-503431,2026-06-21T19:16:13,2026-07-11T10:59:30.916454,ALTERADO
01_043_02_02_003.pdf,aefb1072d35988995b24e7c31287aa09f2d108cb1d61d96ab275804f208bf3a0,08a018bb8f4d4fd6ba079a29ed5255d604455ad6db782239cfd7bdab73fd95ac,554334,53785,-500549,2026-06-21T19:26:04,2026-07-11T10:59:31.504557,ALTERADO
01_043_02_02_004.pdf,bf7f55125b07d98913ab82eb74cf9afb98c474e2888d74d105d8ce956284e8fd,41eed49d5b2eb0f6eff7c842d843991c01421a62cba0e1deed9f1550a6958cb1,543853,54516,-489337,2026-06-21T19:19:06,2026-07-11T10:59:32.108527,ALTERADO
01_043_02_02_005.pdf,240f2de162d5b5aefe7b54a09b6d7a1ca84395fc869f3f6c4354bdc05c4140f7,e6de20634eb324ad082c194608c11a2ff5d9d43f0bd8924ae63c1cfca6c78770,540624,55211,-485413,2026-06-21T19:30:56,2026-07-11T10:59:32.710821,ALTERADO
01_043_02_02_006.pdf,14b8e04fec27c658f6a5da8b2c763f134ead97549aada0226fd998e4d4c93ab2,53da34ec68d0e5f9a399f88b31708eab6e1ae1c7e067a5adfcc144e01caedd2d,819930,54728,-765202,2026-06-21T19:28:44,2026-07-11T10:59:33.283618,ALTERADO
01_043_02_02_007.pdf,fb608131eafc8f747670701aef1065925dd65d7bc4ab926076f3650dc72850c4,05001f18d93a948fd5bab97e1057bdff4927c1e211663211261253d5e1ee2590,554220,54952,-499268,2026-06-21T19:33:42,2026-07-11T10:59:33.821340,ALTERADO
01_043_02_02_008.pdf,84135020788fb4e707c51b4ea3b6fd3d104e79da7fbdb5aa84d264aff31a6d5a,dc8501800aa6c72085ec74fe627f0fe343bf98c9b633467b3f02a03fbb9d94b1,559942,53604,-506338,2026-06-21T19:30:16,2026-07-11T10:59:34.437099,ALTERADO
01_043_02_03_001.pdf,dc3952dc113aa4acb13a7e7cba6413e15b06ace7fdeac41ae975111bca6a2787,c31dd0f08e440667cea7626d8cb75599142bea90f521b788cb1dcda31ae72c49,976221,55854,-920367,2026-06-21T19:28:48,2026-07-11T10:59:35.090178,ALTERADO
01_043_02_03_002.pdf,b5ef098b41a309ce98053e637b1c48fbb5912049ac01551b0a2db20f5da0bebc,b8719f691b1815e86596087a3c0ae29ea5ee678957d09f5c6cabde8563f9bdc1,1008003,57129,-950874,2026-06-21T19:31:55,2026-07-11T10:59:35.718929,ALTERADO
01_043_02_03_003.pdf,881f877169b7d2a7b794e4126a1ace124757c812149543eddee1446dc64d8a81,4a4b6b90b12bf50f4168bafdbbfcfdc12b974ec55a368a6c888181e37e94c026,642432,56259,-586173,2026-06-21T19:38:03,2026-07-11T10:59:36.219870,ALTERADO
01_043_02_03_004.pdf,a78e88f75e1e4e7d79aad873c3820824352fb421a54db56c04366d83be696639,a7f071db07100ea28a0f17cfd1066a19b1181a622b35a7ea990c0fd3b9bf8f3b,1012999,55208,-957791,2026-06-21T19:18:16,2026-07-11T10:59:36.756916,ALTERADO
01_043_02_03_005.pdf,6230c05cc1015a589551bf120eb7f0bac2dcd7b6e9cacf03ec70396b8ec8a127,7f4e3202352d36d1a6f3d83ca6dbfb75dbc328376b065ef5bfbafaaf67464166,1040166,55740,-984426,2026-06-21T19:21:01,2026-07-11T10:59:37.373326,ALTERADO
01_043_02_03_006.pdf,67743a727aeaa9e52fe68e991e769b3dc74589df70c9d6061ce088ddddd5b543,58e5572fe6c8418e58f635761918338229a7cc0e41cf0ebd4023374ddaf7df0c,1060216,51702,-1008514,2026-06-21T19:32:11,2026-07-11T10:59:37.892832,ALTERADO
01_043_02_03_007.pdf,b1ff96e2e3cd97d47a40f3915ffbaa9c8589e5973a92780a471696c6093af62e,9fcc2d41c6c9470567bfaa33a335e9bbee9b4871b40342f0867982d97ba48332,971475,54197,-917278,2026-06-21T19:39:52,2026-07-11T10:59:38.389969,ALTERADO
01_043_02_04_001.pdf,59f110ea9e7a3b7fde1bc891e48804eb4a89efcad19c0dd99b4b991b1fa03a6c,aff9a34d7319750ead252dcc772ea7e6afc59d549c90c8187a6cb1e8237593b6,824522,53129,-771393,2026-06-21T22:22:26,2026-07-11T10:59:38.983382,ALTERADO
01_043_02_04_007.pdf,0d8461ef17b5f588e6f16fe3be7bd3d84bb39d2cfdaca1e55fdf136d396ad831,85af8fbf6db44e314081dee0d342a855691070d83480a53842d310de5395f7a8,851001,56677,-794324,2026-06-21T22:22:09,2026-07-11T10:59:42.305194,ALTERADO
01_043_02_04_009.pdf,25c185601ee1f67048e3f75187c7381d67ac4411e880094940f5ee5bf88f0440,df2d8d507f56b05e0c9fc6085e6701c1e1ca69741e6576879a7dd85e931643cd,55166,55166,0,2026-06-21T22:26:59,2026-07-11T10:59:43.357673,ALTERADO
01_043_02_04_011.pdf,095e350ef12306e9bf4ab5bafbe5f23f423ab89c198aa25e52ec82e0aad53f2b,274a888fc7722fe2f3a3b5359cc991fed4fac02b294eca90848d897027c8e774,800437,56037,-744400,2026-06-21T22:21:08,2026-07-11T10:59:44.585625,ALTERADO
01_043_02_04_012.pdf,c6d1f82cfca4a7678655586ad60dabe4a2b027029a31ffb89e376a89b713435d,9e4b020898d96e79101bc8d32cb9dccf0a8e61cfca4b59f50ab57223d793a0e5,878065,54318,-823747,2026-06-21T22:21:16,2026-07-11T10:59:45.080795,ALTERADO
01_043_02_04_018.pdf,324b4400825c05e316d88609f7ecab79fc7660dbdc83c3d684cbc1fd9c7c6647,ed5aed3132c56f9153b02f869177349010ed82d5e0c3d382e71de77bb070e558,725731,52650,-673081,2026-06-21T22:21:08,2026-07-11T10:59:48.520812,ALTERADO
01_043_02_05_001.pdf,8ddd8c925d336c37dffbe40714d910d75cf5e513815f0fe917e7357f21b9a104,7755bf4875786c95b55231ce49e350dafc66bd117b55c656a96336d2cf48094a,746404,51951,-694453,2026-06-21T19:37:57,2026-07-11T10:59:54.438486,ALTERADO
01_043_02_05_002.pdf,92d603656a3a554ec4d958a15830c753e57590571ef89270e372c8be72709663,248d07cfc16731873132cea5f94c5d8d67b616bf7823d6c785392269e7702058,585630,54673,-530957,2026-06-21T19:40:12,2026-07-11T10:59:55.033149,ALTERADO
01_043_02_05_003.pdf,90016901a387d1ac51497b8943779685fa17c450795916e0e1ee095380df27d4,63246f5a88faf09f8b761f55662c6cb89eef17fc95562574ed9eb9e8f5bbfae0,648680,51957,-596723,2026-06-21T19:36:52,2026-07-11T10:59:55.572445,ALTERADO
01_043_02_05_004.pdf,200e36693841d337de9941efe4981864cca518531e387d3d58c45aa300e06225,050a3b93b726c2cd198dbe29e3c7c9eac201d89297c0f5400c616cec7eb4339e,676411,54577,-621834,2026-06-21T19:39:52,2026-07-11T10:59:56.073598,ALTERADO
01_043_02_05_005.pdf,92b1d89a7307de77b7751f1d2dc9197688bf664f5c8e7ae808171d2e28e143be,5a1d6a8972a31699e7f13bb3a3e5ac0a11948f1c55653b8822eda997836ecbd9,662322,53132,-609190,2026-06-21T19:37:12,2026-07-11T10:59:56.700969,ALTERADO
01_043_02_05_006.pdf,506e290b8c63d63c67c80e2e98cdb546bdaa23791b6e0fd590331cf918d749f5,90ceafe4f46c3e3e9ff04794a9982df7550833a4cdf65f6c6c8e0f6f54bc1e3c,608329,51814,-556515,2026-06-21T19:38:40,2026-07-11T10:59:57.206886,ALTERADO
01_046_99_01_001.pdf,b749de943e127fc320c601c2b8ef138e695b33529513b24edb3716ad22fae412,a3178a2a06d290855a0f50291adaec931987771df1301a5beb0d46da40d0e514,613479,48965,-564514,2026-06-21T19:33:57,2026-07-11T11:00:13.191836,ALTERADO
01_046_99_01_002.pdf,86636e94826f02dcbccd42e9636d00fe88dcc9d24342a9e099cf292787392f78,dfa101b35abe047c908eb06376a8c404a48af9dedf698c0a4fe298a3942c2c8e,638654,48821,-589833,2026-06-21T19:20:12,2026-07-11T11:00:13.800863,ALTERADO
01_046_99_05_001.pdf,ac0611e48a2926da71fec57cf2a64fb2ec032074479d03b8ae8b1dfb2b1c4675,54ce5ef0e2261924a4d76f25e6454b1f2c3efad38cd1b28c9b291e66a6963d54,587039,50329,-536710,2026-06-21T19:34:18,2026-07-11T11:00:17.507899,ALTERADO
01_049_01_05_002.pdf,bab82cb8c3fb95795def52d5632038f482c847d48a5f2f338a016bab4cf3e5ef,e2026517d97fe168643f6d6d098384da8c85f37742c38e73d7f55b7e9fa6694b,73692,54995,-18697,2026-06-21T19:32:14,2026-07-11T11:00:51.605515,ALTERADO
01_049_04_05_001.pdf,d3170eab386a69a963f7e432932499be7025c92b0caeec7864e875347ac2916a,67b2733208f925b17657d04323132ddb4760bc16972efd2d391162b57060c95a,733109,54585,-678524,2026-06-21T19:18:39,2026-07-11T11:04:05.942862,ALTERADO
01_049_04_05_002.pdf,8f9986259a4be44980c874248218c5966a797a2b2e30b14d077029e6951ca8b3,14a4ca1ba91912a258c7047fd348d575343580e6abfc42bb17d7880a5566661c,1912288,55141,-1857147,2026-06-21T19:23:40,2026-07-11T11:04:06.551209,ALTERADO
01_049_04_05_003.pdf,257e216188eb9fe81dd828ee70fd736d7e4b143c3dd7fbf7e29899f070fab70b,00d59ec6f6b131451ed7c1cd9b379fb315373f4b9d18e616c76e2125bac0b240,674136,56323,-617813,2026-06-21T19:22:35,2026-07-11T11:04:07.168807,ALTERADO
01_049_04_05_004.pdf,e75b467c0bbf2013de20ef19bd4d5bd6b6d254bc9138256c296fc80da1e6c851,b67847dff57c80a36b3d18fb1e73f8c34cfb9d21592904ee85c88704735f49a5,2206474,56279,-2150195,2026-06-21T19:22:38,2026-07-11T11:04:07.803134,ALTERADO
01_049_04_05_005.pdf,1f6c10a8f90ffd2b5ab1947a5c3921f25de2da5f3ac2bcc799cf0c88ceb4f41e,0aac92f6aec048b772c5906384066289e976c35f176fccad542e1d0ef34e0e3f,2150356,53505,-2096851,2026-06-21T19:34:42,2026-07-11T11:04:08.316677,ALTERADO
01_049_04_05_006.pdf,156a7f86d53d4c466e8f258b0f50bcd2afe8528232f99f70f9db944a21b1ee68,e4400295c81ced3b2c5dadb28da0acf7d1ee4aec41b9a1b508839dbe9853e8c4,1580610,54009,-1526601,2026-06-21T19:31:47,2026-07-11T11:04:08.850275,ALTERADO
01_049_04_05_007.pdf,94e948e4975101c380bca689762a500e1e3660c2d2005e93638fae0c8b502436,d7bee394d42b2e9c50d27feab9605351004e16adb835269a234ec270a3aa9719,2167768,55692,-2112076,2026-06-21T19:38:19,2026-07-11T11:04:09.367889,ALTERADO
01_049_04_05_008.pdf,4e13422c4c6e4b73829fc8b97804d857701499f82657816acbbb9fde486154be,4afcbe7090258d33db283d88ad10be927776de5c324bad9380494b991baa0153,2232642,56178,-2176464,2026-06-21T19:21:57,2026-07-11T11:04:09.972673,ALTERADO
01_049_04_05_009.pdf,a28c1561d12328b212da6695e46f5c40ac4799a8ad351a9c66b31c797d3c67f0,96d700528f43ce2232094c34c5ce09c8b8df12fa11d1c38cbc45750e48dc270c,2043749,55033,-1988716,2026-06-21T19:19:56,2026-07-11T11:04:10.642779,ALTERADO
01_049_04_05_010.pdf,5c8f6098cae469a8974f28369b02c04f2ed4bd34a8350b8710ca5eadfc2e432a,9ecea7f45628d1007741f0672fd7362a55a2d351e514e65cd00572b659aa4c2f,2080900,53149,-2027751,2026-06-21T19:30:36,2026-07-11T11:04:11.257890,ALTERADO
01_049_04_05_011.pdf,41348a8bbb1c14b143ee3fbeda068e2c5f21c0a91e4469fca2f09461670cb9a8,4153324767ffca0860b91c1800d7f29d94a3571248c47b7c77669dbc3cd5b749,2176850,53448,-2123402,2026-06-21T19:37:58,2026-07-11T11:04:11.795167,ALTERADO
01_049_04_05_012.pdf,d7ee4ee4aa8908e19f4affa215e53ce6c04329c3bded344898e39b6385877cff,4113f8b3573f8b10e031a2e1b3baaedc79ec3adc4c07c4edf7191339c790c46e,1988036,52934,-1935102,2026-06-21T19:38:02,2026-07-11T11:04:12.336738,ALTERADO
01_049_04_05_013.pdf,60d40962a9454b6658078d4d87eed2df7e897083a104863896f10146bae92702,f30a19c9357e76a986014a43cd1d2deddfc9e5d317283d2d69ecc105cc6b4a4c,1959920,54539,-1905381,2026-06-21T19:39:03,2026-07-11T11:04:12.825418,ALTERADO
01_049_04_05_014.pdf,c1995e4c4e14025419bd2db334fa0def40d95a6fa2efa8a87064bb95f08b22a0,b482c9d5528e9fc88240825a7d8138cb856c387768210213fd817e742497d205,1107304,55492,-1051812,2026-06-21T19:38:10,2026-07-11T11:04:13.429113,ALTERADO
01_049_04_05_016.pdf,48c02819a3c84c7c8a979f0fd093626bdbe403998ad4c1d120aea71db415c568,f213248c5b7fb4cdb471c08a8091e48817e31c9417bb6692583c4d28dc0e10a3,1195846,54108,-1141738,2026-06-21T19:38:09,2026-07-11T11:04:14.450462,ALTERADO
01_049_04_05_017.pdf,7d2d9a4899659517425e5a0d7e3957843bdf1b571d0b50b967142eeb2817ca7b,2e91792e4a8d4603e465acdbb30cfa675d0fa584a2a083ac20961f0bff97b65a,1128791,52373,-1076418,2026-06-21T22:23:46,2026-07-11T11:04:14.960728,ALTERADO
01_049_04_05_018.pdf,f5266c7187fcfff392eb7d30239414461a5c554fc8cb5aaa1f083459a4fa151e,760e94ed9b16832083242d6b2589a5c2bb6a01686ddbb057f331dd7e4b986367,2086151,55324,-2030827,2026-06-21T19:28:10,2026-07-11T11:04:15.553498,ALTERADO
01_049_04_05_019.pdf,e1da628fcc1f6f580ce7d6a8641251d4b08c4dc4cb3186f3814050d68d9ce7b8,5873da7f83c8f455da7537bafd401efdaef60c6914aff271e63f5f753ed112d5,2020923,56057,-1964866,2026-06-21T19:37:44,2026-07-11T11:04:16.161938,ALTERADO
01_049_05_02_009.pdf,4d491059fc182acadd70904ebd2924a84cd2923b1b5c8d5910d984db8f9d5f1e,a88f9fa5ef7b2454588eda43a09484ce820fd5a7bf64f3f3e5bed5387aeea90c,55420,54662,-758,2026-06-21T19:39:08,2026-07-11T11:05:30.022527,ALTERADO
01_049_08_04_008.pdf,9f6579b4580894f990bdf6869c5480ba5c722650b889f0dc9c3eb9e060affbd7,b70965199464e9690851558b9bb893e6e651da2adf1b8b828af9ad1f7d771ec7,73637,55457,-18180,2026-06-21T19:27:11,2026-07-11T11:08:08.591665,ALTERADO
01_055_99_01_001.pdf,cbb8762b64d82f132623d9536b26e212f1ae0b8c4ef9efee180b757b4dff10ac,5180fbb648137964c1c51d12b0f610e585b0c555c8a30325a7e405ea0a9c6078,575874,53786,-522088,2026-06-21T19:22:13,2026-07-11T11:10:42.790392,ALTERADO
01_055_99_01_002.pdf,253d787d91fa13f1f91f46990263473542fbe31c072b37206a797e8366be5cb6,b47a6a411ec4028ae8a6b732e88022e5ca4c9cd309b9b0d666e1a4b5408328c0,558393,54182,-504211,2026-06-21T19:16:19,2026-07-11T11:10:43.385802,ALTERADO
01_055_99_01_003.pdf,a8e6881349e2419abb3fae52ef1ba7c0d32a3852a9a04a24328224146684be47,e65678b45d119e00463d60192c99e1689b24cb483d36003828b8d061e24420e5,596640,54573,-542067,2026-06-21T19:17:21,2026-07-11T11:10:43.893439,ALTERADO
01_055_99_01_004.pdf,a110290fe8e17a17e4a7fc1a94728f73fb10a91823f5a50c4c05f939f4fbd647,bbbf9df6ced818ab0bf16f2f5a9f755cf031de5a26f158c4cb995a6b0867d411,589292,53334,-535958,2026-06-21T19:24:04,2026-07-11T11:10:44.431999,ALTERADO
01_055_99_01_005.pdf,485850234ebf443be2101c1ed9ea34893d726158a42bec2b7149f048dba156f1,3019f068dbc1c20baed6ec9dcaa86ab1afdc4f301f47de63d684be8d032b9730,539182,52697,-486485,2026-06-21T19:32:39,2026-07-11T11:10:44.938823,ALTERADO
01_055_99_01_006.pdf,cfc582987a69cffeea156b455381c592e5ad091ed9c5e1e2f45ef7a43e2e1150,b6e8be677c4eadd07e6cb00869c44984868ca5e9913ef25dddd58642d139a587,539734,53359,-486375,2026-06-21T19:29:33,2026-07-11T11:10:45.534420,ALTERADO
01_055_99_01_007.pdf,8bb4129eea6b18ebe6e8d249aebf93c0e79e77ed39f471cfeb14fc1395096d73,bb69bf6925cd2c05f06d06e4d883a9ecd3409032105d8955e34bf0ce58128b80,570487,55440,-515047,2026-06-21T19:27:33,2026-07-11T11:10:46.138496,ALTERADO
01_055_99_05_001.pdf,d3e664f6cf8b1975195ddcea5f96173ac24320daca1a24b90b482ef76b17ca47,d8b44bc607c01f83423318f50c2f246d542242caeb759f1bb0d252bb83ce49db,52220,52220,0,2026-06-21T22:23:14,2026-07-11T11:10:46.730361,ALTERADO
01_055_99_09_001.pdf,3c3be63350f275726d6f806b1c2068a33b140795e54890c25cd56af14d3dc872,8fa0a0f7cf2a6f9eac350c17d123958ab8431efcb8ab4c097e19eb0912e68b2a,4778182,54178,-4724004,2026-06-21T22:19:52,2026-07-11T11:10:47.238681,ALTERADO
01_055_99_09_002.pdf,6dd33c5ccb24dc8cb576a76da0335bd19982312bfb1e91baacab1ebaa034be1b,11613e63a956f7b160813093c1fa3979db2eed8e558896aed3dfdf209bf46c78,4488549,53055,-4435494,2026-06-21T22:22:30,2026-07-11T11:10:47.724363,ALTERADO
01_055_99_09_003.pdf,c88f06a1da03eb2851406972a30aca1dea3748f989c505d3519b06dd4baab836,25816dbb81b8ae3898bf9a5bb1d59fcb0947ad0344cf46d6ff3689cc618aadb6,4891671,51531,-4840140,2026-06-21T19:37:48,2026-07-11T11:10:48.253189,ALTERADO
01_055_99_09_004.pdf,d0f163489c5f12a9bdf7e6423e2a5cd0c0f7ac7f1ca167e776a3f170cb0c056d,3105810fc7e8591629b579338757cd86ee9832fc7deedd3785a970c0d9fdb308,4985212,57641,-4927571,2026-06-21T22:25:22,2026-07-11T11:10:48.823862,ALTERADO
01_058_01_02_002.pdf,91609552376f6d76105aa3978a649dc062089ba69b543c23eb3bae0a3c490dd3,2309b7a8e955ec9599806e31b9d13dbf5cd3ffae0c4a9ffd9a99baf7d4974e6a,71023,43786,-27237,2026-06-21T19:32:42,2026-07-11T11:10:58.264867,ALTERADO
01_058_01_02_014.pdf,ebc3e51d69be60c2376002d1b0e25c68de3ac8ad4bd1976a32f05cf711947864,3ab5bd2cbca32bb181ac4969e900e4074c8971b4ccbbd7c92086b1524cea3fd8,71834,51661,-20173,2026-06-21T19:17:02,2026-07-11T11:11:05.383756,ALTERADO
01_061_99_05_004.pdf,1f8469aa1aa696421aab925711a77e971766af72bb550f1eb3c30d83ea3d816b,f87fadd2607f32dc9c4050dcffb7083004615a45413a1b5a5d1f7d176fa6ec33,449811,50412,-399399,2026-06-21T19:33:48,2026-07-11T11:11:44.945708,ALTERADO
01_064_99_01_006.pdf,f90b4a985090610ab258fc1876695eeb458f8754f5008f18dd8aa9b6cb5bcb50,1b1ea8ccad14c4b155ce977f16cfeb2cd3396128b4f98c31a7ab6e754c5440f1,71128,49012,-22116,2026-06-21T19:38:09,2026-07-11T11:12:14.198704,ALTERADO
01_064_99_02_001.pdf,7a4c1c4f183d78ab32f677cfa6237ce4a2e285fccf3b561bb0eb4ca8eb09f176,00d66c9e4f6bcb064ed4a04f86c9bbd4a0c35992c4cc9e13640972cb2406050b,51207,51490,283,2026-06-21T19:37:14,2026-07-11T11:12:17.045459,ALTERADO
01_064_99_02_002.pdf,7bae952d4276fbd52ee9e4263b4fe2bf12089f685ba2513ee871988230ad78e6,e4eda5c01265adca419aa357b5aab94045e82fffe8b452daa6476980176e4cde,51621,51767,146,2026-06-21T19:37:48,2026-07-11T11:12:17.650037,ALTERADO
01_064_99_05_003.pdf,e15d35e23cee965ee81c19d3ab229c0d6adc42bf3d86f7a209374f2803cda678,24950edceaba5ad0bd096ea412247d70c86ccc690db72b9180c3e94e839773fb,61656,61656,0,2026-06-21T22:26:32,2026-07-11T11:12:20.422873,ALTERADO
01_064_99_05_004.pdf,23261b2f7cf791aff6d9343686ff4fe4b04e2594478feffa08811c6af40b5ab3,14129b096ae472b81e0e325bbcf2f5ccac1224261e0462eaf5d1d1a8d7678e47,50543,50543,0,2026-06-21T22:23:46,2026-07-11T11:12:20.997009,ALTERADO
01_064_99_05_006.pdf,cfe2e88adaa059db6860f37e2ca7acfb500b6549ea9c6c240f8069bcb8612acc,5e42c2ec255e6f34d6c8f6be153febf1e21f75a7f3df9585504d55a9ec0cd597,54300,54300,0,2026-06-21T22:19:35,2026-07-11T11:12:21.981477,ALTERADO
01_064_99_05_007.pdf,b443dcea152c95beea1c1dff686af6cf39c32952e9552c2347269edecc2196bd,c47eb0b49d8cd79fc8bf937bb306c407909d7cb1beed536e9ddbd54c2986b6b5,51445,51445,0,2026-06-21T22:26:40,2026-07-11T11:12:22.531358,ALTERADO
01_064_99_05_008.pdf,f32d8401b61c19ced881120f0969883079063631c918d2640994e66a3b456767,b8f67306b5a1cee60a4038c734b4c136f542253b443cdb8ee8b698d7f64953c8,52921,52921,0,2026-06-21T22:21:39,2026-07-11T11:12:23.031225,ALTERADO
01_064_99_05_009.pdf,544f78c9d5a3e419ff9f5e9b8caf05f325c626dd7416ebbdb0b3fddbbe2f5e24,10f14f256384477a8d9dd7e308a37f42829d5d76043fe4e145c60bb437c87222,54224,54224,0,2026-06-21T22:20:56,2026-07-11T11:12:23.562431,ALTERADO
01_064_99_05_014.pdf,15f44c9f5ac68ac7c001ffdd47f30d58b8570f375f3e1052476906992992e69f,6c8a5dcd82fcb9bb2f6ae86b3dbb0cbdccd8fed04b655d9b4e08df18b6c3226b,51503,51503,0,2026-06-21T22:22:21,2026-07-11T11:12:26.495195,ALTERADO
01_064_99_05_016.pdf,753a7cefd6e7f1083526a5a6c040edb150a05fb9df930c08ee9452a1102dcc4e,46bb852c2aa012d02e09507b8e82fbba369170a2e6b31c8fe740bcb7bbf4e5bd,52074,52074,0,2026-06-21T22:26:48,2026-07-11T11:12:27.559836,ALTERADO
01_064_99_13_006.pdf,1b513aa7dd8165bbfcd88b17c8bdf6dc5c684e019f9221b8a4b4d7e0791d06e9,e8cc03b605857c71577535c04d8cc5ff77c9b174a9a8fe4602308dbbc5936539,68175,60136,-8039,2026-06-21T19:23:59,2026-07-11T11:12:32.669277,ALTERADO
01_064_99_29_001.pdf,61983bd8ab3c517217e86bded2d2077094b6c00f33029f1825765bb7d6ce5d3d,d9f3bb85728b6f5c2f683910361b9bf62f2e8cacdb569ef580958aa6ee9b176f,51536,51799,263,2026-06-21T19:22:03,2026-07-11T11:12:33.176630,ALTERADO
01_064_99_29_002.pdf,d44f7041bba7fd981c7a2814be1fe1d69b4a64f22a887e9b99ab4c5d96fbc689,bd77e80904340d3d22ce27910559d45a27e407a27d2867b1cd605f384a41c72b,48470,52556,4086,2026-06-21T19:31:40,2026-07-11T11:12:33.677234,ALTERADO
01_064_99_29_003.pdf,9ca1cee35bfb5b29b0c604d8dcd966f74ca6ce2af90754c9fea3ab0bf9d8f520,cccbfe80bedb77d9e443ee89f937615f4632d3af406ee1e681521afb6e40d31a,50969,52662,1693,2026-06-21T19:17:41,2026-07-11T11:12:34.244303,ALTERADO
01_064_99_29_004.pdf,143111dc5754eac7140a9a501da4fd97919f1be55eac2e80936fb57cbabf37c4,05097d6e00ae3a18e72ac4b0e08c5dd1c2e8578a9982429cb83a7fddab86962b,53312,35026,-18286,2026-06-21T19:26:07,2026-07-11T11:12:34.748268,ALTERADO
01_080_02_01_001.pdf,89b0bac348997c87141451c7c41ffc9e494dba87cd6cbea64f86b333e5f4c181,0ba8b714f4b2d6fdc99bd900a8d556bdfaf7833195a756eac528ba45a79891ef,58485,54127,-4358,2026-06-21T19:19:53,2026-07-11T11:16:06.282916,ALTERADO
01_082_99_04_001.pdf,35c15423a9372a821407b00f691ec52092d6f3c20f3d3279669aa3704f8512d5,6cc9f188ddda765bdf193220c1737a059992a7b3bef1ccfa7b8147b170c03b62,12031912,49117,-11982795,2026-06-21T19:33:20,2026-07-11T11:18:22.509313,ALTERADO
01_082_99_05_001.pdf,d2b469278ee0ee904b18b13fade993567c3de1894d35cdb8af1af3d135c62403,c377913e09e7192d331bdd59d01636d35cdaa0fc755f612d231964e9af15ea8b,356711,48514,-308197,2026-06-21T19:25:20,2026-07-11T11:18:23.115290,ALTERADO
01_088_99_05_001.pdf,25523186b4e02c6b208ba2392c08e006b0489d9489dd36f1ecd73cd4d4bf128c,91f231d384121305bc9f1cd6c6ddc9f00af1b5e1c62089e93f261ae801a34020,55026,53722,-1304,2026-06-21T22:20:13,2026-07-11T11:20:35.214640,ALTERADO
01_088_99_05_003.pdf,c4a26cf1422645aca4e6dd482156906436436aea381334bea354257c02d9c7fa,4d1277d064c887a5ec1229a0cf5049e2c5f8a8b4f8120e1eeecb4168db9a1070,54476,55023,547,2026-06-21T22:19:18,2026-07-11T11:20:36.231063,ALTERADO
01_088_99_05_004.pdf,a52a46241c9fe338a616201bdc80e16c0fafc599d51edcb454c9b7e278dfac7f,ef71f16a34f77b1a998c2fa4f2f292518f3c036d4f00de2289ef5c2ed8404876,55088,53229,-1859,2026-06-21T22:20:56,2026-07-11T11:20:36.833846,ALTERADO
01_088_99_06_002.pdf,e664319d46bbd8447f55b9bbe601ceefd1e2bb7a1685b7683b87ae154ab496c9,97525fc26ae62162eb1cec3fa4979a5ad373d57d982df0af846336baff7b5a49,54438,53398,-1040,2026-06-21T22:20:13,2026-07-11T11:20:38.562971,ALTERADO
01_088_99_17_001.pdf,5fa8bb078f2f57c4b18039ed07e3d1f674e48c206c47e8ee6ac19e21cd3c436e,ff548661d3262967d611802a2adc7d67d3db8539428985eacebbb5072ba695a0,57005,53365,-3640,2026-06-21T22:21:47,2026-07-11T11:20:39.720867,ALTERADO
01_088_99_17_002.pdf,80bdcdfd521a51fe59b6cec1b7a6c81b57c52a73a41637859888321c265952c8,1c8f0821747649b85a1e9bc9779127a3e384c0f5b673ca89a362aced806d9984,57141,56263,-878,2026-06-21T22:19:41,2026-07-11T11:20:40.309734,ALTERADO
01_088_99_17_003.pdf,204ca28a66f1f6634aff4135f3b7140a9dd4400426143fdad1833176d23bc984,aae5d79bf48f5483954d6aa39a1a1f0b27ed89b122f4cb4982bbcaf4f03ac7b7,53886,52997,-889,2026-06-21T22:22:24,2026-07-11T11:20:40.817905,ALTERADO
01_097_00_00_012.pdf,9fbe58210e05969a7585cb89bfe9f18ae0d513e165c7d0e56409e9a1ca96ccb4,e97acee161df4ffdabf7e9d2ff8fa04d5a13298db420a38b13ef258e819f9f12,67842,50048,-17794,2026-06-21T19:32:53,2026-07-11T11:21:41.145834,ALTERADO
01_100_99_07_001.pdf,031ca2a3ea2f812d9578cb79452b44946330728bb22dee72d8e0289b8d6a7e9f,5599c543bd9b110f778bc87d459f52436cbb72785908a89c266ad37c1baa844e,55982,56515,533,2026-06-21T19:30:25,2026-07-11T11:22:09.047504,ALTERADO
01_103_03_02_001.pdf,07404123a0aea293c00573829309b52cf8bd95aa19b3be6e4082bbe706481714,965f0666f029b41d4c15711af2d20e811fcb7057b4a4d9818a5fbef271afd85a,55314,53215,-2099,2026-06-21T19:38:09,2026-07-11T11:23:42.416219,ALTERADO
01_109_99_01_001.pdf,fbefeadd93f53e66575738792884be7608137bd8bc5e6752544c6f256b8ecebf,d3258e4162c87f466d4150cfd92784af49072982b06f00076f9c40132f63cf37,1398572,54394,-1344178,2026-06-21T19:24:04,2026-07-11T11:26:14.285824,ALTERADO
01_109_99_04_001.pdf,ad3691f480c464e12446ceac16e7458ed29f51956fbfc08d391eaed9060b1213,ba7c4a7e1034d1b6721e65cbb4ef5aa5c3d853ee8a18617ee1c1ff3a9c6403db,364075,54661,-309414,2026-06-21T19:25:04,2026-07-11T11:26:18.235842,ALTERADO
01_117_99_60_001.pdf,c93f1a28d20676a6e9466df8245bff62d06149e4d3e8457d061938879c701975,248a2ebe4aa667f71cf8f177893b82016497148c63eeb667557019475679c12e,57698,61342,3644,2026-06-21T22:21:36,2026-07-11T11:28:12.348973,ALTERADO
01_117_99_60_002.pdf,c17707fcc3f823c5aaf99a0aafdf7b98244b9ebdf7937643ddc959e3a85a4b24,c4510959736d275b26f749adbd22a044ce6423efc12a2a656dca836c0c70f2d3,57567,64936,7369,2026-06-21T22:22:09,2026-07-11T11:28:12.910968,ALTERADO
01_121_01_01_034.pdf,e1cf47e675e5588cc09ab7b66da3797a405939452faa16924df4f59d07af55be,87e89fc2ceb1b4a9818aa41aee0f591bfff63ba554d640043921860320b67fef,72004,50763,-21241,2026-06-21T19:38:47,2026-07-11T11:29:01.571080,ALTERADO
01_121_01_03_005.pdf,c4c451d46eeb7519be4fa7b30daa39d21d9ddbfce562ae0d40a5263aa051ba87,32426281ec3b5f0b477fc10b3d3f8bd0c3a3452da4087e391e1b17b973a6baf3,72651,52281,-20370,2026-06-21T19:30:17,2026-07-11T11:29:09.232853,ALTERADO
01_121_02_01_032.pdf,4820c1755952392c56013baabe138b06334456e1a009a4b608073bdb67f2ce28,4ed1c3a88e44058182681179602928321141b3f456edca5913797eb4304e3910,51542,54320,2778,2026-06-21T19:16:50,2026-07-11T11:29:29.067089,ALTERADO
01_121_02_01_033.pdf,b408b7faca32f450fcc6ac302288972e6287169dbd36b9c66e2ad5d3ba7ab421,3683afec9592b4c3f84d89b0b1e7071f663a79ca688d037402c0a5a75ae0fb23,54256,52562,-1694,2026-06-21T19:25:51,2026-07-11T11:29:29.578587,ALTERADO
01_121_02_01_036.pdf,0e52ebe71aea92d41c455b15dd41240bd47d3e4be17bf1058ccc694fb45f15e5,a90faeb3c3908626b3e5852024dba90e1c944ce3200b2c3dc29d9beeffa54f26,53025,52581,-444,2026-06-21T19:24:55,2026-07-11T11:29:31.301221,ALTERADO
01_121_02_02_011.pdf,2ab4de983dcfb638d0b76968a1ec168c15abd7d0be4aa3ae9ca391c53da9993f,fc22f85759357fe73e64debe0044950ae1fb5443c74f1af12de78325bd95afa1,54522,53644,-878,2026-06-21T19:24:53,2026-07-11T11:29:38.222148,ALTERADO
01_121_03_01_004.pdf,800566502a9efb53e1b29deeb4ee581fa1532433cc140c1e5756adb742dd2fab,a7d75be4c4ed569408aea05f87f2b62e5faf85ffda86c4f8f40fb21c125668dd,65659,54280,-11379,2026-06-21T19:24:45,2026-07-11T11:29:45.530236,ALTERADO
01_121_03_01_025.pdf,2c1c26bee2c15be1c50c9490d29467fe038f6faf6ccefba5ec7245b62d91564f,c9ad2cb06bbb02823178e8b66c03e67454e73437f2acb9f7fa277bf9abe97c4c,73240,54095,-19145,2026-06-21T19:17:56,2026-07-11T11:29:57.125808,ALTERADO
01_121_04_01_001.pdf,f78fdafd9e954d52471ee6279b95a6b1032cbfc694561254be06f9ef9c387d52,c9da018c5ddea66503b444ad49b464796e934f99a9e6c8a8ee513b6831f7c72a,52733,51616,-1117,2026-06-21T19:21:03,2026-07-11T11:30:27.796790,ALTERADO
01_121_04_01_002.pdf,5664116fe1908612e69dde81fcb40d8b960d639ff72fbc8ea8afa7ccaa94edb7,35615b93c637e0ad0a89f432962fff82f5852dacddace859d9afa38297409c65,53056,50225,-2831,2026-06-21T19:31:45,2026-07-11T11:30:28.338784,ALTERADO
01_121_04_01_003.pdf,1412a90965ad5dc67d797142ef11495daf2511edf7f667841944282bebb81599,a3211d94f6cd4950fb5ddd2c79ca63f104587020d42708409577a905464c2508,51289,50349,-940,2026-06-21T19:31:09,2026-07-11T11:30:28.888771,ALTERADO
01_121_08_03_019.pdf,c54d9e1b50a77a7aaa2df8a0b6b6dfa8bc5265f51d44bbb95536e7c9f1a0f99d,a08f5573a35370824161d39bddda9565e1739390d79593da44b019c990ec8716,53893,54849,956,2026-06-21T19:16:09,2026-07-11T11:33:51.341988,ALTERADO
01_121_09_03_002.pdf,e00dfabfefc0ad4f90c1b606983a3a96295783f4a675635362a5e648018a4458,043cd85e7d23e7ccec89eb488e7f6ed916ee7ec35ab2075abe4843914a41470d,56319,54343,-1976,2026-06-21T19:20:05,2026-07-11T11:34:09.873926,ALTERADO
01_127_00_01_001.pdf,a8a0a0e00f9395566f6664462b87bf4fac768242e93b0d7ebb20c448d6ea89b7,1e9f8feb6117a15294bc9fbfd9397f2f077d10cd79dd5d710ad3fd323e4f095b,30703,59396,28693,2026-06-21T19:17:11,2026-07-11T11:36:00.475575,ALTERADO
01_127_00_01_002.pdf,4dc81967d2c34281685eae7c4afe914f7448d605ed584fbd27f97acc93f81e30,df394afe7e0602cab3e636bab45ac29e42bd3a9a43539418f1f743680608a527,7765,55975,48210,2026-06-21T19:29:08,2026-07-11T11:36:01.104089,ALTERADO
01_127_00_01_003.pdf,0b617438f1fcb422130c803f5cc4a379e6f89cd68b5d2aa07914654c5befad7e,b0f712cb1be841bf6d0e314f08b867277db65db9c77aca8655fd26a9ae3e1667,50837,54911,4074,2026-06-21T19:31:57,2026-07-11T11:36:01.727257,ALTERADO
01_127_00_01_004.pdf,beebd6ad22d14b4dac04066738627aa151079812be54c40c1445271f29b2f7b0,49a8d6c4d8f288307674ea19e8dd218a4d69d06b1707406602976fa3a5d28a51,50655,55368,4713,2026-06-21T19:18:15,2026-07-11T11:36:02.251627,ALTERADO
01_127_00_01_005.pdf,8a4a9f15b38b579e31ce5fb2c2edaa32d9c6fd8b9a55ef237113c3a39481180a,fb9d725a8f3703762b2cb5479ae093c8e2285346d598f9bca7ee580a793644ee,50038,56431,6393,2026-06-21T19:26:43,2026-07-11T11:36:02.860970,ALTERADO
01_127_00_01_006.pdf,a4dfc4be1bf4cd9cb722a49038f42e3cbc5dd56fdcdabb599d352ce9bb0c34fb,1e33e35d35c86733d422a8abb959694c2ec35cc6a613ca6f8f4aa9f02e62f37d,50265,55298,5033,2026-06-21T19:20:32,2026-07-11T11:36:03.386517,ALTERADO
01_127_00_01_007.pdf,32f7d8b02de0510106ab15078b81e4f0d8a7aa7f30d5c6505cfcb264bedb958e,e7e17123d52ae662c8431da96c124bbde062f00f7cde127bf5765f0a4ad601f4,50910,57911,7001,2026-06-21T19:28:17,2026-07-11T11:36:03.905289,ALTERADO
01_127_00_01_008.pdf,088cfd71e2e41c19c20ca90b2f79864a0f5266efec5329b85cc5033b823abe9b,09c5794b8050cd5165b246895ff94ee15a50f104f1a31417e88486d829f8eee7,52856,58544,5688,2026-06-21T19:29:48,2026-07-11T11:36:04.436176,ALTERADO
01_127_00_01_009.pdf,7c85172399f6ec7c10af0d98ab415c7c3cafc273967d84e99ae67457c70816e7,4563087893409022963fab246843c7a18538c6dd9cd292f4312aa6b53676739e,51198,60386,9188,2026-06-21T19:32:00,2026-07-11T11:36:05.060162,ALTERADO
01_127_00_01_010.pdf,005d85a5915bd351dad41dddebf72c85249d625b2db5638cbc1e4357cabb44c9,1dc4c532e116ca2cb847c44d0a90b7fed62629bfd7ff3e6ab954c502be8b899d,51843,58023,6180,2026-06-21T19:32:58,2026-07-11T11:36:05.665586,ALTERADO
01_127_00_01_011.pdf,460cc382a84a3ad6755c3661a3231246cb3b876b9978459a8f854f3cc4314d20,c1d2e1c77e7bee90b0fb12b5c0906c20a66d4c5503034c0a53053ba0435d43ce,8140,62275,54135,2026-06-21T19:26:03,2026-07-11T11:36:06.264859,ALTERADO
01_127_00_01_012.pdf,cbb54873a49d69c110f0d4cd6c675e24ee345841910d9ef460cc035c33797fcf,e4706754d2ec9434a41c7c4886abeef120cbf736853066c4d896b6ca32a5fe05,49226,55139,5913,2026-06-21T19:29:14,2026-07-11T11:36:06.819418,ALTERADO
01_127_00_01_013.pdf,f98be8e9952a76824308cf4a19868a02f2d548f4161abdd4b94b9cedc100e374,cdd92a6e1693b1b5c43902a3bcb19e34abb89c7f9de18c97647b3f7bf3f4735a,50472,57181,6709,2026-06-21T19:32:35,2026-07-11T11:36:07.342288,ALTERADO
01_127_00_01_014.pdf,e8ac042185bf9065e01e6feb79559da2559bb51fa33f668220c0089aecf42ad9,5b851ef4c76db954adfba37af346738b8b0bc58eb9378755b8fd61e08da66469,52565,58354,5789,2026-06-21T19:27:16,2026-07-11T11:36:07.949155,ALTERADO
01_127_00_01_015.pdf,aeb003cf7cd4760969fba821cc6647a5ac8169119fc9d6654789fad13511b22d,f852642d3a2de87d4cda9be9e59ab2e0703842f161a6903395d0725302667643,52123,59278,7155,2026-06-21T19:27:13,2026-07-11T11:36:08.578029,ALTERADO
01_127_00_01_016.pdf,fdf2c902038ea2d1e6e2ea26f1d61535284b7fc491f616cc5a37c82d8ed2db98,e4d7d327c21e3078ac62ea757c66534c0f4d02fc089ed27aa3a542b86f95ae82,48977,53665,4688,2026-06-21T19:20:17,2026-07-11T11:36:09.249233,ALTERADO
01_127_00_01_017.pdf,ad3e7c8eb20faf7af5fe6fa43965072a1bb314761b3eb2cedd2d4182202f1a16,95ee0d50401431b3923533319c33eb0b2fdb1058d35d3e0e2f993697d37a200d,53856,61163,7307,2026-06-21T19:26:05,2026-07-11T11:36:09.806628,ALTERADO
01_127_00_01_018.pdf,9c867bf06fd655d71efa5bf5a52b05c609971cfed17f3c0ae4e320b934745b05,a442e750e69247158efe3a90b487d118f666c07dafb89d071a72b1935c712584,27751,56741,28990,2026-06-21T19:21:42,2026-07-11T11:36:10.338387,ALTERADO
01_127_00_01_019.pdf,b1f627843d3c7b79a44ec27a1933699f26e0c7ad28f241304f81e70b3a53ae28,2efd9131b4957b8be12ba6601f1b3a27627c148bbae8125af4d50ce4eb1ad470,30659,57479,26820,2026-06-21T19:32:39,2026-07-11T11:36:10.948285,ALTERADO
01_127_00_01_020.pdf,5cde7ecc67d9faa84eef137581a442314af26e3296201bb14a3238a509160038,5745367915e8e86fbcb6b7f1cf2b40c2525270ed04042423daab20940f8f703a,52079,58647,6568,2026-06-21T19:31:09,2026-07-11T11:36:11.535722,ALTERADO
01_127_00_01_021.pdf,012cd0d20e58864935ea6832bbe84107bdf01b16a17ee67c11d3b0e005d8eb52,9dbf03b7f128f59665eb22ad20863fb8ba440de74359ad3a7f8b6cfd36f62f95,30189,60086,29897,2026-06-21T19:30:44,2026-07-11T11:36:12.127513,ALTERADO
01_127_00_01_022.pdf,2939f7a1ff979f168f52b145576bd176b8237646b658febe21525ff01e4e138b,4766b812f0d2ee4a48c6014dd65eea10c1e6c5d1e1b6c1a21533b73ae5d9a7a2,51532,58885,7353,2026-06-21T19:19:10,2026-07-11T11:36:12.616918,ALTERADO
01_127_00_01_023.pdf,612802ebb4b564d0f8f5b2dadf1479de4f8f90631cac21cb511c4cfce94ec54c,efbb745e4f6ddaccf55dabd3fccb93e0dc430160f353ca2f6f43ef7714aad77f,50510,57881,7371,2026-06-21T19:18:48,2026-07-11T11:36:13.115084,ALTERADO
01_127_00_01_024.pdf,34f8f69a05bac1ddae5cb6536d25662d0edb756acde70b990823bdbad31f5c7a,9b41d45c40f9f786af718277e9cc049724134404552c5306a7260fc86aac19c6,30206,57686,27480,2026-06-21T19:16:58,2026-07-11T11:36:13.664620,ALTERADO
01_127_00_01_025.pdf,1f8a74c92a948c47075fd7ed5cc4065e490098e24e7394b026ec20b6ee41124c,07a9f6c9354b87c71b89d5998f363c91970f868d2dd78ca9fd0b0187d1c81a09,51026,59517,8491,2026-06-21T19:23:46,2026-07-11T11:36:14.261657,ALTERADO
01_127_00_01_026.pdf,638ab0225398ba2cc64dce4b0773d24398d272800645624ecf2f38d482903f72,7b95b33a402ddfb77ac740a2dbf040ddf3f6bda7852fd5bcc715be2e99a98705,52091,58649,6558,2026-06-21T19:21:37,2026-07-11T11:36:14.867568,ALTERADO
01_127_00_01_027.pdf,01b8efbe62289b192ef356f6a1ff02dc28cf75be5130d22ad3ae4f83a1bd4f7e,6de7f65a38f736e4220b43761d2fba4d42763d16bc10b004110c756426d95249,51133,57877,6744,2026-06-21T19:32:12,2026-07-11T11:36:15.436874,ALTERADO
01_127_99_01_001.pdf,9ad697582b46eacbd4c80158f3540f2a20483db91d60b7b35993be656e91b661,431dfbc5c9b130db1c5c7d7b3fa835f223296322768026fd40beb18580f94743,1301063,48581,-1252482,2026-06-21T22:20:01,2026-07-11T11:36:19.858915,ALTERADO
01_127_99_09_001.pdf,73d11c9896c994f618694bd54d3bf7d9faee0cb907fe83f0d6227dadce129df6,6e10805f3f8b35c7c1ce74ce2691d64aeb36e0b9119893a8a81eb172780cafd4,603974,49561,-554413,2026-06-21T19:23:57,2026-07-11T11:36:22.068708,ALTERADO
01_127_99_14_002.pdf,9beb0ab303572d4bb1a58c0e7cbfb7a375e002220d1437e9e634da2752c0882f,50dfa11668c15711be163208dc9195feff5a3c6cd39244b6516aae85c8bd9f89,50966,50966,0,2026-06-21T19:28:41,2026-07-11T11:36:27.604656,ALTERADO
01_127_99_21_001.pdf,637a85908c44ab6d1a4d339e85d3ee38fd223d8fc3fdae9e9b2fce150a109c2c,982f00d695b4b153359436e24b1dce5f62adb5a8001541088e765a452c62be43,488352,51328,-437024,2026-06-21T19:25:16,2026-07-11T11:36:29.194102,ALTERADO
01_127_99_21_003.pdf,4827d5fd6dcb7c1f66d7e362bb3008d4c74c352106fa8e5f5885507ffc6ba3d3,713649a2c02dcea8cbf6377f3605a74eef4b0791db5f5be23647c479e7c66cd6,548624,50624,-498000,2026-06-21T19:26:33,2026-07-11T11:36:30.281248,ALTERADO
01_127_99_21_004.pdf,328327aad14ff8f27b1c082f9185e9ed31d0d5d39ff58e05fa31bd59a570d3e0,e93ffe6b5839873a6b036cf2999b4fceaa52a1f1cee6011121c2c3e4840ddfbf,488349,52292,-436057,2026-06-21T19:39:12,2026-07-11T11:36:30.870944,ALTERADO
01_127_99_21_005.pdf,74a8f170487c733a73072c2e222d791b4358c70a2087fbf4dc9bb9dee125c276,17ff93380280b1bde7ebeedc632fb3980687f3ffca8091991f8da542c0f71412,581027,51610,-529417,2026-06-21T19:34:18,2026-07-11T11:36:31.366405,ALTERADO
01_127_99_55_001.pdf,53125fa06a76f9d32135cd25ab91be3d4b121c8b839d69c448fb4d7f3a2b2ed5,36773ed444d2cd614172daa8b6734139f05d64747a61f69ebd972105551c36fe,624291,51295,-572996,2026-06-21T19:37:09,2026-07-11T11:36:32.035307,ALTERADO
01_133_99_10_006.pdf,dfbd6bff39b0a37527b8de018fe96e2815c95948bbbf736cdacbc72642c24898,c4cf30bba87dacf7ed80da7df36195b6cd9077e39c208865b63585acc0509d71,797155,53183,-743972,2026-06-21T19:40:07,2026-07-11T11:38:07.864146,ALTERADO
01_142_01_02_005.pdf,fb5cd3e638e32e49a0f97b86d311cec0b9b7b6bad1e9181e1d79f9467f1e34c1,df78c9397e22c6dcb9cb61fdeb8a1060e72e9031ad00128c81f03be6ad1a825c,52845,55487,2642,2026-06-21T19:36:50,2026-07-11T11:39:12.087329,ALTERADO
01_148_99_01_001.pdf,2f26cc046b3ee3e65e91b119efe9d267a0a314a73dab5ba991ca1cb2423e10e9,d05b6baaa65db952b3f6ff4752f5574d04d6213d829f1eeefdca33fded3bec18,509887,51976,-457911,2026-06-21T19:20:51,2026-07-11T11:40:33.946576,ALTERADO
01_148_99_01_002.pdf,d8a1412f75e19d89eed3b3c9c730feaacf894634271e061fccd583bef596f201,76f20d2c1c32adfd73e738868df646f90cea84bae7b05dc36f87e8293da1ef1c,427861,56084,-371777,2026-06-21T19:28:41,2026-07-11T11:40:34.557635,ALTERADO
01_148_99_01_003.pdf,51a88ee525a4aa0921994e83f011e10d6ab32df727ec1494e98fc4ffa9714fcb,3104f1dec51e938da80021dd6ee4b31ad047b0375c1a121b1e989bd425fbefc4,52284,52284,0,2026-06-21T22:23:25,2026-07-11T11:40:35.081197,ALTERADO
01_148_99_04_001.pdf,f2db12b4a83b0ef9040106f7f47f784b5b8bd0f76963a8eaea65732667c82b6f,f163704b2dafbea718890fdb9216f585977029933700cf5bb3bdabb30725c28e,307235,53093,-254142,2026-06-21T22:20:11,2026-07-11T11:40:35.636399,ALTERADO
01_148_99_05_002.pdf,e243272c5862c2c9fe5368800e364e837d4ad6017b4ae868bc6a593937f81713,60119b083b8e50a7e4b5b985b21a8e15f80c3077443b3e957eea6dae7e513629,835003,51271,-783732,2026-06-21T19:24:41,2026-07-11T11:40:36.706080,ALTERADO
01_148_99_13_001.pdf,fe478a82d4414d6c7a67df7172f1462366ba923e465583b87cafc959e7ba78ff,b2e654bfd65eec21926717e27b82bba08d6029d166990b5ece9f90cb042c5e28,575882,51630,-524252,2026-06-21T19:25:02,2026-07-11T11:40:37.222975,ALTERADO
01_148_99_13_002.pdf,24c300825d735c7e6ffc8369fdcca400abaf2b7e00306e91d125748f51cdc37a,4504ab2a86342e279c7740d75c885f164d0b340e206c010d6cbcc51adc9270c7,569741,51220,-518521,2026-06-21T19:33:10,2026-07-11T11:40:37.761468,ALTERADO
01_151_04_01_018.pdf,b7e8f11d993963942ac47a6df88713991698a7e76662bdd84876e52340b4cce2,954f869dc06818119c357410dadea6e7db3fe43a1d95ecbf6412f3d621aeef2e,53132,51089,-2043,2026-06-21T19:23:57,2026-07-11T11:43:41.763119,ALTERADO
01_154_99_05_001.pdf,41b210030e17c890507eed1fb09408194263bbb23639204c5db17777b7c84839,2c21e3a3e0358c2046843fd11733a24bbf10acd26912578363f4054878794640,702321,52904,-649417,2026-06-21T22:20:03,2026-07-11T11:48:01.821522,ALTERADO
01_154_99_50_001.pdf,b3088e90a6ef417af45125b1bf60f9c572516e84140e0a4d216f102a065dbdfb,6c95e8929b837e05866772e7361642fb447af2e92c3b5a72615ed73fee926c8c,62905,62905,0,2026-06-21T19:17:15,2026-07-11T11:48:15.643415,ALTERADO
01_160_00_00_001.pdf,64a5959fa30c3efcf7519e5767774ca2c0e0706f32d33ecc019ba0eeba81027f,a1c77c1092f46be7d6c4ab758d9eac99125befb127f984247ac70747316aa93c,75857,52181,-23676,2026-06-21T19:16:13,2026-07-11T11:48:38.228578,ALTERADO
01_160_00_00_002.pdf,d5414b1fb2c7cf130fab573d6ac9c4cc7dc5bc0496e52fb77b0fa34bf4e81479,c776b2b4d87fb976b40223792f8676e63b3b0711cc4325d8e670b674fb105f1e,77101,52843,-24258,2026-06-21T19:16:52,2026-07-11T11:48:38.855391,ALTERADO
01_160_00_00_003.pdf,bd5b5490d877bb6e9ef8f8ed114f802c80b9c4501d9ec704b52482ba552833b2,bd73a691a65a500310c44cdb9e2553b9d893fdfaf2c12347211addbc56d2ef45,81200,63067,-18133,2026-06-21T19:26:59,2026-07-11T11:48:39.434171,ALTERADO
01_160_00_00_004.pdf,d360cfd0db9b203d2a1906086145f5990c970cbf6fd4342d1370892a7a1952de,ae23629e97e028b60483646c3a51bfc9bd5a4841492c9378aa25f7c84c3951a6,72999,52679,-20320,2026-06-21T19:19:37,2026-07-11T11:48:39.976356,ALTERADO
01_160_00_00_005.pdf,ddb940c3b73094764271722dda652bd32aba62d6b55ffdf38e42cb0de6afa1e1,dc562a6cb3c23ba1b5d3f12611445155c7885eb3120b0e95e3666e521907186f,75388,52694,-22694,2026-06-21T19:21:39,2026-07-11T11:48:40.508633,ALTERADO
01_160_00_00_006.pdf,bc7475392fb615a2938e6f407bd5961b4b2a8ed74eff371788910f4d7b6a03ac,4a1fed80cf65e022edd933da644b2f6c1bc75f79968c1c9fa5e93c0755c6318c,57214,53009,-4205,2026-06-21T19:29:18,2026-07-11T11:48:41.102860,ALTERADO
01_160_00_00_007.pdf,d410c6538e2ea0bf7a9a061d4844ecb4742a4b1959668ccf98e35fe5d13964e6,92acfac6b8750e12de329d803989f14e65b6eea58aa5bbbbb3ac3c5453609f47,57252,53834,-3418,2026-06-21T19:22:34,2026-07-11T11:48:41.605649,ALTERADO
01_160_00_00_008.pdf,d781c05c396dcd790693175ab446de024713b0c90d5869b850d35662223a8fe9,7984d2c26b116c5aee486ce62e28703b91ed9de8aca6616d3650436e5c83e7be,55166,54148,-1018,2026-06-21T19:33:09,2026-07-11T11:48:42.201553,ALTERADO
01_160_00_00_009.pdf,54dd99bd6b227a3080f5337eb3a25dd525f458f7499aca7eb63295cb9dbed22e,e1164c600233b9575feab52a67f2506414c058ca0f46861391e7e030b754d806,75727,53301,-22426,2026-06-21T19:30:15,2026-07-11T11:48:42.719434,ALTERADO
01_160_00_00_010.pdf,da4cb3ef596541a242f1742ce4a55e11214517c891608eadab2488690b399989,ab46672fdb1e7c28fdf7082fec8f2e0516db35ac6f38ac2014c5d1f75a34afb0,74327,52308,-22019,2026-06-21T19:22:59,2026-07-11T11:48:43.326152,ALTERADO
01_160_00_00_011.pdf,095f858abcd3ec0fe48e62923efeccb1245433f62143849540dd6aa4826b6d7c,516bf0c84e7920d17e4614cf07388d803189bef7e6ffe16cb276322a1da6b669,85214,78191,-7023,2026-06-21T19:17:02,2026-07-11T11:48:43.960273,ALTERADO
01_160_00_00_012.pdf,8b6f02270d0b6a28345e1570130f76280581c6e18095ba9bda5f8e7e3feb506f,dc97f42db4e88c5108be92d568731415cb43aacab7e52bd8d874dd178bce1fec,74009,51374,-22635,2026-06-21T19:18:12,2026-07-11T11:48:44.563729,ALTERADO
01_160_00_00_013.pdf,5a759ed44c4e816be38c42e328f7041406c0ad229f28fcee184f91dd957c46b9,cd83a82074d01c78b3a671e37994104fd26f30db16f49adcd76130ae4514ad18,56430,55712,-718,2026-06-21T19:25:42,2026-07-11T11:48:45.098855,ALTERADO
01_160_00_00_014.pdf,98848fe4b19a051378566703c413db873c1f666c1cdfde3de8cd473165b47ee9,7f60bba84b2f5f30a82197ba08710642cb4181333a52a57c69efa9761aea1c8c,59844,55322,-4522,2026-06-21T19:32:01,2026-07-11T11:48:45.708270,ALTERADO
01_160_00_00_015.pdf,7fd542c2cde1de9050b83bbeb916df61a68fd0b859887a174dca4f2bb216bd18,04be04e9fecfc57e31a55148ae661f6aad310bccfed04a6cffc7f6d35c58dc94,75885,55072,-20813,2026-06-21T19:17:00,2026-07-11T11:48:46.301696,ALTERADO
01_160_00_00_016.pdf,46a2524a9d15e7fb63fa47bc6e845965403625398d0404ea6fa05b899c6c859a,f6defb41e671843e84d4eec793c28af05165d2b120ad40b68504ff2c78a695f0,72614,51922,-20692,2026-06-21T19:25:40,2026-07-11T11:48:46.820307,ALTERADO
01_160_00_00_017.pdf,46a424d493bb09e65686593b5b5471b486cbde564f9ce0743ff7ef2d00c40fe3,2deb30c221c97ad010f3ed5cf3bfc29abb880cfb4bf5bcb65fde066e99489e1f,76197,55283,-20914,2026-06-21T19:34:34,2026-07-11T11:48:47.406782,ALTERADO
01_160_00_00_018.pdf,f18edbd713890ceeea7f0ba21f28b0f12f7df6097bf8a1293d85a83710ad20dc,5dd87c9cdb708d14ebf544d2abdf1899d77ef6c5bfc78a9615e9b019434d5b3f,57889,53945,-3944,2026-06-21T19:33:09,2026-07-11T11:48:47.939162,ALTERADO
01_160_00_00_019.pdf,5ca0c65e6b35b0ed8f412fe30a0ee557d4dfdcdd39f6f00d03e8823ae2c762c2,664edf569df46501443d32f4f7f62b37270d3615e57f2aa2de87d18d96052b4a,74869,55978,-18891,2026-06-21T19:19:10,2026-07-11T11:48:48.465076,ALTERADO
01_160_00_00_020.pdf,50dc7bbd009c88d68cb81b8754c036c0169e4ace6b8676a0554bb9245fe9ac28,30b4ade64833c6f10898c760b57f4b2fa37c11158b80c8216cabab209535d8e2,77070,53480,-23590,2026-06-21T19:28:16,2026-07-11T11:48:49.020279,ALTERADO
01_160_00_00_021.pdf,ab93efc4fe3f4b905f1766387bbc7916ae10fdb7f7cb1077bbc6148da651931f,794e6ce3516e53c417d47d0a1633e6290a3ae6b754e2a41dfa9f8481b735b7b7,64485,62558,-1927,2026-06-21T19:29:06,2026-07-11T11:48:49.559230,ALTERADO
01_160_00_00_022.pdf,9ac440046ff7456f4349dd94762b4925e74c012e18f06920a5219131a50fe8dc,29b049480e4ac6dc13b8e55c32efaf7fddbcf85300f8fef372253c7ea49e7a2a,72159,52801,-19358,2026-06-21T19:16:27,2026-07-11T11:48:50.098225,ALTERADO
01_160_00_00_023.pdf,4fa988ae414db1c76b15578f85abe2d170ad25bbbab5fef4abf764b8dea6d70a,2c90a603835a8590506639224d7d23133b8b1e6dc244e46f04399c89daf2337c,77705,54775,-22930,2026-06-21T19:34:04,2026-07-11T11:48:50.674177,ALTERADO
01_160_00_00_024.pdf,302a98ef0889235b609a0d0b425295c69e5fde46fd2d0a58eea9c3cb3c331173,417e3a35cbb3fbe33f910cd0b98acbb636c0dcdd084baef19c24c21169e6b02d,58439,55604,-2835,2026-06-21T19:17:14,2026-07-11T11:48:51.282481,ALTERADO
01_160_00_00_025.pdf,991e7b4356da3ed76e196691a76c21db6aced56c9bdcbe04b71c03ebca1ac266,528a6e23ccd7343bae0649a372eaf67dd283067fddbf76aae5b4082640364132,57096,54364,-2732,2026-06-21T19:18:08,2026-07-11T11:48:51.901831,ALTERADO
01_160_00_00_026.pdf,6065faf52b90af6af7ea642f92dd48eab906fb43b8225c739ad2469b3fbcbba2,6f215d9975e929619188f96464f2572e3ec03ba1c7e81f5889375fd05113664d,74854,55031,-19823,2026-06-21T19:20:34,2026-07-11T11:48:52.406494,ALTERADO
01_160_00_00_027.pdf,cec6830a2ec2168ed6738189ee9c5744b2edf58c4ac4f91f03cefa3cbecebef6,3418d2754d952ba4df7c7e6ecc4c75a6ac41d7a74b23c73f29db921e7885dc76,76150,55668,-20482,2026-06-21T19:24:50,2026-07-11T11:48:53.032901,ALTERADO
01_160_00_00_028.pdf,de38eef4f2fd4d8e38b918277e7c05a0a1702521cccc62790a235a85c6250b89,a85170b0574ed9a872c996dfb5da73fa3cad60950bbc89cb4903773a6fe4b419,56971,52158,-4813,2026-06-21T19:33:51,2026-07-11T11:48:53.547255,ALTERADO
01_160_00_00_029.pdf,cf0b1de18be0a724d071fba044dd0aebf627c336e0026a9ae9079ece9ae11187,87cae2e0720ea1b38784506a02764b05baf20613bc26b62938ff0da2cf30b179,84500,65199,-19301,2026-06-21T19:17:00,2026-07-11T11:48:54.050551,ALTERADO
01_160_00_00_030.pdf,ec6a8afbe035a73d9ed362eb28f2cbec2914e520b7bdaa8e4cac375f303ab259,dd9db1c657bd753b1898555cdf58670e9d2e5cad9b51b957b18e3a8f393e3b21,75213,55347,-19866,2026-06-21T19:27:00,2026-07-11T11:48:54.542996,ALTERADO
01_160_00_00_031.pdf,55665910256ca22000c20f3fc38a4b66a1d0ee98c5951ed000a19e884420565b,78e82a2e6d9a9da87a21ca2678dc7f3806e05d6e3543043dc229f7230c709066,75424,53631,-21793,2026-06-21T19:31:34,2026-07-11T11:48:55.131748,ALTERADO
01_160_00_00_032.pdf,007f842f5c594eacdff06feb53ef3a2c182cda1d57baeca6853be21d7bbbdf10,3cd57f4540967a5d70d8432e016584f6155f4e492ec8ac373284ff8bcd049e1a,76633,55972,-20661,2026-06-21T19:24:13,2026-07-11T11:48:55.728635,ALTERADO
01_160_98_01_001.pdf,df0cc90a22edf5530f56b1d18a53ba9ba9d3fbc21e3fe5b0e3adcdc04766b154,3e050f8e69fc15103907501a317cf1ae78df2580dcb39a11ab8a17dfdb49042a,58209,51796,-6413,2026-06-21T19:18:49,2026-07-11T11:48:56.249011,ALTERADO
01_160_99_07_001.pdf,dd4daeb104ece79f9cc4ea4347332fbce4181457ef39fa51996a787cda1bfa43,d69505fcb58e3314a2f8c952236a6b5c5f76df3cf8a31e3baf883c30631f7cdd,93684,67717,-25967,2026-06-21T22:20:44,2026-07-11T11:48:56.757961,ALTERADO
01_178_02_02_015.pdf,e89ed78db902194f52566fc953122ade0fe48b939ce776a3ee168114b5d38327,0031fa408f098e2021e6a4787f49e0d1638a6e123155bc62db3e8a16f03fef43,73409,51493,-21916,2026-06-21T22:20:12,2026-07-11T11:55:14.423394,ALTERADO
01_181_00_00_002.pdf,27001ead5061aeb9777e2f89a12aca14326b8f7307c3cb683e04c0e25b2bc0c3,53c4d4356ae57e4f6756e8f5ceb143579c2187d35693739e580a30cfb87151e9,47554,47554,0,2026-06-21T19:21:38,2026-07-11T11:55:40.712186,ALTERADO
01_190_99_07_001.pdf,38b87f37b43c24cc2604e0be14f6980469c9cbd06ed173b14d24c6e5352d2c43,306b6e5883f3ccb8c83db6f9632072b1016665fc3551d3c6cbace21a23ee5a50,48226,48226,0,2026-06-21T19:21:06,2026-07-11T11:56:39.491268,ALTERADO
01_190_99_07_002.pdf,7c7ea6568bcbcf20ecf6c195fa622adb7ac5c6704ea8642fe796ac3be14ae367,7645003e61479943919427b15f838af3eecb2baa7a015c1cef629db82d650ec0,52470,52470,0,2026-06-21T19:28:27,2026-07-11T11:56:40.067129,ALTERADO
01_190_99_07_003.pdf,3721f87dda3983d0fd7b6f3f0f81b0db57c137270b576fe929939160190bdfb2,7da8d658b8743a7092d49cd42ef1bbb5aac4557033f0e3ada23f6b6e5b45c660,48572,48572,0,2026-06-21T19:23:54,2026-07-11T11:56:40.583885,ALTERADO
01_190_99_07_004.pdf,5648be21d30ae9e961777680a53d8a385b82c6a32f5e35b1d20ca5d83415d35b,47226ef74e1f051c1a2ea1a96d5f32f246fbfd01b93c5c222f062bc4fc56f0c3,47621,47621,0,2026-06-21T19:16:12,2026-07-11T11:56:41.163406,ALTERADO
01_192_00_01_022.pdf,b1217917e9e940d3e439d0421e7002f723ed81ca7b6544bb47a676eda1c1ea64,1b11e1d79150ad0adcf725360e75c5d22af86de39794e9451bdaa2ba2fbf75fa,63316,63270,-46,2026-06-21T19:37:14,2026-07-11T11:57:33.585565,ALTERADO
01_192_00_01_023.pdf,5fc3c88006f15740fd19b59e79bc9cb024df96d815bc19b242cf7aa1931e7881,da30bfe27208fa0cafbf0f3108dd7adeb8d2e5f6cbf78c08565ff6640972b480,77233,55457,-21776,2026-06-21T19:40:33,2026-07-11T11:57:34.193143,ALTERADO
01_192_00_01_024.pdf,7d74f9424cdf675341de3c0fdf82db7c77ccc7ac38278720f8951cb69bfaca89,54daca3fe83cceadf2ae13815f94510da121aa50c76b54f266a88d6026bb2b92,78188,56731,-21457,2026-06-21T19:40:04,2026-07-11T11:57:34.709202,ALTERADO
01_192_00_01_040.pdf,325f7f9782358aa92aaa2c832f45a3da968cc90b407a3f2fe96a695f8b6a9679,33168f0f79acb330ebe0dbd716e482ded353390c49044c2bee7c2d94e5aeaf3b,68380,57084,-11296,2026-06-21T19:39:58,2026-07-11T11:57:43.698635,ALTERADO
01_192_99_02_001.pdf,2f708bae49788e864a8b7b00b8266ab33f42f6839d5500dc9a63d8a9dd39177d,2b6f529cdf56287cdfc1e80cbf4f4ad693ee2e8d3a04e08d8bcae3afeee96209,830530,64343,-766187,2026-06-21T19:39:49,2026-07-11T11:57:55.135841,ALTERADO
01_192_99_02_002.pdf,3228621732d29f6de0199cb97e0bedc66d5cc05604594a9861fa3df04c4c6fc6,f542caf44fca990944874e8eabdd1ef8a93e3e01278eb6c5447a1940b3de5328,635154,55918,-579236,2026-06-21T19:16:50,2026-07-11T11:57:55.633615,ALTERADO
01_192_99_02_003.pdf,45e8d4ab069270754afc7f9ce53000abc2206e187587ef8e7e70500735f961d7,481d94c98e740dee7f8bd94ee11e3db11b73ed0a9439e35d6520c4b842ef2b9c,679049,54160,-624889,2026-06-21T19:28:50,2026-07-11T11:57:56.229549,ALTERADO
01_192_99_02_004.pdf,8d6289526cbdea95f9658cc671cb9de960c9e4b3b6315f8ea86f29e9f57dfcd9,4a5070d7e9167fa7aa907be8e960dac293bc0e34cf865d6ce518b4760326d649,617036,51113,-565923,2026-06-21T19:33:16,2026-07-11T11:57:56.742890,ALTERADO
01_192_99_02_005.pdf,86bc0852c87c69028ced6782d5e3528b1b4ecea7e494ff9e38540c6ac36c783f,464404dd7f6add850318d55cd89f8ba103d33e58f4cb14a86ce5e4d3cd63b631,611822,54748,-557074,2026-06-21T19:21:11,2026-07-11T11:57:57.226567,ALTERADO
01_192_99_02_006.pdf,56deb6148ae505f5b1692f253e0e79bbb8a78ad0432a4f6b68ee97b031ed1dce,022d3167adaa67037245c4edb20a93ea60e9f004d7c400b4971aa8b80059b986,380609,54965,-325644,2026-06-21T19:34:38,2026-07-11T11:57:57.758750,ALTERADO
01_192_99_02_007.pdf,53b9d9e124ebf02da074d45daa497be5f58b3af20bb17135a5c1357bcb09eeb9,11efba6d7c2f2b3fb19e73446ee4f8c1246493835378c03237969ab620c9b030,396058,55156,-340902,2026-06-21T19:38:54,2026-07-11T11:57:58.289410,ALTERADO
01_192_99_02_008.pdf,8c151e004fab053ed5379e84ce71d9d1fac385b90285d96d72d9ce037653e47e,e60069b1b322885a5fe2e0b7929d5046192ecc26a5d510c5aa1a827ef9fd2638,414705,58001,-356704,2026-06-21T19:37:37,2026-07-11T11:57:58.905152,ALTERADO
01_192_99_02_009.pdf,6a9b9a075e74d8553a8b1f1fe0d81a9514b497d4e859cc024cd3331950ceb4e3,9438b20fdda3a28b502e8cb105978a383c678b77c2f02df484fb15484c02eceb,432014,68710,-363304,2026-06-21T19:39:38,2026-07-11T11:57:59.450156,ALTERADO
01_192_99_12_009.pdf,b86124430ffe822ca5178c52b5948c13c194520b36ff80f390719c9120c690d0,51ddbfcd25284fc3ebdacee7bde16c4fc937dc5b9a9c3be5b688a1493d11abc2,71704,53894,-17810,2026-06-21T22:26:40,2026-07-11T11:58:10.681438,ALTERADO
01_192_99_12_010.pdf,c49b8ab172012a7bf02140de55b8e10aca38d8d8af7a9673ea5043ad23c9cf87,1814c2aa0bd6920533ce24b850261b5126adfae736c04b883537a1d7c812b6b8,94883,52641,-42242,2026-06-21T22:21:45,2026-07-11T11:58:11.193713,ALTERADO
01_192_99_12_011.pdf,99ec7b69561da306433a662cc72da801599d2160fb825c79e7c6357c76f258ed,374454a58fd59609fd8e31669e56ae201cbf3365c98d19a512b92fc7f0837f66,75224,56269,-18955,2026-06-21T22:23:25,2026-07-11T11:58:11.698105,ALTERADO
01_192_99_15_001.pdf,64efc0227772735e760357384a849372d49bdd46f97bb4e229ea789c7c1f07cc,e041484c35a5d91b7ff4b53522b0599bc2a57a29a26f7d4e7f5068152dd740a0,558725,60076,-498649,2026-06-21T19:21:11,2026-07-11T11:58:12.177463,ALTERADO
01_192_99_15_002.pdf,be425c299afc1a786a4596e32581dceaee929f4f370daea474af8424acad2ab7,c2747aba1f7f007c3ebc71f77a27700072e9d606c01ff0052ec4eb037ad44e64,538850,57635,-481215,2026-06-21T19:23:53,2026-07-11T11:58:12.653112,ALTERADO
01_192_99_15_003.pdf,1fb8574629e9491b1a184a5faaee8860d73a9c9979d604767e814346d293ef43,0afb36a6b62388bba11f0f27523dd5107fd108d6b775e947a0400e697d52b891,631905,56115,-575790,2026-06-21T19:37:15,2026-07-11T11:58:13.196762,ALTERADO
01_192_99_15_004.pdf,915346cf1cb310748d5b608e343eb215b90226614809c224084875c8be9cfeaf,4ac6edaf94bbe854df8a2f4ff9a9aaa15340f724bf9d5aa6aa49fefbd71d60f8,467383,56833,-410550,2026-06-21T19:16:55,2026-07-11T11:58:13.726204,ALTERADO
01_192_99_15_005.pdf,0938ddd96c2dd56b0a0d5f87e948e1353752d9857b6255afdcf1139ab2e51eac,b469e37ed561f78f9806c338f212763ed453de3b521e08c148c02fdd2672e872,401220,55649,-345571,2026-06-21T19:22:38,2026-07-11T11:58:14.329511,ALTERADO
01_193_00_00_001.pdf,a523a9d7ff9b4db287fe0c88d7478fb4760b909df5b3cae7f50924fb3c07c593,3ba4969bc8af43c258adbfe6e4065a5e545a36e15474cd1a3c5f02a74c8e7eb1,968690,54081,-914609,2026-06-21T19:17:38,2026-07-11T11:58:27.971405,ALTERADO
01_193_99_01_001.pdf,c07c8fdd9806ef386654e2954f1fdba46ac467a8e066e1e8779b71ff5fbe3f18,e7c0abfb27ca15a42d48b2e4c8fc5a0e1277472313ce8a77e1f064445c10228c,778669,53478,-725191,2026-06-21T19:31:03,2026-07-11T11:58:28.555362,ALTERADO
01_193_99_01_002.pdf,bf63b483fbb34b644fb413c18a282baf719147f5702501a32c471ffc382bd75c,73c2351dc526bd701746ee395d584ff14d803b86b0145d888bb1ba88f2f58b3f,794305,58495,-735810,2026-06-21T19:18:16,2026-07-11T11:58:29.055133,ALTERADO
01_193_99_01_003.pdf,4d26de2d5d98d4e478242ec4436f04fc68b2cb73997fb12ddd85861ead338bff,762e63da74c438ea4be239b63be3f9dadee24bfea0f11cf47adffd9180f67053,408999,53343,-355656,2026-06-21T19:18:35,2026-07-11T11:58:29.728468,ALTERADO
01_193_99_01_004.pdf,a33b9512696416c4e68d531863b359558f7e7eb9c77364f21b9ba018bcb13724,34bc6da4e3663ca7a23b8971d7449f7c9813f7b9683ba8f78a6984f3cdc88bab,450592,53364,-397228,2026-06-21T19:24:08,2026-07-11T11:58:30.241066,ALTERADO
01_193_99_01_005.pdf,eb217d5659aacdafad1b56d7d3362ed3c80930c1d93aa8f4a2cd098ad805f52b,61aa410b829e2a5c0d549bfa5e35171789ece5331c8f22a065874c85a374e5e9,706019,54426,-651593,2026-06-21T19:25:10,2026-07-11T11:58:30.717085,ALTERADO
01_193_99_03_001.pdf,d92d8c8ddb7f475ccbd277e0afa7606250b70fe1d910982d0560b9020c41920d,1efd9a3e042f073e9a5e77058c1e3d81965d1227ef618662dd37717dfd354679,704588,51894,-652694,2026-06-21T19:26:11,2026-07-11T11:58:31.307642,ALTERADO
01_193_99_05_001.pdf,5f7fce305151e86ddb8990b876bcf71abe566825be6e133a5a4b618d1692919e,17f937c064d362b722dce581b5d4c64ab913dcb3d5be5594960ebf06f9793d81,620984,56878,-564106,2026-06-21T19:38:43,2026-07-11T11:58:31.935291,ALTERADO
01_193_99_05_002.pdf,f89963644d375d08d6f02857dc0cf99f0b4a429ea3edc15fe42a3c4150326c0d,a723acaf378ef154cd01a713c24c22377a686a0e2380a0be0a55b2e874cd39db,1220364,55908,-1164456,2026-06-21T22:26:41,2026-07-11T11:58:32.544333,ALTERADO
01_202_00_00_011.pdf,694c72a5ab11a451006a728acec95243ba131b4db806e8d9dfa530474e59b1fb,23083bd6c3a648bf7b7ffdf4986318267ecbbec6330f18a9678bb4c901b11ccb,70728,49377,-21351,2026-06-21T19:22:35,2026-07-11T11:59:22.949741,ALTERADO
01_202_00_00_018.pdf,e3017773fd47f7d0e9833263321fe5266e916ab6a58d5839aa057bed1e593f4a,b30f9d49d6450bfd0904993adbb597e4304ae592eea45c5c493b6f4d229fade9,70728,51309,-19419,2026-06-21T19:33:42,2026-07-11T11:59:26.968196,ALTERADO
01_202_00_00_021.pdf,f04707fdb9c96ae0d7f13db5783ea5fc22f69d68c1d6e1da5b3cd3bc8451403f,4cd6eb96d01795aca2ab3e77ed197a6dd482a398ca915f42cc076e092744c2f0,70890,51093,-19797,2026-06-21T19:30:48,2026-07-11T11:59:28.698502,ALTERADO
01_205_99_01_001.pdf,76c3ce0717ceb9c1e792a24e4919dc745a355d83f0b77d28fb7eb52fa0161b8e,4f67d1b8baa9a9daeeee20f57e49d4fe06f484271c57cc48ae2e14c9c358e947,53635,53635,0,2026-06-21T19:30:14,2026-07-11T12:00:24.631766,ALTERADO
01_206_99_26_003.pdf,6f979503898e3435f1af284e38cd4f5ddb9950b8b7ad9300dd2a5a71f67ef630,412f1dc7bb7a8e94e991d0ad69c29054e71938a0ed0d8ce2e251fee980aa6857,68467,54440,-14027,2026-06-21T19:29:33,2026-07-11T12:00:56.901899,ALTERADO
01_208_00_01_001.pdf,6bb8306cea88771a46c74c291cbf81ea8c81f7bd8247217d626492cefe4362ba,9e99385d5fe05ca2dd5c6a0a20b8e3922cfd563aaa885ef5d18320a9586821e6,63675,57083,-6592,2026-06-21T19:24:57,2026-07-11T12:00:57.528904,ALTERADO
01_208_00_01_002.pdf,432ebe94ea2b58c1dfd1a1bb5b13e8e5d75a8c1982d2aa44c4898cb0b555d728,ecf5db68c427a32badaefcb54abd0bb8244a1ef594f7b0b95af1b1870d653e19,56266,57635,1369,2026-06-21T19:16:09,2026-07-11T12:00:58.030114,ALTERADO
01_208_00_01_003.pdf,b6c91c713a8c23a517db1531993de4d0b4a2a4a7420eaf229cbe61f04d81f6f6,da6eabdb3eaef37573fd73b0d484998c02ec31924580b0781011f14b06e12688,52069,53333,1264,2026-06-21T19:20:00,2026-07-11T12:00:58.587415,ALTERADO
01_208_00_01_004.pdf,208d6605f0161921213d957e1a48189fe5c995f74b564eeaf21546ce4c94e295,2a902f3ba382a90d1bf051878f39d48177ab74f5cdd9bcdca9a8a5a4b85c21a0,53445,54323,878,2026-06-21T19:21:38,2026-07-11T12:00:59.117694,ALTERADO
01_208_00_01_005.pdf,ed199a996ea6a36151d0252073280eae38777d393b176d4e3d789f1a7514b64e,302bcf3dad0a0a7faa1f0d65b4448dbc9f53ed19171656b504adb70fcc95c0dd,50033,54309,4276,2026-06-21T19:31:00,2026-07-11T12:00:59.739769,ALTERADO
01_208_00_01_006.pdf,b8ae421cddeb76fd4e7645f62a818e427cf04a40e9c865efd855255bcf9b5143,9fce62875fd21a1f4784fa1f7322554d2d868fb4eadd3c22d8fca32ab6ad10bb,53350,57133,3783,2026-06-21T19:20:41,2026-07-11T12:01:00.369379,ALTERADO
01_208_00_01_007.pdf,93ee42be04c25409044b18802171f995a48dcfb6ca6853e793d1bacdc179c04d,c1614351aba5cb73ea772bb4e750f66f434f97ff64cd6e36dc281ec1fbcb979d,52697,55628,2931,2026-06-21T19:17:10,2026-07-11T12:01:00.885395,ALTERADO
01_208_00_01_008.pdf,a69afa557f7913d8e27f3ae92c0502233ac8bd3c2be216ec0fe6ed4e3e0b4285,22f88296ce70209125c46f48c3739a37e76788b9eb135b24e13b5e83b84c68e4,55724,57442,1718,2026-06-21T19:31:00,2026-07-11T12:01:01.470841,ALTERADO
01_208_00_01_009.pdf,dcf33f9be1800f1c3b46fc62130bd75ade819e4a1797b6280c0c28d1cbee63b9,16573ce29c8fc382cc5bd389ec9d2497fc291edeaeae2a9b75f176aefbadda91,51961,53784,1823,2026-06-21T19:22:35,2026-07-11T12:01:02.008044,ALTERADO
01_208_00_01_010.pdf,67991602c7d1be78e45515d00c1eb0a83e4825577c4f8c1cb46a644387b19335,dcb69119ca4e9017f22c25b49695fb25b580522326832861f88ed94b4f4daf5e,66475,56562,-9913,2026-06-21T19:27:39,2026-07-11T12:01:02.530760,ALTERADO
01_208_00_01_011.pdf,f7d7739bad484b9a730d1795f6d3f471a20ac8ec815a30fd459628da37c9f7d7,39518a38c36d1b93dd0e23575e2cd43642d0015e3e47b9bbdf4588bb9c534d61,55616,57998,2382,2026-06-21T19:23:35,2026-07-11T12:01:03.127445,ALTERADO
01_208_00_01_012.pdf,c43c0b9b34ca0f90f14ea0d39c18ae50e03288777018e4aa5f6b777a5dbe03c3,8242d59b98b4abc660949775496e6d7ed265986653a3f63b85075f478d4d3693,58986,54329,-4657,2026-06-21T19:28:42,2026-07-11T12:01:03.771502,ALTERADO
01_208_00_01_013.pdf,ada623f758a6c0e2147d42fe538756f9bd42b0ed2146537577b420f1db06750e,9820d4c68f65ed5efe18cd8cd1c93f6718d258630672eb5bc83dd0a7e143226d,52542,55554,3012,2026-06-21T19:27:57,2026-07-11T12:01:04.421362,ALTERADO
01_208_00_01_014.pdf,6f5377c07420251c34bc53c33f158d46656ecea361ec83f2e57a29817b13de12,98420cbf362d7d8473b91baece336d5298fd13d81f2714540a9934ce28fbf1b1,56034,56761,727,2026-06-21T19:27:31,2026-07-11T12:01:05.015341,ALTERADO
01_208_00_01_015.pdf,def4d19d8be0b748f409aed02e31b082064875acc4f10f3c175c11018343939d,d91b930d56de591116e5349b7eeb0be9588f8d855498865b76d5f0d26bec8ff4,50402,52316,1914,2026-06-21T19:26:03,2026-07-11T12:01:05.623051,ALTERADO
01_208_00_01_016.pdf,eb4a3105b96a805b144a838870f808cf0676c5398408d9510c7a1b0fbb598bff,bcddd14df1be0ff6f40a68316f37e206758a8eeda0734422b95538bd25daf86c,62259,56230,-6029,2026-06-21T19:19:36,2026-07-11T12:01:06.229059,ALTERADO
01_208_00_01_017.pdf,b7c9e59661b1887332c6fbd8d9216f575e85e3eec25315d9b4b66da29965b406,1a7b1c7640b2398a19f4f148369382dfa2dc7deb913bbbf1fa6f958407f9eaad,60165,54199,-5966,2026-06-21T19:27:35,2026-07-11T12:01:06.842504,ALTERADO
01_208_00_01_018.pdf,cef00e1733c6da5e77442e34dbe7547edd1804b868d6cb4cd870d6e69b367ebb,b60714787e01cb2d4bd737e42e1ef5c8fd6aed560202381d72f168ad514aa17c,54514,54878,364,2026-06-21T19:30:38,2026-07-11T12:01:07.444053,ALTERADO
01_208_00_01_019.pdf,507cad74060d2f551aaa6a5632a6492610e22543ef4dc192001628ec95d94484,5bef2f3913bf18d75ce56d1751ec6844af634f995fb3dd093fb0b6ad9e4715dc,51404,55242,3838,2026-06-21T19:26:16,2026-07-11T12:01:07.966424,ALTERADO
01_208_00_01_020.pdf,4eb69c50004312fbf29012c4db37d940207ea178e7532c249edc0a5d829aca52,53ea73803ba2c699696776e2b494361ffb777da3b1b849e32f1554763c24fe68,51399,53256,1857,2026-06-21T19:31:41,2026-07-11T12:01:08.580030,ALTERADO
01_208_00_01_021.pdf,f38fd3df0a7e0abfd38a27b29be02f41f22db110637816e180f99883b7923261,eab57beef1a090b57a6a42d749132014679f774a03be64c180a0d87f8400622e,55991,55179,-812,2026-06-21T19:24:47,2026-07-11T12:01:09.188305,ALTERADO
01_208_00_01_022.pdf,1baa4c3ba53f2f1ebe095faef5d2868193552e82f93bb42591672816469da1a4,caa02a441bb76d3e74aaa60935967bf3727175f8e7c28826741b378eb13aed23,53726,52422,-1304,2026-06-21T19:28:33,2026-07-11T12:01:09.736836,ALTERADO
01_208_00_01_023.pdf,8e1aecd04688303bead1c298cbbefd4011c8619f75893fd14d2fd200a316d492,3f4579c912afb4bdd4b88abd640490abec3c462852323e264a246bbd7d46223a,56910,54918,-1992,2026-06-21T19:23:09,2026-07-11T12:01:10.324507,ALTERADO
01_208_00_01_024.pdf,2fd034d00bdfec5395155e7b8c3939aca3f09107a9c432fbdd7706c5a9301e1a,235d1a9e0956676c27da00ef3a627b0b5e3f4b52305944a1c54b2182f7cd4f91,53213,55441,2228,2026-06-21T19:27:40,2026-07-11T12:01:10.947484,ALTERADO
01_208_00_01_025.pdf,3804501f4775e968d1c2bbe33a3d6cac7a9c1797e5bb69a4f25e7c197b703bfd,ef052f96e346099e31e6e71be022195025f0cca1b794159363d690302aaab1b1,56547,56358,-189,2026-06-21T19:27:19,2026-07-11T12:01:11.557862,ALTERADO
01_208_00_01_026.pdf,d2ac3670fb0f3f50ce7e4272a0c70b086f0643a0692788f423a8491dba712bbc,11b5236b662697115dd4a3389e8ecc913daa0bc1421c48f344e182a94ddc1722,55807,55688,-119,2026-06-21T19:27:49,2026-07-11T12:01:12.161579,ALTERADO
01_208_00_01_027.pdf,5147b5cf3a9703224e1e368237460df4a0ff925eb6ae6bdc0f0a1e6c7c877ef6,ba6f668421c7ac58736382bf0e86b947a05b5d661b941de29db64ec5f3e8f84c,55162,55377,215,2026-06-21T19:26:32,2026-07-11T12:01:12.654556,ALTERADO
01_208_00_01_028.pdf,3e0587ba291270a086a799eda79c6d8b1c04280ea98162490eaed1cf4d0d93f9,6896b89c8fd5accff74cb7d21f3568c3c83f0d4300cfceab657917a728a24abf,54124,56636,2512,2026-06-21T19:29:40,2026-07-11T12:01:13.254028,ALTERADO
01_208_00_01_029.pdf,52e271885a6e5cae8dbb9b26a0f4c1777ba56009483e4263b0d37c3ae1e2537b,b39ad23a3d666b0ab9d7ad3794075a4bdfee3d717c18b6d357980b7871223060,54300,55020,720,2026-06-21T19:16:58,2026-07-11T12:01:13.751585,ALTERADO
01_208_00_01_030.pdf,3c14bcb9e12c6b86e808dc8961421cf2aa4d1c04e67993578bb25216cd3b7be8,c3a5e64ba51c5e951de77b2beb033c3c48f44a660972e6422c9399d59b09080f,57912,55523,-2389,2026-06-21T19:20:16,2026-07-11T12:01:14.273437,ALTERADO
01_208_00_01_031.pdf,ca1cf6cdb5df148c63263d576aba7a42bcc2da15850f23c5db5f2b6f647e9d97,24104dc2cf2ab362e4d2d958d5c1920ac5720a27443fb886318476f5d9fc4c74,54645,54117,-528,2026-06-21T19:24:38,2026-07-11T12:01:14.794720,ALTERADO
01_208_00_01_032.pdf,73f34974ad2dad45cfa75e2eba6f7e71ecee12cfcdc005573f8573030c5ac09e,4da1947c75381c74ed2629b87b8c3a05082193aeefe1692ffad266c363f8c4b7,54891,56509,1618,2026-06-21T19:16:43,2026-07-11T12:01:15.388969,ALTERADO
01_208_00_02_001.pdf,f04be65776352527b73a423435c7a62fcf5dc3197fb66c1cb89de2ee0f2b19ae,8cde0a6258453351e9bddff7745df65ebfa7f8ae65b9166a8d0b371894d7216c,52973,55546,2573,2026-06-21T19:25:39,2026-07-11T12:01:15.914434,ALTERADO
01_208_00_02_002.pdf,0b115f7da0c1c3f6a19f239af07186dd830cfd8928a551dd807a425e80cc0f23,7f7fa0564f60f6e3c626a41b541ea3a28e49a7e6674580682071a4b2e405eae4,59825,56336,-3489,2026-06-21T19:22:50,2026-07-11T12:01:16.526123,ALTERADO
01_208_00_02_003.pdf,adefa8e07ab98132580c2fbae7db1904949eda11ff9bea8666e112ff27382205,007ec9ad524ae9ef36cd62da5fbc5a4c3e027bdf116358c7046f0c29d930fb20,56854,60393,3539,2026-06-21T19:24:03,2026-07-11T12:01:17.064556,ALTERADO
01_208_00_02_004.pdf,12fb8df0b817cfe3d38b1b624ff05af1d11ff185b2ea408edeb680ab016d2aa7,bc9c9b236622022526b5fec86657630ec18db2756d2d6142dda9d729a98fc29b,53971,56837,2866,2026-06-21T19:28:49,2026-07-11T12:01:17.686575,ALTERADO
01_208_00_02_005.pdf,68e1d143666c5aeec0f8dfd44a9d0503e90dc366d550c1fcf2a8d2bbd3d4880b,7c776665632eb18e9f35b95137af37bf7f54ac3e1b1a5c5cfd590c2d62aa9e8e,54471,55977,1506,2026-06-21T22:20:39,2026-07-11T12:01:18.324114,ALTERADO
01_208_00_02_006.pdf,f435fd257f0a3f6d02f2a00b8c8108a5ed52c5085b33df8fba60b72254356bd4,0bc139154ab5bcec66ab0e477446452a126fa0f20f50dc74f1604594baa80c5e,52169,56270,4101,2026-06-21T19:26:13,2026-07-11T12:01:18.900184,ALTERADO
01_208_00_02_007.pdf,ed11f36722c9feb50fe6916642713d491a31cc3c781318fbcac111835cb677fc,0b793542500263f82e23170ff7aca3dbeb4a18e6db93bcf1a3f77869263f47f2,50929,54907,3978,2026-06-21T19:24:40,2026-07-11T12:01:19.513260,ALTERADO
01_208_00_02_008.pdf,27a6f6cd2387020173ba3bf3ea909c870d2761fe15ae9eb919874b6f73e0a2d2,a1b2ba552110ebf02ae48a247364a1b2574bbcb0dce968085dc5cf0731ac59db,53173,56361,3188,2026-06-21T19:34:17,2026-07-11T12:01:20.074521,ALTERADO
01_208_00_02_009.pdf,d17165e3254e5c4762ce5d7f46a48e1e689a5bdc7375386e234758d2b4122536,70b03c8a01e2cac9fabe7e38dc4e12e8218603a75eca9963b5d7b24db394f202,52281,56080,3799,2026-06-21T19:31:36,2026-07-11T12:01:20.675995,ALTERADO
01_208_00_02_010.pdf,a93ca73302ddc3770d090b7d35bd3507874c15d61b0db92b25359f643ae3eb51,393eac463d7da92b5aef55e604d8238f3d1b71fa17a6718d5a202e02e82638bf,67556,58797,-8759,2026-06-21T19:21:34,2026-07-11T12:01:21.227113,ALTERADO
01_208_00_02_011.pdf,34dc159149a01cbee70fbc5bffa0f064dd6223dcd98a11b2cfb2a06a2cfbb95d,779be23430a991cf2edd6ca58ce47002094b5e2a36d89652f5ba49d386a8d9e1,53670,58172,4502,2026-06-21T19:29:11,2026-07-11T12:01:21.740081,ALTERADO
01_208_00_02_012.pdf,1868f621ecf69bdd30f7f1e44fa93c42a229d560596314d8cc39d39b3fdcc855,39e57ba33221c2c1049ae534562d560f3e88c58f3188465fcb48db919d2dcb5b,52475,54783,2308,2026-06-21T19:19:34,2026-07-11T12:01:22.336671,ALTERADO
01_208_00_02_013.pdf,208d55af09b58629b79e518f07f45127bd3ac1847475aee6fda576b8c03cb1cb,7fe7da784647564a62f23a626b000d752949fff0a6fd67ee809f51e9bac3ddb5,51915,55774,3859,2026-06-21T19:32:55,2026-07-11T12:01:22.835483,ALTERADO
01_208_00_02_014.pdf,27cf53992f8dacfc502235d757d90712d631016c6f6bc7fea48a2689bd6e5c5a,19e5c1359d3130b1a66bdcb3a0f6295c86df9cee8f69e5675e6acc8776d7058f,53152,55952,2800,2026-06-21T19:24:05,2026-07-11T12:01:23.457258,ALTERADO
01_208_00_02_015.pdf,c810e142c7e599702afc10021d285e87af0cae0e34792dff5d4b4f285e08bfda,e99db0d0829ee718f4f67cc33860bda936c076d49e9920b9c454eacadf88ec58,57882,60938,3056,2026-06-21T19:19:29,2026-07-11T12:01:24.069522,ALTERADO
01_208_99_01_001.pdf,8a2d5ae4b6b43431d6e7db5c66ac7688d7493a186f841bf04f7a3c606257dd46,0752e0b81d576e6c90e02ac48a60edb7c4f2e15cd5c0e1325b492d0d50d1246a,51995,52185,190,2026-06-21T19:39:45,2026-07-11T12:01:24.626702,ALTERADO
01_208_99_01_002.pdf,7dd1e90b9487159124deee940c704e18e76503b1426ddc92cb061cb6264ac693,993091beba4c6936a0b46bc667cdb90a4c99f39cf1366da13d3bf8eeb8c43b6b,53104,52801,-303,2026-06-21T19:40:18,2026-07-11T12:01:25.217078,ALTERADO
01_208_99_01_003.pdf,62ce9854778819af4b212050077466bed6d12fe1728cfd0b99ac713fb18a0200,c086716f972ab0c4d5d895e9852dcf9b4ba0978dce09cfa4c1d19f8be3572582,60789,52960,-7829,2026-06-21T19:39:16,2026-07-11T12:01:25.735508,ALTERADO
01_208_99_01_004.pdf,d0a9db2619d7fed4e05b7141076e63dcb9fdd45c711f6d966862f11a82282a36,1cc9c6ea51b3a9dcffa80b5a0b8465be149daee8efcc59c691651679e6b0bee2,61338,53796,-7542,2026-06-21T19:36:53,2026-07-11T12:01:26.300606,ALTERADO
01_208_99_01_005.pdf,4b18a32fa866b9c49e7e5592768376fde29d655b76b3dda7709c1a6cbc725496,4925ac9e9e98dc79e69607c2febdf227779d3d0332dc3f29c5a3555bf48721f7,59234,51729,-7505,2026-06-21T19:36:45,2026-07-11T12:01:26.859709,ALTERADO
01_208_99_01_006.pdf,bc31ad4681f3d10cc44e3e7debcf7256866f76a306dbb6e10d575d0c70b52fbc,d20683b9f19d4efd856f6150e9f9329e55823f143a83d2c70538c6bc83eadaed,60862,51983,-8879,2026-06-21T19:36:59,2026-07-11T12:01:27.391644,ALTERADO
01_208_99_01_007.pdf,4d53155a21af87c1cb686e3c31afd4cfd68f9739362dabd8332a26df8aafb0fb,6fc2158c58cfee5addd881fb6e958eca28ae3b0da1439c95c6eee2d1613c5621,59439,55505,-3934,2026-06-21T19:37:08,2026-07-11T12:01:27.984984,ALTERADO
01_208_99_01_008.pdf,0f9190fb3b7020e09da6dd2ac4116bf22737b7129017b455f77d4291b1c1777a,d6b36684b2510499eeafa0b1549242b4861c8b7669a41f39d4c866bfaa0880e4,62549,54588,-7961,2026-06-21T19:39:02,2026-07-11T12:01:28.627541,ALTERADO
01_208_99_01_009.pdf,0e89fb28194d6945c7b07d3fd7dd6a243164228b7c6437e70a160eb52b34ccf3,87b8b55bf26691558726aead3b6d16394fa97a61d20950d49de211ba354499e8,63553,54577,-8976,2026-06-21T19:38:48,2026-07-11T12:01:29.234003,ALTERADO
01_208_99_01_010.pdf,e33ee2fd9e085ed346d1326a78677496db0d8e6480ce807c4c42918b9a49f365,e4a1cc817e5053bb0638666da0709459b32294ad8fc71a660d2b319e90c02bb1,62496,52807,-9689,2026-06-21T19:39:35,2026-07-11T12:01:29.860440,ALTERADO
01_208_99_01_011.pdf,2af1dcba11951bc6575f1cc5291dc618220525ebf84793e5f1d65b93d67be278,efbfe1552a967d9802507767be25b38f9f80fc4024ada36719d8f33eb435b64a,59953,51027,-8926,2026-06-21T19:39:55,2026-07-11T12:01:30.365476,ALTERADO
01_208_99_02_001.pdf,3c337b026d35cf908994c1c0496742b86a9896eb52d4181e71843b53f10fd33f,acef973407f3a98e60e696f74a8f2c1ec4567dfa8d60c26dbd0ae953f9eba15a,60049,51006,-9043,2026-06-22T07:37:15,2026-07-11T12:01:30.976116,ALTERADO
01_208_99_03_001.pdf,f073c87de16333494d8acc8e433a4074ce3a48ff9f5c52ba70d9fd5fc0b134bf,1bfdddd48ffd7cf69baf47dd3346ebaaf3d248f86eeebf26e72e554a865ef9d9,61600,51547,-10053,2026-06-22T22:50:13,2026-07-11T12:01:31.580994,ALTERADO
01_208_99_03_002.pdf,5fab4114107948f3750003f710a2a4ebc2c7e0848b00cef3324b1a1900c3e236,4f5ccb14cd3a16a00a6c5094a6b09ee6404da9fceb2e7789d911544dd6fed9df,61130,52582,-8548,2026-06-22T22:50:12,2026-07-11T12:01:32.168057,ALTERADO
01_208_99_03_003.pdf,f73c7a3312fc3e069cca562120b286b57f5a4a1b5fd3e47ad0b91a1f9fcb7186,95b4b38004d6c6fe38e56a6c7a21331c31713542dbe157e8a5c4c13bf6de0357,60623,48702,-11921,2026-06-24T09:13:34,2026-07-11T12:01:32.650536,ALTERADO
01_208_99_04_001.pdf,5f7ec08a2221c2de78c7751c3fca2bd50e12968f1edd8ba717e205a939f5ede0,633edcf17b349d51e44455a19477b542eff7687c78397ce2b678d06ceea015a0,52005,52115,110,2026-06-21T22:29:57,2026-07-11T12:01:33.776277,ALTERADO
01_208_99_05_001.pdf,157139659d14e42fb9abc6dd57ad2f26a2d29551a21a83dcc890c0948ac97fcd,aadd37221cdaca564d7813a3b8321b79ed7c9a91430ccbd8fbcde772157acd83,54271,53741,-530,2026-06-21T19:27:57,2026-07-11T12:01:34.384862,ALTERADO
01_208_99_05_002.pdf,42fa81c346ddd69f91ad7ecd22b2eecf65ca4e73536e633c310a9f6784275f12,c50d0c1d7b435f6f8ec242429569b9e7af50dc74ec75f57957906cd626dc8188,55936,59439,3503,2026-06-21T19:30:13,2026-07-11T12:01:34.925460,ALTERADO
01_208_99_05_003.pdf,35cf0a5113e747d96acc0b3195b33fcaa397af08807aba18a5dd51cf66bdfe96,900d955f0f0b920601aac8b8664ab0b08e387b32a8d3f2ac7c26b701f6bbe48a,53719,55990,2271,2026-06-21T19:16:45,2026-07-11T12:01:35.592050,ALTERADO
01_208_99_05_004.pdf,d077480d6a29370e136d253c7e6e6e4eaf5dd2d96c8347446d805c7e8a402c24,bca9175c16629036963016acfc42c6e6b12d45a2cc8e5536a18d409a8466a4d5,52546,54279,1733,2026-06-21T19:31:53,2026-07-11T12:01:36.212167,ALTERADO
01_208_99_05_005.pdf,d0444608f9965c3b1efc9c75f99ec8604d0e7e11c2bcebd97ced410ac1f049a2,e7c6e4d87bdd3ef37167ce69cf67c8ce18e5ac2a5309a9681d276cf14095145a,58816,61415,2599,2026-06-21T19:28:42,2026-07-11T12:01:36.810300,ALTERADO
01_208_99_06_001.pdf,0682518b3f8db53b23269d10b757b18c5a1a60ddc6a7e357446380d5e8d684a3,1d72a9e3f0ae2d8ae20623f4df1cbe297e3561239fabc827a8409e76219f84f6,61696,59390,-2306,2026-06-21T22:19:19,2026-07-11T12:01:37.417180,ALTERADO
01_214_03_01_025.pdf,9fc55c5bfecaedb8a7ee64b36e57280db114d38ba085e4796530d7454ecfea9a,80c47e394499a55722308a75f6f0847badd8dd60e4109cdb794f5b31f0111f6a,69001,51824,-17177,2026-06-21T19:38:44,2026-07-11T12:03:47.152204,ALTERADO
01_214_99_B2_001.pdf,b925af1790528051401874679a0ee5e2c91191d8d30d2df955d22ed142a3ce1c,726936144a4a2ef90efb37441f59f05f6c383ec4a9cf2ea040e632da50058423,629254,56876,-572378,2026-06-21T19:22:02,2026-07-11T12:05:35.579850,ALTERADO
01_214_99_B2_002.pdf,944ac7bf6115e22acfeb4a8a3f07657351ac4590b0b836d7d36326cc9bdca911,85eb0c5da47b64774905e834c64f08e893fdcddd00029a7ee0834df140f71a93,552569,57380,-495189,2026-06-21T19:30:12,2026-07-11T12:05:36.192868,ALTERADO
01_214_99_B2_003.pdf,6e18fed134de22cc2b878bddf9dc3b8555810e21d26ce9b79e3aebfc7bb54055,66972bf8fc16fefcea95d84ca402b85af7c262ecea14ae3debfc56703dbd6fe2,648502,54719,-593783,2026-06-21T19:33:51,2026-07-11T12:05:36.663470,ALTERADO
01_214_99_B2_004.pdf,561721d1bab82ae71c17155f31af2e105852ad2a29a841b930218aad7cccf79a,4c696d458f592d6b8db5e1bbe2d43f4e3187c976fa85aa90709decda74125b27,657046,55188,-601858,2026-06-21T19:18:06,2026-07-11T12:05:37.157935,ALTERADO
01_214_99_B2_005.pdf,13921ce4dfb2661c0357d0d8762986930697c1c6f6602712abaded4fac91d826,8518549461365e2036e4f6b800ae683f717277242274aa37d9367c01aab23cb2,922584,56190,-866394,2026-06-21T19:40:20,2026-07-11T12:05:37.747743,ALTERADO
01_214_99_B2_006.pdf,1ca94548455bccb648291daa0d09269031fa57ece0a8180b07e7c57537cd8496,76e6658ac7def1255e1c8b251222b75611bc436df703c138c1a7e056915e3ebd,961566,57336,-904230,2026-06-21T19:31:57,2026-07-11T12:05:38.324800,ALTERADO
01_214_99_B2_007.pdf,e50c1712717c764250e316e898ae9084f6da956adaa82ffb3031e858940c87a0,ba768c2cd2d25cf8ec7a8e7f8b6e292f8d19956ccc4d7954bdc5277d25c079db,639013,57262,-581751,2026-06-21T19:19:00,2026-07-11T12:05:38.925945,ALTERADO
01_214_99_B2_008.pdf,d9a052f40a7ed76d260b14bc88fa25a8a694d15d768eaad044a9c79ca60ed591,96a10d72a29988d3e90a9028e806581d7ddc12df9c6ff5192a978d70107f7777,611288,57042,-554246,2026-06-21T19:26:51,2026-07-11T12:05:39.440244,ALTERADO
01_214_99_B2_009.pdf,7933bb7d6ec44e7e7cfc988a10c2f6c8b3ca53f0676b016b666e8e0c9363c5af,be171f698b2dd7a891ac0ef5a43ce0c9a24550a07c2ae0e13ac98175cd3e997c,635297,60601,-574696,2026-06-21T19:28:00,2026-07-11T12:05:39.956861,ALTERADO
01_214_99_B2_010.pdf,3bafc4e41ff2d79b97d2263ee5c95293bdbcd04ea8a04098506173293124a559,08f1b14dade2b9b0550a47899ef38c5cee40fdcfed374fa8f2ef8e95f4021f03,641448,54936,-586512,2026-06-21T19:34:19,2026-07-11T12:05:40.550614,ALTERADO
01_214_99_B2_011.pdf,f858d7f17574d08cbad2116fa1e29593e6bab1a0b41de60257450ea2f04318e6,656b30551d3fad558b05a9d3f3e5c24feaf4c828f870fbe93e99196290534410,911108,54721,-856387,2026-06-21T19:38:20,2026-07-11T12:05:41.050248,ALTERADO
01_217_99_01_001.pdf,d8d7efb15ade89eea5f782f1ffbc679a1b9f4653b4cf9a539a8fa22a1ed2b49f,d906b7c755047192b132a3d8c0e089c172a5f63593e4248381ab716189f96916,576267,49950,-526317,2026-06-21T19:17:40,2026-07-11T12:06:09.126582,ALTERADO
01_217_99_01_002.pdf,3c3b988e9174c21e10d89e53ebf98e9ac7dd92dd5c4f8674b3d964bc9c236bc8,8ab5cf8906f6d64630564f79b62bba4fec05f3bd0cf84aa38ea703c2fb2b162b,50928,50928,0,2026-06-21T19:38:18,2026-07-11T12:06:09.634240,ALTERADO
01_218_01_02_023.pdf,8130042afec12eebebee2acb5583d4e8b7458f047e6f3736e40d7278fb56ff41,d2dd256fcedfe5a2352d52b1ddcace2775635929c66b596529639bb05c2c89b3,74225,55215,-19010,2026-06-21T19:40:17,2026-07-11T12:06:44.657984,ALTERADO
01_218_03_03_015.pdf,2499913e72a6c7fa7a28d74e33378a377be4ea75b2998a4bf68f767d021cad0e,68b84a83142b359ea92d95940e744dc336bc01ce06eede7be6b756e4c9aab780,72518,53844,-18674,2026-06-21T19:29:45,2026-07-11T12:08:30.093752,ALTERADO
01_223_99_08_001.pdf,892723ddccf365ea0a066b08f8ea1457f73832ab82b885ed1b8557c7fb71761f,3905d98ac43d676aa742ca22638770fb8d947baf120d81d778c4c9e6fba4f220,48996,48996,0,2026-06-21T19:20:34,2026-07-11T12:09:30.462290,ALTERADO
01_229_99_06_001.pdf,58309d9224be7f138956c0553904c989e61a4a592934a6965a4e004880ae6696,1364e64feae14911e64bf8e81d8f4ee4cfe2b31d5d6a04c109039aa873b465ab,830933,55367,-775566,2026-06-21T19:37:00,2026-07-11T12:10:28.599008,ALTERADO
01_229_99_06_002.pdf,9a1230f537ae71f748e910f8d4e95c2f5c01bd685e5ad15883ebd619084d83d5,9d0472588068345af2d7233ab453959ce49aae7e4b59700ec0d074d1e7f014bd,837652,58413,-779239,2026-06-21T19:37:13,2026-07-11T12:10:29.088481,ALTERADO
01_229_99_13_001.pdf,1028fe2c0e192318171f732ba5e00dc20885fb88ec7527a6d703b1790be56bf7,b6a18b6404853ddd1dd17c1967b058608ae064941de067371e93a8476932c9d8,537852,54683,-483169,2026-06-21T19:39:13,2026-07-11T12:10:30.190220,ALTERADO
01_229_99_18_001.pdf,68bf2384338e8f64845809a0df2f6b98d3f58f35076e7f2ac5f4d17c231f2344,9dd743b508f0e85266abb1aeb57a5d3c4b4b35619d5ffd7ceb7a87bb8a2f584f,55326,55326,0,2026-06-21T19:40:10,2026-07-11T12:10:31.225756,ALTERADO
01_229_99_36_001.pdf,c8bc9952ed07426158274cf1f37fda817e9d28a8e8405a3eb717bdb3367ca064,3f7ab398d43efaac8402e02cccb4484d1daf4c748ebe57843cc6be2fd2316f8e,56134,56828,694,2026-06-21T22:20:29,2026-07-11T12:10:32.317939,ALTERADO
01_231_00_00_026.pdf,7d22ec8c720ccfe217465dd07d4add8b23469f024ec54f038433b8cf70144209,8737b88d8415ce847b7a5c83134c20d43a40cf221e4657d02dd4a91e55ec657e,72082,52075,-20007,2026-06-21T19:17:03,2026-07-11T12:10:53.516917,ALTERADO
01_231_99_86_003.pdf,191088e9cf730dd91bfe9a547baa6b9327839c8e532a3dfa6f68827d2ca0ed56,6c72bcfc5ca4efba04a908f4ffa86c185442fbdb6de8c68ee3ec64e0d853cc52,654652,52519,-602133,2026-06-21T19:16:13,2026-07-11T12:11:11.041231,ALTERADO
01_232_99_15_001.pdf,cab5b4f77c897bd7e53d59e7f1b48ebbaeaedab214fe72b412026d420aaabd09,501d2201332bc4c43d5143ad09bada4e8aa10e673cb82b8f47ea451d916c512e,552101,58876,-493225,2026-06-21T19:26:00,2026-07-11T12:11:32.604755,ALTERADO
01_232_99_15_003.pdf,dbe5e225c066320db6171070eb35b071bc888580289ffe64690290a458d9c127,5013b86e0006c50935e493a80b3366ce4c7155ad386737308771dceb6f1ec2b5,536913,58402,-478511,2026-06-21T19:16:57,2026-07-11T12:11:33.721569,ALTERADO
01_237_02_01_016.pdf,1992969d4174e8a76072d27137b81818b7c100312f9042c0166d1808169a4895,5d2008e954c90cc62717258050214ec60ea48f333b34ca8a26db43a9e7211f42,57509,39791,-17718,2026-06-21T19:16:41,2026-07-11T12:12:43.290463,ALTERADO
01_237_02_02_011.pdf,338cb34c5f7945ad18001e21cccee4afdbdaa5ce64476f6c32c0b9606c746cbd,1b8710cf3a09c99ae37f8d358d5e9a9827c6b4d11421ccbaf6adac78371b1adb,57060,34433,-22627,2026-06-21T19:21:32,2026-07-11T12:12:50.116038,ALTERADO
01_237_99_04_003.pdf,ef59232d26ee8ec57e93ad3dfdfe13ed5ff68e338e49530b264d9bac75229318,4f0993e6b9c046729bc9cae625b1e47e4edd59da62d63833e9ae71d884b278cd,64622,36866,-27756,2026-06-21T19:23:05,2026-07-11T12:12:54.242033,ALTERADO
01_237_99_05_001.pdf,ecb5745319460bf79af9943a5675936f2981e6ef95624b7cb833661fe26382c7,1f51fab8b1bd92d49d68f26b964c87532f6535ecd82cfc90741b56b7d54aa660,60933,34889,-26044,2026-06-21T19:23:08,2026-07-11T12:12:54.755847,ALTERADO
01_237_99_10_004.pdf,61ea3a6162dc5308813388d56ec6ecbc3248004e10fbbdbbff8807a9013576f6,5a38456dc6b187afc58271ce8bc1fce3813e23d502cfbc9188a9e66e78c08dc4,61189,37507,-23682,2026-06-21T22:20:38,2026-07-11T12:12:58.687157,ALTERADO
01_237_99_25_001.pdf,441b7b59c5c36cdd60a6b0258cf8d153051736d0edf58d48cf887176baa32add,addd67f1e06372c5c1f8efa6c513a36d34bf08e46fc28a0b1db589a52ac18c8b,58581,37123,-21458,2026-06-21T22:25:17,2026-07-11T12:13:00.747655,ALTERADO
01_237_99_25_007.pdf,d40893dc3e2873216342cfa27da4c89878b90d618f6bd69b254d0a9d672ef37b,3b9c58e275855bcd0d54e0187c0dc27a374d4565f8375f935ae68af0ff5ff93c,67598,36720,-30878,2026-06-21T22:20:03,2026-07-11T12:13:04.090223,ALTERADO
01_237_99_25_008.pdf,a023e9cbd4a69ab2bef090aa844bc7090602b4fb460bef00ecbd6e6750bb52a8,89c9fa3b4e9965694c5239eeb6f139683d9bbb66aa4d88259a0a8fa4db709aa6,65025,36541,-28484,2026-06-21T22:21:47,2026-07-11T12:13:04.663088,ALTERADO
01_237_99_32_001.pdf,b521a4fd01948e64bfc45d9694b30ce21647f4cc1666091710e10e98b1109165,488c7178f0bcd1d5a80732445bbf18898adcdf3c2b939b1fc8b7364103e20697,67350,37432,-29918,2026-06-21T22:19:18,2026-07-11T12:13:05.168140,ALTERADO
01_237_99_32_003.pdf,a757648209266747f2839e9c6db26474dc26da65b52a06efe314da7b28dc68ec,b33490fa0815dcbc810381607ce6aec66709ed0c1066b5617c29515c5888dec7,64470,35447,-29023,2026-06-21T22:19:52,2026-07-11T12:13:06.295599,ALTERADO
01_238_99_23_001.pdf,2c4a5245c6d3cad3333a5af9d180e16dd8bf2a15fb459ecb0eff5b12d8ecbb45,58352f4a2a74a71cc121a25ff295304e4bcfc9822bf004fb43167c95c149e1d2,346491,51257,-295234,2026-06-21T19:24:06,2026-07-11T12:13:30.112683,ALTERADO
01_250_99_20_001.pdf,47379f981ce06d39dcb6feeb855ab5782237b2219b6f949d1abefb546a8732bb,c7444504a7193b12bf8997e6f59a9bf2ff72973f2d742584f71a5038f792b7a4,792481,55916,-736565,2026-06-21T19:37:07,2026-07-11T12:15:58.064709,ALTERADO
01_253_99_01_002.pdf,433a5ff2098a1cb963e0773e5b8b78038fa3547194d4bb8782d0bd96d46a740d,b22518702a369e7a133dc2c642ce5de9caafc48f13cd41fb0879521381a548fc,474740,50343,-424397,2026-06-21T19:33:06,2026-07-11T12:16:10.148939,ALTERADO
01_253_99_09_001.pdf,2ee2143de1b5d465cdf3fb66d36ec4ca68e1b0ca075483e5fcf35978e9912b77,70cde882f8e6a55fee9f705129af320edccc933caef8d05612d44c6a80c02f99,303225,51506,-251719,2026-06-21T19:25:58,2026-07-11T12:16:11.850602,ALTERADO
01_253_99_09_002.pdf,d4f441f6c00853a390af07358301ecd8ed83950637c0149123a303ec3cfc2bbe,0d362a5d93f165f89bbc36a2857f4ab3cef73fa061e9df14e8edb3c8c685695a,409233,50038,-359195,2026-06-21T19:24:11,2026-07-11T12:16:12.384755,ALTERADO
01_253_99_09_003.pdf,f8fbd18cd134a96d6bace5d3c310755ce4934a1ef47dd1265cb889680b25b0d9,76459f0ddd7ac0c8a6d458fc551e784010147e33e204bc01cb6a5d02ec40a458,999441,49915,-949526,2026-06-21T19:37:54,2026-07-11T12:16:12.982044,ALTERADO
01_253_99_14_001.pdf,2e01d0e79df73b73c91846f897b367e1a84e0f8ce5311f9f8eedb0fc02c6f96c,e66947d5168a34b0399250d5bc33dd1d0eb9644ad7fdc53e566844bf4e1c4726,49125,49125,0,2026-06-21T19:27:41,2026-07-11T12:16:15.177884,ALTERADO
01_253_99_14_002.pdf,3c9764bb8ff626d10974d009b0595f008fe7bd033029e1794df0361f3d76c401,a6612050950b8e38af11948b265141013170c91bd45fcec73bbc437e837c61a5,51316,51316,0,2026-06-21T19:25:37,2026-07-11T12:16:15.673598,ALTERADO
01_262_99_40_002.pdf,6b2b5a0e3ecff992cf837eb6e2b04f4a0f3cf86b245683b938123df5f7e685f9,6eadf6f8d64ea2600a0b7894265758d3237a29621ccd84902f03f2bfb9f7b427,75828,66490,-9338,2026-06-22T22:50:14,2026-07-11T12:18:53.515347,ALTERADO
01_265_99_01_002.pdf,c7cdc3a23b5b130b9192314a702cb96311fdfcc2f64629015ce03059611f8c0d,f1ec45755a67cc6a88cafa2a51da3b3a479656cd027991afeaccc835c8d94de8,614724,54757,-559967,2026-06-21T19:39:52,2026-07-11T12:19:16.566985,ALTERADO
01_265_99_05_001.pdf,327312f160830208437ab2d8f881167e11fc95cfa12e97d7f025622865da3b79,825ccd0494af9ea1bcc594616155a63cfb58ce7df08fac5ae06dd0744b8ca7ea,448645,51572,-397073,2026-06-21T19:25:30,2026-07-11T12:19:17.094326,ALTERADO
01_265_99_05_002.pdf,97b8492e78e49e97c9152b3ba5e576fa89159e2a66022c41cc394da545306a8f,fbe42b552e6efe03dce4d7167b4c9ccd3ebb8d13cc657bbf4091762dc36312c0,967971,54241,-913730,2026-06-21T19:31:04,2026-07-11T12:19:17.594438,ALTERADO
01_265_99_09_001.pdf,9b8ecda9679add6976c24c4ad668a091a114b6b8cff04b7741abf4a3c02fce84,1b21f821683e7a3c0c59044ca034bcd0163f43ff0892ac701556de939d4487f4,408632,54606,-354026,2026-06-21T19:30:36,2026-07-11T12:19:18.084904,ALTERADO
01_265_99_09_002.pdf,a378a06d03d15d7605e26ccfa439557219c8f996caa5cd4904a8d48933ab1e22,f91371e8564fd494cec9c930b84b1c8c5f554547768577146a01d2d140cf4836,372699,53883,-318816,2026-06-21T19:19:34,2026-07-11T12:19:18.616274,ALTERADO
01_265_99_13_001.pdf,e7e3f94779f27b34357b497406a8381b2e25bab39df5ae50ef59f2ccd4481c57,c27584553593cf2a50b01ff7574ae8ade068faaec434a6c2b156ced4428c5305,574355,54945,-519410,2026-06-21T19:34:36,2026-07-11T12:19:19.200023,ALTERADO
01_265_99_13_002.pdf,2c31e60e0d4b1481f12d6648f193853f19218d865fc856f816d93827c54b6c8d,845f8f7cc49a7ca4ff79cdd80e98c14009ac94c5a0e0113559950cdf72bdd5d6,1101639,59544,-1042095,2026-06-21T19:16:57,2026-07-11T12:19:19.692434,ALTERADO
01_265_99_15_001.pdf,c46b37c9fdf7a939fce64b8ad228655710dbefc60bb479f91eb7328e0be2236b,b0b4283f03b41aa3e0c73e17609222ddcd889a7b6b5e3cc651dcc35b46ac5152,2349715,56463,-2293252,2026-06-21T19:32:41,2026-07-11T12:19:20.194596,ALTERADO
01_265_99_15_002.pdf,1353a7f487dbd952ceeb6c46c15c89ff3d2a6ed12a68537b9a02deec769a26e3,c6ed930975f6c4aa0cb931ef1658140783458655ae302eee71d77474f521dbc1,2207122,56781,-2150341,2026-06-21T19:29:41,2026-07-11T12:19:20.780130,ALTERADO
01_265_99_17_001.pdf,028dd94aaea97ce660ec7141ea8870c51fcd058a84e7b96f8f3ed90df844249d,7c5320e958fb89334d109e8e71354cda4ac5337017cf1dcf252512cf80c4ceea,477865,56910,-420955,2026-06-21T19:32:19,2026-07-11T12:19:21.388205,ALTERADO
01_280_01_01_001.pdf,263618f6b28b19334796d036cb18d8c34fd84b1fe31380e58388293ef0f0fc3b,bb26b8ffd79248dffdea05f720499587da29a94df00d6e3108f2d178ea26873d,52813,54050,1237,2026-06-21T19:18:10,2026-07-11T12:21:04.305837,ALTERADO
01_280_01_01_002.pdf,9c16417934113b2aef72cf5b3bba6a8b5590d7d9f54379eafe4ba942384509b1,867e085b4794593b1f969dd5fd0fcceeb21879f33887f840e84a1c14617095e5,53454,54136,682,2026-06-21T19:26:17,2026-07-11T12:21:04.799931,ALTERADO
01_280_01_01_003.pdf,362d59bba7c8c125a17957997af10247c806d687458ca26502e13fa454b0e2de,f62c1558be05a4bfc8aeff6d97ecc92f25b6e2144645c31d05bf395c4f0622db,52697,54473,1776,2026-06-21T19:30:13,2026-07-11T12:21:05.413150,ALTERADO
01_280_01_01_004.pdf,fae433cce0bc9ea2f62d8486ed617b65f02b196b5c2a5539db38ba36ffa98caa,b02df32775bb221f5f65ec86d7b2db8ab22389e766ec891fad322cbb09f7a22e,53984,54816,832,2026-06-21T19:26:50,2026-07-11T12:21:06.003761,ALTERADO
01_280_01_01_005.pdf,1368b83c167aa1fd91f61a3b9724c63bdc911dadc108e6c263b72c4661b8909e,2ab28de6b1eca582535accf9af8589a0496dc391db4d9e99a1b7b2cc84d44f44,54637,55560,923,2026-06-21T19:23:15,2026-07-11T12:21:06.629426,ALTERADO
01_280_01_01_006.pdf,5f5a81fd7be0b0a325b8055fede91f3bc86f55e36e32056cdc7abf72f2581619,ce095dac30694bb44f7759d817f1fdd5fd4d6a2db84b7f8de483d3f22f9dffa8,52128,54907,2779,2026-06-21T19:27:16,2026-07-11T12:21:07.201756,ALTERADO
01_280_01_01_007.pdf,bcf10b5e5276b6faffc4801d3972939ab754b5046d259a30321128e25bfb68fa,932c1f6d578daa9bc8bdf3220866e6b11377f6d438b727ad51f13bf9fbf85dc1,67260,58220,-9040,2026-06-21T19:32:50,2026-07-11T12:21:07.709382,ALTERADO
01_280_01_01_008.pdf,f1115a08bc3e9d6431ff80ba0889fcdc17b7536a0e1b7e4fbe3df7970c7e646f,16f2dc30c7540e5a1628e02bb92b73c72507a098a51431ecc17ace4c8445e723,65344,56039,-9305,2026-06-21T19:33:08,2026-07-11T12:21:08.250403,ALTERADO
01_280_01_01_009.pdf,5021364e94f39d6e950f72192ebd995c40383c219ff832d8b6797e1230edd225,c1c06671b55c279a37256a4e10caceeccb174e98f5a12e18a0974945255e0f51,53815,56279,2464,2026-06-21T19:24:41,2026-07-11T12:21:08.754570,ALTERADO
01_280_01_01_010.pdf,83d92ef02ac4da9f600561bcdc98fa4a7212a48408e2fa812c4ca4d6a517ddc1,2123fb221feb09ba59d5a536694c6e028d30a84b1ea3a65836102f80e1d83b63,56439,55025,-1414,2026-06-21T19:21:55,2026-07-11T12:21:09.272113,ALTERADO
01_280_01_01_011.pdf,0d160500a676475cc70e78e646a02c1f601e9979b2efef287c31fbdd0f23f6ce,ee4006d487237b4cacbd6f12809748cdafd7f4953d843223eb8051710af2936f,55083,56684,1601,2026-06-21T19:34:44,2026-07-11T12:21:09.868226,ALTERADO
01_280_01_01_012.pdf,5518dd96231fff972bfda4edb5be86c4f0747ad45f3931458847f790267af1d4,b70d12f6cafc4e02cd82021f704785636dd91e1279a880a8ce3ac6dc2def70e6,56359,57823,1464,2026-06-21T19:33:15,2026-07-11T12:21:10.451754,ALTERADO
01_280_01_01_013.pdf,1f17c0192536a9208aed493fb5e9e6844fadda852900112593dd4060ea3ef315,6c93fe32f416cbb068b14f2749a950e68c168935d3f243f1208f66b3e4714745,66522,54536,-11986,2026-06-21T19:21:07,2026-07-11T12:21:11.002646,ALTERADO
01_280_01_01_014.pdf,062ac87b7246f78a5f6c893bbd8476b889b2004d093f111dc9579ad5901b04f3,988cfe2ec878891a7ae170a6883416d65dbcb1e5eac78cc2d190610bee891361,66560,54281,-12279,2026-06-21T19:16:17,2026-07-11T12:21:11.614936,ALTERADO
01_280_01_01_015.pdf,d62f9a8aa7e8dd83eda0bd615f734823dc190818318bf2ef60e8e281fb99cb42,8a350d4063680ab96ca6ff1723f804ede383d98c2db57b9011bea3b71231980d,50615,52942,2327,2026-06-21T19:32:46,2026-07-11T12:21:12.168831,ALTERADO
01_280_01_01_016.pdf,4a436f17203e77c2b10742c873e8f6058b26e19da9dd4878b6e50d2f6e526254,ef5c77e5029f6f08d455f77355c4bd45b8e7c9bec30d703117bb4e4a131a561d,52523,54390,1867,2026-06-21T19:20:53,2026-07-11T12:21:12.749266,ALTERADO
01_280_01_01_017.pdf,63a90781260820ed7b0d11c95341d7b58b14e5563c563e4235a88b369b8496e0,53bf1db3178464e6d6a46908dc0da56f2db041a1b627273b6aac7f4e2411ba89,52792,54742,1950,2026-06-21T19:27:59,2026-07-11T12:21:13.347199,ALTERADO
01_280_01_01_018.pdf,89f578b658dd5dceb22f970721620adb4f4661966387e9bff82b5d0c68c87bbb,205f2c741441c1126e9dd5d5d7160f2d876181dfce005d841918ea2066032bb3,54256,55868,1612,2026-06-21T19:31:16,2026-07-11T12:21:13.839060,ALTERADO
01_280_01_01_019.pdf,c41cecf8677cdc730f8d088b3334506c1d0650865e4e0b4c2228faa4e53e239a,849beb93a6e3fecff73070588474ff1b6e4b6f59d458200ed442514ec4b61db2,57174,59263,2089,2026-06-21T19:31:48,2026-07-11T12:21:14.389601,ALTERADO
01_280_01_01_020.pdf,05c0ca6e85621a0793127aa78ae28d90901fd870e32553539765b2297eee1e94,86c33d1d974b8199cd65d90f5f8a5993a6be5418c76320838b61ff1901942c7a,52586,54990,2404,2026-06-21T19:16:55,2026-07-11T12:21:15.015477,ALTERADO
01_280_01_01_021.pdf,dcd93084b4dbf01c5724e8888c1cbb34966120ea51756560e8c45987fb38318f,1b9e2b1092a781a0c25b60b6641ddc261432b8d432b7180423989844a4f04ca6,53291,54703,1412,2026-06-21T19:34:44,2026-07-11T12:21:15.525926,ALTERADO
01_280_01_01_022.pdf,4412652a9f8347eb3f0dfd9c784521a9b6b7d825a86e365697258766352dda6f,c04f1dd1f2db663b1e61a6ccec39ad5f3c629cc15d67727f24d82d15044c1a52,53459,55763,2304,2026-06-21T19:28:08,2026-07-11T12:21:16.022742,ALTERADO
01_280_01_01_023.pdf,6502705f58819b4174efacbaf7b4807ea7a09a7534ce35341474a9f858ff1e5a,271eec3a10775a9e083a662628a7ba0fd9adb20acf675fd9c1ff3ba687c32c20,55671,57692,2021,2026-06-21T19:24:04,2026-07-11T12:21:16.654969,ALTERADO
01_280_01_02_001.pdf,f8380a74c26a5164d64b09c54adc060c32e9efd46bcc9199a481d8a9692a291a,f4056fe1523ca2ac84fa4f72b4d15478dbac8b687921f474ba63da8e887317d9,51527,52697,1170,2026-06-21T19:38:59,2026-07-11T12:21:17.253607,ALTERADO
01_280_01_02_002.pdf,1da7322b062395cb4ec909499f23a0b9e13d71158b3eaff94adfb22dcdd3ad36,d1102f43a1880ec3a5f2dedb19eebe17f144cd90f1d0669c6cf5874cb6e783c9,54372,55654,1282,2026-06-21T19:39:59,2026-07-11T12:21:17.863950,ALTERADO
01_280_01_02_003.pdf,1642361de7ab22415babd8dfc40d5265ed7361aab4b2bd538441a53039c68874,5426d23315ccef38db5a5fadee66a2f20ab87db4ee39181278b4df3da5a0a4fb,54757,54691,-66,2026-06-21T19:40:07,2026-07-11T12:21:18.541917,ALTERADO
01_280_01_02_004.pdf,af25ff089c947d608ed06a3453f0766efb041b1556747983a50b5ce0ffa425b2,aa6b8145969359c62c7432ae0c40a7ddee64eeb1467e8680deefb34de6d11357,55323,54119,-1204,2026-06-21T19:39:09,2026-07-11T12:21:19.069877,ALTERADO
01_280_01_02_005.pdf,16a06dedda92d77dd8183beac71cfff40126c8e398030ad1b34dbf910c5647e5,94740c945f54debbcf2f45eae506b1cb75b783cb78306a3013356c2db58abcf1,54832,55291,459,2026-06-21T19:37:44,2026-07-11T12:21:19.581515,ALTERADO
01_280_01_02_006.pdf,f5c1a238fbf065c2d51ca10c5a3c47fdbc451cfcbb2f440b350563bfa33c34e2,431360ff48d5457a2b2d1dba3f7d1f6c154d34543b43f6328e087f7789be7111,56744,55545,-1199,2026-06-21T19:39:36,2026-07-11T12:21:20.164324,ALTERADO
01_280_01_02_007.pdf,f5b6113497c2e7a7e8ab74eb7a169464765189419632d50df1aa1d43c810078b,6a2fd1952698aa609044198f98f48c016f0239fea04348948a638a03e43aa3f6,54876,57135,2259,2026-06-21T19:37:41,2026-07-11T12:21:20.676747,ALTERADO
01_280_01_02_008.pdf,dd5fbbed79be468141f6401559902d30506f7087ef7b6468fbd24b7de151631f,ff4e8aa9818bc47b76d195f78233e19b2c93e158fba7c97caf7e5500642434be,56086,53816,-2270,2026-06-21T19:37:45,2026-07-11T12:21:21.223719,ALTERADO
01_280_01_02_009.pdf,2f05c24310470a1550fd2c861f65ba55b194866063e36f44c4a4b643dcf4c707,053c6fc5891fade8117830d2eb6207db8cf142ad0d72575b856ac201239dd84e,55371,54665,-706,2026-06-21T19:40:16,2026-07-11T12:21:21.726845,ALTERADO
01_280_01_02_010.pdf,4fee245e4b062b881169a24414b8c546a8a5bb2d45b4b8c8b1d6208ae839c7f0,8fc4ada4600e1374525660e24624133aabae894f00ba3b0f3cfe9ca63c3394ab,51331,54807,3476,2026-06-21T19:37:10,2026-07-11T12:21:22.211105,ALTERADO
01_280_01_02_011.pdf,f36d226a4ff4a4bf2dcdd5d9ed6ecf1c046c8bd20e805e82061e2277fdb0a0ec,115fc31466ea3b8df31cfc30fbb474847de5368ff68783f707839e06abf06f7a,56684,55313,-1371,2026-06-21T19:38:09,2026-07-11T12:21:22.806065,ALTERADO
01_280_01_02_012.pdf,bff62c8a7d6ea69304a33849a9c0fcb79dedb7eaec64fbd61d153780062d7c51,a473f8c6ffacd5f130a8ef646700bd6196f75c12eecffc75c8984272e13b1680,55878,53805,-2073,2026-06-21T19:38:49,2026-07-11T12:21:23.319024,ALTERADO
01_280_01_02_013.pdf,b20178c1cca2f2bd5041f19803ee1819fe7584bba78dc1c4a013a00275159ab6,6c07316f966b3fe1961a3055bc09563d8bbcff31fe3cc87a01322351ca6c3456,54145,55116,971,2026-06-21T19:40:41,2026-07-11T12:21:23.871624,ALTERADO
01_280_01_02_014.pdf,4f311f8f1d3841e9163ecc6460e16e62e28787c1ad251d711df432b920c23b09,0a75ff0f3048b6c43efbe3564fba3e5bf764d544f4cd058b2cd7d21674775bec,56282,56400,118,2026-06-21T19:39:45,2026-07-11T12:21:24.471720,ALTERADO
01_280_01_02_015.pdf,ce89ec466be68b6901eb45ae737f3e9d2da164d348d6c70dcdc6c44e867916b3,d36bf0349e260c645b6703f006f8bdc4bb7710272b9fee967b513b87eee5202e,51650,53213,1563,2026-06-21T19:40:46,2026-07-11T12:21:25.054444,ALTERADO
01_280_01_02_016.pdf,7c8b51f8b35a411ff2016958fdaa681c19a86785a0c1ce956846f241348e3143,c26909100155d1cb06d0012047ed6e7b13b957d31e5a8d380bb5c8d9e6ddc178,51783,54092,2309,2026-06-21T19:38:07,2026-07-11T12:21:25.546354,ALTERADO
01_280_01_02_017.pdf,f596de7b7a8d44cf9db5913c2a7b428858d4221bccf34e7274b2922beac91d35,85c961013ad0bc48250a86dac9d652cba2149dd11bacf98d05e04f414c9a029f,53848,56013,2165,2026-06-21T19:37:07,2026-07-11T12:21:26.116478,ALTERADO
01_280_01_03_001.pdf,be13ed9854651c122fdb49e1b1a6c4f885a3a4dd460f4b44c9774cd5744ebd64,d62449205d5ea28c6315c7b0166f849cbb39f40b8cb1f67754c143209b702c1a,58069,54943,-3126,2026-06-21T19:24:17,2026-07-11T12:21:26.753247,ALTERADO
01_280_01_03_002.pdf,1a064bb16e89717166a06cd2111e0a6fb70720795a541cc9dfbbb792758e2554,1757c083fe3454b21a560f50d68308ea5fd4cc0d7743102a224c84393d63765c,56504,54078,-2426,2026-06-21T19:28:00,2026-07-11T12:21:27.292926,ALTERADO
01_280_01_03_003.pdf,51f8bfde2f4c2cda5210c771c153c976f9a7a6ec9c7c3a07de61480aaef96c30,b510c45e072fb6c1972ffc2ef4b87d484fe39d011382439e70d940241cf30bf1,56935,54417,-2518,2026-06-21T19:18:34,2026-07-11T12:21:27.911427,ALTERADO
01_280_01_03_004.pdf,c6ed86a8296b1a17eafbe548b5fc653dd6a29a13b62024b6e69680dcd5bddef4,718a13851692b0290862b8082c4de85c516520f42d250183096d6a17a1f9c4cf,54544,52830,-1714,2026-06-21T19:22:51,2026-07-11T12:21:28.524437,ALTERADO
01_280_01_03_005.pdf,ea5859428e5a6c33dada48171676ccf611be334d5bd462a63f5b41d2e07c7169,2c9ef2433eecf8d99285b494580f273d923ed693ba11883904ab8371a9d9c4f0,55719,55047,-672,2026-06-21T19:30:16,2026-07-11T12:21:29.102285,ALTERADO
01_280_01_03_006.pdf,1deaead2c8e0bbce96f8d51a1f61b1afdc91dceadc2122ac376e05c6b6e985c2,ca4be6487ffaa6fd04cb6eba43d93e61a36277878459ef54f8b30ac675ad2ef3,56585,56081,-504,2026-06-21T19:22:37,2026-07-11T12:21:29.700005,ALTERADO
01_280_01_03_007.pdf,25e232d1b9be0968fd294da3eab736f485ded9aa7bb0efe8389a5268f28d72e9,dfab2b99aa0b8506c3623b654a120ddffd15b0341c00f2042d7ffdf6b7ac0a7b,54407,56052,1645,2026-06-21T19:25:43,2026-07-11T12:21:30.290453,ALTERADO
01_280_01_03_008.pdf,59b56f8c1abf176777aca74563a3e7f86a6012cc6c28c1a19d49711ff7f68429,7839ea31cb462f3a7176f9521e0a7cda9336f9bfe335915060f0f13e226041be,52203,54073,1870,2026-06-21T19:31:00,2026-07-11T12:21:30.794008,ALTERADO
01_280_02_02_009.pdf,db887b308f239afbe42f59f0c500f1c6391f671aea9671229430e2009b9ebf03,518f911a686dcca1483feb30f5e48104c3c379e418ed21dbfc2408a00fdb1d49,56302,51395,-4907,2026-06-21T19:36:55,2026-07-11T12:21:42.907850,ALTERADO
01_280_02_02_022.pdf,b44b0279674a998d8e18834b9f39bff252d3c56a18467a27c3ba377ed8b6f427,346cc903ef71905696a5b63b7adb24427cc0eb0f20d730378d7c159929e25665,69366,57208,-12158,2026-06-21T19:37:37,2026-07-11T12:21:50.251959,ALTERADO
01_280_99_01_001.pdf,4b2c10ca6b66aa4b481699cd9b9027d5a14b8b4e8c8e86cc18e00f8288052a34,95c6805fd5c9b25ec2fd6f62b107ffdf1c64771ed66bc8ae3385942ab89932ad,50798,54695,3897,2026-06-21T22:19:39,2026-07-11T12:22:24.743244,ALTERADO
01_280_99_01_002.pdf,53abcce3c99d06f7ef004db9f85ebba086f5f000c7a2aea508c3071fd9f004de,bc3565fc0fede5ffece249eabdc13a57622620ec41b9f587578b1406747e4848,50482,52902,2420,2026-06-21T22:23:18,2026-07-11T12:22:25.219977,ALTERADO
01_280_99_01_003.pdf,2925a01e26abd3be8170eb6e6dc374af943ffaaea81abb51fe27f0889df46915,8b397bc3c654e58097d6c25472dc663cc0aa9e1b770338691d0312b4e0fb9eec,52440,55533,3093,2026-06-21T22:20:44,2026-07-11T12:22:25.729568,ALTERADO
01_280_99_02_001.pdf,6430a34c8a857ecb1b89dc57c1e5e0d7b5dee9e565e16bc57b62414ee81f5a1a,762f9bd76b862d35d0ddfeb60c05a227fa2e7307d00dbb7645468ae927d5f454,52828,50588,-2240,2026-06-22T07:37:15,2026-07-11T12:22:26.355595,ALTERADO
01_280_99_02_002.pdf,b2879ce65962b500d25fc782b0f88c0a5c7238217ed80516ff232df759c6d93c,4cba0d7558a7b855dd5566bd2a3c090643219a523944675899680be7ff84c199,63888,63514,-374,2026-06-22T02:49:56,2026-07-11T12:22:26.958808,ALTERADO
01_280_99_03_001.pdf,8d14bcdec7cbd34d7893fc9e68c93e991cee85d9fda15d46abe275d0c0274350,744073f4c17a33e53ca17036685fb4250623b2ed7f9348460a637d542608c21c,61902,55333,-6569,2026-06-21T22:22:09,2026-07-11T12:22:27.474150,ALTERADO
01_280_99_03_002.pdf,396f27f24981718cb37497c2b211aacb7d768371b5b4184e26d9ea90d274c13c,e18e610c6df23340184b9c188b1f43d6d282e525c4cc63328b885289be464856,63360,55967,-7393,2026-06-21T22:26:18,2026-07-11T12:22:28.021938,ALTERADO
01_280_99_03_003.pdf,3a0d85777daba3cd3b6545d81d2283380aa85abe3b8c797a2d06b33647fd915e,738115bbdd6d5a3d248ec73e5ddafa2c4fc512b387e9ce2d7877340e9be491d3,53948,54940,992,2026-06-21T22:25:16,2026-07-11T12:22:28.606635,ALTERADO
01_280_99_03_004.pdf,4fff18e77fb0ce11281ed91f2fd2206b00a768fdda0d1a9e4f34a33fcf5fd631,9c3c31102e2f93b42f9d48369f74e8a34e7e8330543e4865ff0007e034610c3c,66842,53706,-13136,2026-06-21T22:25:58,2026-07-11T12:22:29.207103,ALTERADO
01_280_99_03_005.pdf,ea19633e426a8f0ea11bc2183bfed9ca71a034a9999c4c0d13736cdac20c733b,2e78be00150b8efd031128722bba7c5af5b11a7630c9d188e58294b384a5683d,63440,55552,-7888,2026-06-21T22:23:16,2026-07-11T12:22:29.726710,ALTERADO
01_280_99_03_006.pdf,452d7d8c2ce4b70ed808dc41e277fd0637de9ae4a663aea6b65ba05d72f4d851,3cc3f8b14ae455608976afb59b6822062176b5a352570d54ceeb8b915cc70828,54010,56201,2191,2026-06-22T07:37:17,2026-07-11T12:22:30.229499,ALTERADO
01_280_99_03_007.pdf,9be83fad7a42ee9783e572c930f42faf5b1d1f50e101ece9fee0d6ef0af0623c,1da1778e46b7d01055712bf6251087213b9f82248f3f862ffe8078af72de39ff,67058,55259,-11799,2026-06-21T22:26:10,2026-07-11T12:22:30.819806,ALTERADO
01_280_99_03_008.pdf,519327bc19314044f552e5062188de60c0ca5411dc2061c4cfa18704ae83ee58,3d649c1e8ec36327db1a3dac502fd95195e151fd569e8df3fcc9111b20cfa240,68609,54924,-13685,2026-06-21T22:26:39,2026-07-11T12:22:31.421664,ALTERADO
01_280_99_03_009.pdf,69f25ddda264fda014083953483b7f12b437d2c4998f8e4314975296b30d37c9,3956149ea4dc91d456370dbdacaec35c62bc582746b8f4859e2fab2f376da7eb,59448,58771,-677,2026-06-22T07:37:17,2026-07-11T12:22:32.067053,ALTERADO
01_280_99_03_010.pdf,27b6b3a7e4c17302e80c82267929df4c54f83aef7fb1a56622e850289618151e,b1fca7c9ae18475209741e0d8e6c84102dc1840a452cb26b229a723a6233929c,58461,57056,-1405,2026-06-22T02:49:57,2026-07-11T12:22:32.622999,ALTERADO
01_280_99_03_011.pdf,2d7099200c169dade2c2bc58b5e9bc53ef6139b23999d064f986537249f351e5,8e1db9ab2f80ba597fac6b4e6e0590763e23c7404db833f61f26a2fdf5796a4d,63453,55025,-8428,2026-06-21T22:21:49,2026-07-11T12:22:33.151175,ALTERADO
01_280_99_03_012.pdf,8f78b16006303325ef4f88cb8737fba54e42bbe0cf2a1f0dc183af850b4f5b40,05672539e21355e1080f834a7170d4cc78c4797a687f8ea5b0e2ba28a06eb564,68187,57053,-11134,2026-06-21T22:21:42,2026-07-11T12:22:33.751361,ALTERADO
01_280_99_03_013.pdf,fc3fc4db692c261e96965eef2b4a19bec5035aa8713f3fae342293ee50684ea4,7ec35e9d47f9e9d03ad6d0a5c2ea3f17a70f6c41bc8e218731f8e8b8b60978cb,67222,53223,-13999,2026-06-21T22:23:23,2026-07-11T12:22:34.387383,ALTERADO
01_280_99_03_014.pdf,9389dfabfa23dd6a72a6abd8a66903bda5c6c0069b587b1998d3ca20b8804999,2d566449b820b59582175c06ed73bb73adabd35eaab8f830b01fe0af9cc3964d,66803,55582,-11221,2026-06-21T22:20:31,2026-07-11T12:22:35.016317,ALTERADO
01_280_99_03_015.pdf,2cedb717f30106d17955a711a22408db8e49933557b16034a4c4ec5b9d9e9589,54645410f338f1d67c1f9cbfc007849ff6617c942a6c4ee579208a2ad5e51d9a,61578,52421,-9157,2026-06-21T22:27:11,2026-07-11T12:22:35.623242,ALTERADO
01_280_99_03_016.pdf,eea4fced130df866371b6dd9dd21c94196e7b60bf711e0dc2554f88396d18b69,cc95e03de2a81ec21c1ccdd9e996676d08dce75cc63209e7ccee7f33d5f667cf,61494,55053,-6441,2026-06-21T22:20:44,2026-07-11T12:22:36.284920,ALTERADO
01_280_99_03_017.pdf,86b975da4acaaa8240a1eb902d1c0ea022c8a605e780df84436d0345cffd4442,185e21e13c71fd36a73c3cd7cd9ef92354cdb5086e9be94e5e97904d1488e58e,64034,56166,-7868,2026-06-21T22:20:04,2026-07-11T12:22:36.873016,ALTERADO
01_280_99_03_018.pdf,35653435dfe1da65195509905347a5ba7b159c4f2940fa81a9c5031e95d55f89,4353348d739768940b8f0d7ca11d8657c3f9c95e2e6a93262e9b99b96126eb86,52276,54734,2458,2026-06-21T22:19:49,2026-07-11T12:22:37.364505,ALTERADO
01_280_99_03_019.pdf,2448be0934e50ba58387a25c498ea351128fa334973d428c40de6b03ddd740e5,20f8c2d47460a4a80a7ef3c273e2d616e1557be30638045a0a769214a5e31d3d,67359,58992,-8367,2026-06-21T22:26:12,2026-07-11T12:22:37.847858,ALTERADO
01_280_99_03_020.pdf,b02fbc5b59e79eaffef0d6fbb50356cf3438ff118f4f0188b7fd9fa8d76ed3e0,a7caa2c431dde09adb4cdf12a24f853221cae2a29eaea75e6ecf94297749506a,61180,55593,-5587,2026-06-21T22:19:47,2026-07-11T12:22:38.369680,ALTERADO
01_280_99_03_021.pdf,53cdd6ccb410c43e87cc1c3728590e5a3e365ae92b6eab939493ffc18e304a96,d2f08945238e8248cd8bef112265d950d7c80945f35d5f51d81e314949b04f63,67752,54255,-13497,2026-06-21T22:20:15,2026-07-11T12:22:38.999909,ALTERADO
01_280_99_03_022.pdf,6d012db7d9286fdcff743e55fb7aea176a198d5a04b3430876f49868bec00cd5,20a435c5af8c68884f6d24920b35e38baf01d26ef6ed577f8338f56adb38fcb6,69867,57253,-12614,2026-06-21T22:27:12,2026-07-11T12:22:39.593016,ALTERADO
01_280_99_04_001.pdf,bf4b04ffb2701afb15bc14074e6443d794e2b95a1d9affd1175d8ccb8f839625,9f9109a8bb39f606ec5b7e31e436daa72ca43f94de38a43740f6af0b17fda9eb,55921,53590,-2331,2026-06-22T07:37:28,2026-07-11T12:22:40.098153,ALTERADO
01_280_99_05_001.pdf,5f69a1de019389dfcacd84fe77efc3c9926d6bf5c5bba90fee03de65093680d5,ddaaebaea3d9297381ef8777cb0793f33e83254f7224018795ac2ca1e0e66fd7,56963,54266,-2697,2026-06-22T07:37:35,2026-07-11T12:22:40.602067,ALTERADO
01_280_99_05_002.pdf,15511cfe8e40b7d612b3b5baf5bcbc410b2fa4a0830b7823496d34490e349794,71ceddd94fe93d53d96231142d7eb548b301bf5bc59b174ab9804aae9b858a56,55541,53419,-2122,2026-06-22T07:37:33,2026-07-11T12:22:41.221857,ALTERADO
01_280_99_05_003.pdf,c65135f0f2b9eda1d3c8d68cd06ebe529926674c2bfef85150bf65894833b343,b96d27e3ffe62fefc3532fde619d66131a334065c4a73672a1665c68255998f0,58150,56186,-1964,2026-06-22T02:49:57,2026-07-11T12:22:41.866567,ALTERADO
01_280_99_05_004.pdf,0f71498341530f2b75e08517a6b8a981496362d542ac3c721718c0da2d3f22b8,21b7a2cb9a62830673a60d06b4fed4daca814e67e84efa8aacb13c1043cb14f5,55991,53660,-2331,2026-06-22T07:37:15,2026-07-11T12:22:42.455865,ALTERADO
01_280_99_05_005.pdf,f4982a3062d5eb8746a67d088d96b9307d59e5b2648fb7692b312f0a9467c149,534ef5f465be7c72bae7d7d6e1e39205825f93b8e5b60e014e147797b848682e,53362,53280,-82,2026-06-22T07:37:20,2026-07-11T12:22:42.982816,ALTERADO
01_280_99_06_005.pdf,c466f4ba59e03ba5e89ef427db1adebc5e3870650818ead882d9c03b323e4412,f5d9c28df52c5c42716cc82a29681f578219ccba7e16caeb6324edc0cff84510,76240,56339,-19901,2026-06-21T22:24:22,2026-07-11T12:22:45.767114,ALTERADO
01_280_99_06_006.pdf,c346336025d3aa7d1f2c0db92ed139303fe2d67819188a068639d614b46c313e,20c4db73568b1684cf46e3fdcd53f5a3e8254bc4455dd2eb957d9a481dc39f3c,89121,57142,-31979,2026-06-21T22:25:47,2026-07-11T12:22:46.363837,ALTERADO
01_280_99_07_001.pdf,0a1c23e627b423913962bc43bdba733183ba72e4eac2ccb983abb58dda9e2600,c23eceb63ad1c836b4baed071a16b436cda0ac4d11012fd91e0b2a446875f034,59863,60482,619,2026-06-22T07:37:27,2026-07-11T12:22:49.131992,ALTERADO
01_280_99_08_004.pdf,fcee10c378d68bab2d6804eb26087006032a5c1dc570ae0b3b203a54777354bc,fde4dc5c6b1847e68482ac31d3efafa40797ec3fbcf0619e19e233862ec1fe81,69633,59275,-10358,2026-06-21T22:27:06,2026-07-11T12:22:51.335838,ALTERADO
01_280_99_08_005.pdf,314890f1dbfed1cae4ed76b20b0c7b85b068715efff530b646df80adec1699d0,279d5c3ee714fcf6ed1c6267de3ccc22d57689724306ea4ffaa01073c242a561,71905,55698,-16207,2026-06-21T22:26:50,2026-07-11T12:22:51.920274,ALTERADO
01_280_99_10_007.pdf,8e6c3747915934690c455c10f76a8d49414f864647e809fa19c4a8df08075e4e,b4c9e7b525b1cf175e439ff79e9751af08fda4ac00953d33374945e90d7ed465,59192,52777,-6415,2026-06-21T19:39:42,2026-07-11T12:22:56.888926,ALTERADO
01_280_99_12_005.pdf,af3e6fdc7088510591275dc9165422443425ff8b7f881f3d6b32bf649fc85916,b22f5857e70c79373fd80f1d08957953816fe99d5251c39d3635750041693a07,67972,58699,-9273,2026-06-21T22:21:07,2026-07-11T12:23:00.869923,ALTERADO
01_280_99_14_010.pdf,1490868d89c91252ab0ec0130825c257a15182f524da4bb5888fbd3979f36957,2dcec48fe2e34f075622a814e93e8d368f60710a3bef1a6803380251c5f89c17,66036,56016,-10020,2026-06-21T22:25:49,2026-07-11T12:23:11.329051,ALTERADO
01_280_99_14_011.pdf,90d1c11695f4d67fbf6c7693b1a9bfc0f5c47153ea2c6a58b8666532b1923c80,6869693b0fb0d950595bb0c309c0a1b6dca691359d32cc6eb9afc80bda01d112,63398,66752,3354,2026-06-21T22:20:16,2026-07-11T12:23:11.856503,ALTERADO
01_280_99_14_012.pdf,1901db5f588fb914b2cc6d7fcf81a02221e9653d1e402a63ce03411aceb751d4,4ac2d71cc4525afcbcbd2db9f11fd80930ff7c335e7b138b9e7a70d7770aaceb,67304,58847,-8457,2026-06-21T22:23:45,2026-07-11T12:23:12.376122,ALTERADO
01_280_99_14_013.pdf,3d9807239f0b1af3c34c37df8971c0b7267d9983e5c7b5a83d93af4feba0ba87,fad6c4779194ed62b69556f9f9c1273070a53c1571b0e5acb90fe57709534d65,66170,57057,-9113,2026-06-21T22:25:55,2026-07-11T12:23:12.874711,ALTERADO
01_280_99_14_014.pdf,e291061619c86744553705c6456ebc7f56c045e682002ee1a8e3b50ea9721634,a9f9ad3911e434125eeef932bb201c7569f0e10a40f7914aa9c7c1671b7a3046,62837,55059,-7778,2026-06-21T22:20:13,2026-07-11T12:23:13.523817,ALTERADO
01_280_99_14_015.pdf,f311a36529f59f7e31e5a38c78f392251607794707df633db37aed39f22c5151,2a2208aeb5d9c5d37f6eaeffb1e7a9818b647dce46a48d7418a435533df62e19,64981,58496,-6485,2026-06-21T22:20:07,2026-07-11T12:23:14.115454,ALTERADO
01_280_99_14_017.pdf,2e760aef6b8e702ef4baf5034132168f1993e58f7c9b678f8f9870857ee2938a,5debdfb33e2c6295b25edf1dd1582a5a147d08303bb844e2f0bada200b1ca8d3,61569,59120,-2449,2026-06-21T22:23:15,2026-07-11T12:23:15.294213,ALTERADO
01_280_99_16_002.pdf,f4b4dd450cbb17c4cf5caf802fea7d1538716b246776b1a8d73258860cd94501,2311ecf8fb3837c689c87517176f7107a8548f4db83b58f39dfd497643b761a4,62638,54524,-8114,2026-06-21T22:20:38,2026-07-11T12:23:17.701990,ALTERADO
01_280_99_17_002.pdf,f658904f2ff43c5139849cd679c8a936673370ed49fd9b87369937462f79c98e,c0f0b1c2d33b79b56707bfc65a713b2a92d32221c0d355c4a996f739b3b4b778,63178,51779,-11399,2026-06-21T22:21:04,2026-07-11T12:23:20.558919,ALTERADO
01_280_99_26_001.pdf,1dfcfd71a96a074e9b7d42d048583a1f70bd40557fde076b7414cc40a0581620,41255fb7fc074873a23f5c7aa302ae2df8bc8e0a6e2964e9a72f01f07ce218fb,59292,56457,-2835,2026-06-21T19:40:36,2026-07-11T12:23:24.036507,ALTERADO
01_280_99_35_002.pdf,c237d0d70e38c87f7b393e40a0c42456de3b5faac697c8df500c3702a37ac0b2,ea75ed9285bc3bc2bccf4b9cd2ebc970c682443dc30a1ef1bf6399402800d54a,67643,54951,-12692,2026-06-21T22:27:10,2026-07-11T12:23:26.822783,ALTERADO
01_280_99_A1_001.pdf,88e615892f970e273d8737abb77c64d3421d1bc24cf6c3484c5e18b5bd40409e,0d54628fcb3ae37930f8c2b28779ba88d8e552c945c1bf80d3bb4cdee59e47a3,62566,56938,-5628,2026-06-21T22:19:46,2026-07-11T12:23:27.343492,ALTERADO
01_280_99_A1_013.pdf,c03104519255d5540a4167d477b1e5bd3bcfd3a36d83d62d318d82b05edb950f,dee724a9054f8b3d6e9b1a0ef9f52d00e5dcd2b9afae88d02169c2693bab2c2c,65560,56095,-9465,2026-06-21T22:29:57,2026-07-11T12:23:34.102893,ALTERADO
01_280_99_A1_014.pdf,05a6b8e8210f5e381eb211237755cf68a33b396afaca2d3b7361b72f54f9c21e,0f6574c2a4cca295b0c85cd3d30e2153d664a378ef4bd504e28c68c70f1b68c3,65633,60883,-4750,2026-06-21T22:19:42,2026-07-11T12:23:34.605613,ALTERADO
01_280_99_A1_025.pdf,fa35af56090c6712be44a1918457f27d09ada49ad7fec3f9178cb85bd9116c4e,e952908257f730390bcea7dd266112ecee4425d9dc5692474bf4b342e1fb6ce2,72827,53661,-19166,2026-06-21T22:26:13,2026-07-11T12:23:40.672377,ALTERADO
01_280_99_A2_005.pdf,084a127c1d71f4631136ff49a7c2926a118aa93a27e21daf12213336bddb3654,1a75e7f7db770f5070e14cebb357e8c79d50ce48712fc2555f4ce8dbecfd0a54,56653,53340,-3313,2026-06-21T22:19:46,2026-07-11T12:23:43.507790,ALTERADO
01_283_01_02_005.pdf,fe81b03f0ddf8ae4d386fe003b26cdd4a1a7c00cfae1612b602da9839ae16962,0fe2ccfa9485eb1f0bb9cc4ca74424f6c3c894ca0e3e1343975bd2bb0df84c64,53153,52175,-978,2026-06-21T19:29:11,2026-07-11T12:24:17.053768,ALTERADO
01_283_02_02_003.pdf,f4a653ccee9704e1342548c2c615117cc409858a49239a8efcc755b877d643bd,899e61d27e2685bcb5a040285738670104ac59212703756b2fffd03d7cd2e8a5,50962,49714,-1248,2026-06-21T19:28:20,2026-07-11T12:24:36.492115,ALTERADO
01_283_99_17_001.pdf,0931a587ab6f805ef5c495a143217269a6c5a35038c79815027571737621aec4,a0a09c38dcae5511afd622510d458e2a547e7309c250b3c45e23ea0ba7abfb17,50663,49187,-1476,2026-06-22T22:50:16,2026-07-11T12:24:47.018959,ALTERADO
01_283_99_21_001.pdf,f657e25dd1d1b425bdb10c4fa4cdf41776a892e0eb43747f7c820f55ea15db17,90ac3a455110364ecba4610b245e3af7b428f3f89cbe9320bd9dbf646a8678c5,53488,53488,0,2026-06-21T22:20:35,2026-07-11T12:24:48.085968,ALTERADO
01_293_00_00_001.pdf,aa9c29955766ea3374f6f8bc3212ca79273d11f3f66d6b0adbf8bf1e3596f878,761c72a76170136cfe1ed4591047aaa5de7a8130b97144ad7fb9834540612750,49159,50029,870,2026-06-21T19:20:06,2026-07-11T12:26:13.857189,ALTERADO
01_293_00_00_002.pdf,ae6ecaf19c6d25e9148763ae89dd51ae9d1c1a27d12cf3a0b873ba44d0d2a580,9b4fa75c8423536d39954cd1fe4f5912dac8c55f4b3045b8fdf6582b23fa0108,51468,52092,624,2026-06-21T19:19:52,2026-07-11T12:26:14.383548,ALTERADO
01_293_00_00_003.pdf,74824f47011e5b811e3bac2eb6357706b475150b3e16ceedd6eb78aeda80e2b9,b55e9ff079040eb65b73ae27a16c11425f761cb74abfe0b6b462fd9e6c145f74,49424,50408,984,2026-06-21T19:24:37,2026-07-11T12:26:14.882807,ALTERADO
01_295_01_02_006.pdf,9a20e9f3b4debb6e73126cebac5e929317d3878255b755d3146af0a8e9b7c563,e8398ad4e6d87f90ba75972996575f8fc9c6150f08d397554409140b207499d7,53002,52809,-193,2026-06-21T19:27:54,2026-07-11T12:26:31.246217,ALTERADO
01_295_01_02_013.pdf,961d42e1ee0cbf1b4e0b56f02e1b896acea577be6c51072ac1067332ac070de4,0849d3ae6ec8e523d897cb07529e5f6152ecd3cf648969279ce86fd43a214675,72130,49881,-22249,2026-06-21T19:31:49,2026-07-11T12:26:35.276349,ALTERADO
01_295_01_06_005.pdf,4f261f37aa1667118d2b7fed869a1ebe5303da515ece53c8ea9d0f0230d95c06,9f1a85c275a2296117acbfcc2e6d285b4fd5dd9c22f46a3757208bc891a2a2e8,52549,51467,-1082,2026-06-21T19:24:08,2026-07-11T12:26:52.092685,ALTERADO
01_295_02_02_005.pdf,e96f1853d1388f05fd19feb70a760d6a4728959162fce0fbfef8e2346b7378ba,33b871d2b4293efa02ce12be0ab6e96e4b842aa5be3b06957995bd31cee7d59e,69423,51419,-18004,2026-06-21T19:24:45,2026-07-11T12:27:07.673923,ALTERADO
01_046_99_05_001.pdf,ac0611e48a2926da71fec57cf2a64fb2ec032074479d03b8ae8b1dfb2b1c4675,54ce5ef0e2261924a4d76f25e6454b1f2c3efad38cd1b28c9b291e66a6963d54,587039,50329,-536710,2026-06-21T19:34:18,2026-07-11T11:00:17.507899,ALTERADO
01_046_99_01_001.pdf,b749de943e127fc320c601c2b8ef138e695b33529513b24edb3716ad22fae412,a3178a2a06d290855a0f50291adaec931987771df1301a5beb0d46da40d0e514,613479,48965,-564514,2026-06-21T19:33:57,2026-07-11T11:00:13.191836,ALTERADO
01_046_99_01_002.pdf,86636e94826f02dcbccd42e9636d00fe88dcc9d24342a9e099cf292787392f78,dfa101b35abe047c908eb06376a8c404a48af9dedf698c0a4fe298a3942c2c8e,638654,48821,-589833,2026-06-21T19:20:12,2026-07-11T11:00:13.800863,ALTERADO
01_035_02_02_002.pdf,079add9ecea72cec1e2dae1b92cc34d539bb3808995d5e166ed1af7b1f250daa,1089500013d4f1c5f5141ba28cf6288fa9260766c35ff12d14f783803a9b01aa,73738,59777,-13961,2026-06-21T19:20:53,2026-07-11T10:55:42.426885,ALTERADO
01_035_02_02_005.pdf,af86af62992dce7c86c309e7cac70916d4f0c7bcea5922e887617a0540ab79f7,9576936e9304c33325ba2755bc9b5d957de214b9550d1011430a8d3388713772,73025,53178,-19847,2026-06-21T19:17:44,2026-07-11T10:55:44.085833,ALTERADO
01_028_99_37_001.pdf,5e8d2a8b130a9a0a82ed1b86408792a2e8e42c5f4cd4bac89eaf4a74ec6763cf,e545945ab8a85ce0e7049c0355932711ed8d7b0f056210a1a0fffd02ea754441,981072,57268,-923804,2026-06-21T19:22:09,2026-07-11T10:53:50.843951,ALTERADO
01_028_00_00_001.pdf,5b91666629da24371cacfe79ab6bf9dda51744e950c79d73e45deaa27653963e,582d867f3f37ec0c4d3e5be267565e43d114dd83bc40c16f4bc8b82690f0b99e,60760,60760,0,2026-06-21T19:24:06,2026-07-11T10:53:27.124348,ALTERADO
01_028_00_00_002.pdf,c676362c777be1a5e72c5f1f205d119aa6b9d137900122f9c2b66482be73790c,f0159ef38d093e1bc0a2f864ad75aa6ec923ec2611f6bdfe70a87a16680a907e,59640,59640,0,2026-06-21T19:33:48,2026-07-11T10:53:27.644458,ALTERADO
01_028_00_00_003.pdf,b1c52a344dd9183ae9a879da3336f650881ee7a6fbdfeaa62272a6caa6e2f941,6ef01ab8a299e3ec82a25e958546fa7ece4801607a6eee22f3a34f41775ed741,60414,60414,0,2026-06-21T19:31:59,2026-07-11T10:53:28.275223,ALTERADO
01_028_00_00_004.pdf,64e066e5d325056383c427a2ae0aed3ef1de1e42e53e1611aef43634ba1be654,c6fc7564dbab78d5544f3bb86ff92b42556c369a7713d79a4ee7dfcb6071f14c,61023,61023,0,2026-06-21T19:23:49,2026-07-11T10:53:28.907975,ALTERADO
01_028_00_00_005.pdf,5b95762d7b868d0dfb471bafdee2451d2ccd50225d4983e24c109dde4733243b,ad6f5438d76cf237be37259e23cc429e359346569d2d7270977c6da3002e908e,60657,60657,0,2026-06-21T19:33:53,2026-07-11T10:53:29.540669,ALTERADO
01_028_00_00_006.pdf,937b6fe4409a0e7b4cb6014dd5eef59e3a8eb9ce1fd5f2c69f8abc3f04079437,5f19e9fea565b667fddb62fe738f39f09d1efd798bf40500b98bbb3d19402b7c,35827,60450,24623,2026-06-21T19:33:33,2026-07-11T10:53:30.107980,ALTERADO
01_028_00_00_007.pdf,b2eeefd733f0cecbfcc9dc0daeeceadede796af2c266cb7daf02e647274ccd7f,be19eb4d5a4f939bf3777a1df1e6a370b68658ac9d3977b417d24f309d52b16d,58691,58691,0,2026-06-21T19:26:49,2026-07-11T10:53:30.740427,ALTERADO
01_028_00_00_008.pdf,b6a296b1049b5177438775711f0c8384368ae00e721d08d8b407ba7ed3a71651,c833be8bd9647cedf86e4d08cf0edd8b009c9fa9c547a869bf9407dd918627a5,34828,60545,25717,2026-06-21T19:22:09,2026-07-11T10:53:31.290314,ALTERADO
01_028_00_00_014.pdf,03273648fed70d9b7b9276dbf16f13bea5c81894fe1c7a1a9dfd71427d0496ed,3bac042bfeeed5e3afb65de2536ae69c810cacb5e115b5d090639e5c06b8f5eb,31405,59443,28038,2026-06-21T19:23:17,2026-07-11T10:53:34.680795,ALTERADO
01_028_00_00_015.pdf,dc67d5bed06de099cb10388242985156750a1e2ca523fe934f1891d86a9954c6,89f87712f32749e4138fa85d39b636328c67d38997598ed5f285f0a79f95b9d5,32422,60015,27593,2026-06-21T19:18:00,2026-07-11T10:53:35.202034,ALTERADO
01_043_02_05_001.pdf,8ddd8c925d336c37dffbe40714d910d75cf5e513815f0fe917e7357f21b9a104,7755bf4875786c95b55231ce49e350dafc66bd117b55c656a96336d2cf48094a,746404,51951,-694453,2026-06-21T19:37:57,2026-07-11T10:59:54.438486,ALTERADO
01_043_02_05_002.pdf,92d603656a3a554ec4d958a15830c753e57590571ef89270e372c8be72709663,248d07cfc16731873132cea5f94c5d8d67b616bf7823d6c785392269e7702058,585630,54673,-530957,2026-06-21T19:40:12,2026-07-11T10:59:55.033149,ALTERADO
01_043_02_05_003.pdf,90016901a387d1ac51497b8943779685fa17c450795916e0e1ee095380df27d4,63246f5a88faf09f8b761f55662c6cb89eef17fc95562574ed9eb9e8f5bbfae0,648680,51957,-596723,2026-06-21T19:36:52,2026-07-11T10:59:55.572445,ALTERADO
01_043_02_05_004.pdf,200e36693841d337de9941efe4981864cca518531e387d3d58c45aa300e06225,050a3b93b726c2cd198dbe29e3c7c9eac201d89297c0f5400c616cec7eb4339e,676411,54577,-621834,2026-06-21T19:39:52,2026-07-11T10:59:56.073598,ALTERADO
01_043_02_05_005.pdf,92b1d89a7307de77b7751f1d2dc9197688bf664f5c8e7ae808171d2e28e143be,5a1d6a8972a31699e7f13bb3a3e5ac0a11948f1c55653b8822eda997836ecbd9,662322,53132,-609190,2026-06-21T19:37:12,2026-07-11T10:59:56.700969,ALTERADO
01_043_02_05_006.pdf,506e290b8c63d63c67c80e2e98cdb546bdaa23791b6e0fd590331cf918d749f5,90ceafe4f46c3e3e9ff04794a9982df7550833a4cdf65f6c6c8e0f6f54bc1e3c,608329,51814,-556515,2026-06-21T19:38:40,2026-07-11T10:59:57.206886,ALTERADO
01_043_02_01_001.pdf,de5474c471b8f36ddda468145d9e5bdfb748ec1fea89079d866601012d5490f2,4ed99d4f75d8f0cbce2e8c9ccf8d6962d8b02919a025508838d8aa12b5e965b3,1027338,56884,-970454,2026-06-21T19:26:48,2026-07-11T10:59:26.369789,ALTERADO
01_043_02_01_002.pdf,202a7228058e121c7bbd7e3b0ad56999e91dbd2c822141365c812f581864e88b,fdfc676a7614c9fb7d1af3da8515ad74605819f7376f55d705a48d2872af55b0,1000332,57215,-943117,2026-06-21T19:26:38,2026-07-11T10:59:26.968391,ALTERADO
01_043_02_01_003.pdf,e2b110104cbb203b3333fa7742f9edc3a8d2d4ba4688e3982c23380baeb14df0,95f6404f0878d7c62b82ecee1be7eebc6fcf07899d867cd516f1d45c255e09ee,981449,55674,-925775,2026-06-21T19:21:08,2026-07-11T10:59:27.591894,ALTERADO
01_043_02_01_004.pdf,e8c88ee8cb56458ddb72988750277ce7eb0ea16b89b84b98787f9e3ee22e7bdb,e23923a983176e508cab2e7907136b68f3163ce2812c24f9232310a985aa8647,972193,57036,-915157,2026-06-21T19:27:51,2026-07-11T10:59:28.147626,ALTERADO
01_043_02_01_005.pdf,556512490212d6142281fee0866adb7d47387116649dfda038a991b743deff8e,09b1c77441563f70b61fad07c411a12f871eb7e94e8625396c083e1d754b76b0,898296,57224,-841072,2026-06-21T19:26:42,2026-07-11T10:59:28.684100,ALTERADO
01_043_02_01_006.pdf,cbd07a3985a784e04d785b6149e66b90c3115527e6440a9efa1c1ba534ee72de,a1d50f0d95beeb8771ac07c075b29e67c0475c9ad19e3ae86878155ba84df07a,1107367,53985,-1053382,2026-06-21T19:31:45,2026-07-11T10:59:29.204559,ALTERADO
01_043_02_01_007.pdf,a5a729e99e311712a64a1abe8fff2c9fb5b1292e4f9e31fd965c25460759b4aa,8d45ca74d0ba47a2d661c1755a08e97392e0ceb62e60c8c110c17d3867d2ecee,962513,54620,-907893,2026-06-21T19:33:55,2026-07-11T10:59:29.781670,ALTERADO
01_043_02_04_001.pdf,59f110ea9e7a3b7fde1bc891e48804eb4a89efcad19c0dd99b4b991b1fa03a6c,aff9a34d7319750ead252dcc772ea7e6afc59d549c90c8187a6cb1e8237593b6,824522,53129,-771393,2026-06-21T22:22:26,2026-07-11T10:59:38.983382,ALTERADO
01_043_02_04_007.pdf,0d8461ef17b5f588e6f16fe3be7bd3d84bb39d2cfdaca1e55fdf136d396ad831,85af8fbf6db44e314081dee0d342a855691070d83480a53842d310de5395f7a8,851001,56677,-794324,2026-06-21T22:22:09,2026-07-11T10:59:42.305194,ALTERADO
01_043_02_04_009.pdf,25c185601ee1f67048e3f75187c7381d67ac4411e880094940f5ee5bf88f0440,df2d8d507f56b05e0c9fc6085e6701c1e1ca69741e6576879a7dd85e931643cd,55166,55166,0,2026-06-21T22:26:59,2026-07-11T10:59:43.357673,ALTERADO
01_043_02_04_011.pdf,095e350ef12306e9bf4ab5bafbe5f23f423ab89c198aa25e52ec82e0aad53f2b,274a888fc7722fe2f3a3b5359cc991fed4fac02b294eca90848d897027c8e774,800437,56037,-744400,2026-06-21T22:21:08,2026-07-11T10:59:44.585625,ALTERADO
01_043_02_04_012.pdf,c6d1f82cfca4a7678655586ad60dabe4a2b027029a31ffb89e376a89b713435d,9e4b020898d96e79101bc8d32cb9dccf0a8e61cfca4b59f50ab57223d793a0e5,878065,54318,-823747,2026-06-21T22:21:16,2026-07-11T10:59:45.080795,ALTERADO
01_043_02_04_018.pdf,324b4400825c05e316d88609f7ecab79fc7660dbdc83c3d684cbc1fd9c7c6647,ed5aed3132c56f9153b02f869177349010ed82d5e0c3d382e71de77bb070e558,725731,52650,-673081,2026-06-21T22:21:08,2026-07-11T10:59:48.520812,ALTERADO
01_043_02_02_001.pdf,2301d9932a3942f76c48a33650924100032185d34e7e8c5c45a423f9cba3d108,e9f3ba21615897cd0a40739fd7c3738bc3dd483c8b0c1f392624ee27e0927dcb,848779,54479,-794300,2026-06-21T19:30:20,2026-07-11T10:59:30.425565,ALTERADO
01_043_02_02_002.pdf,0bb6858460ef0848efdd828bae4c4191f8640091ae914116aecb03d43d90a267,0958948ba19d4f3a842c74ceb9be8d45eaefbd2fc36a146ae03f644c8b052988,558843,55412,-503431,2026-06-21T19:16:13,2026-07-11T10:59:30.916454,ALTERADO
01_043_02_02_003.pdf,aefb1072d35988995b24e7c31287aa09f2d108cb1d61d96ab275804f208bf3a0,08a018bb8f4d4fd6ba079a29ed5255d604455ad6db782239cfd7bdab73fd95ac,554334,53785,-500549,2026-06-21T19:26:04,2026-07-11T10:59:31.504557,ALTERADO
01_043_02_02_004.pdf,bf7f55125b07d98913ab82eb74cf9afb98c474e2888d74d105d8ce956284e8fd,41eed49d5b2eb0f6eff7c842d843991c01421a62cba0e1deed9f1550a6958cb1,543853,54516,-489337,2026-06-21T19:19:06,2026-07-11T10:59:32.108527,ALTERADO
01_043_02_02_005.pdf,240f2de162d5b5aefe7b54a09b6d7a1ca84395fc869f3f6c4354bdc05c4140f7,e6de20634eb324ad082c194608c11a2ff5d9d43f0bd8924ae63c1cfca6c78770,540624,55211,-485413,2026-06-21T19:30:56,2026-07-11T10:59:32.710821,ALTERADO
01_043_02_02_006.pdf,14b8e04fec27c658f6a5da8b2c763f134ead97549aada0226fd998e4d4c93ab2,53da34ec68d0e5f9a399f88b31708eab6e1ae1c7e067a5adfcc144e01caedd2d,819930,54728,-765202,2026-06-21T19:28:44,2026-07-11T10:59:33.283618,ALTERADO
01_043_02_02_007.pdf,fb608131eafc8f747670701aef1065925dd65d7bc4ab926076f3650dc72850c4,05001f18d93a948fd5bab97e1057bdff4927c1e211663211261253d5e1ee2590,554220,54952,-499268,2026-06-21T19:33:42,2026-07-11T10:59:33.821340,ALTERADO
01_043_02_02_008.pdf,84135020788fb4e707c51b4ea3b6fd3d104e79da7fbdb5aa84d264aff31a6d5a,dc8501800aa6c72085ec74fe627f0fe343bf98c9b633467b3f02a03fbb9d94b1,559942,53604,-506338,2026-06-21T19:30:16,2026-07-11T10:59:34.437099,ALTERADO
01_043_02_03_001.pdf,dc3952dc113aa4acb13a7e7cba6413e15b06ace7fdeac41ae975111bca6a2787,c31dd0f08e440667cea7626d8cb75599142bea90f521b788cb1dcda31ae72c49,976221,55854,-920367,2026-06-21T19:28:48,2026-07-11T10:59:35.090178,ALTERADO
01_043_02_03_002.pdf,b5ef098b41a309ce98053e637b1c48fbb5912049ac01551b0a2db20f5da0bebc,b8719f691b1815e86596087a3c0ae29ea5ee678957d09f5c6cabde8563f9bdc1,1008003,57129,-950874,2026-06-21T19:31:55,2026-07-11T10:59:35.718929,ALTERADO
01_043_02_03_003.pdf,881f877169b7d2a7b794e4126a1ace124757c812149543eddee1446dc64d8a81,4a4b6b90b12bf50f4168bafdbbfcfdc12b974ec55a368a6c888181e37e94c026,642432,56259,-586173,2026-06-21T19:38:03,2026-07-11T10:59:36.219870,ALTERADO
01_043_02_03_004.pdf,a78e88f75e1e4e7d79aad873c3820824352fb421a54db56c04366d83be696639,a7f071db07100ea28a0f17cfd1066a19b1181a622b35a7ea990c0fd3b9bf8f3b,1012999,55208,-957791,2026-06-21T19:18:16,2026-07-11T10:59:36.756916,ALTERADO
01_043_02_03_005.pdf,6230c05cc1015a589551bf120eb7f0bac2dcd7b6e9cacf03ec70396b8ec8a127,7f4e3202352d36d1a6f3d83ca6dbfb75dbc328376b065ef5bfbafaaf67464166,1040166,55740,-984426,2026-06-21T19:21:01,2026-07-11T10:59:37.373326,ALTERADO
01_043_02_03_006.pdf,67743a727aeaa9e52fe68e991e769b3dc74589df70c9d6061ce088ddddd5b543,58e5572fe6c8418e58f635761918338229a7cc0e41cf0ebd4023374ddaf7df0c,1060216,51702,-1008514,2026-06-21T19:32:11,2026-07-11T10:59:37.892832,ALTERADO
01_043_02_03_007.pdf,b1ff96e2e3cd97d47a40f3915ffbaa9c8589e5973a92780a471696c6093af62e,9fcc2d41c6c9470567bfaa33a335e9bbee9b4871b40342f0867982d97ba48332,971475,54197,-917278,2026-06-21T19:39:52,2026-07-11T10:59:38.389969,ALTERADO
01_043_01_01_006.pdf,00d4c1f1433584fb3520d39c3056f8a5d5e5e601e1b1e9bf5f04243fd0c3dc81,62ed3946e3df2f1393bd902d7e18aa7da95792fa0fcc5e2fdf4aa99694b72dc3,885656,53588,-832068,2026-06-21T22:22:10,2026-07-11T10:58:52.870758,ALTERADO
01_043_01_01_009.pdf,c170004d62e0500a753f509f404eb5c8818680687ec613a6a191ee967bbf3779,64c937da7813c4e52ca4f6bbfcd0508deb5dbe3d82843366ee50f9f8f0603ec5,53753,53753,0,2026-06-21T22:26:43,2026-07-11T10:58:54.514745,ALTERADO
01_043_01_03_001.pdf,b89f77d9f8a50651d962a08a8975a9a05db5a937e575a9941667957e3033e3e3,a2df0f464978ae2cf5b462f01f3d9d9434364b377e3d32a40df4907c1edfe773,1876062,60972,-1815090,2026-06-21T19:30:59,2026-07-11T10:59:13.638939,ALTERADO
01_043_01_03_002.pdf,d42a4dde2537bba34fd0c1d0ebc34e2b3d5bfdc0b5792cfe7d529c62f2f34ebc,9faffed49fa365c81d66b96035ade6c382c125a4bf3b0e381e58a1c7f8ce66e3,1320896,55380,-1265516,2026-06-21T19:39:10,2026-07-11T10:59:14.269852,ALTERADO
01_043_01_03_003.pdf,73083efcc0c9d4275a4a0b0b2a77aade4b2d0b5844675bdc51e71abce40c0b63,d2574207cec37140a943cf5899daa867806803ef17f540ba8aa5474e158d46c7,1321636,54536,-1267100,2026-06-21T19:23:04,2026-07-11T10:59:14.801341,ALTERADO
01_043_01_03_004.pdf,5c5cc4f9b90e371b283f56c93ff9100eac9445a7344a0a935df73d1a5825f2ee,27af30c93a5d765fe18ea2ab0118864feb960dd10e9d3f2c89f44605e3feebdc,1209460,52664,-1156796,2026-06-21T19:28:32,2026-07-11T10:59:15.300146,ALTERADO
01_043_01_03_005.pdf,de74c6fe2e8c0b1b6d55fb0ba57f4e10d7af9ed0e5aef64344e296c35bf395c5,98d82662089cf06ceb3d3ef7cf4b52238c9edddfc3bb96d198e4a2298000b05a,1367564,54374,-1313190,2026-06-21T19:24:01,2026-07-11T10:59:15.906877,ALTERADO
01_043_01_03_006.pdf,33c40608950a38d9e51738abcbca12457be2c74b1f2d6807c364ac5b80edb2c6,7c4d5b6027a1e629aa1bc45dd40647ada691a9cf008c64d6703d1e988c78ef5b,1353887,53435,-1300452,2026-06-21T19:19:57,2026-07-11T10:59:16.476046,ALTERADO
01_043_01_03_007.pdf,2ef4b078739859d2439fa1e61780062a1df562d26ccf5a4690df46a723fda085,ad0dc134ee313288782ffc0fc988fb5c1382cb12304a131f8cc148a60d460255,1309274,54331,-1254943,2026-06-21T19:27:19,2026-07-11T10:59:16.979634,ALTERADO
01_043_01_03_008.pdf,c33ecc559811587d85003f6d99c8721e19fbfea6988de2fcd58766c5888765d9,a11445828eec436a5099b665e15113892995f4e83c4de49779fa87e712113882,1337567,55128,-1282439,2026-06-21T19:36:56,2026-07-11T10:59:17.473084,ALTERADO
01_043_01_03_009.pdf,2589edfc31f1850f517a28a2ad33d7a72df8bf58e3db9980867cc3b5ab730154,7beacd18e70a3b9c6d0284637dcf3aa22a048a2a7648df405470b5c1e3e18f2c,1261456,55231,-1206225,2026-06-21T19:17:46,2026-07-11T10:59:18.092497,ALTERADO
01_043_01_03_010.pdf,1c9095aa8baa42da0c232b8507bb31c98572092ea97e4debd5b5f603046a0b9e,b667014311286a7c2d0cd5e9d2e5871ae8734895765cbb4df4cb8f56818c3929,1366313,53100,-1313213,2026-06-21T19:33:34,2026-07-11T10:59:18.693353,ALTERADO
01_043_01_03_011.pdf,4b4521125437c6f831f2eb3c6b7058ad885d9a3691b90659411a578c3a9f0030,62b1c25b1939ba40fd2bfcbcb0bc59ae833e8f337a8a28635a9a60737705f2e0,1289807,58152,-1231655,2026-06-21T19:37:40,2026-07-11T10:59:19.181471,ALTERADO
01_043_01_03_012.pdf,2b2a72d247758cf50835ce8112091506fc1934b55ec6dcf63ed8c57503fdbc0f,753caa5f9619050f49ea89177a19b70c9168ecfd21939b553e0b7f02487601e2,1223069,51283,-1171786,2026-06-21T19:24:32,2026-07-11T10:59:19.780108,ALTERADO
01_043_01_03_013.pdf,6654a00998e3024f27926715b870a7c5390a88b01181964c8dfc4b2eb54522e8,abf4ffdc4ee28ed9700e4bcac7d142a08652c90f4a864aca66d1beabec3f55f9,1300528,53326,-1247202,2026-06-21T19:24:08,2026-07-11T10:59:20.320345,ALTERADO
01_043_01_03_014.pdf,8c0ceca02f81d2da146e05f1cec2a2b49b9ea5d5fabb189eb24b4ba840a9803b,7d28648a224bd4be374fd5cb66cb9b9f6e5354d0fc1c42d8b19cd58bc120e3e5,1273518,52790,-1220728,2026-06-21T19:37:39,2026-07-11T10:59:20.824396,ALTERADO
01_043_01_03_015.pdf,4108a8ecb95c5f9f3dd09f7e2bf35c8024778673a461f371d918e4ead1162788,6b90c966b21bdc4444f472581c87ed3a3d8f461dcb679cd216cafcce20e3d4a0,1455470,53119,-1402351,2026-06-21T19:23:41,2026-07-11T10:59:21.326689,ALTERADO
01_043_01_03_016.pdf,08d0be6791d8e8281d1ea56c7477a9cfc14d1328aa82e45aa3b62503245c335a,2ae07773074591bab6c8c957167341d7070ee003aadfddc3dcdc9cad35fbcf16,1238454,53187,-1185267,2026-06-21T19:29:41,2026-07-11T10:59:21.837949,ALTERADO
01_043_01_03_017.pdf,1228ed215e44e5ecc2e57d7822606483c36d10a4e0343f23965a8b87b806da8d,b4468735e36f869a9731f4b07c64b9fc010aa2dd7ef54c10fbb16b6ac7defd62,1420228,53786,-1366442,2026-06-21T19:31:16,2026-07-11T10:59:22.460930,ALTERADO
01_043_01_03_018.pdf,4273e624838d9842204f5717cbffe6968836ddf650d5a36f62c87024f3d91553,311e74d7915a67dbe83cd4e63c7df16cbde850db81134623ccc87ad36f26476b,1393392,54864,-1338528,2026-06-21T19:39:10,2026-07-11T10:59:22.948734,ALTERADO
01_043_01_03_019.pdf,c44128c7a183c6331e1a215f041e0d0b4064a5871c12d89c087c34850e821df8,5ddd67398606273c3374f0201370f14c84b95f30f5cefd30dc07eaef783125e8,1326684,54992,-1271692,2026-06-21T19:37:17,2026-07-11T10:59:23.482001,ALTERADO
01_043_01_03_020.pdf,283b94a89d0391f32f060653caa2e35e6a7f3fe94418749a7f7fc374a38720b5,d924de63db3ba8ebbf77835b9b6118b356d3e100a230983f5921cbb3fe04996a,1313174,56267,-1256907,2026-06-21T19:19:09,2026-07-11T10:59:24.075025,ALTERADO
01_043_01_03_021.pdf,228c328dc008ecc79665d54079ca8a6be06029b515d194e77dc5e936214e1f1b,c722ae2a620057dbd43f10479fbfa07e7b736f81d0a51ccdf007159fca1c2cf5,1282654,55333,-1227321,2026-06-21T19:21:39,2026-07-11T10:59:24.678676,ALTERADO
01_043_01_03_022.pdf,80089a59610e7422bd4fe6394b55d9796e67e3bf6e4e24177bda4ac97578dbf7,f21a4093edf94c3d323215ca1400cb6d98bfa2fad2f36d27c447a4842f3dc9e2,1316763,55295,-1261468,2026-06-21T19:29:36,2026-07-11T10:59:25.283902,ALTERADO
01_043_01_03_023.pdf,e1717ecfce87286bb4147c71476bcc41be9840877072fdfa76d711ab7aff56ce,ecfda9d88405390b62e8fe5d12b09e4e73428a8f8888bbcf7e8be82dc69b6386,1275274,56535,-1218739,2026-06-21T19:25:46,2026-07-11T10:59:25.768902,ALTERADO
01_043_01_02_001.pdf,c77d0a266dcdd5832dd294314d692f7a5cc1cc2c5ee862ac4baa110fbc851766,08a78e42c896df988fd74be7dbc35e1b654448665416fb928695c758a32ef9a6,537086,55720,-481366,2026-06-21T19:37:20,2026-07-11T10:59:00.206120,ALTERADO
01_043_01_02_003.pdf,ac92354e20563d5df2a2285b0885cdb1d0e4358d2d5199952bc6986fc8a7c685,cfb4710a4e58e9b04e985f2af928a8bf42ad946f31e4670168f5e2a3a0a65787,659726,55094,-604632,2026-06-21T22:20:14,2026-07-11T10:59:01.234185,ALTERADO
01_043_01_02_004.pdf,6e097fbe88e92586200f6b147230009787b68c41cfd0fbc581bedef64274ce61,3a3c707c1a94ba5ad2d9ed14d86d3f1b1b0672aa427d547b8a7b1e479cab5b6c,664528,52155,-612373,2026-06-21T22:26:46,2026-07-11T10:59:01.861556,ALTERADO
01_043_01_02_006.pdf,b0149793b257e46e076986e31dded559d5ca83cfeb20d64484f85f02fa2e4e19,3c105e47e4b25a0583d8d389847ca55d732c6aa1e24466ce97182902eef655c0,585326,53251,-532075,2026-06-21T22:29:58,2026-07-11T10:59:03.073669,ALTERADO
01_043_01_02_008.pdf,10797e30e562c1b847db1a90ed7653738a02e88274bf4a3a89d1a989356fd297,1e4259e6e9ff37596957fdf66c77671331f41e325d2fa667fcca519e034c7606,579368,54559,-524809,2026-06-21T22:23:37,2026-07-11T10:59:04.086298,ALTERADO
01_043_01_02_017.pdf,0c1bbdc08fcc9cb08ffc8f6d0b719c3262f5e9664f2450bdb37112e8270d74eb,6293ed9a58e35a84c0fd64938563dd8616261b4209bda30f0dd54f917ddf23ae,55546,55546,0,2026-06-21T22:20:19,2026-07-11T10:59:08.996758,ALTERADO
01_019_99_01_001.pdf,1198eca71e4df5c5c1a5beeef2dec9a51aef19bfdd425d23853e24c1e5db981c,13bdc1671dc5cd58656960523eafd630574f7f55bf968c4df3f20601391167b0,55591,55591,0,2026-06-21T19:40:38,2026-07-11T10:52:42.671574,ALTERADO
01_019_99_01_004.pdf,403ec7d6d945214f7fbe8030f9482dd122257fb562dafe161ae213ed683612b2,937e4a0fd02fce7f853b980af39e8aa5bf0a18fe8be1056a7b3b951ecf5decea,595574,53708,-541866,2026-06-21T19:27:58,2026-07-11T10:52:44.440180,ALTERADO
01_250_99_20_001.pdf,47379f981ce06d39dcb6feeb855ab5782237b2219b6f949d1abefb546a8732bb,c7444504a7193b12bf8997e6f59a9bf2ff72973f2d742584f71a5038f792b7a4,792481,55916,-736565,2026-06-21T19:37:07,2026-07-11T12:15:58.064709,ALTERADO
01_280_02_02_009.pdf,db887b308f239afbe42f59f0c500f1c6391f671aea9671229430e2009b9ebf03,518f911a686dcca1483feb30f5e48104c3c379e418ed21dbfc2408a00fdb1d49,56302,51395,-4907,2026-06-21T19:36:55,2026-07-11T12:21:42.907850,ALTERADO
01_280_02_02_022.pdf,b44b0279674a998d8e18834b9f39bff252d3c56a18467a27c3ba377ed8b6f427,346cc903ef71905696a5b63b7adb24427cc0eb0f20d730378d7c159929e25665,69366,57208,-12158,2026-06-21T19:37:37,2026-07-11T12:21:50.251959,ALTERADO
01_280_99_04_001.pdf,bf4b04ffb2701afb15bc14074e6443d794e2b95a1d9affd1175d8ccb8f839625,9f9109a8bb39f606ec5b7e31e436daa72ca43f94de38a43740f6af0b17fda9eb,55921,53590,-2331,2026-06-22T07:37:28,2026-07-11T12:22:40.098153,ALTERADO
01_280_99_08_004.pdf,fcee10c378d68bab2d6804eb26087006032a5c1dc570ae0b3b203a54777354bc,fde4dc5c6b1847e68482ac31d3efafa40797ec3fbcf0619e19e233862ec1fe81,69633,59275,-10358,2026-06-21T22:27:06,2026-07-11T12:22:51.335838,ALTERADO
01_280_99_08_005.pdf,314890f1dbfed1cae4ed76b20b0c7b85b068715efff530b646df80adec1699d0,279d5c3ee714fcf6ed1c6267de3ccc22d57689724306ea4ffaa01073c242a561,71905,55698,-16207,2026-06-21T22:26:50,2026-07-11T12:22:51.920274,ALTERADO
01_280_99_A1_001.pdf,88e615892f970e273d8737abb77c64d3421d1bc24cf6c3484c5e18b5bd40409e,0d54628fcb3ae37930f8c2b28779ba88d8e552c945c1bf80d3bb4cdee59e47a3,62566,56938,-5628,2026-06-21T22:19:46,2026-07-11T12:23:27.343492,ALTERADO
01_280_99_A1_013.pdf,c03104519255d5540a4167d477b1e5bd3bcfd3a36d83d62d318d82b05edb950f,dee724a9054f8b3d6e9b1a0ef9f52d00e5dcd2b9afae88d02169c2693bab2c2c,65560,56095,-9465,2026-06-21T22:29:57,2026-07-11T12:23:34.102893,ALTERADO
01_280_99_A1_014.pdf,05a6b8e8210f5e381eb211237755cf68a33b396afaca2d3b7361b72f54f9c21e,0f6574c2a4cca295b0c85cd3d30e2153d664a378ef4bd504e28c68c70f1b68c3,65633,60883,-4750,2026-06-21T22:19:42,2026-07-11T12:23:34.605613,ALTERADO
01_280_99_A1_025.pdf,fa35af56090c6712be44a1918457f27d09ada49ad7fec3f9178cb85bd9116c4e,e952908257f730390bcea7dd266112ecee4425d9dc5692474bf4b342e1fb6ce2,72827,53661,-19166,2026-06-21T22:26:13,2026-07-11T12:23:40.672377,ALTERADO
01_280_99_26_001.pdf,1dfcfd71a96a074e9b7d42d048583a1f70bd40557fde076b7414cc40a0581620,41255fb7fc074873a23f5c7aa302ae2df8bc8e0a6e2964e9a72f01f07ce218fb,59292,56457,-2835,2026-06-21T19:40:36,2026-07-11T12:23:24.036507,ALTERADO
01_280_99_05_001.pdf,5f69a1de019389dfcacd84fe77efc3c9926d6bf5c5bba90fee03de65093680d5,ddaaebaea3d9297381ef8777cb0793f33e83254f7224018795ac2ca1e0e66fd7,56963,54266,-2697,2026-06-22T07:37:35,2026-07-11T12:22:40.602067,ALTERADO
01_280_99_05_002.pdf,15511cfe8e40b7d612b3b5baf5bcbc410b2fa4a0830b7823496d34490e349794,71ceddd94fe93d53d96231142d7eb548b301bf5bc59b174ab9804aae9b858a56,55541,53419,-2122,2026-06-22T07:37:33,2026-07-11T12:22:41.221857,ALTERADO
01_280_99_05_003.pdf,c65135f0f2b9eda1d3c8d68cd06ebe529926674c2bfef85150bf65894833b343,b96d27e3ffe62fefc3532fde619d66131a334065c4a73672a1665c68255998f0,58150,56186,-1964,2026-06-22T02:49:57,2026-07-11T12:22:41.866567,ALTERADO
01_280_99_05_004.pdf,0f71498341530f2b75e08517a6b8a981496362d542ac3c721718c0da2d3f22b8,21b7a2cb9a62830673a60d06b4fed4daca814e67e84efa8aacb13c1043cb14f5,55991,53660,-2331,2026-06-22T07:37:15,2026-07-11T12:22:42.455865,ALTERADO
01_280_99_05_005.pdf,f4982a3062d5eb8746a67d088d96b9307d59e5b2648fb7692b312f0a9467c149,534ef5f465be7c72bae7d7d6e1e39205825f93b8e5b60e014e147797b848682e,53362,53280,-82,2026-06-22T07:37:20,2026-07-11T12:22:42.982816,ALTERADO
01_280_99_07_001.pdf,0a1c23e627b423913962bc43bdba733183ba72e4eac2ccb983abb58dda9e2600,c23eceb63ad1c836b4baed071a16b436cda0ac4d11012fd91e0b2a446875f034,59863,60482,619,2026-06-22T07:37:27,2026-07-11T12:22:49.131992,ALTERADO
01_280_99_02_001.pdf,6430a34c8a857ecb1b89dc57c1e5e0d7b5dee9e565e16bc57b62414ee81f5a1a,762f9bd76b862d35d0ddfeb60c05a227fa2e7307d00dbb7645468ae927d5f454,52828,50588,-2240,2026-06-22T07:37:15,2026-07-11T12:22:26.355595,ALTERADO
01_280_99_02_002.pdf,b2879ce65962b500d25fc782b0f88c0a5c7238217ed80516ff232df759c6d93c,4cba0d7558a7b855dd5566bd2a3c090643219a523944675899680be7ff84c199,63888,63514,-374,2026-06-22T02:49:56,2026-07-11T12:22:26.958808,ALTERADO
01_280_99_14_010.pdf,1490868d89c91252ab0ec0130825c257a15182f524da4bb5888fbd3979f36957,2dcec48fe2e34f075622a814e93e8d368f60710a3bef1a6803380251c5f89c17,66036,56016,-10020,2026-06-21T22:25:49,2026-07-11T12:23:11.329051,ALTERADO
01_280_99_14_011.pdf,90d1c11695f4d67fbf6c7693b1a9bfc0f5c47153ea2c6a58b8666532b1923c80,6869693b0fb0d950595bb0c309c0a1b6dca691359d32cc6eb9afc80bda01d112,63398,66752,3354,2026-06-21T22:20:16,2026-07-11T12:23:11.856503,ALTERADO
01_280_99_14_012.pdf,1901db5f588fb914b2cc6d7fcf81a02221e9653d1e402a63ce03411aceb751d4,4ac2d71cc4525afcbcbd2db9f11fd80930ff7c335e7b138b9e7a70d7770aaceb,67304,58847,-8457,2026-06-21T22:23:45,2026-07-11T12:23:12.376122,ALTERADO
01_280_99_14_013.pdf,3d9807239f0b1af3c34c37df8971c0b7267d9983e5c7b5a83d93af4feba0ba87,fad6c4779194ed62b69556f9f9c1273070a53c1571b0e5acb90fe57709534d65,66170,57057,-9113,2026-06-21T22:25:55,2026-07-11T12:23:12.874711,ALTERADO
01_280_99_14_014.pdf,e291061619c86744553705c6456ebc7f56c045e682002ee1a8e3b50ea9721634,a9f9ad3911e434125eeef932bb201c7569f0e10a40f7914aa9c7c1671b7a3046,62837,55059,-7778,2026-06-21T22:20:13,2026-07-11T12:23:13.523817,ALTERADO
01_280_99_14_015.pdf,f311a36529f59f7e31e5a38c78f392251607794707df633db37aed39f22c5151,2a2208aeb5d9c5d37f6eaeffb1e7a9818b647dce46a48d7418a435533df62e19,64981,58496,-6485,2026-06-21T22:20:07,2026-07-11T12:23:14.115454,ALTERADO
01_280_99_14_017.pdf,2e760aef6b8e702ef4baf5034132168f1993e58f7c9b678f8f9870857ee2938a,5debdfb33e2c6295b25edf1dd1582a5a147d08303bb844e2f0bada200b1ca8d3,61569,59120,-2449,2026-06-21T22:23:15,2026-07-11T12:23:15.294213,ALTERADO
01_280_99_10_007.pdf,8e6c3747915934690c455c10f76a8d49414f864647e809fa19c4a8df08075e4e,b4c9e7b525b1cf175e439ff79e9751af08fda4ac00953d33374945e90d7ed465,59192,52777,-6415,2026-06-21T19:39:42,2026-07-11T12:22:56.888926,ALTERADO
01_280_99_17_002.pdf,f658904f2ff43c5139849cd679c8a936673370ed49fd9b87369937462f79c98e,c0f0b1c2d33b79b56707bfc65a713b2a92d32221c0d355c4a996f739b3b4b778,63178,51779,-11399,2026-06-21T22:21:04,2026-07-11T12:23:20.558919,ALTERADO
01_280_99_16_002.pdf,f4b4dd450cbb17c4cf5caf802fea7d1538716b246776b1a8d73258860cd94501,2311ecf8fb3837c689c87517176f7107a8548f4db83b58f39dfd497643b761a4,62638,54524,-8114,2026-06-21T22:20:38,2026-07-11T12:23:17.701990,ALTERADO
01_280_99_01_001.pdf,4b2c10ca6b66aa4b481699cd9b9027d5a14b8b4e8c8e86cc18e00f8288052a34,95c6805fd5c9b25ec2fd6f62b107ffdf1c64771ed66bc8ae3385942ab89932ad,50798,54695,3897,2026-06-21T22:19:39,2026-07-11T12:22:24.743244,ALTERADO
01_280_99_01_002.pdf,53abcce3c99d06f7ef004db9f85ebba086f5f000c7a2aea508c3071fd9f004de,bc3565fc0fede5ffece249eabdc13a57622620ec41b9f587578b1406747e4848,50482,52902,2420,2026-06-21T22:23:18,2026-07-11T12:22:25.219977,ALTERADO
01_280_99_01_003.pdf,2925a01e26abd3be8170eb6e6dc374af943ffaaea81abb51fe27f0889df46915,8b397bc3c654e58097d6c25472dc663cc0aa9e1b770338691d0312b4e0fb9eec,52440,55533,3093,2026-06-21T22:20:44,2026-07-11T12:22:25.729568,ALTERADO
01_280_99_12_005.pdf,af3e6fdc7088510591275dc9165422443425ff8b7f881f3d6b32bf649fc85916,b22f5857e70c79373fd80f1d08957953816fe99d5251c39d3635750041693a07,67972,58699,-9273,2026-06-21T22:21:07,2026-07-11T12:23:00.869923,ALTERADO
01_280_99_03_001.pdf,8d14bcdec7cbd34d7893fc9e68c93e991cee85d9fda15d46abe275d0c0274350,744073f4c17a33e53ca17036685fb4250623b2ed7f9348460a637d542608c21c,61902,55333,-6569,2026-06-21T22:22:09,2026-07-11T12:22:27.474150,ALTERADO
01_280_99_03_002.pdf,396f27f24981718cb37497c2b211aacb7d768371b5b4184e26d9ea90d274c13c,e18e610c6df23340184b9c188b1f43d6d282e525c4cc63328b885289be464856,63360,55967,-7393,2026-06-21T22:26:18,2026-07-11T12:22:28.021938,ALTERADO
01_280_99_03_003.pdf,3a0d85777daba3cd3b6545d81d2283380aa85abe3b8c797a2d06b33647fd915e,738115bbdd6d5a3d248ec73e5ddafa2c4fc512b387e9ce2d7877340e9be491d3,53948,54940,992,2026-06-21T22:25:16,2026-07-11T12:22:28.606635,ALTERADO
01_280_99_03_004.pdf,4fff18e77fb0ce11281ed91f2fd2206b00a768fdda0d1a9e4f34a33fcf5fd631,9c3c31102e2f93b42f9d48369f74e8a34e7e8330543e4865ff0007e034610c3c,66842,53706,-13136,2026-06-21T22:25:58,2026-07-11T12:22:29.207103,ALTERADO
01_280_99_03_005.pdf,ea19633e426a8f0ea11bc2183bfed9ca71a034a9999c4c0d13736cdac20c733b,2e78be00150b8efd031128722bba7c5af5b11a7630c9d188e58294b384a5683d,63440,55552,-7888,2026-06-21T22:23:16,2026-07-11T12:22:29.726710,ALTERADO
01_280_99_03_006.pdf,452d7d8c2ce4b70ed808dc41e277fd0637de9ae4a663aea6b65ba05d72f4d851,3cc3f8b14ae455608976afb59b6822062176b5a352570d54ceeb8b915cc70828,54010,56201,2191,2026-06-22T07:37:17,2026-07-11T12:22:30.229499,ALTERADO
01_280_99_03_007.pdf,9be83fad7a42ee9783e572c930f42faf5b1d1f50e101ece9fee0d6ef0af0623c,1da1778e46b7d01055712bf6251087213b9f82248f3f862ffe8078af72de39ff,67058,55259,-11799,2026-06-21T22:26:10,2026-07-11T12:22:30.819806,ALTERADO
01_280_99_03_008.pdf,519327bc19314044f552e5062188de60c0ca5411dc2061c4cfa18704ae83ee58,3d649c1e8ec36327db1a3dac502fd95195e151fd569e8df3fcc9111b20cfa240,68609,54924,-13685,2026-06-21T22:26:39,2026-07-11T12:22:31.421664,ALTERADO
01_280_99_03_009.pdf,69f25ddda264fda014083953483b7f12b437d2c4998f8e4314975296b30d37c9,3956149ea4dc91d456370dbdacaec35c62bc582746b8f4859e2fab2f376da7eb,59448,58771,-677,2026-06-22T07:37:17,2026-07-11T12:22:32.067053,ALTERADO
01_280_99_03_010.pdf,27b6b3a7e4c17302e80c82267929df4c54f83aef7fb1a56622e850289618151e,b1fca7c9ae18475209741e0d8e6c84102dc1840a452cb26b229a723a6233929c,58461,57056,-1405,2026-06-22T02:49:57,2026-07-11T12:22:32.622999,ALTERADO
01_280_99_03_011.pdf,2d7099200c169dade2c2bc58b5e9bc53ef6139b23999d064f986537249f351e5,8e1db9ab2f80ba597fac6b4e6e0590763e23c7404db833f61f26a2fdf5796a4d,63453,55025,-8428,2026-06-21T22:21:49,2026-07-11T12:22:33.151175,ALTERADO
01_280_99_03_012.pdf,8f78b16006303325ef4f88cb8737fba54e42bbe0cf2a1f0dc183af850b4f5b40,05672539e21355e1080f834a7170d4cc78c4797a687f8ea5b0e2ba28a06eb564,68187,57053,-11134,2026-06-21T22:21:42,2026-07-11T12:22:33.751361,ALTERADO
01_280_99_03_013.pdf,fc3fc4db692c261e96965eef2b4a19bec5035aa8713f3fae342293ee50684ea4,7ec35e9d47f9e9d03ad6d0a5c2ea3f17a70f6c41bc8e218731f8e8b8b60978cb,67222,53223,-13999,2026-06-21T22:23:23,2026-07-11T12:22:34.387383,ALTERADO
01_280_99_03_014.pdf,9389dfabfa23dd6a72a6abd8a66903bda5c6c0069b587b1998d3ca20b8804999,2d566449b820b59582175c06ed73bb73adabd35eaab8f830b01fe0af9cc3964d,66803,55582,-11221,2026-06-21T22:20:31,2026-07-11T12:22:35.016317,ALTERADO
01_280_99_03_015.pdf,2cedb717f30106d17955a711a22408db8e49933557b16034a4c4ec5b9d9e9589,54645410f338f1d67c1f9cbfc007849ff6617c942a6c4ee579208a2ad5e51d9a,61578,52421,-9157,2026-06-21T22:27:11,2026-07-11T12:22:35.623242,ALTERADO
01_280_99_03_016.pdf,eea4fced130df866371b6dd9dd21c94196e7b60bf711e0dc2554f88396d18b69,cc95e03de2a81ec21c1ccdd9e996676d08dce75cc63209e7ccee7f33d5f667cf,61494,55053,-6441,2026-06-21T22:20:44,2026-07-11T12:22:36.284920,ALTERADO
01_280_99_03_017.pdf,86b975da4acaaa8240a1eb902d1c0ea022c8a605e780df84436d0345cffd4442,185e21e13c71fd36a73c3cd7cd9ef92354cdb5086e9be94e5e97904d1488e58e,64034,56166,-7868,2026-06-21T22:20:04,2026-07-11T12:22:36.873016,ALTERADO
01_280_99_03_018.pdf,35653435dfe1da65195509905347a5ba7b159c4f2940fa81a9c5031e95d55f89,4353348d739768940b8f0d7ca11d8657c3f9c95e2e6a93262e9b99b96126eb86,52276,54734,2458,2026-06-21T22:19:49,2026-07-11T12:22:37.364505,ALTERADO
01_280_99_03_019.pdf,2448be0934e50ba58387a25c498ea351128fa334973d428c40de6b03ddd740e5,20f8c2d47460a4a80a7ef3c273e2d616e1557be30638045a0a769214a5e31d3d,67359,58992,-8367,2026-06-21T22:26:12,2026-07-11T12:22:37.847858,ALTERADO
01_280_99_03_020.pdf,b02fbc5b59e79eaffef0d6fbb50356cf3438ff118f4f0188b7fd9fa8d76ed3e0,a7caa2c431dde09adb4cdf12a24f853221cae2a29eaea75e6ecf94297749506a,61180,55593,-5587,2026-06-21T22:19:47,2026-07-11T12:22:38.369680,ALTERADO
01_280_99_03_021.pdf,53cdd6ccb410c43e87cc1c3728590e5a3e365ae92b6eab939493ffc18e304a96,d2f08945238e8248cd8bef112265d950d7c80945f35d5f51d81e314949b04f63,67752,54255,-13497,2026-06-21T22:20:15,2026-07-11T12:22:38.999909,ALTERADO
01_280_99_03_022.pdf,6d012db7d9286fdcff743e55fb7aea176a198d5a04b3430876f49868bec00cd5,20a435c5af8c68884f6d24920b35e38baf01d26ef6ed577f8338f56adb38fcb6,69867,57253,-12614,2026-06-21T22:27:12,2026-07-11T12:22:39.593016,ALTERADO
01_280_99_06_005.pdf,c466f4ba59e03ba5e89ef427db1adebc5e3870650818ead882d9c03b323e4412,f5d9c28df52c5c42716cc82a29681f578219ccba7e16caeb6324edc0cff84510,76240,56339,-19901,2026-06-21T22:24:22,2026-07-11T12:22:45.767114,ALTERADO
01_280_99_06_006.pdf,c346336025d3aa7d1f2c0db92ed139303fe2d67819188a068639d614b46c313e,20c4db73568b1684cf46e3fdcd53f5a3e8254bc4455dd2eb957d9a481dc39f3c,89121,57142,-31979,2026-06-21T22:25:47,2026-07-11T12:22:46.363837,ALTERADO
01_280_99_A2_005.pdf,084a127c1d71f4631136ff49a7c2926a118aa93a27e21daf12213336bddb3654,1a75e7f7db770f5070e14cebb357e8c79d50ce48712fc2555f4ce8dbecfd0a54,56653,53340,-3313,2026-06-21T22:19:46,2026-07-11T12:23:43.507790,ALTERADO
01_280_99_35_002.pdf,c237d0d70e38c87f7b393e40a0c42456de3b5faac697c8df500c3702a37ac0b2,ea75ed9285bc3bc2bccf4b9cd2ebc970c682443dc30a1ef1bf6399402800d54a,67643,54951,-12692,2026-06-21T22:27:10,2026-07-11T12:23:26.822783,ALTERADO
01_280_01_03_001.pdf,be13ed9854651c122fdb49e1b1a6c4f885a3a4dd460f4b44c9774cd5744ebd64,d62449205d5ea28c6315c7b0166f849cbb39f40b8cb1f67754c143209b702c1a,58069,54943,-3126,2026-06-21T19:24:17,2026-07-11T12:21:26.753247,ALTERADO
01_280_01_03_002.pdf,1a064bb16e89717166a06cd2111e0a6fb70720795a541cc9dfbbb792758e2554,1757c083fe3454b21a560f50d68308ea5fd4cc0d7743102a224c84393d63765c,56504,54078,-2426,2026-06-21T19:28:00,2026-07-11T12:21:27.292926,ALTERADO
01_280_01_03_003.pdf,51f8bfde2f4c2cda5210c771c153c976f9a7a6ec9c7c3a07de61480aaef96c30,b510c45e072fb6c1972ffc2ef4b87d484fe39d011382439e70d940241cf30bf1,56935,54417,-2518,2026-06-21T19:18:34,2026-07-11T12:21:27.911427,ALTERADO
01_280_01_03_004.pdf,c6ed86a8296b1a17eafbe548b5fc653dd6a29a13b62024b6e69680dcd5bddef4,718a13851692b0290862b8082c4de85c516520f42d250183096d6a17a1f9c4cf,54544,52830,-1714,2026-06-21T19:22:51,2026-07-11T12:21:28.524437,ALTERADO
01_280_01_03_005.pdf,ea5859428e5a6c33dada48171676ccf611be334d5bd462a63f5b41d2e07c7169,2c9ef2433eecf8d99285b494580f273d923ed693ba11883904ab8371a9d9c4f0,55719,55047,-672,2026-06-21T19:30:16,2026-07-11T12:21:29.102285,ALTERADO
01_280_01_03_006.pdf,1deaead2c8e0bbce96f8d51a1f61b1afdc91dceadc2122ac376e05c6b6e985c2,ca4be6487ffaa6fd04cb6eba43d93e61a36277878459ef54f8b30ac675ad2ef3,56585,56081,-504,2026-06-21T19:22:37,2026-07-11T12:21:29.700005,ALTERADO
01_280_01_03_007.pdf,25e232d1b9be0968fd294da3eab736f485ded9aa7bb0efe8389a5268f28d72e9,dfab2b99aa0b8506c3623b654a120ddffd15b0341c00f2042d7ffdf6b7ac0a7b,54407,56052,1645,2026-06-21T19:25:43,2026-07-11T12:21:30.290453,ALTERADO
01_280_01_03_008.pdf,59b56f8c1abf176777aca74563a3e7f86a6012cc6c28c1a19d49711ff7f68429,7839ea31cb462f3a7176f9521e0a7cda9336f9bfe335915060f0f13e226041be,52203,54073,1870,2026-06-21T19:31:00,2026-07-11T12:21:30.794008,ALTERADO
01_280_01_01_001.pdf,263618f6b28b19334796d036cb18d8c34fd84b1fe31380e58388293ef0f0fc3b,bb26b8ffd79248dffdea05f720499587da29a94df00d6e3108f2d178ea26873d,52813,54050,1237,2026-06-21T19:18:10,2026-07-11T12:21:04.305837,ALTERADO
01_280_01_01_002.pdf,9c16417934113b2aef72cf5b3bba6a8b5590d7d9f54379eafe4ba942384509b1,867e085b4794593b1f969dd5fd0fcceeb21879f33887f840e84a1c14617095e5,53454,54136,682,2026-06-21T19:26:17,2026-07-11T12:21:04.799931,ALTERADO
01_280_01_01_003.pdf,362d59bba7c8c125a17957997af10247c806d687458ca26502e13fa454b0e2de,f62c1558be05a4bfc8aeff6d97ecc92f25b6e2144645c31d05bf395c4f0622db,52697,54473,1776,2026-06-21T19:30:13,2026-07-11T12:21:05.413150,ALTERADO
01_280_01_01_004.pdf,fae433cce0bc9ea2f62d8486ed617b65f02b196b5c2a5539db38ba36ffa98caa,b02df32775bb221f5f65ec86d7b2db8ab22389e766ec891fad322cbb09f7a22e,53984,54816,832,2026-06-21T19:26:50,2026-07-11T12:21:06.003761,ALTERADO
01_280_01_01_005.pdf,1368b83c167aa1fd91f61a3b9724c63bdc911dadc108e6c263b72c4661b8909e,2ab28de6b1eca582535accf9af8589a0496dc391db4d9e99a1b7b2cc84d44f44,54637,55560,923,2026-06-21T19:23:15,2026-07-11T12:21:06.629426,ALTERADO
01_280_01_01_006.pdf,5f5a81fd7be0b0a325b8055fede91f3bc86f55e36e32056cdc7abf72f2581619,ce095dac30694bb44f7759d817f1fdd5fd4d6a2db84b7f8de483d3f22f9dffa8,52128,54907,2779,2026-06-21T19:27:16,2026-07-11T12:21:07.201756,ALTERADO
01_280_01_01_007.pdf,bcf10b5e5276b6faffc4801d3972939ab754b5046d259a30321128e25bfb68fa,932c1f6d578daa9bc8bdf3220866e6b11377f6d438b727ad51f13bf9fbf85dc1,67260,58220,-9040,2026-06-21T19:32:50,2026-07-11T12:21:07.709382,ALTERADO
01_280_01_01_008.pdf,f1115a08bc3e9d6431ff80ba0889fcdc17b7536a0e1b7e4fbe3df7970c7e646f,16f2dc30c7540e5a1628e02bb92b73c72507a098a51431ecc17ace4c8445e723,65344,56039,-9305,2026-06-21T19:33:08,2026-07-11T12:21:08.250403,ALTERADO
01_280_01_01_009.pdf,5021364e94f39d6e950f72192ebd995c40383c219ff832d8b6797e1230edd225,c1c06671b55c279a37256a4e10caceeccb174e98f5a12e18a0974945255e0f51,53815,56279,2464,2026-06-21T19:24:41,2026-07-11T12:21:08.754570,ALTERADO
01_280_01_01_010.pdf,83d92ef02ac4da9f600561bcdc98fa4a7212a48408e2fa812c4ca4d6a517ddc1,2123fb221feb09ba59d5a536694c6e028d30a84b1ea3a65836102f80e1d83b63,56439,55025,-1414,2026-06-21T19:21:55,2026-07-11T12:21:09.272113,ALTERADO
01_280_01_01_011.pdf,0d160500a676475cc70e78e646a02c1f601e9979b2efef287c31fbdd0f23f6ce,ee4006d487237b4cacbd6f12809748cdafd7f4953d843223eb8051710af2936f,55083,56684,1601,2026-06-21T19:34:44,2026-07-11T12:21:09.868226,ALTERADO
01_280_01_01_012.pdf,5518dd96231fff972bfda4edb5be86c4f0747ad45f3931458847f790267af1d4,b70d12f6cafc4e02cd82021f704785636dd91e1279a880a8ce3ac6dc2def70e6,56359,57823,1464,2026-06-21T19:33:15,2026-07-11T12:21:10.451754,ALTERADO
01_280_01_01_013.pdf,1f17c0192536a9208aed493fb5e9e6844fadda852900112593dd4060ea3ef315,6c93fe32f416cbb068b14f2749a950e68c168935d3f243f1208f66b3e4714745,66522,54536,-11986,2026-06-21T19:21:07,2026-07-11T12:21:11.002646,ALTERADO
01_280_01_01_014.pdf,062ac87b7246f78a5f6c893bbd8476b889b2004d093f111dc9579ad5901b04f3,988cfe2ec878891a7ae170a6883416d65dbcb1e5eac78cc2d190610bee891361,66560,54281,-12279,2026-06-21T19:16:17,2026-07-11T12:21:11.614936,ALTERADO
01_280_01_01_015.pdf,d62f9a8aa7e8dd83eda0bd615f734823dc190818318bf2ef60e8e281fb99cb42,8a350d4063680ab96ca6ff1723f804ede383d98c2db57b9011bea3b71231980d,50615,52942,2327,2026-06-21T19:32:46,2026-07-11T12:21:12.168831,ALTERADO
01_280_01_01_016.pdf,4a436f17203e77c2b10742c873e8f6058b26e19da9dd4878b6e50d2f6e526254,ef5c77e5029f6f08d455f77355c4bd45b8e7c9bec30d703117bb4e4a131a561d,52523,54390,1867,2026-06-21T19:20:53,2026-07-11T12:21:12.749266,ALTERADO
01_280_01_01_017.pdf,63a90781260820ed7b0d11c95341d7b58b14e5563c563e4235a88b369b8496e0,53bf1db3178464e6d6a46908dc0da56f2db041a1b627273b6aac7f4e2411ba89,52792,54742,1950,2026-06-21T19:27:59,2026-07-11T12:21:13.347199,ALTERADO
01_280_01_01_018.pdf,89f578b658dd5dceb22f970721620adb4f4661966387e9bff82b5d0c68c87bbb,205f2c741441c1126e9dd5d5d7160f2d876181dfce005d841918ea2066032bb3,54256,55868,1612,2026-06-21T19:31:16,2026-07-11T12:21:13.839060,ALTERADO
01_280_01_01_019.pdf,c41cecf8677cdc730f8d088b3334506c1d0650865e4e0b4c2228faa4e53e239a,849beb93a6e3fecff73070588474ff1b6e4b6f59d458200ed442514ec4b61db2,57174,59263,2089,2026-06-21T19:31:48,2026-07-11T12:21:14.389601,ALTERADO
01_280_01_01_020.pdf,05c0ca6e85621a0793127aa78ae28d90901fd870e32553539765b2297eee1e94,86c33d1d974b8199cd65d90f5f8a5993a6be5418c76320838b61ff1901942c7a,52586,54990,2404,2026-06-21T19:16:55,2026-07-11T12:21:15.015477,ALTERADO
01_280_01_01_021.pdf,dcd93084b4dbf01c5724e8888c1cbb34966120ea51756560e8c45987fb38318f,1b9e2b1092a781a0c25b60b6641ddc261432b8d432b7180423989844a4f04ca6,53291,54703,1412,2026-06-21T19:34:44,2026-07-11T12:21:15.525926,ALTERADO
01_280_01_01_022.pdf,4412652a9f8347eb3f0dfd9c784521a9b6b7d825a86e365697258766352dda6f,c04f1dd1f2db663b1e61a6ccec39ad5f3c629cc15d67727f24d82d15044c1a52,53459,55763,2304,2026-06-21T19:28:08,2026-07-11T12:21:16.022742,ALTERADO
01_280_01_01_023.pdf,6502705f58819b4174efacbaf7b4807ea7a09a7534ce35341474a9f858ff1e5a,271eec3a10775a9e083a662628a7ba0fd9adb20acf675fd9c1ff3ba687c32c20,55671,57692,2021,2026-06-21T19:24:04,2026-07-11T12:21:16.654969,ALTERADO
01_280_01_02_001.pdf,f8380a74c26a5164d64b09c54adc060c32e9efd46bcc9199a481d8a9692a291a,f4056fe1523ca2ac84fa4f72b4d15478dbac8b687921f474ba63da8e887317d9,51527,52697,1170,2026-06-21T19:38:59,2026-07-11T12:21:17.253607,ALTERADO
01_280_01_02_002.pdf,1da7322b062395cb4ec909499f23a0b9e13d71158b3eaff94adfb22dcdd3ad36,d1102f43a1880ec3a5f2dedb19eebe17f144cd90f1d0669c6cf5874cb6e783c9,54372,55654,1282,2026-06-21T19:39:59,2026-07-11T12:21:17.863950,ALTERADO
01_280_01_02_003.pdf,1642361de7ab22415babd8dfc40d5265ed7361aab4b2bd538441a53039c68874,5426d23315ccef38db5a5fadee66a2f20ab87db4ee39181278b4df3da5a0a4fb,54757,54691,-66,2026-06-21T19:40:07,2026-07-11T12:21:18.541917,ALTERADO
01_280_01_02_004.pdf,af25ff089c947d608ed06a3453f0766efb041b1556747983a50b5ce0ffa425b2,aa6b8145969359c62c7432ae0c40a7ddee64eeb1467e8680deefb34de6d11357,55323,54119,-1204,2026-06-21T19:39:09,2026-07-11T12:21:19.069877,ALTERADO
01_280_01_02_005.pdf,16a06dedda92d77dd8183beac71cfff40126c8e398030ad1b34dbf910c5647e5,94740c945f54debbcf2f45eae506b1cb75b783cb78306a3013356c2db58abcf1,54832,55291,459,2026-06-21T19:37:44,2026-07-11T12:21:19.581515,ALTERADO
01_280_01_02_006.pdf,f5c1a238fbf065c2d51ca10c5a3c47fdbc451cfcbb2f440b350563bfa33c34e2,431360ff48d5457a2b2d1dba3f7d1f6c154d34543b43f6328e087f7789be7111,56744,55545,-1199,2026-06-21T19:39:36,2026-07-11T12:21:20.164324,ALTERADO
01_280_01_02_007.pdf,f5b6113497c2e7a7e8ab74eb7a169464765189419632d50df1aa1d43c810078b,6a2fd1952698aa609044198f98f48c016f0239fea04348948a638a03e43aa3f6,54876,57135,2259,2026-06-21T19:37:41,2026-07-11T12:21:20.676747,ALTERADO
01_280_01_02_008.pdf,dd5fbbed79be468141f6401559902d30506f7087ef7b6468fbd24b7de151631f,ff4e8aa9818bc47b76d195f78233e19b2c93e158fba7c97caf7e5500642434be,56086,53816,-2270,2026-06-21T19:37:45,2026-07-11T12:21:21.223719,ALTERADO
01_280_01_02_009.pdf,2f05c24310470a1550fd2c861f65ba55b194866063e36f44c4a4b643dcf4c707,053c6fc5891fade8117830d2eb6207db8cf142ad0d72575b856ac201239dd84e,55371,54665,-706,2026-06-21T19:40:16,2026-07-11T12:21:21.726845,ALTERADO
01_280_01_02_010.pdf,4fee245e4b062b881169a24414b8c546a8a5bb2d45b4b8c8b1d6208ae839c7f0,8fc4ada4600e1374525660e24624133aabae894f00ba3b0f3cfe9ca63c3394ab,51331,54807,3476,2026-06-21T19:37:10,2026-07-11T12:21:22.211105,ALTERADO
01_280_01_02_011.pdf,f36d226a4ff4a4bf2dcdd5d9ed6ecf1c046c8bd20e805e82061e2277fdb0a0ec,115fc31466ea3b8df31cfc30fbb474847de5368ff68783f707839e06abf06f7a,56684,55313,-1371,2026-06-21T19:38:09,2026-07-11T12:21:22.806065,ALTERADO
01_280_01_02_012.pdf,bff62c8a7d6ea69304a33849a9c0fcb79dedb7eaec64fbd61d153780062d7c51,a473f8c6ffacd5f130a8ef646700bd6196f75c12eecffc75c8984272e13b1680,55878,53805,-2073,2026-06-21T19:38:49,2026-07-11T12:21:23.319024,ALTERADO
01_280_01_02_013.pdf,b20178c1cca2f2bd5041f19803ee1819fe7584bba78dc1c4a013a00275159ab6,6c07316f966b3fe1961a3055bc09563d8bbcff31fe3cc87a01322351ca6c3456,54145,55116,971,2026-06-21T19:40:41,2026-07-11T12:21:23.871624,ALTERADO
01_280_01_02_014.pdf,4f311f8f1d3841e9163ecc6460e16e62e28787c1ad251d711df432b920c23b09,0a75ff0f3048b6c43efbe3564fba3e5bf764d544f4cd058b2cd7d21674775bec,56282,56400,118,2026-06-21T19:39:45,2026-07-11T12:21:24.471720,ALTERADO
01_280_01_02_015.pdf,ce89ec466be68b6901eb45ae737f3e9d2da164d348d6c70dcdc6c44e867916b3,d36bf0349e260c645b6703f006f8bdc4bb7710272b9fee967b513b87eee5202e,51650,53213,1563,2026-06-21T19:40:46,2026-07-11T12:21:25.054444,ALTERADO
01_280_01_02_016.pdf,7c8b51f8b35a411ff2016958fdaa681c19a86785a0c1ce956846f241348e3143,c26909100155d1cb06d0012047ed6e7b13b957d31e5a8d380bb5c8d9e6ddc178,51783,54092,2309,2026-06-21T19:38:07,2026-07-11T12:21:25.546354,ALTERADO
01_280_01_02_017.pdf,f596de7b7a8d44cf9db5913c2a7b428858d4221bccf34e7274b2922beac91d35,85c961013ad0bc48250a86dac9d652cba2149dd11bacf98d05e04f414c9a029f,53848,56013,2165,2026-06-21T19:37:07,2026-07-11T12:21:26.116478,ALTERADO
01_082_99_05_001.pdf,d2b469278ee0ee904b18b13fade993567c3de1894d35cdb8af1af3d135c62403,c377913e09e7192d331bdd59d01636d35cdaa0fc755f612d231964e9af15ea8b,356711,48514,-308197,2026-06-21T19:25:20,2026-07-11T11:18:23.115290,ALTERADO
01_082_99_04_001.pdf,35c15423a9372a821407b00f691ec52092d6f3c20f3d3279669aa3704f8512d5,6cc9f188ddda765bdf193220c1737a059992a7b3bef1ccfa7b8147b170c03b62,12031912,49117,-11982795,2026-06-21T19:33:20,2026-07-11T11:18:22.509313,ALTERADO
