Departamento,Municipio,Zona,Puesto,Mesa,Estado_XREF
E14,PRE,01,004,000_00_00_001_2001_Mesa_1,CORRUPTO_PLANTILLA_B
E14,PRE,01,004,000_00_00_002_2001_Mesa_2,CORRUPTO_PLANTILLA_B
E14,PRE,01,004,000_00_00_003_2001_Mesa_3,CORRUPTO_PLANTILLA_B
E14,PRE,01,004,000_00_00_004_2001_Mesa_4,CORRUPTO_PLANTILLA_B
E14,PRE,01,004,000_00_00_005_2001_Mesa_5,CORRUPTO_PLANTILLA_B
E14,PRE,01,004,000_00_00_006_2001_Mesa_6,CORRUPTO_PLANTILLA_B
E14,PRE,01,004,000_00_00_007_2001_Mesa_7,CORRUPTO_PLANTILLA_B
E14,PRE,01,004,000_00_00_008_2001_Mesa_8,CORRUPTO_PLANTILLA_B
E14,PRE,01,004,000_00_00_009_2001_Mesa_9,CORRUPTO_PLANTILLA_B
E14,PRE,01,004,000_00_00_010_2001_Mesa_10,CORRUPTO_PLANTILLA_B
E14,PRE,01,004,000_00_00_011_2001_Mesa_11,CORRUPTO_PLANTILLA_B
E14,PRE,01,004,000_00_00_012_2001_Mesa_12,CORRUPTO_PLANTILLA_B
E14,PRE,01,004,000_00_00_013_2001_Mesa_13,CORRUPTO_PLANTILLA_B
E14,PRE,01,004,000_00_00_014_2001_Mesa_14,CORRUPTO_PLANTILLA_B
E14,PRE,01,004,000_00_00_015_2001_Mesa_15,CORRUPTO_PLANTILLA_B
E14,PRE,01,004,000_00_00_016_2001_Mesa_16,CORRUPTO_PLANTILLA_B
E14,PRE,01,004,000_00_00_017_2001_Mesa_17,CORRUPTO_PLANTILLA_B
E14,PRE,01,004,000_00_00_018_2001_Mesa_18,CORRUPTO_PLANTILLA_B
E14,PRE,01,004,000_00_00_019_2001_Mesa_19,CORRUPTO_PLANTILLA_B
E14,PRE,01,004,000_00_00_020_2001_Mesa_20,CORRUPTO_PLANTILLA_B
E14,PRE,01,004,000_00_00_021_2001_Mesa_21,CORRUPTO_PLANTILLA_B
E14,PRE,01,004,000_00_00_022_2001_Mesa_22,CORRUPTO_PLANTILLA_B
E14,PRE,01,004,000_00_00_023_2001_Mesa_23,CORRUPTO_PLANTILLA_B
E14,PRE,01,004,000_00_00_024_2001_Mesa_24,CORRUPTO_PLANTILLA_B
E14,PRE,01,004,000_00_00_025_2001_Mesa_25,CORRUPTO_PLANTILLA_B
E14,PRE,01,004,000_00_00_026_2001_Mesa_26,CORRUPTO_PLANTILLA_B
E14,PRE,01,004,000_00_00_027_2001_Mesa_27,CORRUPTO_PLANTILLA_B
E14,PRE,01,004,000_00_00_028_2001_Mesa_28,CORRUPTO_PLANTILLA_B
E14,PRE,01,004,000_00_00_029_2001_Mesa_29,CORRUPTO_PLANTILLA_B
E14,PRE,01,004,000_00_00_030_2001_Mesa_30,CORRUPTO_PLANTILLA_B
E14,PRE,01,004,000_00_00_031_2001_Mesa_31,CORRUPTO_PLANTILLA_B
E14,PRE,01,004,000_00_00_032_2001_Mesa_32,CORRUPTO_PLANTILLA_B
E14,PRE,01,004,000_00_00_033_2001_Mesa_33,CORRUPTO_PLANTILLA_B
E14,PRE,01,004,000_00_00_034_2001_Mesa_34,CORRUPTO_PLANTILLA_B
E14,PRE,01,004,000_00_00_035_2001_Mesa_35,CORRUPTO_PLANTILLA_B
E14,PRE,01,004,000_00_00_036_2001_Mesa_36,CORRUPTO_PLANTILLA_B
E14,PRE,01,004,000_00_00_037_2001_Mesa_37,CORRUPTO_PLANTILLA_B
E14,PRE,01,004,000_00_00_038_2001_Mesa_38,CORRUPTO_PLANTILLA_B
E14,PRE,01,004,098_00_01_001_2001_Mesa_1,CORRUPTO_PLANTILLA_B
E14,PRE,01,004,099_00_01_001_2001_Mesa_1,CORRUPTO_PLANTILLA_B
E14,PRE,01,004,099_00_01_002_2001_Mesa_2,CORRUPTO_PLANTILLA_B
E14,PRE,01,004,099_00_01_003_2001_Mesa_3,CORRUPTO_PLANTILLA_B
E14,PRE,01,004,099_00_09_001_2001_Mesa_1,CORRUPTO_PLANTILLA_B
E14,PRE,01,004,099_00_09_002_2001_Mesa_2,CORRUPTO_PLANTILLA_B
E14,PRE,01,004,099_00_11_001_2001_Mesa_1,CORRUPTO_PLANTILLA_B
E14,PRE,01,004,099_00_11_002_2001_Mesa_2,CORRUPTO_PLANTILLA_B
E14,PRE,01,004,099_00_17_001_2001_Mesa_1,CORRUPTO_PLANTILLA_B
E14,PRE,01,004,099_00_40_001_2001_Mesa_1,CORRUPTO_PLANTILLA_B
E14,PRE,01,007,000_00_00_001_2002_Mesa_1,CORRUPTO_PLANTILLA_B
E14,PRE,01,007,000_00_00_002_2002_Mesa_2,CORRUPTO_PLANTILLA_B
E14,PRE,01,007,000_00_00_003_2002_Mesa_3,CORRUPTO_PLANTILLA_B
E14,PRE,01,007,000_00_00_004_2002_Mesa_4,CORRUPTO_PLANTILLA_B
E14,PRE,01,007,000_00_00_005_2002_Mesa_5,CORRUPTO_PLANTILLA_B
E14,PRE,01,007,099_00_05_001_2002_Mesa_1,CORRUPTO_PLANTILLA_B
E14,PRE,01,007,099_00_05_002_2002_Mesa_2,CORRUPTO_PLANTILLA_B
E14,PRE,01,010,000_00_00_001_2003_Mesa_1,CORRUPTO_PLANTILLA_B
E14,PRE,01,010,000_00_00_002_2003_Mesa_2,CORRUPTO_PLANTILLA_B
E14,PRE,01,010,000_00_00_003_2003_Mesa_3,CORRUPTO_PLANTILLA_B
E14,PRE,01,010,000_00_00_004_2003_Mesa_4,CORRUPTO_PLANTILLA_B
E14,PRE,01,010,000_00_00_005_2003_Mesa_5,CORRUPTO_PLANTILLA_B
E14,PRE,01,010,000_00_00_006_2003_Mesa_6,CORRUPTO_PLANTILLA_B
E14,PRE,01,010,000_00_00_007_2003_Mesa_7,CORRUPTO_PLANTILLA_B
E14,PRE,01,010,000_00_00_008_2003_Mesa_8,CORRUPTO_PLANTILLA_B
E14,PRE,01,010,000_00_00_009_2003_Mesa_9,CORRUPTO_PLANTILLA_B
E14,PRE,01,010,000_00_00_010_2003_Mesa_10,CORRUPTO_PLANTILLA_B
E14,PRE,01,010,000_00_00_011_2003_Mesa_11,CORRUPTO_PLANTILLA_B
E14,PRE,01,010,000_00_00_012_2003_Mesa_12,CORRUPTO_PLANTILLA_B
E14,PRE,01,010,000_00_00_013_2003_Mesa_13,CORRUPTO_PLANTILLA_B
E14,PRE,01,010,000_00_00_014_2003_Mesa_14,CORRUPTO_PLANTILLA_B
E14,PRE,01,013,001_00_01_001_5101_Mesa_1,CORRUPTO_PLANTILLA_B
E14,PRE,01,013,001_00_01_002_5101_Mesa_2,CORRUPTO_PLANTILLA_B
E14,PRE,01,013,001_00_01_003_5101_Mesa_3,CORRUPTO_PLANTILLA_B
E14,PRE,01,013,001_00_01_004_5101_Mesa_4,CORRUPTO_PLANTILLA_B
E14,PRE,01,013,001_00_01_005_5101_Mesa_5,CORRUPTO_PLANTILLA_B
E14,PRE,01,013,001_00_01_006_5101_Mesa_6,CORRUPTO_PLANTILLA_B
E14,PRE,01,013,001_00_01_007_5101_Mesa_7,CORRUPTO_PLANTILLA_B
E14,PRE,01,013,001_00_01_008_5101_Mesa_8,CORRUPTO_PLANTILLA_B
E14,PRE,01,013,001_00_01_009_5101_Mesa_9,CORRUPTO_PLANTILLA_B
E14,PRE,01,013,001_00_01_010_5101_Mesa_10,CORRUPTO_PLANTILLA_B
E14,PRE,01,013,001_00_01_011_5101_Mesa_11,CORRUPTO_PLANTILLA_B
E14,PRE,01,013,001_00_01_012_5101_Mesa_12,CORRUPTO_PLANTILLA_B
E14,PRE,01,013,001_00_01_013_5101_Mesa_13,CORRUPTO_PLANTILLA_B
E14,PRE,01,013,001_00_02_001_5101_Mesa_1,CORRUPTO_PLANTILLA_B
E14,PRE,01,013,001_00_02_002_5101_Mesa_2,CORRUPTO_PLANTILLA_B
E14,PRE,01,013,001_00_02_003_5101_Mesa_3,CORRUPTO_PLANTILLA_B
E14,PRE,01,013,001_00_02_004_5101_Mesa_4,CORRUPTO_PLANTILLA_B
E14,PRE,01,013,001_00_02_005_5101_Mesa_5,CORRUPTO_PLANTILLA_B
E14,PRE,01,013,001_00_02_006_5101_Mesa_6,CORRUPTO_PLANTILLA_B
E14,PRE,01,013,001_00_02_007_5101_Mesa_7,CORRUPTO_PLANTILLA_B
E14,PRE,01,013,001_00_02_008_5101_Mesa_8,CORRUPTO_PLANTILLA_B
E14,PRE,01,013,001_00_02_009_5101_Mesa_9,CORRUPTO_PLANTILLA_B
E14,PRE,01,013,001_00_02_010_5101_Mesa_10,CORRUPTO_PLANTILLA_B
E14,PRE,01,013,001_00_02_011_5101_Mesa_11,CORRUPTO_PLANTILLA_B
E14,PRE,01,013,001_00_02_012_5101_Mesa_12,CORRUPTO_PLANTILLA_B
E14,PRE,01,013,001_00_02_013_5101_Mesa_13,CORRUPTO_PLANTILLA_B
E14,PRE,01,013,001_00_02_014_5101_Mesa_14,CORRUPTO_PLANTILLA_B
E14,PRE,01,013,002_00_01_001_5102_Mesa_1,CORRUPTO_PLANTILLA_B
E14,PRE,01,013,002_00_01_002_5102_Mesa_2,CORRUPTO_PLANTILLA_B
E14,PRE,01,013,002_00_01_003_5102_Mesa_3,CORRUPTO_PLANTILLA_B
E14,PRE,01,013,002_00_01_004_5102_Mesa_4,CORRUPTO_PLANTILLA_B
E14,PRE,01,013,002_00_01_005_5102_Mesa_5,CORRUPTO_PLANTILLA_B
E14,PRE,01,013,002_00_01_006_5102_Mesa_6,CORRUPTO_PLANTILLA_B
E14,PRE,01,013,002_00_01_007_5102_Mesa_7,CORRUPTO_PLANTILLA_B
E14,PRE,01,013,002_00_01_008_5102_Mesa_8,CORRUPTO_PLANTILLA_B
E14,PRE,01,013,002_00_01_009_5102_Mesa_9,CORRUPTO_PLANTILLA_B
E14,PRE,01,013,002_00_01_010_5102_Mesa_10,CORRUPTO_PLANTILLA_B
E14,PRE,01,013,002_00_01_011_5102_Mesa_11,CORRUPTO_PLANTILLA_B
E14,PRE,01,013,002_00_01_012_5102_Mesa_12,CORRUPTO_PLANTILLA_B
E14,PRE,01,013,002_00_01_013_5102_Mesa_13,CORRUPTO_PLANTILLA_B
E14,PRE,01,013,002_00_01_014_5102_Mesa_14,CORRUPTO_PLANTILLA_B
E14,PRE,01,013,002_00_01_015_5102_Mesa_15,CORRUPTO_PLANTILLA_B
E14,PRE,01,013,002_00_01_016_5102_Mesa_16,CORRUPTO_PLANTILLA_B
E14,PRE,01,013,002_00_02_001_5102_Mesa_1,CORRUPTO_PLANTILLA_B
E14,PRE,01,013,002_00_02_002_5102_Mesa_2,CORRUPTO_PLANTILLA_B
E14,PRE,01,013,002_00_02_003_5102_Mesa_3,CORRUPTO_PLANTILLA_B
E14,PRE,01,013,002_00_02_004_5102_Mesa_4,CORRUPTO_PLANTILLA_B
E14,PRE,01,013,002_00_02_005_5102_Mesa_5,CORRUPTO_PLANTILLA_B
E14,PRE,01,013,002_00_02_006_5102_Mesa_6,CORRUPTO_PLANTILLA_B
E14,PRE,01,013,002_00_02_007_5102_Mesa_7,CORRUPTO_PLANTILLA_B
E14,PRE,01,013,002_00_02_008_5102_Mesa_8,CORRUPTO_PLANTILLA_B
E14,PRE,01,013,002_00_02_009_5102_Mesa_9,CORRUPTO_PLANTILLA_B
E14,PRE,01,013,002_00_02_010_5102_Mesa_10,CORRUPTO_PLANTILLA_B
E14,PRE,01,013,002_00_02_011_5102_Mesa_11,CORRUPTO_PLANTILLA_B
E14,PRE,01,013,002_00_02_012_5102_Mesa_12,CORRUPTO_PLANTILLA_B
E14,PRE,01,013,002_00_02_013_5102_Mesa_13,CORRUPTO_PLANTILLA_B
E14,PRE,01,013,002_00_02_014_5102_Mesa_14,CORRUPTO_PLANTILLA_B
E14,PRE,01,013,098_00_01_001_5101_Mesa_1,CORRUPTO_PLANTILLA_B
E14,PRE,01,013,099_00_01_001_5101_Mesa_1,CORRUPTO_PLANTILLA_B
E14,PRE,01,013,099_00_01_002_5101_Mesa_2,CORRUPTO_PLANTILLA_B
E14,PRE,01,013,099_00_03_001_5102_Mesa_1,CORRUPTO_PLANTILLA_B
E14,PRE,01,013,099_00_03_002_5102_Mesa_2,CORRUPTO_PLANTILLA_B
E14,PRE,01,013,099_00_03_003_5102_Mesa_3,CORRUPTO_PLANTILLA_B
E14,PRE,01,013,099_00_04_001_5102_Mesa_1,CORRUPTO_PLANTILLA_B
E14,PRE,01,013,099_00_04_002_5102_Mesa_2,CORRUPTO_PLANTILLA_B
E14,PRE,01,013,099_00_04_003_5102_Mesa_3,CORRUPTO_PLANTILLA_B
E14,PRE,01,013,099_00_04_004_5102_Mesa_4,CORRUPTO_PLANTILLA_B
E14,PRE,01,013,099_00_05_001_5101_Mesa_1,CORRUPTO_PLANTILLA_B
E14,PRE,01,013,099_00_05_002_5101_Mesa_2,CORRUPTO_PLANTILLA_B
E14,PRE,01,013,099_00_05_003_5101_Mesa_3,CORRUPTO_PLANTILLA_B
E14,PRE,01,013,099_00_05_004_5101_Mesa_4,CORRUPTO_PLANTILLA_B
E14,PRE,01,013,099_00_05_005_5101_Mesa_5,CORRUPTO_PLANTILLA_B
E14,PRE,01,013,099_00_05_006_5101_Mesa_6,CORRUPTO_PLANTILLA_B
E14,PRE,01,013,099_00_05_007_5101_Mesa_7,CORRUPTO_PLANTILLA_B
E14,PRE,01,016,000_00_01_001_2005_Mesa_1,CORRUPTO_PLANTILLA_B
E14,PRE,01,016,000_00_01_002_2005_Mesa_2,CORRUPTO_PLANTILLA_B
E14,PRE,01,016,000_00_01_003_2005_Mesa_3,CORRUPTO_PLANTILLA_B
E14,PRE,01,016,000_00_01_004_2005_Mesa_4,CORRUPTO_PLANTILLA_B
E14,PRE,01,016,000_00_01_005_2005_Mesa_5,CORRUPTO_PLANTILLA_B
E14,PRE,01,016,000_00_01_006_2005_Mesa_6,CORRUPTO_PLANTILLA_B
E14,PRE,01,016,000_00_01_007_2005_Mesa_7,CORRUPTO_PLANTILLA_B
E14,PRE,01,016,000_00_01_008_2005_Mesa_8,CORRUPTO_PLANTILLA_B
E14,PRE,01,016,000_00_01_009_2005_Mesa_9,CORRUPTO_PLANTILLA_B
E14,PRE,01,016,000_00_01_010_2005_Mesa_10,CORRUPTO_PLANTILLA_B
E14,PRE,01,016,000_00_01_011_2005_Mesa_11,CORRUPTO_PLANTILLA_B
E14,PRE,01,016,000_00_01_012_2005_Mesa_12,CORRUPTO_PLANTILLA_B
E14,PRE,01,016,000_00_01_013_2005_Mesa_13,CORRUPTO_PLANTILLA_B
E14,PRE,01,016,000_00_01_014_2005_Mesa_14,CORRUPTO_PLANTILLA_B
E14,PRE,01,016,000_00_01_015_2005_Mesa_15,CORRUPTO_PLANTILLA_B
E14,PRE,01,016,000_00_01_016_2005_Mesa_16,CORRUPTO_PLANTILLA_B
E14,PRE,01,016,000_00_01_017_2005_Mesa_17,CORRUPTO_PLANTILLA_B
E14,PRE,01,016,000_00_01_018_2005_Mesa_18,CORRUPTO_PLANTILLA_B
E14,PRE,01,016,000_00_01_019_2005_Mesa_19,CORRUPTO_PLANTILLA_B
E14,PRE,01,016,000_00_01_020_2005_Mesa_20,CORRUPTO_PLANTILLA_B
E14,PRE,01,016,000_00_01_021_2005_Mesa_21,CORRUPTO_PLANTILLA_B
E14,PRE,01,016,000_00_01_022_2005_Mesa_22,CORRUPTO_PLANTILLA_B
E14,PRE,01,016,000_00_01_023_2005_Mesa_23,CORRUPTO_PLANTILLA_B
E14,PRE,01,016,000_00_01_024_2005_Mesa_24,CORRUPTO_PLANTILLA_B
E14,PRE,01,016,000_00_01_025_2005_Mesa_25,CORRUPTO_PLANTILLA_B
E14,PRE,01,016,000_00_01_026_2005_Mesa_26,CORRUPTO_PLANTILLA_B
E14,PRE,01,016,000_00_01_027_2005_Mesa_27,CORRUPTO_PLANTILLA_B
E14,PRE,01,016,000_00_01_028_2005_Mesa_28,CORRUPTO_PLANTILLA_B
E14,PRE,01,016,000_00_01_029_2005_Mesa_29,CORRUPTO_PLANTILLA_B
E14,PRE,01,016,000_00_01_030_2005_Mesa_30,CORRUPTO_PLANTILLA_B
E14,PRE,01,016,000_00_02_001_2005_Mesa_1,CORRUPTO_PLANTILLA_B
E14,PRE,01,016,000_00_02_002_2005_Mesa_2,CORRUPTO_PLANTILLA_B
E14,PRE,01,016,000_00_02_003_2005_Mesa_3,CORRUPTO_PLANTILLA_B
E14,PRE,01,016,000_00_02_004_2005_Mesa_4,CORRUPTO_PLANTILLA_B
E14,PRE,01,016,000_00_02_005_2005_Mesa_5,CORRUPTO_PLANTILLA_B
E14,PRE,01,016,000_00_02_006_2005_Mesa_6,CORRUPTO_PLANTILLA_B
E14,PRE,01,016,000_00_02_007_2005_Mesa_7,CORRUPTO_PLANTILLA_B
E14,PRE,01,016,000_00_02_008_2005_Mesa_8,CORRUPTO_PLANTILLA_B
E14,PRE,01,016,000_00_02_009_2005_Mesa_9,CORRUPTO_PLANTILLA_B
E14,PRE,01,016,000_00_02_010_2005_Mesa_10,CORRUPTO_PLANTILLA_B
E14,PRE,01,016,000_00_02_011_2005_Mesa_11,CORRUPTO_PLANTILLA_B
E14,PRE,01,016,000_00_02_012_2005_Mesa_12,CORRUPTO_PLANTILLA_B
E14,PRE,01,016,000_00_02_013_2005_Mesa_13,CORRUPTO_PLANTILLA_B
E14,PRE,01,016,000_00_02_014_2005_Mesa_14,CORRUPTO_PLANTILLA_B
E14,PRE,01,016,000_00_02_015_2005_Mesa_15,CORRUPTO_PLANTILLA_B
E14,PRE,01,016,000_00_02_016_2005_Mesa_16,CORRUPTO_PLANTILLA_B
E14,PRE,01,016,000_00_02_017_2005_Mesa_17,CORRUPTO_PLANTILLA_B
E14,PRE,01,016,000_00_02_018_2005_Mesa_18,CORRUPTO_PLANTILLA_B
E14,PRE,01,016,000_00_02_019_2005_Mesa_19,CORRUPTO_PLANTILLA_B
E14,PRE,01,016,000_00_02_020_2005_Mesa_20,CORRUPTO_PLANTILLA_B
E14,PRE,01,016,000_00_02_021_2005_Mesa_21,CORRUPTO_PLANTILLA_B
E14,PRE,01,016,000_00_02_022_2005_Mesa_22,CORRUPTO_PLANTILLA_B
E14,PRE,01,016,098_00_01_001_2005_Mesa_1,CORRUPTO_PLANTILLA_B
E14,PRE,01,016,099_00_01_001_2005_Mesa_1,CORRUPTO_PLANTILLA_B
E14,PRE,01,016,099_00_10_001_2005_Mesa_1,CORRUPTO_PLANTILLA_B
E14,PRE,01,016,099_00_10_002_2005_Mesa_2,CORRUPTO_PLANTILLA_B
E14,PRE,01,019,001_00_01_001_5103_Mesa_1,CORRUPTO_PLANTILLA_B
E14,PRE,01,019,001_00_01_002_5103_Mesa_2,CORRUPTO_PLANTILLA_B
E14,PRE,01,019,001_00_01_003_5103_Mesa_3,CORRUPTO_PLANTILLA_B
E14,PRE,01,019,001_00_01_004_5103_Mesa_4,CORRUPTO_PLANTILLA_B
E14,PRE,01,019,001_00_01_005_5103_Mesa_5,CORRUPTO_PLANTILLA_B
E14,PRE,01,019,001_00_01_006_5103_Mesa_6,CORRUPTO_PLANTILLA_B
E14,PRE,01,019,001_00_01_007_5103_Mesa_7,CORRUPTO_PLANTILLA_B
E14,PRE,01,019,001_00_01_008_5103_Mesa_8,CORRUPTO_PLANTILLA_B
E14,PRE,01,019,001_00_01_009_5103_Mesa_9,CORRUPTO_PLANTILLA_B
E14,PRE,01,019,001_00_01_010_5103_Mesa_10,CORRUPTO_PLANTILLA_B
E14,PRE,01,019,001_00_01_011_5103_Mesa_11,CORRUPTO_PLANTILLA_B
E14,PRE,01,019,001_00_01_012_5103_Mesa_12,CORRUPTO_PLANTILLA_B
E14,PRE,01,019,001_00_01_013_5103_Mesa_13,CORRUPTO_PLANTILLA_B
E14,PRE,01,019,001_00_01_014_5103_Mesa_14,CORRUPTO_PLANTILLA_B
E14,PRE,01,019,001_00_01_015_5103_Mesa_15,CORRUPTO_PLANTILLA_B
E14,PRE,01,019,001_00_02_001_5103_Mesa_1,CORRUPTO_PLANTILLA_B
E14,PRE,01,019,001_00_02_002_5103_Mesa_2,CORRUPTO_PLANTILLA_B
E14,PRE,01,019,001_00_02_003_5103_Mesa_3,CORRUPTO_PLANTILLA_B
E14,PRE,01,019,001_00_02_004_5103_Mesa_4,CORRUPTO_PLANTILLA_B
E14,PRE,01,019,001_00_02_005_5103_Mesa_5,CORRUPTO_PLANTILLA_B
E14,PRE,01,019,001_00_02_006_5103_Mesa_6,CORRUPTO_PLANTILLA_B
E14,PRE,01,019,001_00_02_007_5103_Mesa_7,CORRUPTO_PLANTILLA_B
E14,PRE,01,019,001_00_02_008_5103_Mesa_8,CORRUPTO_PLANTILLA_B
E14,PRE,01,019,001_00_03_001_5103_Mesa_1,CORRUPTO_PLANTILLA_B
E14,PRE,01,019,001_00_03_002_5103_Mesa_2,CORRUPTO_PLANTILLA_B
E14,PRE,01,019,001_00_03_003_5103_Mesa_3,CORRUPTO_PLANTILLA_B
E14,PRE,01,019,001_00_03_004_5103_Mesa_4,CORRUPTO_PLANTILLA_B
E14,PRE,01,019,001_00_03_005_5103_Mesa_5,CORRUPTO_PLANTILLA_B
E14,PRE,01,019,001_00_03_006_5103_Mesa_6,CORRUPTO_PLANTILLA_B
E14,PRE,01,019,001_00_03_007_5103_Mesa_7,CORRUPTO_PLANTILLA_B
E14,PRE,01,019,002_00_01_001_5104_Mesa_1,CORRUPTO_PLANTILLA_B
E14,PRE,01,019,002_00_01_002_5104_Mesa_2,CORRUPTO_PLANTILLA_B
E14,PRE,01,019,002_00_01_003_5104_Mesa_3,CORRUPTO_PLANTILLA_B
E14,PRE,01,019,002_00_01_004_5104_Mesa_4,CORRUPTO_PLANTILLA_B
E14,PRE,01,019,002_00_01_005_5104_Mesa_5,CORRUPTO_PLANTILLA_B
E14,PRE,01,019,002_00_01_006_5104_Mesa_6,CORRUPTO_PLANTILLA_B
E14,PRE,01,019,002_00_01_007_5104_Mesa_7,CORRUPTO_PLANTILLA_B
E14,PRE,01,019,002_00_01_008_5104_Mesa_8,CORRUPTO_PLANTILLA_B
E14,PRE,01,019,002_00_01_009_5104_Mesa_9,CORRUPTO_PLANTILLA_B
E14,PRE,01,019,002_00_01_010_5104_Mesa_10,CORRUPTO_PLANTILLA_B
E14,PRE,01,019,002_00_02_001_5104_Mesa_1,CORRUPTO_PLANTILLA_B
E14,PRE,01,019,002_00_02_002_5104_Mesa_2,CORRUPTO_PLANTILLA_B
E14,PRE,01,019,002_00_02_003_5104_Mesa_3,CORRUPTO_PLANTILLA_B
E14,PRE,01,019,002_00_02_004_5104_Mesa_4,CORRUPTO_PLANTILLA_B
E14,PRE,01,019,002_00_02_005_5104_Mesa_5,CORRUPTO_PLANTILLA_B
E14,PRE,01,019,002_00_02_006_5104_Mesa_6,CORRUPTO_PLANTILLA_B
E14,PRE,01,019,002_00_02_007_5104_Mesa_7,CORRUPTO_PLANTILLA_B
E14,PRE,01,019,002_00_02_008_5104_Mesa_8,CORRUPTO_PLANTILLA_B
E14,PRE,01,019,002_00_02_009_5104_Mesa_9,CORRUPTO_PLANTILLA_B
E14,PRE,01,019,003_00_01_001_5105_Mesa_1,CORRUPTO_PLANTILLA_B
E14,PRE,01,019,003_00_01_002_5105_Mesa_2,CORRUPTO_PLANTILLA_B
E14,PRE,01,019,003_00_01_003_5105_Mesa_3,CORRUPTO_PLANTILLA_B
E14,PRE,01,019,003_00_01_004_5105_Mesa_4,CORRUPTO_PLANTILLA_B
E14,PRE,01,019,003_00_01_005_5105_Mesa_5,CORRUPTO_PLANTILLA_B
E14,PRE,01,019,003_00_01_006_5105_Mesa_6,CORRUPTO_PLANTILLA_B
E14,PRE,01,019,003_00_01_007_5105_Mesa_7,CORRUPTO_PLANTILLA_B
E14,PRE,01,019,003_00_01_008_5105_Mesa_8,CORRUPTO_PLANTILLA_B
E14,PRE,01,019,003_00_01_009_5105_Mesa_9,CORRUPTO_PLANTILLA_B
E14,PRE,01,019,003_00_01_010_5105_Mesa_10,CORRUPTO_PLANTILLA_B
E14,PRE,01,019,003_00_02_001_5105_Mesa_1,CORRUPTO_PLANTILLA_B
E14,PRE,01,019,003_00_02_002_5105_Mesa_2,CORRUPTO_PLANTILLA_B
E14,PRE,01,019,003_00_02_003_5105_Mesa_3,CORRUPTO_PLANTILLA_B
E14,PRE,01,019,003_00_02_004_5105_Mesa_4,CORRUPTO_PLANTILLA_B
E14,PRE,01,019,003_00_02_005_5105_Mesa_5,CORRUPTO_PLANTILLA_B
E14,PRE,01,019,003_00_02_006_5105_Mesa_6,CORRUPTO_PLANTILLA_B
E14,PRE,01,019,003_00_02_007_5105_Mesa_7,CORRUPTO_PLANTILLA_B
E14,PRE,01,019,003_00_02_008_5105_Mesa_8,CORRUPTO_PLANTILLA_B
E14,PRE,01,019,003_00_02_009_5105_Mesa_9,CORRUPTO_PLANTILLA_B
E14,PRE,01,019,003_00_02_010_5105_Mesa_10,CORRUPTO_PLANTILLA_B
E14,PRE,01,019,003_00_02_011_5105_Mesa_11,CORRUPTO_PLANTILLA_B
E14,PRE,01,019,003_00_02_012_5105_Mesa_12,CORRUPTO_PLANTILLA_B
E14,PRE,01,019,003_00_02_013_5105_Mesa_13,CORRUPTO_PLANTILLA_B
E14,PRE,01,019,003_00_02_014_5105_Mesa_14,CORRUPTO_PLANTILLA_B
E14,PRE,01,019,003_00_02_015_5105_Mesa_15,CORRUPTO_PLANTILLA_B
E14,PRE,01,019,003_00_02_016_5105_Mesa_16,CORRUPTO_PLANTILLA_B
E14,PRE,01,019,003_00_02_017_5105_Mesa_17,CORRUPTO_PLANTILLA_B
E14,PRE,01,019,003_00_02_018_5105_Mesa_18,CORRUPTO_PLANTILLA_B
E14,PRE,01,019,003_00_03_001_5105_Mesa_1,CORRUPTO_PLANTILLA_B
E14,PRE,01,019,098_00_01_001_5104_Mesa_1,CORRUPTO_PLANTILLA_B
E14,PRE,01,019,099_00_01_001_5105_Mesa_1,CORRUPTO_PLANTILLA_B
E14,PRE,01,019,099_00_01_002_5105_Mesa_2,CORRUPTO_PLANTILLA_B
E14,PRE,01,019,099_00_01_003_5105_Mesa_3,CORRUPTO_PLANTILLA_B
E14,PRE,01,019,099_00_01_004_5105_Mesa_4,CORRUPTO_PLANTILLA_B
E14,PRE,01,019,099_00_03_001_5104_Mesa_1,CORRUPTO_PLANTILLA_B
E14,PRE,01,019,099_00_03_002_5104_Mesa_2,CORRUPTO_PLANTILLA_B
E14,PRE,01,019,099_00_05_001_5105_Mesa_1,CORRUPTO_PLANTILLA_B
E14,PRE,01,019,099_00_05_002_5105_Mesa_2,CORRUPTO_PLANTILLA_B
E14,PRE,01,019,099_00_05_003_5105_Mesa_3,CORRUPTO_PLANTILLA_B
E14,PRE,01,019,099_00_06_001_5105_Mesa_1,CORRUPTO_PLANTILLA_B
E14,PRE,01,019,099_00_06_002_5105_Mesa_2,CORRUPTO_PLANTILLA_B
E14,PRE,01,019,099_00_09_001_5103_Mesa_1,CORRUPTO_PLANTILLA_B
E14,PRE,01,019,099_00_09_002_5103_Mesa_2,CORRUPTO_PLANTILLA_B
E14,PRE,01,019,099_00_09_003_5103_Mesa_3,CORRUPTO_PLANTILLA_B
E14,PRE,01,019,099_00_09_004_5103_Mesa_4,CORRUPTO_PLANTILLA_B
E14,PRE,01,019,099_00_13_001_5104_Mesa_1,CORRUPTO_PLANTILLA_B
E14,PRE,01,019,099_00_13_002_5104_Mesa_2,CORRUPTO_PLANTILLA_B
E14,PRE,01,019,099_00_13_003_5104_Mesa_3,CORRUPTO_PLANTILLA_B
E14,PRE,01,019,099_00_13_004_5104_Mesa_4,CORRUPTO_PLANTILLA_B
E14,PRE,01,019,099_00_13_005_5104_Mesa_5,CORRUPTO_PLANTILLA_B
E14,PRE,01,019,099_00_13_006_5104_Mesa_6,CORRUPTO_PLANTILLA_B
E14,PRE,01,019,099_00_13_007_5104_Mesa_7,CORRUPTO_PLANTILLA_B
E14,PRE,01,019,099_00_17_001_5104_Mesa_1,CORRUPTO_PLANTILLA_B
E14,PRE,01,019,099_00_17_002_5104_Mesa_2,CORRUPTO_PLANTILLA_B
E14,PRE,01,019,099_00_17_003_5104_Mesa_3,CORRUPTO_PLANTILLA_B
E14,PRE,01,019,099_00_17_004_5104_Mesa_4,CORRUPTO_PLANTILLA_B
E14,PRE,01,019,099_00_17_005_5104_Mesa_5,CORRUPTO_PLANTILLA_B
E14,PRE,01,019,099_00_17_006_5104_Mesa_6,CORRUPTO_PLANTILLA_B
E14,PRE,01,019,099_00_17_007_5104_Mesa_7,CORRUPTO_PLANTILLA_B
E14,PRE,01,019,099_00_23_001_5103_Mesa_1,CORRUPTO_PLANTILLA_B
E14,PRE,01,019,099_00_23_002_5103_Mesa_2,CORRUPTO_PLANTILLA_B
E14,PRE,01,019,099_00_23_003_5103_Mesa_3,CORRUPTO_PLANTILLA_B
E14,PRE,01,022,000_00_00_001_2007_Mesa_1,CORRUPTO_PLANTILLA_B
E14,PRE,01,022,000_00_00_002_2007_Mesa_2,CORRUPTO_PLANTILLA_B
E14,PRE,01,022,000_00_00_003_2007_Mesa_3,CORRUPTO_PLANTILLA_B
E14,PRE,01,022,000_00_00_004_2007_Mesa_4,CORRUPTO_PLANTILLA_B
E14,PRE,01,022,000_00_00_005_2007_Mesa_5,CORRUPTO_PLANTILLA_B
E14,PRE,01,022,000_00_00_006_2007_Mesa_6,CORRUPTO_PLANTILLA_B
E14,PRE,01,022,000_00_00_007_2007_Mesa_7,CORRUPTO_PLANTILLA_B
E14,PRE,01,022,000_00_00_008_2007_Mesa_8,CORRUPTO_PLANTILLA_B
E14,PRE,01,022,000_00_00_009_2007_Mesa_9,CORRUPTO_PLANTILLA_B
E14,PRE,01,022,000_00_00_010_2007_Mesa_10,CORRUPTO_PLANTILLA_B
E14,PRE,01,022,000_00_00_011_2007_Mesa_11,CORRUPTO_PLANTILLA_B
E14,PRE,01,022,000_00_00_012_2007_Mesa_12,CORRUPTO_PLANTILLA_B
E14,PRE,01,022,000_00_00_013_2007_Mesa_13,CORRUPTO_PLANTILLA_B
E14,PRE,01,022,000_00_00_014_2007_Mesa_14,CORRUPTO_PLANTILLA_B
E14,PRE,01,022,000_00_00_015_2007_Mesa_15,CORRUPTO_PLANTILLA_B
E14,PRE,01,022,099_00_01_001_2007_Mesa_1,CORRUPTO_PLANTILLA_B
E14,PRE,01,022,099_00_01_002_2007_Mesa_2,CORRUPTO_PLANTILLA_B
E14,PRE,01,022,099_00_01_003_2007_Mesa_3,CORRUPTO_PLANTILLA_B
E14,PRE,01,022,099_00_70_001_2007_Mesa_1,CORRUPTO_PLANTILLA_B
E14,PRE,01,025,000_00_00_001_2008_Mesa_1,CORRUPTO_PLANTILLA_B
E14,PRE,01,025,000_00_00_002_2008_Mesa_2,CORRUPTO_PLANTILLA_B
E14,PRE,01,025,000_00_00_003_2008_Mesa_3,CORRUPTO_PLANTILLA_B
E14,PRE,01,025,000_00_00_004_2008_Mesa_4,CORRUPTO_PLANTILLA_B
E14,PRE,01,025,000_00_00_005_2008_Mesa_5,CORRUPTO_PLANTILLA_B
E14,PRE,01,025,000_00_00_006_2008_Mesa_6,CORRUPTO_PLANTILLA_B
E14,PRE,01,025,000_00_00_007_2008_Mesa_7,CORRUPTO_PLANTILLA_B
E14,PRE,01,025,000_00_00_008_2008_Mesa_8,CORRUPTO_PLANTILLA_B
E14,PRE,01,025,000_00_00_009_2008_Mesa_9,CORRUPTO_PLANTILLA_B
E14,PRE,01,025,000_00_00_010_2008_Mesa_10,CORRUPTO_PLANTILLA_B
E14,PRE,01,025,000_00_00_011_2008_Mesa_11,CORRUPTO_PLANTILLA_B
E14,PRE,01,025,000_00_00_012_2008_Mesa_12,CORRUPTO_PLANTILLA_B
E14,PRE,01,025,000_00_00_013_2008_Mesa_13,CORRUPTO_PLANTILLA_B
E14,PRE,01,025,000_00_00_014_2008_Mesa_14,CORRUPTO_PLANTILLA_B
E14,PRE,01,025,000_00_00_015_2008_Mesa_15,CORRUPTO_PLANTILLA_B
E14,PRE,01,025,000_00_00_016_2008_Mesa_16,CORRUPTO_PLANTILLA_B
E14,PRE,01,025,000_00_00_017_2008_Mesa_17,CORRUPTO_PLANTILLA_B
E14,PRE,01,025,000_00_00_018_2008_Mesa_18,CORRUPTO_PLANTILLA_B
E14,PRE,01,025,000_00_00_019_2008_Mesa_19,CORRUPTO_PLANTILLA_B
E14,PRE,01,025,000_00_00_020_2008_Mesa_20,CORRUPTO_PLANTILLA_B
E14,PRE,01,025,000_00_00_021_2008_Mesa_21,CORRUPTO_PLANTILLA_B
E14,PRE,01,025,000_00_00_022_2008_Mesa_22,CORRUPTO_PLANTILLA_B
E14,PRE,01,025,000_00_00_023_2008_Mesa_23,CORRUPTO_PLANTILLA_B
E14,PRE,01,025,000_00_00_024_2008_Mesa_24,CORRUPTO_PLANTILLA_B
E14,PRE,01,025,099_00_06_001_2008_Mesa_1,CORRUPTO_PLANTILLA_B
E14,PRE,01,025,099_00_06_002_2008_Mesa_2,CORRUPTO_PLANTILLA_B
E14,PRE,01,025,099_00_12_001_2008_Mesa_1,CORRUPTO_PLANTILLA_B
E14,PRE,01,025,099_00_15_001_2008_Mesa_1,CORRUPTO_PLANTILLA_B
E14,PRE,01,028,000_00_00_001_2009_Mesa_1,CORRUPTO_PLANTILLA_B
E14,PRE,01,028,000_00_00_002_2009_Mesa_2,CORRUPTO_PLANTILLA_B
E14,PRE,01,028,000_00_00_003_2009_Mesa_3,CORRUPTO_PLANTILLA_B
E14,PRE,01,028,000_00_00_004_2009_Mesa_4,CORRUPTO_PLANTILLA_B
E14,PRE,01,028,000_00_00_005_2009_Mesa_5,CORRUPTO_PLANTILLA_B
E14,PRE,01,028,000_00_00_006_2009_Mesa_6,CORRUPTO_PLANTILLA_B
E14,PRE,01,028,000_00_00_007_2009_Mesa_7,CORRUPTO_PLANTILLA_B
E14,PRE,01,028,000_00_00_008_2009_Mesa_8,CORRUPTO_PLANTILLA_B
E14,PRE,01,028,000_00_00_009_2009_Mesa_9,CORRUPTO_PLANTILLA_B
E14,PRE,01,028,000_00_00_010_2009_Mesa_10,CORRUPTO_PLANTILLA_B
E14,PRE,01,028,000_00_00_011_2009_Mesa_11,CORRUPTO_PLANTILLA_B
E14,PRE,01,028,000_00_00_012_2009_Mesa_12,CORRUPTO_PLANTILLA_B
E14,PRE,01,028,000_00_00_013_2009_Mesa_13,CORRUPTO_PLANTILLA_B
E14,PRE,01,028,000_00_00_014_2009_Mesa_14,CORRUPTO_PLANTILLA_B
E14,PRE,01,028,000_00_00_015_2009_Mesa_15,CORRUPTO_PLANTILLA_B
E14,PRE,01,028,000_00_00_016_2009_Mesa_16,CORRUPTO_PLANTILLA_B
E14,PRE,01,028,000_00_00_017_2009_Mesa_17,CORRUPTO_PLANTILLA_B
E14,PRE,01,028,000_00_00_018_2009_Mesa_18,CORRUPTO_PLANTILLA_B
E14,PRE,01,028,000_00_00_019_2009_Mesa_19,CORRUPTO_PLANTILLA_B
E14,PRE,01,028,000_00_00_020_2009_Mesa_20,CORRUPTO_PLANTILLA_B
E14,PRE,01,028,000_00_00_021_2009_Mesa_21,CORRUPTO_PLANTILLA_B
E14,PRE,01,028,000_00_00_022_2009_Mesa_22,CORRUPTO_PLANTILLA_B
E14,PRE,01,028,000_00_00_023_2009_Mesa_23,CORRUPTO_PLANTILLA_B
E14,PRE,01,028,000_00_00_024_2009_Mesa_24,CORRUPTO_PLANTILLA_B
E14,PRE,01,028,000_00_00_025_2009_Mesa_25,CORRUPTO_PLANTILLA_B
E14,PRE,01,028,000_00_00_026_2009_Mesa_26,CORRUPTO_PLANTILLA_B
E14,PRE,01,028,000_00_00_027_2009_Mesa_27,CORRUPTO_PLANTILLA_B
E14,PRE,01,028,000_00_00_028_2009_Mesa_28,CORRUPTO_PLANTILLA_B
E14,PRE,01,028,000_00_00_029_2009_Mesa_29,CORRUPTO_PLANTILLA_B
E14,PRE,01,028,000_00_00_030_2009_Mesa_30,CORRUPTO_PLANTILLA_B
E14,PRE,01,028,099_00_03_001_2009_Mesa_1,CORRUPTO_PLANTILLA_B
E14,PRE,01,028,099_00_03_002_2009_Mesa_2,CORRUPTO_PLANTILLA_B
E14,PRE,01,028,099_00_05_001_2009_Mesa_1,CORRUPTO_PLANTILLA_B
E14,PRE,01,028,099_00_05_002_2009_Mesa_2,CORRUPTO_PLANTILLA_B
E14,PRE,01,028,099_00_09_001_2009_Mesa_1,CORRUPTO_PLANTILLA_B
E14,PRE,01,028,099_00_09_002_2009_Mesa_2,CORRUPTO_PLANTILLA_B
E14,PRE,01,028,099_00_09_003_2009_Mesa_3,CORRUPTO_PLANTILLA_B
E14,PRE,01,028,099_00_13_001_2009_Mesa_1,CORRUPTO_PLANTILLA_B
E14,PRE,01,028,099_00_13_002_2009_Mesa_2,CORRUPTO_PLANTILLA_B
E14,PRE,01,028,099_00_15_001_2009_Mesa_1,CORRUPTO_PLANTILLA_B
E14,PRE,01,028,099_00_15_002_2009_Mesa_2,CORRUPTO_PLANTILLA_B
E14,PRE,01,028,099_00_16_001_2009_Mesa_1,CORRUPTO_PLANTILLA_B
E14,PRE,01,028,099_00_37_001_2009_Mesa_1,CORRUPTO_PLANTILLA_B
E14,PRE,01,031,001_00_01_001_5106_Mesa_1,CORRUPTO_PLANTILLA_B
E14,PRE,01,031,001_00_01_002_5106_Mesa_2,CORRUPTO_PLANTILLA_B
E14,PRE,01,031,001_00_01_003_5106_Mesa_3,CORRUPTO_PLANTILLA_B
E14,PRE,01,031,001_00_01_004_5106_Mesa_4,CORRUPTO_PLANTILLA_B
E14,PRE,01,031,001_00_01_005_5106_Mesa_5,CORRUPTO_PLANTILLA_B
E14,PRE,01,031,001_00_01_006_5106_Mesa_6,CORRUPTO_PLANTILLA_B
E14,PRE,01,031,001_00_01_007_5106_Mesa_7,CORRUPTO_PLANTILLA_B
E14,PRE,01,031,001_00_01_008_5106_Mesa_8,CORRUPTO_PLANTILLA_B
E14,PRE,01,031,001_00_01_009_5106_Mesa_9,CORRUPTO_PLANTILLA_B
E14,PRE,01,031,001_00_01_010_5106_Mesa_10,CORRUPTO_PLANTILLA_B
E14,PRE,01,031,001_00_01_011_5106_Mesa_11,CORRUPTO_PLANTILLA_B
E14,PRE,01,031,001_00_01_012_5106_Mesa_12,CORRUPTO_PLANTILLA_B
E14,PRE,01,031,001_00_01_013_5106_Mesa_13,CORRUPTO_PLANTILLA_B
E14,PRE,01,031,001_00_01_014_5106_Mesa_14,CORRUPTO_PLANTILLA_B
E14,PRE,01,031,001_00_02_001_5107_Mesa_1,CORRUPTO_PLANTILLA_B
E14,PRE,01,031,001_00_02_002_5107_Mesa_2,CORRUPTO_PLANTILLA_B
E14,PRE,01,031,001_00_02_003_5107_Mesa_3,CORRUPTO_PLANTILLA_B
E14,PRE,01,031,001_00_02_004_5107_Mesa_4,CORRUPTO_PLANTILLA_B
E14,PRE,01,031,001_00_02_005_5107_Mesa_5,CORRUPTO_PLANTILLA_B
E14,PRE,01,031,001_00_02_006_5107_Mesa_6,CORRUPTO_PLANTILLA_B
E14,PRE,01,031,001_00_02_007_5107_Mesa_7,CORRUPTO_PLANTILLA_B
E14,PRE,01,031,001_00_02_008_5107_Mesa_8,CORRUPTO_PLANTILLA_B
E14,PRE,01,031,001_00_02_009_5107_Mesa_9,CORRUPTO_PLANTILLA_B
E14,PRE,01,031,001_00_02_010_5107_Mesa_10,CORRUPTO_PLANTILLA_B
E14,PRE,01,031,001_00_02_011_5107_Mesa_11,CORRUPTO_PLANTILLA_B
E14,PRE,01,031,001_00_02_012_5107_Mesa_12,CORRUPTO_PLANTILLA_B
E14,PRE,01,031,001_00_02_013_5107_Mesa_13,CORRUPTO_PLANTILLA_B
E14,PRE,01,031,001_00_02_014_5107_Mesa_14,CORRUPTO_PLANTILLA_B
E14,PRE,01,031,001_00_02_015_5107_Mesa_15,CORRUPTO_PLANTILLA_B
E14,PRE,01,031,002_00_01_001_5106_Mesa_1,CORRUPTO_PLANTILLA_B
E14,PRE,01,031,002_00_01_002_5106_Mesa_2,CORRUPTO_PLANTILLA_B
E14,PRE,01,031,002_00_01_003_5106_Mesa_3,CORRUPTO_PLANTILLA_B
E14,PRE,01,031,002_00_01_004_5106_Mesa_4,CORRUPTO_PLANTILLA_B
E14,PRE,01,031,002_00_01_005_5106_Mesa_5,CORRUPTO_PLANTILLA_B
E14,PRE,01,031,002_00_01_006_5106_Mesa_6,CORRUPTO_PLANTILLA_B
E14,PRE,01,031,002_00_01_007_5106_Mesa_7,CORRUPTO_PLANTILLA_B
E14,PRE,01,031,002_00_01_008_5106_Mesa_8,CORRUPTO_PLANTILLA_B
E14,PRE,01,031,002_00_01_009_5106_Mesa_9,CORRUPTO_PLANTILLA_B
E14,PRE,01,031,002_00_01_010_5106_Mesa_10,CORRUPTO_PLANTILLA_B
E14,PRE,01,031,002_00_01_011_5106_Mesa_11,CORRUPTO_PLANTILLA_B
E14,PRE,01,031,002_00_01_012_5106_Mesa_12,CORRUPTO_PLANTILLA_B
E14,PRE,01,031,002_00_01_013_5106_Mesa_13,CORRUPTO_PLANTILLA_B
E14,PRE,01,031,002_00_01_014_5106_Mesa_14,CORRUPTO_PLANTILLA_B
E14,PRE,01,031,002_00_01_015_5106_Mesa_15,CORRUPTO_PLANTILLA_B
E14,PRE,01,031,002_00_01_016_5106_Mesa_16,CORRUPTO_PLANTILLA_B
E14,PRE,01,031,002_00_01_017_5106_Mesa_17,CORRUPTO_PLANTILLA_B
E14,PRE,01,031,002_00_01_018_5106_Mesa_18,CORRUPTO_PLANTILLA_B
E14,PRE,01,031,002_00_02_001_5107_Mesa_1,CORRUPTO_PLANTILLA_B
E14,PRE,01,031,002_00_02_002_5107_Mesa_2,CORRUPTO_PLANTILLA_B
E14,PRE,01,031,002_00_02_003_5107_Mesa_3,CORRUPTO_PLANTILLA_B
E14,PRE,01,031,002_00_02_004_5107_Mesa_4,CORRUPTO_PLANTILLA_B
E14,PRE,01,031,002_00_02_005_5107_Mesa_5,CORRUPTO_PLANTILLA_B
E14,PRE,01,031,002_00_02_006_5107_Mesa_6,CORRUPTO_PLANTILLA_B
E14,PRE,01,031,002_00_02_007_5107_Mesa_7,CORRUPTO_PLANTILLA_B
E14,PRE,01,031,002_00_02_008_5107_Mesa_8,CORRUPTO_PLANTILLA_B
E14,PRE,01,031,002_00_02_009_5107_Mesa_9,CORRUPTO_PLANTILLA_B
E14,PRE,01,031,002_00_02_010_5107_Mesa_10,CORRUPTO_PLANTILLA_B
E14,PRE,01,031,002_00_02_011_5107_Mesa_11,CORRUPTO_PLANTILLA_B
E14,PRE,01,031,002_00_02_012_5107_Mesa_12,CORRUPTO_PLANTILLA_B
E14,PRE,01,031,002_00_02_013_5107_Mesa_13,CORRUPTO_PLANTILLA_B
E14,PRE,01,031,002_00_02_014_5107_Mesa_14,CORRUPTO_PLANTILLA_B
E14,PRE,01,031,002_00_02_015_5107_Mesa_15,CORRUPTO_PLANTILLA_B
E14,PRE,01,031,002_00_02_016_5107_Mesa_16,CORRUPTO_PLANTILLA_B
E14,PRE,01,031,099_00_01_001_5106_Mesa_1,CORRUPTO_PLANTILLA_B
E14,PRE,01,031,099_00_02_001_5107_Mesa_1,CORRUPTO_PLANTILLA_B
E14,PRE,01,031,099_00_02_002_5107_Mesa_2,CORRUPTO_PLANTILLA_B
E14,PRE,01,031,099_00_04_001_5106_Mesa_1,CORRUPTO_PLANTILLA_B
E14,PRE,01,031,099_00_04_002_5106_Mesa_2,CORRUPTO_PLANTILLA_B
E14,PRE,01,031,099_00_05_001_5107_Mesa_1,CORRUPTO_PLANTILLA_B
E14,PRE,01,031,099_00_05_002_5107_Mesa_2,CORRUPTO_PLANTILLA_B
E14,PRE,01,031,099_00_07_001_5106_Mesa_1,CORRUPTO_PLANTILLA_B
E14,PRE,01,031,099_00_09_001_5106_Mesa_1,CORRUPTO_PLANTILLA_B
E14,PRE,01,031,099_00_09_002_5106_Mesa_2,CORRUPTO_PLANTILLA_B
E14,PRE,01,031,099_00_15_001_5107_Mesa_1,CORRUPTO_PLANTILLA_B
E14,PRE,01,031,099_00_15_002_5107_Mesa_2,CORRUPTO_PLANTILLA_B
E14,PRE,01,034,000_00_00_001_2011_Mesa_1,CORRUPTO_PLANTILLA_B
E14,PRE,01,034,000_00_00_002_2011_Mesa_2,CORRUPTO_PLANTILLA_B
E14,PRE,01,034,000_00_00_003_2011_Mesa_3,CORRUPTO_PLANTILLA_B
E14,PRE,01,034,000_00_00_004_2011_Mesa_4,CORRUPTO_PLANTILLA_B
E14,PRE,01,034,000_00_00_005_2011_Mesa_5,CORRUPTO_PLANTILLA_B
E14,PRE,01,034,000_00_00_006_2011_Mesa_6,CORRUPTO_PLANTILLA_B
E14,PRE,01,034,000_00_00_007_2011_Mesa_7,CORRUPTO_PLANTILLA_B
E14,PRE,01,034,000_00_00_008_2011_Mesa_8,CORRUPTO_PLANTILLA_B
E14,PRE,01,034,000_00_00_009_2011_Mesa_9,CORRUPTO_PLANTILLA_B
E14,PRE,01,034,000_00_00_010_2011_Mesa_10,CORRUPTO_PLANTILLA_B
E14,PRE,01,034,000_00_00_011_2011_Mesa_11,CORRUPTO_PLANTILLA_B
E14,PRE,01,034,099_00_01_001_2011_Mesa_1,CORRUPTO_PLANTILLA_B
E14,PRE,01,034,099_00_01_002_2011_Mesa_2,CORRUPTO_PLANTILLA_B
E14,PRE,01,034,099_00_01_003_2011_Mesa_3,CORRUPTO_PLANTILLA_B
E14,PRE,01,034,099_00_01_004_2011_Mesa_4,CORRUPTO_PLANTILLA_B
E14,PRE,01,034,099_00_01_005_2011_Mesa_5,CORRUPTO_PLANTILLA_B
E14,PRE,01,034,099_00_01_006_2011_Mesa_6,CORRUPTO_PLANTILLA_B
E14,PRE,01,034,099_00_01_007_2011_Mesa_7,CORRUPTO_PLANTILLA_B
E14,PRE,01,034,099_00_30_001_2011_Mesa_1,CORRUPTO_PLANTILLA_B
E14,PRE,01,034,099_00_30_002_2011_Mesa_2,CORRUPTO_PLANTILLA_B
E14,PRE,01,035,001_01_01_001_5108_Mesa_1,CORRUPTO_PLANTILLA_B
E14,PRE,01,035,001_01_01_002_5108_Mesa_2,CORRUPTO_PLANTILLA_B
E14,PRE,01,035,001_01_01_003_5108_Mesa_3,CORRUPTO_PLANTILLA_B
E14,PRE,01,035,001_01_01_004_5108_Mesa_4,CORRUPTO_PLANTILLA_B
E14,PRE,01,035,001_01_01_005_5108_Mesa_5,CORRUPTO_PLANTILLA_B
E14,PRE,01,035,001_01_01_006_5108_Mesa_6,CORRUPTO_PLANTILLA_B
E14,PRE,01,035,001_01_01_007_5108_Mesa_7,CORRUPTO_PLANTILLA_B
E14,PRE,01,035,001_01_01_008_5108_Mesa_8,CORRUPTO_PLANTILLA_B
E14,PRE,01,035,001_01_01_009_5108_Mesa_9,CORRUPTO_PLANTILLA_B
E14,PRE,01,035,001_01_01_010_5108_Mesa_10,CORRUPTO_PLANTILLA_B
E14,PRE,01,035,001_01_01_011_5108_Mesa_11,CORRUPTO_PLANTILLA_B
E14,PRE,01,035,001_01_01_012_5108_Mesa_12,CORRUPTO_PLANTILLA_B
E14,PRE,01,035,001_01_01_013_5108_Mesa_13,CORRUPTO_PLANTILLA_B
E14,PRE,01,035,001_01_01_014_5108_Mesa_14,CORRUPTO_PLANTILLA_B
E14,PRE,01,035,001_01_01_015_5108_Mesa_15,CORRUPTO_PLANTILLA_B
E14,PRE,01,035,001_01_01_016_5108_Mesa_16,CORRUPTO_PLANTILLA_B
E14,PRE,01,035,001_01_01_017_5108_Mesa_17,CORRUPTO_PLANTILLA_B
E14,PRE,01,035,001_01_01_018_5108_Mesa_18,CORRUPTO_PLANTILLA_B
E14,PRE,01,035,001_01_01_019_5108_Mesa_19,CORRUPTO_PLANTILLA_B
E14,PRE,01,035,001_01_01_020_5108_Mesa_20,CORRUPTO_PLANTILLA_B
E14,PRE,01,035,001_01_01_021_5108_Mesa_21,CORRUPTO_PLANTILLA_B
E14,PRE,01,035,001_01_01_022_5108_Mesa_22,CORRUPTO_PLANTILLA_B
E14,PRE,01,035,001_01_01_023_5108_Mesa_23,CORRUPTO_PLANTILLA_B
E14,PRE,01,035,001_01_01_024_5108_Mesa_24,CORRUPTO_PLANTILLA_B
E14,PRE,01,035,001_01_01_025_5108_Mesa_25,CORRUPTO_PLANTILLA_B
E14,PRE,01,035,001_01_02_001_5109_Mesa_1,CORRUPTO_PLANTILLA_B
E14,PRE,01,035,001_01_02_002_5109_Mesa_2,CORRUPTO_PLANTILLA_B
E14,PRE,01,035,001_01_02_003_5109_Mesa_3,CORRUPTO_PLANTILLA_B
E14,PRE,01,035,001_01_02_004_5109_Mesa_4,CORRUPTO_PLANTILLA_B
E14,PRE,01,035,001_01_02_005_5109_Mesa_5,CORRUPTO_PLANTILLA_B
E14,PRE,01,035,001_01_02_006_5109_Mesa_6,CORRUPTO_PLANTILLA_B
E14,PRE,01,035,001_01_02_007_5109_Mesa_7,CORRUPTO_PLANTILLA_B
E14,PRE,01,035,001_01_02_008_5109_Mesa_8,CORRUPTO_PLANTILLA_B
E14,PRE,01,035,001_01_02_009_5109_Mesa_9,CORRUPTO_PLANTILLA_B
E14,PRE,01,035,001_01_02_010_5109_Mesa_10,CORRUPTO_PLANTILLA_B
E14,PRE,01,035,001_01_02_011_5109_Mesa_11,CORRUPTO_PLANTILLA_B
E14,PRE,01,035,001_01_02_012_5109_Mesa_12,CORRUPTO_PLANTILLA_B
E14,PRE,01,035,001_01_02_013_5109_Mesa_13,CORRUPTO_PLANTILLA_B
E14,PRE,01,035,001_01_02_014_5109_Mesa_14,CORRUPTO_PLANTILLA_B
E14,PRE,01,035,001_01_02_015_5109_Mesa_15,CORRUPTO_PLANTILLA_B
E14,PRE,01,035,001_01_02_016_5109_Mesa_16,CORRUPTO_PLANTILLA_B
E14,PRE,01,035,001_01_02_017_5109_Mesa_17,CORRUPTO_PLANTILLA_B
E14,PRE,01,035,001_01_02_018_5109_Mesa_18,CORRUPTO_PLANTILLA_B
E14,PRE,01,035,001_01_02_019_5109_Mesa_19,CORRUPTO_PLANTILLA_B
E14,PRE,01,035,001_01_02_020_5109_Mesa_20,CORRUPTO_PLANTILLA_B
E14,PRE,01,035,001_01_02_021_5109_Mesa_21,CORRUPTO_PLANTILLA_B
E14,PRE,01,035,001_01_02_022_5109_Mesa_22,CORRUPTO_PLANTILLA_B
E14,PRE,01,035,001_01_02_023_5109_Mesa_23,CORRUPTO_PLANTILLA_B
E14,PRE,01,035,001_01_02_024_5109_Mesa_24,CORRUPTO_PLANTILLA_B
E14,PRE,01,035,001_01_02_025_5109_Mesa_25,CORRUPTO_PLANTILLA_B
E14,PRE,01,035,001_01_03_001_5109_Mesa_1,CORRUPTO_PLANTILLA_B
E14,PRE,01,035,001_01_03_002_5109_Mesa_2,CORRUPTO_PLANTILLA_B
E14,PRE,01,035,001_01_03_003_5109_Mesa_3,CORRUPTO_PLANTILLA_B
E14,PRE,01,035,001_01_03_004_5109_Mesa_4,CORRUPTO_PLANTILLA_B
E14,PRE,01,035,001_01_03_005_5109_Mesa_5,CORRUPTO_PLANTILLA_B
E14,PRE,01,035,001_01_03_006_5109_Mesa_6,CORRUPTO_PLANTILLA_B
E14,PRE,01,035,001_01_03_007_5109_Mesa_7,CORRUPTO_PLANTILLA_B
E14,PRE,01,035,001_01_03_008_5109_Mesa_8,CORRUPTO_PLANTILLA_B
E14,PRE,01,035,001_01_03_009_5109_Mesa_9,CORRUPTO_PLANTILLA_B
E14,PRE,01,035,001_01_03_010_5109_Mesa_10,CORRUPTO_PLANTILLA_B
E14,PRE,01,035,001_01_03_011_5109_Mesa_11,CORRUPTO_PLANTILLA_B
E14,PRE,01,035,001_01_03_012_5109_Mesa_12,CORRUPTO_PLANTILLA_B
E14,PRE,01,035,001_01_03_013_5109_Mesa_13,CORRUPTO_PLANTILLA_B
E14,PRE,01,035,001_01_03_014_5109_Mesa_14,CORRUPTO_PLANTILLA_B
E14,PRE,01,035,001_01_03_015_5109_Mesa_15,CORRUPTO_PLANTILLA_B
E14,PRE,01,035,001_01_04_001_5112_Mesa_1,CORRUPTO_PLANTILLA_B
E14,PRE,01,035,001_01_04_002_5112_Mesa_2,CORRUPTO_PLANTILLA_B
E14,PRE,01,035,001_01_04_003_5112_Mesa_3,CORRUPTO_PLANTILLA_B
E14,PRE,01,035,001_01_04_004_5112_Mesa_4,CORRUPTO_PLANTILLA_B
E14,PRE,01,035,001_01_04_005_5112_Mesa_5,CORRUPTO_PLANTILLA_B
E14,PRE,01,035,001_01_04_006_5112_Mesa_6,CORRUPTO_PLANTILLA_B
E14,PRE,01,035,001_01_04_007_5112_Mesa_7,CORRUPTO_PLANTILLA_B
E14,PRE,01,035,001_01_04_008_5112_Mesa_8,CORRUPTO_PLANTILLA_B
E14,PRE,01,035,001_01_04_009_5112_Mesa_9,CORRUPTO_PLANTILLA_B
E14,PRE,01,035,001_01_04_010_5112_Mesa_10,CORRUPTO_PLANTILLA_B
E14,PRE,01,035,002_02_01_001_5110_Mesa_1,CORRUPTO_PLANTILLA_B
E14,PRE,01,035,002_02_01_002_5110_Mesa_2,CORRUPTO_PLANTILLA_B
E14,PRE,01,035,002_02_01_003_5110_Mesa_3,CORRUPTO_PLANTILLA_B
E14,PRE,01,035,002_02_01_004_5110_Mesa_4,CORRUPTO_PLANTILLA_B
E14,PRE,01,035,002_02_01_005_5110_Mesa_5,CORRUPTO_PLANTILLA_B
E14,PRE,01,035,002_02_01_006_5110_Mesa_6,CORRUPTO_PLANTILLA_B
E14,PRE,01,035,002_02_01_007_5110_Mesa_7,CORRUPTO_PLANTILLA_B
E14,PRE,01,035,002_02_01_008_5110_Mesa_8,CORRUPTO_PLANTILLA_B
E14,PRE,01,035,002_02_01_009_5110_Mesa_9,CORRUPTO_PLANTILLA_B
E14,PRE,01,035,002_02_01_010_5110_Mesa_10,CORRUPTO_PLANTILLA_B
E14,PRE,01,035,002_02_01_011_5110_Mesa_11,CORRUPTO_PLANTILLA_B
E14,PRE,01,035,002_02_01_012_5110_Mesa_12,CORRUPTO_PLANTILLA_B
E14,PRE,01,035,002_02_01_013_5110_Mesa_13,CORRUPTO_PLANTILLA_B
E14,PRE,01,035,002_02_01_014_5110_Mesa_14,CORRUPTO_PLANTILLA_B
E14,PRE,01,035,002_02_01_015_5110_Mesa_15,CORRUPTO_PLANTILLA_B
E14,PRE,01,035,002_02_01_016_5110_Mesa_16,CORRUPTO_PLANTILLA_B
E14,PRE,01,035,002_02_01_017_5110_Mesa_17,CORRUPTO_PLANTILLA_B
E14,PRE,01,035,002_02_01_018_5110_Mesa_18,CORRUPTO_PLANTILLA_B
E14,PRE,01,035,002_02_01_019_5110_Mesa_19,CORRUPTO_PLANTILLA_B
E14,PRE,01,035,002_02_01_020_5110_Mesa_20,CORRUPTO_PLANTILLA_B
E14,PRE,01,035,002_02_01_021_5110_Mesa_21,CORRUPTO_PLANTILLA_B
E14,PRE,01,035,002_02_01_022_5110_Mesa_22,CORRUPTO_PLANTILLA_B
E14,PRE,01,035,002_02_01_023_5110_Mesa_23,CORRUPTO_PLANTILLA_B
E14,PRE,01,035,002_02_01_024_5110_Mesa_24,CORRUPTO_PLANTILLA_B
E14,PRE,01,035,002_02_01_025_5110_Mesa_25,CORRUPTO_PLANTILLA_B
E14,PRE,01,035,002_02_01_026_5110_Mesa_26,CORRUPTO_PLANTILLA_B
E14,PRE,01,035,002_02_02_001_5111_Mesa_1,CORRUPTO_PLANTILLA_B
E14,PRE,01,035,002_02_02_002_5111_Mesa_2,CORRUPTO_PLANTILLA_B
E14,PRE,01,035,002_02_02_003_5111_Mesa_3,CORRUPTO_PLANTILLA_B
E14,PRE,01,035,002_02_02_004_5111_Mesa_4,CORRUPTO_PLANTILLA_B
E14,PRE,01,035,002_02_02_005_5111_Mesa_5,CORRUPTO_PLANTILLA_B
E14,PRE,01,035,002_02_02_006_5111_Mesa_6,CORRUPTO_PLANTILLA_B
E14,PRE,01,035,002_02_02_007_5111_Mesa_7,CORRUPTO_PLANTILLA_B
E14,PRE,01,035,002_02_02_008_5111_Mesa_8,CORRUPTO_PLANTILLA_B
E14,PRE,01,035,002_02_02_009_5111_Mesa_9,CORRUPTO_PLANTILLA_B
E14,PRE,01,035,002_02_02_010_5111_Mesa_10,CORRUPTO_PLANTILLA_B
E14,PRE,01,035,002_02_02_011_5111_Mesa_11,CORRUPTO_PLANTILLA_B
E14,PRE,01,035,002_02_02_012_5111_Mesa_12,CORRUPTO_PLANTILLA_B
E14,PRE,01,035,002_02_02_013_5111_Mesa_13,CORRUPTO_PLANTILLA_B
E14,PRE,01,035,002_02_02_014_5111_Mesa_14,CORRUPTO_PLANTILLA_B
E14,PRE,01,035,002_02_02_015_5111_Mesa_15,CORRUPTO_PLANTILLA_B
E14,PRE,01,035,002_02_02_016_5111_Mesa_16,CORRUPTO_PLANTILLA_B
E14,PRE,01,035,002_02_02_017_5111_Mesa_17,CORRUPTO_PLANTILLA_B
E14,PRE,01,035,002_02_02_018_5111_Mesa_18,CORRUPTO_PLANTILLA_B
E14,PRE,01,035,002_02_02_019_5111_Mesa_19,CORRUPTO_PLANTILLA_B
E14,PRE,01,035,002_02_02_020_5111_Mesa_20,CORRUPTO_PLANTILLA_B
E14,PRE,01,035,002_02_02_021_5111_Mesa_21,CORRUPTO_PLANTILLA_B
E14,PRE,01,035,002_02_02_022_5111_Mesa_22,CORRUPTO_PLANTILLA_B
E14,PRE,01,035,002_02_02_023_5111_Mesa_23,CORRUPTO_PLANTILLA_B
E14,PRE,01,035,002_02_02_024_5111_Mesa_24,CORRUPTO_PLANTILLA_B
E14,PRE,01,035,002_02_02_025_5111_Mesa_25,CORRUPTO_PLANTILLA_B
E14,PRE,01,035,002_02_03_001_5110_Mesa_1,CORRUPTO_PLANTILLA_B
E14,PRE,01,035,002_02_03_002_5110_Mesa_2,CORRUPTO_PLANTILLA_B
E14,PRE,01,035,002_02_03_003_5110_Mesa_3,CORRUPTO_PLANTILLA_B
E14,PRE,01,035,002_02_03_004_5110_Mesa_4,CORRUPTO_PLANTILLA_B
E14,PRE,01,035,002_02_03_005_5110_Mesa_5,CORRUPTO_PLANTILLA_B
E14,PRE,01,035,002_02_03_006_5110_Mesa_6,CORRUPTO_PLANTILLA_B
E14,PRE,01,035,002_02_03_007_5110_Mesa_7,CORRUPTO_PLANTILLA_B
E14,PRE,01,035,002_02_03_008_5110_Mesa_8,CORRUPTO_PLANTILLA_B
E14,PRE,01,035,002_02_03_009_5110_Mesa_9,CORRUPTO_PLANTILLA_B
E14,PRE,01,035,002_02_03_010_5110_Mesa_10,CORRUPTO_PLANTILLA_B
E14,PRE,01,035,002_02_03_011_5110_Mesa_11,CORRUPTO_PLANTILLA_B
E14,PRE,01,035,002_02_03_012_5110_Mesa_12,CORRUPTO_PLANTILLA_B
E14,PRE,01,035,002_02_03_013_5110_Mesa_13,CORRUPTO_PLANTILLA_B
E14,PRE,01,035,002_02_03_014_5110_Mesa_14,CORRUPTO_PLANTILLA_B
E14,PRE,01,035,002_02_04_001_5110_Mesa_1,CORRUPTO_PLANTILLA_B
E14,PRE,01,035,002_02_04_002_5110_Mesa_2,CORRUPTO_PLANTILLA_B
E14,PRE,01,035,002_02_04_003_5110_Mesa_3,CORRUPTO_PLANTILLA_B
E14,PRE,01,035,002_02_04_004_5110_Mesa_4,CORRUPTO_PLANTILLA_B
E14,PRE,01,035,002_02_04_005_5110_Mesa_5,CORRUPTO_PLANTILLA_B
E14,PRE,01,035,003_03_01_001_5109_Mesa_1,CORRUPTO_PLANTILLA_B
E14,PRE,01,035,003_03_01_002_5109_Mesa_2,CORRUPTO_PLANTILLA_B
E14,PRE,01,035,003_03_02_001_5112_Mesa_1,CORRUPTO_PLANTILLA_B
E14,PRE,01,035,003_03_02_002_5112_Mesa_2,CORRUPTO_PLANTILLA_B
E14,PRE,01,035,003_03_02_003_5112_Mesa_3,CORRUPTO_PLANTILLA_B
E14,PRE,01,035,003_03_02_004_5112_Mesa_4,CORRUPTO_PLANTILLA_B
E14,PRE,01,035,003_03_02_005_5112_Mesa_5,CORRUPTO_PLANTILLA_B
E14,PRE,01,035,003_03_02_006_5112_Mesa_6,CORRUPTO_PLANTILLA_B
E14,PRE,01,035,003_03_02_007_5112_Mesa_7,CORRUPTO_PLANTILLA_B
E14,PRE,01,035,003_03_02_008_5112_Mesa_8,CORRUPTO_PLANTILLA_B
E14,PRE,01,035,003_03_02_009_5112_Mesa_9,CORRUPTO_PLANTILLA_B
E14,PRE,01,035,003_03_02_010_5112_Mesa_10,CORRUPTO_PLANTILLA_B
E14,PRE,01,035,003_03_02_011_5112_Mesa_11,CORRUPTO_PLANTILLA_B
E14,PRE,01,035,003_03_02_012_5112_Mesa_12,CORRUPTO_PLANTILLA_B
E14,PRE,01,035,003_03_02_013_5112_Mesa_13,CORRUPTO_PLANTILLA_B
E14,PRE,01,035,003_03_02_014_5112_Mesa_14,CORRUPTO_PLANTILLA_B
E14,PRE,01,035,003_03_02_015_5112_Mesa_15,CORRUPTO_PLANTILLA_B
E14,PRE,01,035,003_03_02_016_5112_Mesa_16,CORRUPTO_PLANTILLA_B
E14,PRE,01,035,003_03_02_017_5112_Mesa_17,CORRUPTO_PLANTILLA_B
E14,PRE,01,035,003_03_02_018_5112_Mesa_18,CORRUPTO_PLANTILLA_B
E14,PRE,01,035,003_03_02_019_5112_Mesa_19,CORRUPTO_PLANTILLA_B
E14,PRE,01,035,003_03_02_020_5112_Mesa_20,CORRUPTO_PLANTILLA_B
E14,PRE,01,035,003_03_02_021_5112_Mesa_21,CORRUPTO_PLANTILLA_B
E14,PRE,01,035,003_03_02_022_5112_Mesa_22,CORRUPTO_PLANTILLA_B
E14,PRE,01,035,003_03_02_023_5112_Mesa_23,CORRUPTO_PLANTILLA_B
E14,PRE,01,035,003_03_02_024_5112_Mesa_24,CORRUPTO_PLANTILLA_B
E14,PRE,01,035,003_03_02_025_5112_Mesa_25,CORRUPTO_PLANTILLA_B
E14,PRE,01,035,003_03_03_001_5111_Mesa_1,CORRUPTO_PLANTILLA_B
E14,PRE,01,035,003_03_03_002_5111_Mesa_2,CORRUPTO_PLANTILLA_B
E14,PRE,01,035,003_03_03_003_5111_Mesa_3,CORRUPTO_PLANTILLA_B
E14,PRE,01,035,003_03_03_004_5111_Mesa_4,CORRUPTO_PLANTILLA_B
E14,PRE,01,035,003_03_03_005_5111_Mesa_5,CORRUPTO_PLANTILLA_B
E14,PRE,01,035,003_03_03_006_5111_Mesa_6,CORRUPTO_PLANTILLA_B
E14,PRE,01,035,003_03_03_007_5111_Mesa_7,CORRUPTO_PLANTILLA_B
E14,PRE,01,035,003_03_03_008_5111_Mesa_8,CORRUPTO_PLANTILLA_B
E14,PRE,01,035,003_03_03_009_5111_Mesa_9,CORRUPTO_PLANTILLA_B
E14,PRE,01,035,003_03_03_010_5111_Mesa_10,CORRUPTO_PLANTILLA_B
E14,PRE,01,035,003_03_03_011_5111_Mesa_11,CORRUPTO_PLANTILLA_B
E14,PRE,01,035,003_03_03_012_5111_Mesa_12,CORRUPTO_PLANTILLA_B
E14,PRE,01,035,003_03_03_013_5111_Mesa_13,CORRUPTO_PLANTILLA_B
E14,PRE,01,035,003_03_03_014_5111_Mesa_14,CORRUPTO_PLANTILLA_B
E14,PRE,01,035,003_03_03_015_5111_Mesa_15,CORRUPTO_PLANTILLA_B
E14,PRE,01,035,003_03_03_016_5111_Mesa_16,CORRUPTO_PLANTILLA_B
E14,PRE,01,035,003_03_03_017_5111_Mesa_17,CORRUPTO_PLANTILLA_B
E14,PRE,01,035,003_03_04_001_5113_Mesa_1,CORRUPTO_PLANTILLA_B
E14,PRE,01,035,003_03_04_002_5113_Mesa_2,CORRUPTO_PLANTILLA_B
E14,PRE,01,035,003_03_04_003_5113_Mesa_3,CORRUPTO_PLANTILLA_B
E14,PRE,01,035,003_03_04_004_5113_Mesa_4,CORRUPTO_PLANTILLA_B
E14,PRE,01,035,003_03_04_005_5113_Mesa_5,CORRUPTO_PLANTILLA_B
E14,PRE,01,035,003_03_04_006_5113_Mesa_6,CORRUPTO_PLANTILLA_B
E14,PRE,01,035,004_04_01_001_5108_Mesa_1,CORRUPTO_PLANTILLA_B
E14,PRE,01,035,004_04_01_002_5108_Mesa_2,CORRUPTO_PLANTILLA_B
E14,PRE,01,035,004_04_01_003_5108_Mesa_3,CORRUPTO_PLANTILLA_B
E14,PRE,01,035,004_04_01_004_5108_Mesa_4,CORRUPTO_PLANTILLA_B
E14,PRE,01,035,004_04_01_005_5108_Mesa_5,CORRUPTO_PLANTILLA_B
E14,PRE,01,035,004_04_01_006_5108_Mesa_6,CORRUPTO_PLANTILLA_B
E14,PRE,01,035,004_04_01_007_5108_Mesa_7,CORRUPTO_PLANTILLA_B
E14,PRE,01,035,004_04_02_001_5114_Mesa_1,CORRUPTO_PLANTILLA_B
E14,PRE,01,035,004_04_02_002_5114_Mesa_2,CORRUPTO_PLANTILLA_B
E14,PRE,01,035,004_04_02_003_5114_Mesa_3,CORRUPTO_PLANTILLA_B
E14,PRE,01,035,004_04_02_004_5114_Mesa_4,CORRUPTO_PLANTILLA_B
E14,PRE,01,035,004_04_02_005_5114_Mesa_5,CORRUPTO_PLANTILLA_B
E14,PRE,01,035,004_04_02_006_5114_Mesa_6,CORRUPTO_PLANTILLA_B
E14,PRE,01,035,004_04_02_007_5114_Mesa_7,CORRUPTO_PLANTILLA_B
E14,PRE,01,035,004_04_02_008_5114_Mesa_8,CORRUPTO_PLANTILLA_B
E14,PRE,01,035,004_04_02_009_5114_Mesa_9,CORRUPTO_PLANTILLA_B
E14,PRE,01,035,004_04_02_010_5114_Mesa_10,CORRUPTO_PLANTILLA_B
E14,PRE,01,035,004_04_02_011_5114_Mesa_11,CORRUPTO_PLANTILLA_B
E14,PRE,01,035,004_04_02_012_5114_Mesa_12,CORRUPTO_PLANTILLA_B
E14,PRE,01,035,004_04_02_013_5114_Mesa_13,CORRUPTO_PLANTILLA_B
E14,PRE,01,035,004_04_02_014_5114_Mesa_14,CORRUPTO_PLANTILLA_B
E14,PRE,01,035,004_04_03_001_5113_Mesa_1,CORRUPTO_PLANTILLA_B
E14,PRE,01,035,004_04_03_002_5113_Mesa_2,CORRUPTO_PLANTILLA_B
E14,PRE,01,035,004_04_03_003_5113_Mesa_3,CORRUPTO_PLANTILLA_B
E14,PRE,01,035,004_04_03_004_5113_Mesa_4,CORRUPTO_PLANTILLA_B
E14,PRE,01,035,004_04_03_005_5113_Mesa_5,CORRUPTO_PLANTILLA_B
E14,PRE,01,035,004_04_03_006_5113_Mesa_6,CORRUPTO_PLANTILLA_B
E14,PRE,01,035,004_04_03_007_5113_Mesa_7,CORRUPTO_PLANTILLA_B
E14,PRE,01,035,004_04_03_008_5113_Mesa_8,CORRUPTO_PLANTILLA_B
E14,PRE,01,035,004_04_03_009_5113_Mesa_9,CORRUPTO_PLANTILLA_B
E14,PRE,01,035,004_04_03_010_5113_Mesa_10,CORRUPTO_PLANTILLA_B
E14,PRE,01,035,004_04_03_011_5113_Mesa_11,CORRUPTO_PLANTILLA_B
E14,PRE,01,035,004_04_03_012_5113_Mesa_12,CORRUPTO_PLANTILLA_B
E14,PRE,01,035,004_04_03_013_5113_Mesa_13,CORRUPTO_PLANTILLA_B
E14,PRE,01,035,004_04_03_014_5113_Mesa_14,CORRUPTO_PLANTILLA_B
E14,PRE,01,035,004_04_03_015_5113_Mesa_15,CORRUPTO_PLANTILLA_B
E14,PRE,01,035,004_04_03_016_5113_Mesa_16,CORRUPTO_PLANTILLA_B
E14,PRE,01,035,004_04_03_017_5113_Mesa_17,CORRUPTO_PLANTILLA_B
E14,PRE,01,035,004_04_03_018_5113_Mesa_18,CORRUPTO_PLANTILLA_B
E14,PRE,01,035,004_04_04_001_5114_Mesa_1,CORRUPTO_PLANTILLA_B
E14,PRE,01,035,004_04_04_002_5114_Mesa_2,CORRUPTO_PLANTILLA_B
E14,PRE,01,035,004_04_04_003_5114_Mesa_3,CORRUPTO_PLANTILLA_B
E14,PRE,01,035,004_04_04_004_5114_Mesa_4,CORRUPTO_PLANTILLA_B
E14,PRE,01,035,004_04_04_005_5114_Mesa_5,CORRUPTO_PLANTILLA_B
E14,PRE,01,035,004_04_04_006_5114_Mesa_6,CORRUPTO_PLANTILLA_B
E14,PRE,01,035,004_04_04_007_5114_Mesa_7,CORRUPTO_PLANTILLA_B
E14,PRE,01,035,004_04_04_008_5114_Mesa_8,CORRUPTO_PLANTILLA_B
E14,PRE,01,035,004_04_04_009_5114_Mesa_9,CORRUPTO_PLANTILLA_B
E14,PRE,01,035,004_04_04_010_5114_Mesa_10,CORRUPTO_PLANTILLA_B
E14,PRE,01,035,004_04_04_011_5114_Mesa_11,CORRUPTO_PLANTILLA_B
E14,PRE,01,035,004_04_04_012_5114_Mesa_12,CORRUPTO_PLANTILLA_B
E14,PRE,01,035,004_04_04_013_5114_Mesa_13,CORRUPTO_PLANTILLA_B
E14,PRE,01,035,004_04_04_014_5114_Mesa_14,CORRUPTO_PLANTILLA_B
E14,PRE,01,035,004_04_04_015_5114_Mesa_15,CORRUPTO_PLANTILLA_B
E14,PRE,01,035,004_04_04_016_5114_Mesa_16,CORRUPTO_PLANTILLA_B
E14,PRE,01,035,004_04_04_017_5114_Mesa_17,CORRUPTO_PLANTILLA_B
E14,PRE,01,035,004_04_04_018_5114_Mesa_18,CORRUPTO_PLANTILLA_B
E14,PRE,01,035,004_04_04_019_5114_Mesa_19,CORRUPTO_PLANTILLA_B
E14,PRE,01,035,004_04_04_020_5114_Mesa_20,CORRUPTO_PLANTILLA_B
E14,PRE,01,035,004_04_04_021_5114_Mesa_21,CORRUPTO_PLANTILLA_B
E14,PRE,01,035,004_04_05_001_5112_Mesa_1,CORRUPTO_PLANTILLA_B
E14,PRE,01,035,004_04_05_002_5112_Mesa_2,CORRUPTO_PLANTILLA_B
E14,PRE,01,035,004_04_05_003_5112_Mesa_3,CORRUPTO_PLANTILLA_B
E14,PRE,01,035,004_04_05_004_5112_Mesa_4,CORRUPTO_PLANTILLA_B
E14,PRE,01,035,004_04_05_005_5112_Mesa_5,CORRUPTO_PLANTILLA_B
E14,PRE,01,035,004_04_05_006_5112_Mesa_6,CORRUPTO_PLANTILLA_B
E14,PRE,01,035,004_04_05_007_5112_Mesa_7,CORRUPTO_PLANTILLA_B
E14,PRE,01,035,004_04_05_008_5112_Mesa_8,CORRUPTO_PLANTILLA_B
E14,PRE,01,035,004_04_05_009_5112_Mesa_9,CORRUPTO_PLANTILLA_B
E14,PRE,01,035,004_04_05_010_5112_Mesa_10,CORRUPTO_PLANTILLA_B
E14,PRE,01,035,004_04_05_011_5112_Mesa_11,CORRUPTO_PLANTILLA_B
E14,PRE,01,035,004_04_05_012_5112_Mesa_12,CORRUPTO_PLANTILLA_B
E14,PRE,01,035,004_04_05_013_5112_Mesa_13,CORRUPTO_PLANTILLA_B
E14,PRE,01,035,004_04_05_014_5112_Mesa_14,CORRUPTO_PLANTILLA_B
E14,PRE,01,035,004_04_05_015_5112_Mesa_15,CORRUPTO_PLANTILLA_B
E14,PRE,01,035,004_04_06_001_5113_Mesa_1,CORRUPTO_PLANTILLA_B
E14,PRE,01,035,004_04_06_002_5113_Mesa_2,CORRUPTO_PLANTILLA_B
E14,PRE,01,035,004_04_06_003_5113_Mesa_3,CORRUPTO_PLANTILLA_B
E14,PRE,01,035,004_04_06_004_5113_Mesa_4,CORRUPTO_PLANTILLA_B
E14,PRE,01,035,004_04_06_005_5113_Mesa_5,CORRUPTO_PLANTILLA_B
E14,PRE,01,035,004_04_06_006_5113_Mesa_6,CORRUPTO_PLANTILLA_B
E14,PRE,01,035,004_04_06_007_5113_Mesa_7,CORRUPTO_PLANTILLA_B
E14,PRE,01,035,004_04_06_008_5113_Mesa_8,CORRUPTO_PLANTILLA_B
E14,PRE,01,035,004_04_06_009_5113_Mesa_9,CORRUPTO_PLANTILLA_B
E14,PRE,01,035,004_04_06_010_5113_Mesa_10,CORRUPTO_PLANTILLA_B
E14,PRE,01,035,004_04_06_011_5113_Mesa_11,CORRUPTO_PLANTILLA_B
E14,PRE,01,035,004_04_06_012_5113_Mesa_12,CORRUPTO_PLANTILLA_B
E14,PRE,01,035,004_04_06_013_5113_Mesa_13,CORRUPTO_PLANTILLA_B
E14,PRE,01,035,004_04_06_014_5113_Mesa_14,CORRUPTO_PLANTILLA_B
E14,PRE,01,035,004_04_06_015_5113_Mesa_15,CORRUPTO_PLANTILLA_B
E14,PRE,01,035,004_04_06_016_5113_Mesa_16,CORRUPTO_PLANTILLA_B
E14,PRE,01,035,004_04_06_017_5113_Mesa_17,CORRUPTO_PLANTILLA_B
E14,PRE,01,035,004_04_06_018_5113_Mesa_18,CORRUPTO_PLANTILLA_B
E14,PRE,01,035,004_04_07_001_5111_Mesa_1,CORRUPTO_PLANTILLA_B
E14,PRE,01,035,004_04_07_002_5111_Mesa_2,CORRUPTO_PLANTILLA_B
E14,PRE,01,035,004_04_07_003_5111_Mesa_3,CORRUPTO_PLANTILLA_B
E14,PRE,01,035,098_00_01_001_5109_Mesa_1,CORRUPTO_PLANTILLA_B
E14,PRE,01,035,099_05_15_001_5114_Mesa_1,CORRUPTO_PLANTILLA_B
E14,PRE,01,035,099_05_15_002_5114_Mesa_2,CORRUPTO_PLANTILLA_B
E14,PRE,01,035,099_05_15_003_5114_Mesa_3,CORRUPTO_PLANTILLA_B
E14,PRE,01,035,099_05_15_004_5114_Mesa_4,CORRUPTO_PLANTILLA_B
E14,PRE,01,035,099_05_15_005_5114_Mesa_5,CORRUPTO_PLANTILLA_B
E14,PRE,01,035,099_05_15_006_5114_Mesa_6,CORRUPTO_PLANTILLA_B
E14,PRE,01,035,099_06_21_001_5109_Mesa_1,CORRUPTO_PLANTILLA_B
E14,PRE,01,035,099_06_21_002_5109_Mesa_2,CORRUPTO_PLANTILLA_B
E14,PRE,01,035,099_06_21_003_5109_Mesa_3,CORRUPTO_PLANTILLA_B
E14,PRE,01,035,099_07_25_001_5114_Mesa_1,CORRUPTO_PLANTILLA_B
E14,PRE,01,035,099_07_25_002_5114_Mesa_2,CORRUPTO_PLANTILLA_B
E14,PRE,01,035,099_07_25_003_5114_Mesa_3,CORRUPTO_PLANTILLA_B
E14,PRE,01,035,099_07_25_004_5114_Mesa_4,CORRUPTO_PLANTILLA_B
E14,PRE,01,035,099_07_25_005_5114_Mesa_5,CORRUPTO_PLANTILLA_B
E14,PRE,01,035,099_07_25_006_5114_Mesa_6,CORRUPTO_PLANTILLA_B
E14,PRE,01,035,099_08_50_001_5108_Mesa_1,CORRUPTO_PLANTILLA_B
E14,PRE,01,035,099_08_50_002_5108_Mesa_2,CORRUPTO_PLANTILLA_B
E14,PRE,01,035,099_08_50_003_5108_Mesa_3,CORRUPTO_PLANTILLA_B
E14,PRE,01,035,099_08_50_004_5108_Mesa_4,CORRUPTO_PLANTILLA_B
E14,PRE,01,035,099_08_50_005_5108_Mesa_5,CORRUPTO_PLANTILLA_B
E14,PRE,01,035,099_08_50_006_5108_Mesa_6,CORRUPTO_PLANTILLA_B
E14,PRE,01,035,099_08_50_007_5108_Mesa_7,CORRUPTO_PLANTILLA_B
E14,PRE,01,035,099_08_50_008_5108_Mesa_8,CORRUPTO_PLANTILLA_B
E14,PRE,01,035,099_08_50_009_5108_Mesa_9,CORRUPTO_PLANTILLA_B
E14,PRE,01,035,099_08_50_010_5108_Mesa_10,CORRUPTO_PLANTILLA_B
E14,PRE,01,035,099_08_50_011_5108_Mesa_11,CORRUPTO_PLANTILLA_B
E14,PRE,01,035,099_08_50_012_5108_Mesa_12,CORRUPTO_PLANTILLA_B
E14,PRE,01,035,099_08_50_013_5108_Mesa_13,CORRUPTO_PLANTILLA_B
E14,PRE,01,035,099_08_50_014_5108_Mesa_14,CORRUPTO_PLANTILLA_B
E14,PRE,01,035,099_08_50_015_5108_Mesa_15,CORRUPTO_PLANTILLA_B
E14,PRE,01,035,099_08_50_016_5108_Mesa_16,CORRUPTO_PLANTILLA_B
E14,PRE,01,037,000_00_00_001_5115_Mesa_1,CORRUPTO_PLANTILLA_B
E14,PRE,01,037,000_00_00_002_5115_Mesa_2,CORRUPTO_PLANTILLA_B
E14,PRE,01,037,000_00_00_003_5115_Mesa_3,CORRUPTO_PLANTILLA_B
E14,PRE,01,037,000_00_00_004_5115_Mesa_4,CORRUPTO_PLANTILLA_B
E14,PRE,01,037,000_00_00_005_5115_Mesa_5,CORRUPTO_PLANTILLA_B
E14,PRE,01,037,000_00_00_006_5115_Mesa_6,CORRUPTO_PLANTILLA_B
E14,PRE,01,037,000_00_00_007_5115_Mesa_7,CORRUPTO_PLANTILLA_B
E14,PRE,01,037,000_00_00_008_5115_Mesa_8,CORRUPTO_PLANTILLA_B
E14,PRE,01,037,000_00_00_009_5115_Mesa_9,CORRUPTO_PLANTILLA_B
E14,PRE,01,037,000_00_00_010_5115_Mesa_10,CORRUPTO_PLANTILLA_B
E14,PRE,01,037,000_00_00_011_5115_Mesa_11,CORRUPTO_PLANTILLA_B
E14,PRE,01,037,000_00_00_012_5115_Mesa_12,CORRUPTO_PLANTILLA_B
E14,PRE,01,037,000_00_00_013_5115_Mesa_13,CORRUPTO_PLANTILLA_B
E14,PRE,01,037,000_00_00_014_5115_Mesa_14,CORRUPTO_PLANTILLA_B
E14,PRE,01,037,000_00_00_015_5115_Mesa_15,CORRUPTO_PLANTILLA_B
E14,PRE,01,037,000_00_00_016_5115_Mesa_16,CORRUPTO_PLANTILLA_B
E14,PRE,01,037,000_00_00_017_5115_Mesa_17,CORRUPTO_PLANTILLA_B
E14,PRE,01,037,000_00_00_018_5115_Mesa_18,CORRUPTO_PLANTILLA_B
E14,PRE,01,037,000_00_00_019_5115_Mesa_19,CORRUPTO_PLANTILLA_B
E14,PRE,01,037,000_00_00_020_5115_Mesa_20,CORRUPTO_PLANTILLA_B
E14,PRE,01,037,000_00_00_021_5115_Mesa_21,CORRUPTO_PLANTILLA_B
E14,PRE,01,037,000_00_00_022_5115_Mesa_22,CORRUPTO_PLANTILLA_B
E14,PRE,01,037,000_00_00_023_5115_Mesa_23,CORRUPTO_PLANTILLA_B
E14,PRE,01,037,000_00_00_024_5115_Mesa_24,CORRUPTO_PLANTILLA_B
E14,PRE,01,037,000_00_00_025_5115_Mesa_25,CORRUPTO_PLANTILLA_B
E14,PRE,01,037,000_00_00_026_5115_Mesa_26,CORRUPTO_PLANTILLA_B
E14,PRE,01,037,000_00_00_027_5115_Mesa_27,CORRUPTO_PLANTILLA_B
E14,PRE,01,037,000_00_00_028_5115_Mesa_28,CORRUPTO_PLANTILLA_B
E14,PRE,01,037,000_00_00_029_5115_Mesa_29,CORRUPTO_PLANTILLA_B
E14,PRE,01,037,000_00_00_030_5115_Mesa_30,CORRUPTO_PLANTILLA_B
E14,PRE,01,037,000_00_00_031_5115_Mesa_31,CORRUPTO_PLANTILLA_B
E14,PRE,01,037,000_00_00_032_5115_Mesa_32,CORRUPTO_PLANTILLA_B
E14,PRE,01,037,000_00_00_033_5115_Mesa_33,CORRUPTO_PLANTILLA_B
E14,PRE,01,037,000_00_00_034_5115_Mesa_34,CORRUPTO_PLANTILLA_B
E14,PRE,01,037,000_00_00_035_5115_Mesa_35,CORRUPTO_PLANTILLA_B
E14,PRE,01,037,000_00_00_036_5115_Mesa_36,CORRUPTO_PLANTILLA_B
E14,PRE,01,037,000_00_00_037_5115_Mesa_37,CORRUPTO_PLANTILLA_B
E14,PRE,01,037,000_00_00_038_5115_Mesa_38,CORRUPTO_PLANTILLA_B
E14,PRE,01,037,099_00_80_001_5116_Mesa_1,CORRUPTO_PLANTILLA_B
E14,PRE,01,037,099_00_80_002_5116_Mesa_2,CORRUPTO_PLANTILLA_B
E14,PRE,01,037,099_00_80_003_5116_Mesa_3,CORRUPTO_PLANTILLA_B
E14,PRE,01,037,099_01_03_001_5116_Mesa_1,CORRUPTO_PLANTILLA_B
E14,PRE,01,037,099_01_03_002_5116_Mesa_2,CORRUPTO_PLANTILLA_B
E14,PRE,01,037,099_01_03_003_5116_Mesa_3,CORRUPTO_PLANTILLA_B
E14,PRE,01,037,099_01_03_004_5116_Mesa_4,CORRUPTO_PLANTILLA_B
E14,PRE,01,037,099_02_05_001_5116_Mesa_1,CORRUPTO_PLANTILLA_B
E14,PRE,01,037,099_02_05_002_5116_Mesa_2,CORRUPTO_PLANTILLA_B
E14,PRE,01,037,099_02_05_003_5116_Mesa_3,CORRUPTO_PLANTILLA_B
E14,PRE,01,037,099_02_05_004_5116_Mesa_4,CORRUPTO_PLANTILLA_B
E14,PRE,01,037,099_03_06_001_5116_Mesa_1,CORRUPTO_PLANTILLA_B
E14,PRE,01,037,099_03_06_002_5116_Mesa_2,CORRUPTO_PLANTILLA_B
E14,PRE,01,037,099_03_06_003_5116_Mesa_3,CORRUPTO_PLANTILLA_B
E14,PRE,01,037,099_03_06_004_5116_Mesa_4,CORRUPTO_PLANTILLA_B
E14,PRE,01,037,099_04_08_001_5116_Mesa_1,CORRUPTO_PLANTILLA_B
E14,PRE,01,037,099_04_08_002_5116_Mesa_2,CORRUPTO_PLANTILLA_B
E14,PRE,01,037,099_04_08_003_5116_Mesa_3,CORRUPTO_PLANTILLA_B
E14,PRE,01,037,099_05_12_001_5116_Mesa_1,CORRUPTO_PLANTILLA_B
E14,PRE,01,037,099_05_12_002_5116_Mesa_2,CORRUPTO_PLANTILLA_B
E14,PRE,01,037,099_05_12_003_5116_Mesa_3,CORRUPTO_PLANTILLA_B
E14,PRE,01,037,099_05_12_004_5116_Mesa_4,CORRUPTO_PLANTILLA_B
E14,PRE,01,037,099_05_12_005_5116_Mesa_5,CORRUPTO_PLANTILLA_B
E14,PRE,01,037,099_06_20_001_5116_Mesa_1,CORRUPTO_PLANTILLA_B
E14,PRE,01,037,099_06_20_002_5116_Mesa_2,CORRUPTO_PLANTILLA_B
E14,PRE,01,037,099_06_20_003_5116_Mesa_3,CORRUPTO_PLANTILLA_B
E14,PRE,01,037,099_06_20_004_5116_Mesa_4,CORRUPTO_PLANTILLA_B
E14,PRE,01,037,099_06_20_005_5116_Mesa_5,CORRUPTO_PLANTILLA_B
E14,PRE,01,037,099_07_75_001_5116_Mesa_1,CORRUPTO_PLANTILLA_B
E14,PRE,01,037,099_07_75_002_5116_Mesa_2,CORRUPTO_PLANTILLA_B
E14,PRE,01,037,099_07_75_003_5116_Mesa_3,CORRUPTO_PLANTILLA_B
E14,PRE,01,037,099_07_75_004_5116_Mesa_4,CORRUPTO_PLANTILLA_B
E14,PRE,01,037,099_07_75_005_5116_Mesa_5,CORRUPTO_PLANTILLA_B
E14,PRE,01,037,099_07_75_006_5116_Mesa_6,CORRUPTO_PLANTILLA_B
E14,PRE,01,039,000_00_00_001_2015_Mesa_1,CORRUPTO_PLANTILLA_B
E14,PRE,01,039,000_00_00_002_2015_Mesa_2,CORRUPTO_PLANTILLA_B
E14,PRE,01,039,000_00_00_003_2015_Mesa_3,CORRUPTO_PLANTILLA_B
E14,PRE,01,039,000_00_00_004_2015_Mesa_4,CORRUPTO_PLANTILLA_B
E14,PRE,01,039,000_00_00_005_2015_Mesa_5,CORRUPTO_PLANTILLA_B
E14,PRE,01,039,000_00_00_006_2015_Mesa_6,CORRUPTO_PLANTILLA_B
E14,PRE,01,039,000_00_00_007_2015_Mesa_7,CORRUPTO_PLANTILLA_B
E14,PRE,01,039,000_00_00_008_2015_Mesa_8,CORRUPTO_PLANTILLA_B
E14,PRE,01,039,000_00_00_009_2015_Mesa_9,CORRUPTO_PLANTILLA_B
E14,PRE,01,039,000_00_00_010_2015_Mesa_10,CORRUPTO_PLANTILLA_B
E14,PRE,01,039,000_00_00_011_2015_Mesa_11,CORRUPTO_PLANTILLA_B
E14,PRE,01,039,000_00_00_012_2015_Mesa_12,CORRUPTO_PLANTILLA_B
E14,PRE,01,039,000_00_00_013_2015_Mesa_13,CORRUPTO_PLANTILLA_B
E14,PRE,01,039,000_00_00_014_2015_Mesa_14,CORRUPTO_PLANTILLA_B
E14,PRE,01,039,000_00_00_015_2015_Mesa_15,CORRUPTO_PLANTILLA_B
E14,PRE,01,039,000_00_00_016_2015_Mesa_16,CORRUPTO_PLANTILLA_B
E14,PRE,01,039,000_00_00_017_2015_Mesa_17,CORRUPTO_PLANTILLA_B
E14,PRE,01,039,099_00_04_001_2015_Mesa_1,CORRUPTO_PLANTILLA_B
E14,PRE,01,039,099_00_07_001_2015_Mesa_1,CORRUPTO_PLANTILLA_B
E14,PRE,01,039,099_00_10_001_2015_Mesa_1,CORRUPTO_PLANTILLA_B
E14,PRE,01,039,099_00_20_001_2015_Mesa_1,CORRUPTO_PLANTILLA_B
E14,PRE,01,039,099_00_25_001_2015_Mesa_1,CORRUPTO_PLANTILLA_B
E14,PRE,01,039,099_00_80_001_2015_Mesa_1,CORRUPTO_PLANTILLA_B
E14,PRE,01,040,000_00_00_001_2016_Mesa_1,CORRUPTO_PLANTILLA_B
E14,PRE,01,040,000_00_00_002_2016_Mesa_2,CORRUPTO_PLANTILLA_B
E14,PRE,01,040,000_00_00_003_2016_Mesa_3,CORRUPTO_PLANTILLA_B
E14,PRE,01,040,000_00_00_004_2016_Mesa_4,CORRUPTO_PLANTILLA_B
E14,PRE,01,040,000_00_00_005_2016_Mesa_5,CORRUPTO_PLANTILLA_B
E14,PRE,01,040,000_00_00_006_2016_Mesa_6,CORRUPTO_PLANTILLA_B
E14,PRE,01,040,000_00_00_007_2016_Mesa_7,CORRUPTO_PLANTILLA_B
E14,PRE,01,040,000_00_00_008_2016_Mesa_8,CORRUPTO_PLANTILLA_B
E14,PRE,01,040,000_00_00_009_2016_Mesa_9,CORRUPTO_PLANTILLA_B
E14,PRE,01,040,000_00_00_010_2016_Mesa_10,CORRUPTO_PLANTILLA_B
E14,PRE,01,040,000_00_00_011_2016_Mesa_11,CORRUPTO_PLANTILLA_B
E14,PRE,01,040,000_00_00_012_2016_Mesa_12,CORRUPTO_PLANTILLA_B
E14,PRE,01,040,099_00_01_001_2016_Mesa_1,CORRUPTO_PLANTILLA_B
E14,PRE,01,040,099_00_01_002_2016_Mesa_2,CORRUPTO_PLANTILLA_B
E14,PRE,01,043,001_00_01_001_5119_Mesa_1,CORRUPTO_PLANTILLA_B
E14,PRE,01,043,001_00_01_002_5119_Mesa_2,CORRUPTO_PLANTILLA_B
E14,PRE,01,043,001_00_01_003_5119_Mesa_3,CORRUPTO_PLANTILLA_B
E14,PRE,01,043,001_00_01_004_5119_Mesa_4,CORRUPTO_PLANTILLA_B
E14,PRE,01,043,001_00_01_005_5119_Mesa_5,CORRUPTO_PLANTILLA_B
E14,PRE,01,043,001_00_01_006_5119_Mesa_6,CORRUPTO_PLANTILLA_B
E14,PRE,01,043,001_00_01_007_5119_Mesa_7,CORRUPTO_PLANTILLA_B
E14,PRE,01,043,001_00_01_008_5119_Mesa_8,CORRUPTO_PLANTILLA_B
E14,PRE,01,043,001_00_01_009_5119_Mesa_9,CORRUPTO_PLANTILLA_B
E14,PRE,01,043,001_00_01_010_5119_Mesa_10,CORRUPTO_PLANTILLA_B
E14,PRE,01,043,001_00_01_011_5119_Mesa_11,CORRUPTO_PLANTILLA_B
E14,PRE,01,043,001_00_01_012_5119_Mesa_12,CORRUPTO_PLANTILLA_B
E14,PRE,01,043,001_00_01_013_5119_Mesa_13,CORRUPTO_PLANTILLA_B
E14,PRE,01,043,001_00_01_014_5119_Mesa_14,CORRUPTO_PLANTILLA_B
E14,PRE,01,043,001_00_01_015_5119_Mesa_15,CORRUPTO_PLANTILLA_B
E14,PRE,01,043,001_00_01_016_5119_Mesa_16,CORRUPTO_PLANTILLA_B
E14,PRE,01,043,001_00_01_017_5119_Mesa_17,CORRUPTO_PLANTILLA_B
E14,PRE,01,043,001_00_01_018_5119_Mesa_18,CORRUPTO_PLANTILLA_B
E14,PRE,01,043,001_00_02_001_5118_Mesa_1,CORRUPTO_PLANTILLA_B
E14,PRE,01,043,001_00_02_002_5118_Mesa_2,CORRUPTO_PLANTILLA_B
E14,PRE,01,043,001_00_02_003_5118_Mesa_3,CORRUPTO_PLANTILLA_B
E14,PRE,01,043,001_00_02_004_5118_Mesa_4,CORRUPTO_PLANTILLA_B
E14,PRE,01,043,001_00_02_005_5118_Mesa_5,CORRUPTO_PLANTILLA_B
E14,PRE,01,043,001_00_02_006_5118_Mesa_6,CORRUPTO_PLANTILLA_B
E14,PRE,01,043,001_00_02_007_5118_Mesa_7,CORRUPTO_PLANTILLA_B
E14,PRE,01,043,001_00_02_008_5118_Mesa_8,CORRUPTO_PLANTILLA_B
E14,PRE,01,043,001_00_02_009_5118_Mesa_9,CORRUPTO_PLANTILLA_B
E14,PRE,01,043,001_00_02_010_5118_Mesa_10,CORRUPTO_PLANTILLA_B
E14,PRE,01,043,001_00_02_011_5118_Mesa_11,CORRUPTO_PLANTILLA_B
E14,PRE,01,043,001_00_02_012_5118_Mesa_12,CORRUPTO_PLANTILLA_B
E14,PRE,01,043,001_00_02_013_5118_Mesa_13,CORRUPTO_PLANTILLA_B
E14,PRE,01,043,001_00_02_014_5118_Mesa_14,CORRUPTO_PLANTILLA_B
E14,PRE,01,043,001_00_02_015_5118_Mesa_15,CORRUPTO_PLANTILLA_B
E14,PRE,01,043,001_00_02_016_5118_Mesa_16,CORRUPTO_PLANTILLA_B
E14,PRE,01,043,001_00_02_017_5118_Mesa_17,CORRUPTO_PLANTILLA_B
E14,PRE,01,043,001_00_02_018_5118_Mesa_18,CORRUPTO_PLANTILLA_B
E14,PRE,01,043,001_00_02_019_5118_Mesa_19,CORRUPTO_PLANTILLA_B
E14,PRE,01,043,001_00_02_020_5118_Mesa_20,CORRUPTO_PLANTILLA_B
E14,PRE,01,043,001_00_02_021_5118_Mesa_21,CORRUPTO_PLANTILLA_B
E14,PRE,01,043,001_00_02_022_5118_Mesa_22,CORRUPTO_PLANTILLA_B
E14,PRE,01,043,001_00_02_023_5118_Mesa_23,CORRUPTO_PLANTILLA_B
E14,PRE,01,043,001_00_02_024_5118_Mesa_24,CORRUPTO_PLANTILLA_B
E14,PRE,01,043,001_00_03_001_5117_Mesa_1,CORRUPTO_PLANTILLA_B
E14,PRE,01,043,001_00_03_002_5117_Mesa_2,CORRUPTO_PLANTILLA_B
E14,PRE,01,043,001_00_03_003_5117_Mesa_3,CORRUPTO_PLANTILLA_B
E14,PRE,01,043,001_00_03_004_5117_Mesa_4,CORRUPTO_PLANTILLA_B
E14,PRE,01,043,001_00_03_005_5117_Mesa_5,CORRUPTO_PLANTILLA_B
E14,PRE,01,043,001_00_03_006_5117_Mesa_6,CORRUPTO_PLANTILLA_B
E14,PRE,01,043,001_00_03_007_5117_Mesa_7,CORRUPTO_PLANTILLA_B
E14,PRE,01,043,001_00_03_008_5117_Mesa_8,CORRUPTO_PLANTILLA_B
E14,PRE,01,043,001_00_03_009_5117_Mesa_9,CORRUPTO_PLANTILLA_B
E14,PRE,01,043,001_00_03_010_5117_Mesa_10,CORRUPTO_PLANTILLA_B
E14,PRE,01,043,001_00_03_011_5117_Mesa_11,CORRUPTO_PLANTILLA_B
E14,PRE,01,043,001_00_03_012_5117_Mesa_12,CORRUPTO_PLANTILLA_B
E14,PRE,01,043,001_00_03_013_5117_Mesa_13,CORRUPTO_PLANTILLA_B
E14,PRE,01,043,001_00_03_014_5117_Mesa_14,CORRUPTO_PLANTILLA_B
E14,PRE,01,043,001_00_03_015_5117_Mesa_15,CORRUPTO_PLANTILLA_B
E14,PRE,01,043,001_00_03_016_5117_Mesa_16,CORRUPTO_PLANTILLA_B
E14,PRE,01,043,001_00_03_017_5117_Mesa_17,CORRUPTO_PLANTILLA_B
E14,PRE,01,043,001_00_03_018_5117_Mesa_18,CORRUPTO_PLANTILLA_B
E14,PRE,01,043,001_00_03_019_5117_Mesa_19,CORRUPTO_PLANTILLA_B
E14,PRE,01,043,001_00_03_020_5117_Mesa_20,CORRUPTO_PLANTILLA_B
E14,PRE,01,043,001_00_03_021_5117_Mesa_21,CORRUPTO_PLANTILLA_B
E14,PRE,01,043,001_00_03_022_5117_Mesa_22,CORRUPTO_PLANTILLA_B
E14,PRE,01,043,001_00_03_023_5117_Mesa_23,CORRUPTO_PLANTILLA_B
E14,PRE,01,043,002_00_01_001_5117_Mesa_1,CORRUPTO_PLANTILLA_B
E14,PRE,01,043,002_00_01_002_5117_Mesa_2,CORRUPTO_PLANTILLA_B
E14,PRE,01,043,002_00_01_003_5117_Mesa_3,CORRUPTO_PLANTILLA_B
E14,PRE,01,043,002_00_01_004_5117_Mesa_4,CORRUPTO_PLANTILLA_B
E14,PRE,01,043,002_00_01_005_5117_Mesa_5,CORRUPTO_PLANTILLA_B
E14,PRE,01,043,002_00_01_006_5117_Mesa_6,CORRUPTO_PLANTILLA_B
E14,PRE,01,043,002_00_01_007_5117_Mesa_7,CORRUPTO_PLANTILLA_B
E14,PRE,01,043,002_00_02_001_5118_Mesa_1,CORRUPTO_PLANTILLA_B
E14,PRE,01,043,002_00_02_002_5118_Mesa_2,CORRUPTO_PLANTILLA_B
E14,PRE,01,043,002_00_02_003_5118_Mesa_3,CORRUPTO_PLANTILLA_B
E14,PRE,01,043,002_00_02_004_5118_Mesa_4,CORRUPTO_PLANTILLA_B
E14,PRE,01,043,002_00_02_005_5118_Mesa_5,CORRUPTO_PLANTILLA_B
E14,PRE,01,043,002_00_02_006_5118_Mesa_6,CORRUPTO_PLANTILLA_B
E14,PRE,01,043,002_00_02_007_5118_Mesa_7,CORRUPTO_PLANTILLA_B
E14,PRE,01,043,002_00_02_008_5118_Mesa_8,CORRUPTO_PLANTILLA_B
E14,PRE,01,043,002_00_03_001_5118_Mesa_1,CORRUPTO_PLANTILLA_B
E14,PRE,01,043,002_00_03_002_5118_Mesa_2,CORRUPTO_PLANTILLA_B
E14,PRE,01,043,002_00_03_003_5118_Mesa_3,CORRUPTO_PLANTILLA_B
E14,PRE,01,043,002_00_03_004_5118_Mesa_4,CORRUPTO_PLANTILLA_B
E14,PRE,01,043,002_00_03_005_5118_Mesa_5,CORRUPTO_PLANTILLA_B
E14,PRE,01,043,002_00_03_006_5118_Mesa_6,CORRUPTO_PLANTILLA_B
E14,PRE,01,043,002_00_03_007_5118_Mesa_7,CORRUPTO_PLANTILLA_B
E14,PRE,01,043,002_00_04_001_5119_Mesa_1,CORRUPTO_PLANTILLA_B
E14,PRE,01,043,002_00_04_002_5119_Mesa_2,CORRUPTO_PLANTILLA_B
E14,PRE,01,043,002_00_04_003_5119_Mesa_3,CORRUPTO_PLANTILLA_B
E14,PRE,01,043,002_00_04_004_5119_Mesa_4,CORRUPTO_PLANTILLA_B
E14,PRE,01,043,002_00_04_005_5119_Mesa_5,CORRUPTO_PLANTILLA_B
E14,PRE,01,043,002_00_04_006_5119_Mesa_6,CORRUPTO_PLANTILLA_B
E14,PRE,01,043,002_00_04_007_5119_Mesa_7,CORRUPTO_PLANTILLA_B
E14,PRE,01,043,002_00_04_008_5119_Mesa_8,CORRUPTO_PLANTILLA_B
E14,PRE,01,043,002_00_04_009_5119_Mesa_9,CORRUPTO_PLANTILLA_B
E14,PRE,01,043,002_00_04_010_5119_Mesa_10,CORRUPTO_PLANTILLA_B
E14,PRE,01,043,002_00_04_011_5119_Mesa_11,CORRUPTO_PLANTILLA_B
E14,PRE,01,043,002_00_04_012_5119_Mesa_12,CORRUPTO_PLANTILLA_B
E14,PRE,01,043,002_00_04_013_5119_Mesa_13,CORRUPTO_PLANTILLA_B
E14,PRE,01,043,002_00_04_014_5119_Mesa_14,CORRUPTO_PLANTILLA_B
E14,PRE,01,043,002_00_04_015_5119_Mesa_15,CORRUPTO_PLANTILLA_B
E14,PRE,01,043,002_00_04_016_5119_Mesa_16,CORRUPTO_PLANTILLA_B
E14,PRE,01,043,002_00_04_017_5119_Mesa_17,CORRUPTO_PLANTILLA_B
E14,PRE,01,043,002_00_04_018_5119_Mesa_18,CORRUPTO_PLANTILLA_B
E14,PRE,01,043,002_00_04_019_5119_Mesa_19,CORRUPTO_PLANTILLA_B
E14,PRE,01,043,002_00_04_020_5119_Mesa_20,CORRUPTO_PLANTILLA_B
E14,PRE,01,043,002_00_04_021_5119_Mesa_21,CORRUPTO_PLANTILLA_B
E14,PRE,01,043,002_00_04_022_5119_Mesa_22,CORRUPTO_PLANTILLA_B
E14,PRE,01,043,002_00_04_023_5119_Mesa_23,CORRUPTO_PLANTILLA_B
E14,PRE,01,043,002_00_04_024_5119_Mesa_24,CORRUPTO_PLANTILLA_B
E14,PRE,01,043,002_00_04_025_5119_Mesa_25,CORRUPTO_PLANTILLA_B
E14,PRE,01,043,002_00_04_026_5119_Mesa_26,CORRUPTO_PLANTILLA_B
E14,PRE,01,043,002_00_04_027_5119_Mesa_27,CORRUPTO_PLANTILLA_B
E14,PRE,01,043,002_00_05_001_5118_Mesa_1,CORRUPTO_PLANTILLA_B
E14,PRE,01,043,002_00_05_002_5118_Mesa_2,CORRUPTO_PLANTILLA_B
E14,PRE,01,043,002_00_05_003_5118_Mesa_3,CORRUPTO_PLANTILLA_B
E14,PRE,01,043,002_00_05_004_5118_Mesa_4,CORRUPTO_PLANTILLA_B
E14,PRE,01,043,002_00_05_005_5118_Mesa_5,CORRUPTO_PLANTILLA_B
E14,PRE,01,043,002_00_05_006_5118_Mesa_6,CORRUPTO_PLANTILLA_B
E14,PRE,01,043,098_00_01_001_5119_Mesa_1,CORRUPTO_PLANTILLA_B
E14,PRE,01,043,099_01_01_001_5117_Mesa_1,CORRUPTO_PLANTILLA_B
E14,PRE,01,043,099_01_01_002_5117_Mesa_2,CORRUPTO_PLANTILLA_B
E14,PRE,01,043,099_01_01_003_5117_Mesa_3,CORRUPTO_PLANTILLA_B
E14,PRE,01,043,099_01_01_004_5117_Mesa_4,CORRUPTO_PLANTILLA_B
E14,PRE,01,043,099_01_01_005_5117_Mesa_5,CORRUPTO_PLANTILLA_B
E14,PRE,01,043,099_01_01_006_5117_Mesa_6,CORRUPTO_PLANTILLA_B
E14,PRE,01,043,099_01_01_007_5117_Mesa_7,CORRUPTO_PLANTILLA_B
E14,PRE,01,043,099_01_01_008_5117_Mesa_8,CORRUPTO_PLANTILLA_B
E14,PRE,01,043,099_01_01_009_5117_Mesa_9,CORRUPTO_PLANTILLA_B
E14,PRE,01,043,099_01_01_010_5117_Mesa_10,CORRUPTO_PLANTILLA_B
E14,PRE,01,043,099_01_01_011_5117_Mesa_11,CORRUPTO_PLANTILLA_B
E14,PRE,01,043,099_01_01_012_5117_Mesa_12,CORRUPTO_PLANTILLA_B
E14,PRE,01,043,099_01_01_013_5117_Mesa_13,CORRUPTO_PLANTILLA_B
E14,PRE,01,043,099_01_01_014_5117_Mesa_14,CORRUPTO_PLANTILLA_B
E14,PRE,01,043,099_01_01_015_5117_Mesa_15,CORRUPTO_PLANTILLA_B
E14,PRE,01,043,099_01_01_016_5117_Mesa_16,CORRUPTO_PLANTILLA_B
E14,PRE,01,043,099_01_01_017_5117_Mesa_17,CORRUPTO_PLANTILLA_B
E14,PRE,01,046,000_00_00_001_2018_Mesa_1,CORRUPTO_PLANTILLA_B
E14,PRE,01,046,000_00_00_002_2018_Mesa_2,CORRUPTO_PLANTILLA_B
E14,PRE,01,046,000_00_00_003_2018_Mesa_3,CORRUPTO_PLANTILLA_B
E14,PRE,01,046,000_00_00_004_2018_Mesa_4,CORRUPTO_PLANTILLA_B
E14,PRE,01,046,000_00_00_005_2018_Mesa_5,CORRUPTO_PLANTILLA_B
E14,PRE,01,046,000_00_00_006_2018_Mesa_6,CORRUPTO_PLANTILLA_B
E14,PRE,01,046,000_00_00_007_2018_Mesa_7,CORRUPTO_PLANTILLA_B
E14,PRE,01,046,000_00_00_008_2018_Mesa_8,CORRUPTO_PLANTILLA_B
E14,PRE,01,046,000_00_00_009_2018_Mesa_9,CORRUPTO_PLANTILLA_B
E14,PRE,01,046,000_00_00_010_2018_Mesa_10,CORRUPTO_PLANTILLA_B
E14,PRE,01,046,099_00_01_001_2018_Mesa_1,CORRUPTO_PLANTILLA_B
E14,PRE,01,046,099_00_01_002_2018_Mesa_2,CORRUPTO_PLANTILLA_B
E14,PRE,01,046,099_00_03_001_2018_Mesa_1,CORRUPTO_PLANTILLA_B
E14,PRE,01,046,099_00_03_002_2018_Mesa_2,CORRUPTO_PLANTILLA_B
E14,PRE,01,046,099_00_03_003_2018_Mesa_3,CORRUPTO_PLANTILLA_B
E14,PRE,01,046,099_00_03_004_2018_Mesa_4,CORRUPTO_PLANTILLA_B
E14,PRE,01,046,099_00_04_001_2018_Mesa_1,CORRUPTO_PLANTILLA_B
E14,PRE,01,046,099_00_04_002_2018_Mesa_2,CORRUPTO_PLANTILLA_B
E14,PRE,01,046,099_00_05_001_2018_Mesa_1,CORRUPTO_PLANTILLA_B
E14,PRE,01,049,001_01_01_001_5120_Mesa_1,CORRUPTO_PLANTILLA_B
E14,PRE,01,049,001_01_01_002_5120_Mesa_2,CORRUPTO_PLANTILLA_B
E14,PRE,01,049,001_01_01_003_5120_Mesa_3,CORRUPTO_PLANTILLA_B
E14,PRE,01,049,001_01_01_004_5120_Mesa_4,CORRUPTO_PLANTILLA_B
E14,PRE,01,049,001_01_01_005_5120_Mesa_5,CORRUPTO_PLANTILLA_B
E14,PRE,01,049,001_01_01_006_5120_Mesa_6,CORRUPTO_PLANTILLA_B
E14,PRE,01,049,001_01_01_007_5120_Mesa_7,CORRUPTO_PLANTILLA_B
E14,PRE,01,049,001_01_01_008_5120_Mesa_8,CORRUPTO_PLANTILLA_B
E14,PRE,01,049,001_01_01_009_5120_Mesa_9,CORRUPTO_PLANTILLA_B
E14,PRE,01,049,001_01_01_010_5120_Mesa_10,CORRUPTO_PLANTILLA_B
E14,PRE,01,049,001_01_01_011_5120_Mesa_11,CORRUPTO_PLANTILLA_B
E14,PRE,01,049,001_01_01_012_5120_Mesa_12,CORRUPTO_PLANTILLA_B
E14,PRE,01,049,001_01_01_013_5120_Mesa_13,CORRUPTO_PLANTILLA_B
E14,PRE,01,049,001_01_01_014_5120_Mesa_14,CORRUPTO_PLANTILLA_B
E14,PRE,01,049,001_01_01_015_5120_Mesa_15,CORRUPTO_PLANTILLA_B
E14,PRE,01,049,001_01_01_016_5120_Mesa_16,CORRUPTO_PLANTILLA_B
E14,PRE,01,049,001_01_02_001_5120_Mesa_1,CORRUPTO_PLANTILLA_B
E14,PRE,01,049,001_01_02_002_5120_Mesa_2,CORRUPTO_PLANTILLA_B
E14,PRE,01,049,001_01_02_003_5120_Mesa_3,CORRUPTO_PLANTILLA_B
E14,PRE,01,049,001_01_02_004_5120_Mesa_4,CORRUPTO_PLANTILLA_B
E14,PRE,01,049,001_01_02_005_5120_Mesa_5,CORRUPTO_PLANTILLA_B
E14,PRE,01,049,001_01_02_006_5120_Mesa_6,CORRUPTO_PLANTILLA_B
E14,PRE,01,049,001_01_02_007_5120_Mesa_7,CORRUPTO_PLANTILLA_B
E14,PRE,01,049,001_01_02_008_5120_Mesa_8,CORRUPTO_PLANTILLA_B
E14,PRE,01,049,001_01_02_009_5120_Mesa_9,CORRUPTO_PLANTILLA_B
E14,PRE,01,049,001_01_02_010_5120_Mesa_10,CORRUPTO_PLANTILLA_B
E14,PRE,01,049,001_01_02_011_5120_Mesa_11,CORRUPTO_PLANTILLA_B
E14,PRE,01,049,001_01_02_012_5120_Mesa_12,CORRUPTO_PLANTILLA_B
E14,PRE,01,049,001_01_02_013_5120_Mesa_13,CORRUPTO_PLANTILLA_B
E14,PRE,01,049,001_01_02_014_5120_Mesa_14,CORRUPTO_PLANTILLA_B
E14,PRE,01,049,001_01_02_015_5120_Mesa_15,CORRUPTO_PLANTILLA_B
E14,PRE,01,049,001_01_02_016_5120_Mesa_16,CORRUPTO_PLANTILLA_B
E14,PRE,01,049,001_01_02_017_5120_Mesa_17,CORRUPTO_PLANTILLA_B
E14,PRE,01,049,001_01_02_018_5120_Mesa_18,CORRUPTO_PLANTILLA_B
E14,PRE,01,049,001_01_02_019_5120_Mesa_19,CORRUPTO_PLANTILLA_B
E14,PRE,01,049,001_01_02_020_5120_Mesa_20,CORRUPTO_PLANTILLA_B
E14,PRE,01,049,001_01_02_021_5120_Mesa_21,CORRUPTO_PLANTILLA_B
E14,PRE,01,049,001_01_03_001_5120_Mesa_1,CORRUPTO_PLANTILLA_B
E14,PRE,01,049,001_01_03_002_5120_Mesa_2,CORRUPTO_PLANTILLA_B
E14,PRE,01,049,001_01_03_003_5120_Mesa_3,CORRUPTO_PLANTILLA_B
E14,PRE,01,049,001_01_03_004_5120_Mesa_4,CORRUPTO_PLANTILLA_B
E14,PRE,01,049,001_01_03_005_5120_Mesa_5,CORRUPTO_PLANTILLA_B
E14,PRE,01,049,001_01_03_006_5120_Mesa_6,CORRUPTO_PLANTILLA_B
E14,PRE,01,049,001_01_03_007_5120_Mesa_7,CORRUPTO_PLANTILLA_B
E14,PRE,01,049,001_01_03_008_5120_Mesa_8,CORRUPTO_PLANTILLA_B
E14,PRE,01,049,001_01_03_009_5120_Mesa_9,CORRUPTO_PLANTILLA_B
E14,PRE,01,049,001_01_04_001_5120_Mesa_1,CORRUPTO_PLANTILLA_B
E14,PRE,01,049,001_01_04_002_5120_Mesa_2,CORRUPTO_PLANTILLA_B
E14,PRE,01,049,001_01_04_003_5120_Mesa_3,CORRUPTO_PLANTILLA_B
E14,PRE,01,049,001_01_04_004_5120_Mesa_4,CORRUPTO_PLANTILLA_B
E14,PRE,01,049,001_01_04_005_5120_Mesa_5,CORRUPTO_PLANTILLA_B
E14,PRE,01,049,001_01_04_006_5120_Mesa_6,CORRUPTO_PLANTILLA_B
E14,PRE,01,049,001_01_04_007_5120_Mesa_7,CORRUPTO_PLANTILLA_B
E14,PRE,01,049,001_01_04_008_5120_Mesa_8,CORRUPTO_PLANTILLA_B
E14,PRE,01,049,001_01_04_009_5120_Mesa_9,CORRUPTO_PLANTILLA_B
E14,PRE,01,049,001_01_04_010_5120_Mesa_10,CORRUPTO_PLANTILLA_B
E14,PRE,01,049,001_01_04_011_5120_Mesa_11,CORRUPTO_PLANTILLA_B
E14,PRE,01,049,001_01_04_012_5120_Mesa_12,CORRUPTO_PLANTILLA_B
E14,PRE,01,049,001_01_04_013_5120_Mesa_13,CORRUPTO_PLANTILLA_B
E14,PRE,01,049,001_01_05_001_5120_Mesa_1,CORRUPTO_PLANTILLA_B
E14,PRE,01,049,001_01_05_002_5120_Mesa_2,CORRUPTO_PLANTILLA_B
E14,PRE,01,049,001_01_06_001_5121_Mesa_1,CORRUPTO_PLANTILLA_B
E14,PRE,01,049,001_01_06_002_5121_Mesa_2,CORRUPTO_PLANTILLA_B
E14,PRE,01,049,001_01_06_003_5121_Mesa_3,CORRUPTO_PLANTILLA_B
E14,PRE,01,049,001_01_06_004_5121_Mesa_4,CORRUPTO_PLANTILLA_B
E14,PRE,01,049,001_01_06_005_5121_Mesa_5,CORRUPTO_PLANTILLA_B
E14,PRE,01,049,001_01_06_006_5121_Mesa_6,CORRUPTO_PLANTILLA_B
E14,PRE,01,049,001_01_06_007_5121_Mesa_7,CORRUPTO_PLANTILLA_B
E14,PRE,01,049,001_01_06_008_5121_Mesa_8,CORRUPTO_PLANTILLA_B
E14,PRE,01,049,001_01_06_009_5121_Mesa_9,CORRUPTO_PLANTILLA_B
E14,PRE,01,049,001_01_06_010_5121_Mesa_10,CORRUPTO_PLANTILLA_B
E14,PRE,01,049,001_01_06_011_5121_Mesa_11,CORRUPTO_PLANTILLA_B
E14,PRE,01,049,001_01_06_012_5121_Mesa_12,CORRUPTO_PLANTILLA_B
E14,PRE,01,049,001_01_06_013_5121_Mesa_13,CORRUPTO_PLANTILLA_B
E14,PRE,01,049,001_01_06_014_5121_Mesa_14,CORRUPTO_PLANTILLA_B
E14,PRE,01,049,001_01_06_015_5121_Mesa_15,CORRUPTO_PLANTILLA_B
E14,PRE,01,049,001_01_06_016_5121_Mesa_16,CORRUPTO_PLANTILLA_B
E14,PRE,01,049,001_01_06_017_5121_Mesa_17,CORRUPTO_PLANTILLA_B
E14,PRE,01,049,001_01_06_018_5121_Mesa_18,CORRUPTO_PLANTILLA_B
E14,PRE,01,049,001_01_06_019_5121_Mesa_19,CORRUPTO_PLANTILLA_B
E14,PRE,01,049,001_01_06_020_5121_Mesa_20,CORRUPTO_PLANTILLA_B
E14,PRE,01,049,001_01_06_021_5121_Mesa_21,CORRUPTO_PLANTILLA_B
E14,PRE,01,049,001_01_06_022_5121_Mesa_22,CORRUPTO_PLANTILLA_B
E14,PRE,01,049,001_01_06_023_5121_Mesa_23,CORRUPTO_PLANTILLA_B
E14,PRE,01,049,001_01_06_024_5121_Mesa_24,CORRUPTO_PLANTILLA_B
E14,PRE,01,049,001_01_06_025_5121_Mesa_25,CORRUPTO_PLANTILLA_B
E14,PRE,01,049,002_02_01_001_5122_Mesa_1,CORRUPTO_PLANTILLA_B
E14,PRE,01,049,002_02_01_002_5122_Mesa_2,CORRUPTO_PLANTILLA_B
E14,PRE,01,049,002_02_01_003_5122_Mesa_3,CORRUPTO_PLANTILLA_B
E14,PRE,01,049,002_02_01_004_5122_Mesa_4,CORRUPTO_PLANTILLA_B
E14,PRE,01,049,002_02_01_005_5122_Mesa_5,CORRUPTO_PLANTILLA_B
E14,PRE,01,049,002_02_01_006_5122_Mesa_6,CORRUPTO_PLANTILLA_B
E14,PRE,01,049,002_02_01_007_5122_Mesa_7,CORRUPTO_PLANTILLA_B
E14,PRE,01,049,002_02_01_008_5122_Mesa_8,CORRUPTO_PLANTILLA_B
E14,PRE,01,049,002_02_01_009_5122_Mesa_9,CORRUPTO_PLANTILLA_B
E14,PRE,01,049,002_02_01_010_5122_Mesa_10,CORRUPTO_PLANTILLA_B
E14,PRE,01,049,002_02_01_011_5122_Mesa_11,CORRUPTO_PLANTILLA_B
E14,PRE,01,049,002_02_01_012_5122_Mesa_12,CORRUPTO_PLANTILLA_B
E14,PRE,01,049,002_02_01_013_5122_Mesa_13,CORRUPTO_PLANTILLA_B
E14,PRE,01,049,002_02_01_014_5122_Mesa_14,CORRUPTO_PLANTILLA_B
E14,PRE,01,049,002_02_01_015_5122_Mesa_15,CORRUPTO_PLANTILLA_B
E14,PRE,01,049,002_02_01_016_5122_Mesa_16,CORRUPTO_PLANTILLA_B
E14,PRE,01,049,002_02_01_017_5122_Mesa_17,CORRUPTO_PLANTILLA_B
E14,PRE,01,049,002_02_01_018_5122_Mesa_18,CORRUPTO_PLANTILLA_B
E14,PRE,01,049,002_02_01_019_5122_Mesa_19,CORRUPTO_PLANTILLA_B
E14,PRE,01,049,002_02_01_020_5122_Mesa_20,CORRUPTO_PLANTILLA_B
E14,PRE,01,049,002_02_01_021_5122_Mesa_21,CORRUPTO_PLANTILLA_B
E14,PRE,01,049,002_02_01_022_5122_Mesa_22,CORRUPTO_PLANTILLA_B
E14,PRE,01,049,002_02_01_023_5122_Mesa_23,CORRUPTO_PLANTILLA_B
E14,PRE,01,049,002_02_01_024_5122_Mesa_24,CORRUPTO_PLANTILLA_B
E14,PRE,01,049,002_02_01_025_5122_Mesa_25,CORRUPTO_PLANTILLA_B
E14,PRE,01,049,002_02_01_026_5122_Mesa_26,CORRUPTO_PLANTILLA_B
E14,PRE,01,049,002_02_01_027_5122_Mesa_27,CORRUPTO_PLANTILLA_B
E14,PRE,01,049,002_02_01_028_5122_Mesa_28,CORRUPTO_PLANTILLA_B
E14,PRE,01,049,002_02_01_029_5122_Mesa_29,CORRUPTO_PLANTILLA_B
E14,PRE,01,049,002_02_01_030_5122_Mesa_30,CORRUPTO_PLANTILLA_B
E14,PRE,01,049,002_02_01_031_5122_Mesa_31,CORRUPTO_PLANTILLA_B
E14,PRE,01,049,002_02_01_032_5122_Mesa_32,CORRUPTO_PLANTILLA_B
E14,PRE,01,049,002_02_01_033_5122_Mesa_33,CORRUPTO_PLANTILLA_B
E14,PRE,01,049,002_02_01_034_5122_Mesa_34,CORRUPTO_PLANTILLA_B
E14,PRE,01,049,002_02_01_035_5122_Mesa_35,CORRUPTO_PLANTILLA_B
E14,PRE,01,049,002_02_01_036_5122_Mesa_36,CORRUPTO_PLANTILLA_B
E14,PRE,01,049,002_02_01_037_5122_Mesa_37,CORRUPTO_PLANTILLA_B
E14,PRE,01,049,002_02_01_038_5122_Mesa_38,CORRUPTO_PLANTILLA_B
E14,PRE,01,049,002_02_01_039_5122_Mesa_39,CORRUPTO_PLANTILLA_B
E14,PRE,01,049,002_02_01_040_5122_Mesa_40,CORRUPTO_PLANTILLA_B
E14,PRE,01,049,002_02_01_041_5122_Mesa_41,CORRUPTO_PLANTILLA_B
E14,PRE,01,049,002_02_01_042_5122_Mesa_42,CORRUPTO_PLANTILLA_B
E14,PRE,01,049,002_02_01_043_5122_Mesa_43,CORRUPTO_PLANTILLA_B
E14,PRE,01,049,002_02_02_001_5123_Mesa_1,CORRUPTO_PLANTILLA_B
E14,PRE,01,049,002_02_02_002_5123_Mesa_2,CORRUPTO_PLANTILLA_B
E14,PRE,01,049,002_02_02_003_5123_Mesa_3,CORRUPTO_PLANTILLA_B
E14,PRE,01,049,002_02_02_004_5123_Mesa_4,CORRUPTO_PLANTILLA_B
E14,PRE,01,049,002_02_02_005_5123_Mesa_5,CORRUPTO_PLANTILLA_B
E14,PRE,01,049,002_02_02_006_5123_Mesa_6,CORRUPTO_PLANTILLA_B
E14,PRE,01,049,002_02_02_007_5123_Mesa_7,CORRUPTO_PLANTILLA_B
E14,PRE,01,049,002_02_02_008_5123_Mesa_8,CORRUPTO_PLANTILLA_B
E14,PRE,01,049,002_02_02_009_5123_Mesa_9,CORRUPTO_PLANTILLA_B
E14,PRE,01,049,002_02_02_010_5123_Mesa_10,CORRUPTO_PLANTILLA_B
E14,PRE,01,049,002_02_02_011_5123_Mesa_11,CORRUPTO_PLANTILLA_B
E14,PRE,01,049,002_02_02_012_5123_Mesa_12,CORRUPTO_PLANTILLA_B
E14,PRE,01,049,002_02_02_013_5123_Mesa_13,CORRUPTO_PLANTILLA_B
E14,PRE,01,049,002_02_02_014_5123_Mesa_14,CORRUPTO_PLANTILLA_B
E14,PRE,01,049,002_02_02_015_5123_Mesa_15,CORRUPTO_PLANTILLA_B
E14,PRE,01,049,002_02_02_016_5123_Mesa_16,CORRUPTO_PLANTILLA_B
E14,PRE,01,049,002_02_02_017_5123_Mesa_17,CORRUPTO_PLANTILLA_B
E14,PRE,01,049,002_02_02_018_5123_Mesa_18,CORRUPTO_PLANTILLA_B
E14,PRE,01,049,002_02_02_019_5123_Mesa_19,CORRUPTO_PLANTILLA_B
E14,PRE,01,049,002_02_02_020_5123_Mesa_20,CORRUPTO_PLANTILLA_B
E14,PRE,01,049,002_02_02_021_5123_Mesa_21,CORRUPTO_PLANTILLA_B
E14,PRE,01,049,002_02_02_022_5123_Mesa_22,CORRUPTO_PLANTILLA_B
E14,PRE,01,049,002_02_02_023_5123_Mesa_23,CORRUPTO_PLANTILLA_B
E14,PRE,01,049,002_02_02_024_5123_Mesa_24,CORRUPTO_PLANTILLA_B
E14,PRE,01,049,002_02_02_025_5123_Mesa_25,CORRUPTO_PLANTILLA_B
E14,PRE,01,049,002_02_02_026_5123_Mesa_26,CORRUPTO_PLANTILLA_B
E14,PRE,01,049,002_02_02_027_5123_Mesa_27,CORRUPTO_PLANTILLA_B
E14,PRE,01,049,002_02_02_028_5123_Mesa_28,CORRUPTO_PLANTILLA_B
E14,PRE,01,049,002_02_02_029_5123_Mesa_29,CORRUPTO_PLANTILLA_B
E14,PRE,01,049,002_02_03_001_5124_Mesa_1,CORRUPTO_PLANTILLA_B
E14,PRE,01,049,002_02_03_002_5124_Mesa_2,CORRUPTO_PLANTILLA_B
E14,PRE,01,049,002_02_03_003_5124_Mesa_3,CORRUPTO_PLANTILLA_B
E14,PRE,01,049,002_02_03_004_5124_Mesa_4,CORRUPTO_PLANTILLA_B
E14,PRE,01,049,002_02_03_005_5124_Mesa_5,CORRUPTO_PLANTILLA_B
E14,PRE,01,049,002_02_03_006_5124_Mesa_6,CORRUPTO_PLANTILLA_B
E14,PRE,01,049,002_02_03_007_5124_Mesa_7,CORRUPTO_PLANTILLA_B
E14,PRE,01,049,002_02_03_008_5124_Mesa_8,CORRUPTO_PLANTILLA_B
E14,PRE,01,049,002_02_03_009_5124_Mesa_9,CORRUPTO_PLANTILLA_B
E14,PRE,01,049,002_02_03_010_5124_Mesa_10,CORRUPTO_PLANTILLA_B
E14,PRE,01,049,002_02_03_011_5124_Mesa_11,CORRUPTO_PLANTILLA_B
E14,PRE,01,049,002_02_03_012_5124_Mesa_12,CORRUPTO_PLANTILLA_B
E14,PRE,01,049,002_02_03_013_5124_Mesa_13,CORRUPTO_PLANTILLA_B
E14,PRE,01,049,002_02_03_014_5124_Mesa_14,CORRUPTO_PLANTILLA_B
E14,PRE,01,049,002_02_03_015_5124_Mesa_15,CORRUPTO_PLANTILLA_B
E14,PRE,01,049,002_02_03_016_5124_Mesa_16,CORRUPTO_PLANTILLA_B
E14,PRE,01,049,002_02_03_017_5124_Mesa_17,CORRUPTO_PLANTILLA_B
E14,PRE,01,049,002_02_03_018_5124_Mesa_18,CORRUPTO_PLANTILLA_B
E14,PRE,01,049,002_02_03_019_5124_Mesa_19,CORRUPTO_PLANTILLA_B
E14,PRE,01,049,002_02_03_020_5124_Mesa_20,CORRUPTO_PLANTILLA_B
E14,PRE,01,049,002_02_03_021_5124_Mesa_21,CORRUPTO_PLANTILLA_B
E14,PRE,01,049,002_02_03_022_5124_Mesa_22,CORRUPTO_PLANTILLA_B
E14,PRE,01,049,002_02_03_023_5124_Mesa_23,CORRUPTO_PLANTILLA_B
E14,PRE,01,049,002_02_04_001_5129_Mesa_1,CORRUPTO_PLANTILLA_B
E14,PRE,01,049,002_02_04_002_5129_Mesa_2,CORRUPTO_PLANTILLA_B
E14,PRE,01,049,002_02_04_003_5129_Mesa_3,CORRUPTO_PLANTILLA_B
E14,PRE,01,049,002_02_04_004_5129_Mesa_4,CORRUPTO_PLANTILLA_B
E14,PRE,01,049,002_02_04_005_5129_Mesa_5,CORRUPTO_PLANTILLA_B
E14,PRE,01,049,002_02_05_001_5129_Mesa_1,CORRUPTO_PLANTILLA_B
E14,PRE,01,049,002_02_05_002_5129_Mesa_2,CORRUPTO_PLANTILLA_B
E14,PRE,01,049,002_02_06_001_5125_Mesa_1,CORRUPTO_PLANTILLA_B
E14,PRE,01,049,002_02_06_002_5125_Mesa_2,CORRUPTO_PLANTILLA_B
E14,PRE,01,049,002_02_06_003_5125_Mesa_3,CORRUPTO_PLANTILLA_B
E14,PRE,01,049,002_02_06_004_5125_Mesa_4,CORRUPTO_PLANTILLA_B
E14,PRE,01,049,002_02_06_005_5125_Mesa_5,CORRUPTO_PLANTILLA_B
E14,PRE,01,049,002_02_06_006_5125_Mesa_6,CORRUPTO_PLANTILLA_B
E14,PRE,01,049,002_02_06_007_5125_Mesa_7,CORRUPTO_PLANTILLA_B
E14,PRE,01,049,002_02_06_008_5125_Mesa_8,CORRUPTO_PLANTILLA_B
E14,PRE,01,049,002_02_06_009_5125_Mesa_9,CORRUPTO_PLANTILLA_B
E14,PRE,01,049,002_02_06_010_5125_Mesa_10,CORRUPTO_PLANTILLA_B
E14,PRE,01,049,002_02_06_011_5125_Mesa_11,CORRUPTO_PLANTILLA_B
E14,PRE,01,049,002_02_06_013_5125_Mesa_13,CORRUPTO_PLANTILLA_B
E14,PRE,01,049,002_02_06_014_5125_Mesa_14,CORRUPTO_PLANTILLA_B
E14,PRE,01,049,002_02_06_015_5125_Mesa_15,CORRUPTO_PLANTILLA_B
E14,PRE,01,049,002_02_06_016_5125_Mesa_16,CORRUPTO_PLANTILLA_B
E14,PRE,01,049,002_02_06_017_5125_Mesa_17,CORRUPTO_PLANTILLA_B
E14,PRE,01,049,002_02_06_018_5125_Mesa_18,CORRUPTO_PLANTILLA_B
E14,PRE,01,049,002_02_06_019_5125_Mesa_19,CORRUPTO_PLANTILLA_B
E14,PRE,01,049,002_02_06_020_5125_Mesa_20,CORRUPTO_PLANTILLA_B
E14,PRE,01,049,002_02_06_021_5125_Mesa_21,CORRUPTO_PLANTILLA_B
E14,PRE,01,049,002_02_06_022_5125_Mesa_22,CORRUPTO_PLANTILLA_B
E14,PRE,01,049,002_02_06_023_5125_Mesa_23,CORRUPTO_PLANTILLA_B
E14,PRE,01,049,002_02_06_024_5125_Mesa_24,CORRUPTO_PLANTILLA_B
E14,PRE,01,049,002_02_06_025_5125_Mesa_25,CORRUPTO_PLANTILLA_B
E14,PRE,01,049,002_02_06_026_5125_Mesa_26,CORRUPTO_PLANTILLA_B
E14,PRE,01,049,002_02_06_027_5125_Mesa_27,CORRUPTO_PLANTILLA_B
E14,PRE,01,049,002_02_06_028_5125_Mesa_28,CORRUPTO_PLANTILLA_B
E14,PRE,01,049,002_02_06_029_5125_Mesa_29,CORRUPTO_PLANTILLA_B
E14,PRE,01,049,002_02_06_030_5125_Mesa_30,CORRUPTO_PLANTILLA_B
E14,PRE,01,049,002_02_06_031_5125_Mesa_31,CORRUPTO_PLANTILLA_B
E14,PRE,01,049,002_02_06_032_5125_Mesa_32,CORRUPTO_PLANTILLA_B
E14,PRE,01,049,002_02_06_033_5125_Mesa_33,CORRUPTO_PLANTILLA_B
E14,PRE,01,049,002_02_06_034_5125_Mesa_34,CORRUPTO_PLANTILLA_B
E14,PRE,01,049,002_02_06_035_5125_Mesa_35,CORRUPTO_PLANTILLA_B
E14,PRE,01,049,003_03_01_001_5138_Mesa_1,CORRUPTO_PLANTILLA_B
E14,PRE,01,049,003_03_01_002_5138_Mesa_2,CORRUPTO_PLANTILLA_B
E14,PRE,01,049,003_03_01_003_5138_Mesa_3,CORRUPTO_PLANTILLA_B
E14,PRE,01,049,003_03_02_001_5126_Mesa_1,CORRUPTO_PLANTILLA_B
E14,PRE,01,049,003_03_02_002_5126_Mesa_2,CORRUPTO_PLANTILLA_B
E14,PRE,01,049,003_03_02_003_5126_Mesa_3,CORRUPTO_PLANTILLA_B
E14,PRE,01,049,003_03_02_004_5126_Mesa_4,CORRUPTO_PLANTILLA_B
E14,PRE,01,049,003_03_02_005_5126_Mesa_5,CORRUPTO_PLANTILLA_B
E14,PRE,01,049,003_03_02_006_5126_Mesa_6,CORRUPTO_PLANTILLA_B
E14,PRE,01,049,003_03_02_007_5126_Mesa_7,CORRUPTO_PLANTILLA_B
E14,PRE,01,049,003_03_02_008_5126_Mesa_8,CORRUPTO_PLANTILLA_B
E14,PRE,01,049,003_03_02_009_5126_Mesa_9,CORRUPTO_PLANTILLA_B
E14,PRE,01,049,003_03_02_010_5126_Mesa_10,CORRUPTO_PLANTILLA_B
E14,PRE,01,049,003_03_02_011_5126_Mesa_11,CORRUPTO_PLANTILLA_B
E14,PRE,01,049,003_03_02_012_5126_Mesa_12,CORRUPTO_PLANTILLA_B
E14,PRE,01,049,003_03_02_013_5126_Mesa_13,CORRUPTO_PLANTILLA_B
E14,PRE,01,049,003_03_02_014_5126_Mesa_14,CORRUPTO_PLANTILLA_B
E14,PRE,01,049,003_03_02_015_5126_Mesa_15,CORRUPTO_PLANTILLA_B
E14,PRE,01,049,003_03_02_016_5126_Mesa_16,CORRUPTO_PLANTILLA_B
E14,PRE,01,049,003_03_02_017_5126_Mesa_17,CORRUPTO_PLANTILLA_B
E14,PRE,01,049,003_03_02_018_5126_Mesa_18,CORRUPTO_PLANTILLA_B
E14,PRE,01,049,003_03_02_019_5126_Mesa_19,CORRUPTO_PLANTILLA_B
E14,PRE,01,049,003_03_02_020_5126_Mesa_20,CORRUPTO_PLANTILLA_B
E14,PRE,01,049,003_03_02_021_5126_Mesa_21,CORRUPTO_PLANTILLA_B
E14,PRE,01,049,003_03_02_022_5126_Mesa_22,CORRUPTO_PLANTILLA_B
E14,PRE,01,049,003_03_02_023_5126_Mesa_23,CORRUPTO_PLANTILLA_B
E14,PRE,01,049,003_03_02_024_5126_Mesa_24,CORRUPTO_PLANTILLA_B
E14,PRE,01,049,003_03_02_025_5126_Mesa_25,CORRUPTO_PLANTILLA_B
E14,PRE,01,049,003_03_02_026_5126_Mesa_26,CORRUPTO_PLANTILLA_B
E14,PRE,01,049,003_03_02_027_5126_Mesa_27,CORRUPTO_PLANTILLA_B
E14,PRE,01,049,003_03_02_028_5126_Mesa_28,CORRUPTO_PLANTILLA_B
E14,PRE,01,049,003_03_02_029_5126_Mesa_29,CORRUPTO_PLANTILLA_B
E14,PRE,01,049,003_03_02_030_5126_Mesa_30,CORRUPTO_PLANTILLA_B
E14,PRE,01,049,003_03_02_031_5126_Mesa_31,CORRUPTO_PLANTILLA_B
E14,PRE,01,049,003_03_02_032_5126_Mesa_32,CORRUPTO_PLANTILLA_B
E14,PRE,01,049,003_03_02_033_5126_Mesa_33,CORRUPTO_PLANTILLA_B
E14,PRE,01,049,003_03_02_034_5126_Mesa_34,CORRUPTO_PLANTILLA_B
E14,PRE,01,049,003_03_02_035_5126_Mesa_35,CORRUPTO_PLANTILLA_B
E14,PRE,01,049,003_03_02_036_5126_Mesa_36,CORRUPTO_PLANTILLA_B
E14,PRE,01,049,003_03_02_037_5126_Mesa_37,CORRUPTO_PLANTILLA_B
E14,PRE,01,049,003_03_02_038_5126_Mesa_38,CORRUPTO_PLANTILLA_B
E14,PRE,01,049,003_03_02_039_5126_Mesa_39,CORRUPTO_PLANTILLA_B
E14,PRE,01,049,003_03_02_040_5126_Mesa_40,CORRUPTO_PLANTILLA_B
E14,PRE,01,049,003_03_02_041_5126_Mesa_41,CORRUPTO_PLANTILLA_B
E14,PRE,01,049,003_03_02_042_5126_Mesa_42,CORRUPTO_PLANTILLA_B
E14,PRE,01,049,003_03_02_043_5126_Mesa_43,CORRUPTO_PLANTILLA_B
E14,PRE,01,049,003_03_02_044_5126_Mesa_44,CORRUPTO_PLANTILLA_B
E14,PRE,01,049,003_03_02_045_5126_Mesa_45,CORRUPTO_PLANTILLA_B
E14,PRE,01,049,003_03_03_001_5127_Mesa_1,CORRUPTO_PLANTILLA_B
E14,PRE,01,049,003_03_03_002_5127_Mesa_2,CORRUPTO_PLANTILLA_B
E14,PRE,01,049,003_03_03_003_5127_Mesa_3,CORRUPTO_PLANTILLA_B
E14,PRE,01,049,003_03_03_004_5127_Mesa_4,CORRUPTO_PLANTILLA_B
E14,PRE,01,049,003_03_03_005_5127_Mesa_5,CORRUPTO_PLANTILLA_B
E14,PRE,01,049,003_03_03_006_5127_Mesa_6,CORRUPTO_PLANTILLA_B
E14,PRE,01,049,003_03_03_007_5127_Mesa_7,CORRUPTO_PLANTILLA_B
E14,PRE,01,049,003_03_03_008_5127_Mesa_8,CORRUPTO_PLANTILLA_B
E14,PRE,01,049,003_03_03_009_5127_Mesa_9,CORRUPTO_PLANTILLA_B
E14,PRE,01,049,003_03_03_010_5127_Mesa_10,CORRUPTO_PLANTILLA_B
E14,PRE,01,049,003_03_03_011_5127_Mesa_11,CORRUPTO_PLANTILLA_B
E14,PRE,01,049,003_03_03_012_5127_Mesa_12,CORRUPTO_PLANTILLA_B
E14,PRE,01,049,003_03_03_013_5127_Mesa_13,CORRUPTO_PLANTILLA_B
E14,PRE,01,049,003_03_03_014_5127_Mesa_14,CORRUPTO_PLANTILLA_B
E14,PRE,01,049,003_03_03_015_5127_Mesa_15,CORRUPTO_PLANTILLA_B
E14,PRE,01,049,003_03_03_016_5127_Mesa_16,CORRUPTO_PLANTILLA_B
E14,PRE,01,049,003_03_03_017_5127_Mesa_17,CORRUPTO_PLANTILLA_B
E14,PRE,01,049,003_03_03_018_5127_Mesa_18,CORRUPTO_PLANTILLA_B
E14,PRE,01,049,003_03_03_019_5127_Mesa_19,CORRUPTO_PLANTILLA_B
E14,PRE,01,049,003_03_03_020_5127_Mesa_20,CORRUPTO_PLANTILLA_B
E14,PRE,01,049,003_03_03_021_5127_Mesa_21,CORRUPTO_PLANTILLA_B
E14,PRE,01,049,003_03_03_022_5127_Mesa_22,CORRUPTO_PLANTILLA_B
E14,PRE,01,049,003_03_03_023_5127_Mesa_23,CORRUPTO_PLANTILLA_B
E14,PRE,01,049,003_03_03_024_5127_Mesa_24,CORRUPTO_PLANTILLA_B
E14,PRE,01,049,003_03_03_025_5127_Mesa_25,CORRUPTO_PLANTILLA_B
E14,PRE,01,049,004_04_01_001_5123_Mesa_1,CORRUPTO_PLANTILLA_B
E14,PRE,01,049,004_04_01_002_5123_Mesa_2,CORRUPTO_PLANTILLA_B
E14,PRE,01,049,004_04_01_003_5123_Mesa_3,CORRUPTO_PLANTILLA_B
E14,PRE,01,049,004_04_01_004_5123_Mesa_4,CORRUPTO_PLANTILLA_B
E14,PRE,01,049,004_04_01_005_5123_Mesa_5,CORRUPTO_PLANTILLA_B
E14,PRE,01,049,004_04_01_006_5123_Mesa_6,CORRUPTO_PLANTILLA_B
E14,PRE,01,049,004_04_01_007_5123_Mesa_7,CORRUPTO_PLANTILLA_B
E14,PRE,01,049,004_04_01_008_5123_Mesa_8,CORRUPTO_PLANTILLA_B
E14,PRE,01,049,004_04_01_009_5123_Mesa_9,CORRUPTO_PLANTILLA_B
E14,PRE,01,049,004_04_01_010_5123_Mesa_10,CORRUPTO_PLANTILLA_B
E14,PRE,01,049,004_04_01_011_5123_Mesa_11,CORRUPTO_PLANTILLA_B
E14,PRE,01,049,004_04_01_012_5123_Mesa_12,CORRUPTO_PLANTILLA_B
E14,PRE,01,049,004_04_01_013_5123_Mesa_13,CORRUPTO_PLANTILLA_B
E14,PRE,01,049,004_04_01_014_5123_Mesa_14,CORRUPTO_PLANTILLA_B
E14,PRE,01,049,004_04_01_015_5123_Mesa_15,CORRUPTO_PLANTILLA_B
E14,PRE,01,049,004_04_01_016_5123_Mesa_16,CORRUPTO_PLANTILLA_B
E14,PRE,01,049,004_04_01_017_5123_Mesa_17,CORRUPTO_PLANTILLA_B
E14,PRE,01,049,004_04_01_018_5123_Mesa_18,CORRUPTO_PLANTILLA_B
E14,PRE,01,049,004_04_01_019_5123_Mesa_19,CORRUPTO_PLANTILLA_B
E14,PRE,01,049,004_04_01_020_5123_Mesa_20,CORRUPTO_PLANTILLA_B
E14,PRE,01,049,004_04_01_021_5123_Mesa_21,CORRUPTO_PLANTILLA_B
E14,PRE,01,049,004_04_01_022_5123_Mesa_22,CORRUPTO_PLANTILLA_B
E14,PRE,01,049,004_04_02_001_5133_Mesa_1,CORRUPTO_PLANTILLA_B
E14,PRE,01,049,004_04_02_002_5133_Mesa_2,CORRUPTO_PLANTILLA_B
E14,PRE,01,049,004_04_03_001_5128_Mesa_1,CORRUPTO_PLANTILLA_B
E14,PRE,01,049,004_04_03_002_5128_Mesa_2,CORRUPTO_PLANTILLA_B
E14,PRE,01,049,004_04_03_003_5128_Mesa_3,CORRUPTO_PLANTILLA_B
E14,PRE,01,049,004_04_03_004_5128_Mesa_4,CORRUPTO_PLANTILLA_B
E14,PRE,01,049,004_04_03_005_5128_Mesa_5,CORRUPTO_PLANTILLA_B
E14,PRE,01,049,004_04_03_006_5128_Mesa_6,CORRUPTO_PLANTILLA_B
E14,PRE,01,049,004_04_03_007_5128_Mesa_7,CORRUPTO_PLANTILLA_B
E14,PRE,01,049,004_04_03_008_5128_Mesa_8,CORRUPTO_PLANTILLA_B
E14,PRE,01,049,004_04_03_009_5128_Mesa_9,CORRUPTO_PLANTILLA_B
E14,PRE,01,049,004_04_03_010_5128_Mesa_10,CORRUPTO_PLANTILLA_B
E14,PRE,01,049,004_04_03_011_5128_Mesa_11,CORRUPTO_PLANTILLA_B
E14,PRE,01,049,004_04_03_012_5128_Mesa_12,CORRUPTO_PLANTILLA_B
E14,PRE,01,049,004_04_03_013_5128_Mesa_13,CORRUPTO_PLANTILLA_B
E14,PRE,01,049,004_04_03_014_5128_Mesa_14,CORRUPTO_PLANTILLA_B
E14,PRE,01,049,004_04_03_015_5128_Mesa_15,CORRUPTO_PLANTILLA_B
E14,PRE,01,049,004_04_03_016_5128_Mesa_16,CORRUPTO_PLANTILLA_B
E14,PRE,01,049,004_04_03_017_5128_Mesa_17,CORRUPTO_PLANTILLA_B
E14,PRE,01,049,004_04_03_018_5128_Mesa_18,CORRUPTO_PLANTILLA_B
E14,PRE,01,049,004_04_03_019_5128_Mesa_19,CORRUPTO_PLANTILLA_B
E14,PRE,01,049,004_04_03_020_5128_Mesa_20,CORRUPTO_PLANTILLA_B
E14,PRE,01,049,004_04_03_021_5128_Mesa_21,CORRUPTO_PLANTILLA_B
E14,PRE,01,049,004_04_03_022_5128_Mesa_22,CORRUPTO_PLANTILLA_B
E14,PRE,01,049,004_04_03_023_5128_Mesa_23,CORRUPTO_PLANTILLA_B
E14,PRE,01,049,004_04_03_024_5128_Mesa_24,CORRUPTO_PLANTILLA_B
E14,PRE,01,049,004_04_03_025_5128_Mesa_25,CORRUPTO_PLANTILLA_B
E14,PRE,01,049,004_04_03_026_5128_Mesa_26,CORRUPTO_PLANTILLA_B
E14,PRE,01,049,004_04_03_027_5128_Mesa_27,CORRUPTO_PLANTILLA_B
E14,PRE,01,049,004_04_03_028_5128_Mesa_28,CORRUPTO_PLANTILLA_B
E14,PRE,01,049,004_04_03_029_5128_Mesa_29,CORRUPTO_PLANTILLA_B
E14,PRE,01,049,004_04_03_030_5128_Mesa_30,CORRUPTO_PLANTILLA_B
E14,PRE,01,049,004_04_03_031_5128_Mesa_31,CORRUPTO_PLANTILLA_B
E14,PRE,01,049,004_04_03_032_5128_Mesa_32,CORRUPTO_PLANTILLA_B
E14,PRE,01,049,004_04_03_033_5128_Mesa_33,CORRUPTO_PLANTILLA_B
E14,PRE,01,049,004_04_03_034_5128_Mesa_34,CORRUPTO_PLANTILLA_B
E14,PRE,01,049,004_04_04_001_5129_Mesa_1,CORRUPTO_PLANTILLA_B
E14,PRE,01,049,004_04_04_002_5129_Mesa_2,CORRUPTO_PLANTILLA_B
E14,PRE,01,049,004_04_04_003_5129_Mesa_3,CORRUPTO_PLANTILLA_B
E14,PRE,01,049,004_04_04_004_5129_Mesa_4,CORRUPTO_PLANTILLA_B
E14,PRE,01,049,004_04_04_005_5129_Mesa_5,CORRUPTO_PLANTILLA_B
E14,PRE,01,049,004_04_04_006_5129_Mesa_6,CORRUPTO_PLANTILLA_B
E14,PRE,01,049,004_04_04_007_5129_Mesa_7,CORRUPTO_PLANTILLA_B
E14,PRE,01,049,004_04_04_008_5129_Mesa_8,CORRUPTO_PLANTILLA_B
E14,PRE,01,049,004_04_04_009_5129_Mesa_9,CORRUPTO_PLANTILLA_B
E14,PRE,01,049,004_04_04_010_5129_Mesa_10,CORRUPTO_PLANTILLA_B
E14,PRE,01,049,004_04_04_011_5129_Mesa_11,CORRUPTO_PLANTILLA_B
E14,PRE,01,049,004_04_04_012_5129_Mesa_12,CORRUPTO_PLANTILLA_B
E14,PRE,01,049,004_04_04_013_5129_Mesa_13,CORRUPTO_PLANTILLA_B
E14,PRE,01,049,004_04_04_014_5129_Mesa_14,CORRUPTO_PLANTILLA_B
E14,PRE,01,049,004_04_04_015_5129_Mesa_15,CORRUPTO_PLANTILLA_B
E14,PRE,01,049,004_04_04_016_5129_Mesa_16,CORRUPTO_PLANTILLA_B
E14,PRE,01,049,004_04_04_017_5129_Mesa_17,CORRUPTO_PLANTILLA_B
E14,PRE,01,049,004_04_04_018_5129_Mesa_18,CORRUPTO_PLANTILLA_B
E14,PRE,01,049,004_04_04_019_5129_Mesa_19,CORRUPTO_PLANTILLA_B
E14,PRE,01,049,004_04_04_020_5129_Mesa_20,CORRUPTO_PLANTILLA_B
E14,PRE,01,049,004_04_04_021_5129_Mesa_21,CORRUPTO_PLANTILLA_B
E14,PRE,01,049,004_04_04_022_5129_Mesa_22,CORRUPTO_PLANTILLA_B
E14,PRE,01,049,004_04_04_023_5129_Mesa_23,CORRUPTO_PLANTILLA_B
E14,PRE,01,049,004_04_04_024_5129_Mesa_24,CORRUPTO_PLANTILLA_B
E14,PRE,01,049,004_04_04_025_5129_Mesa_25,CORRUPTO_PLANTILLA_B
E14,PRE,01,049,004_04_04_026_5129_Mesa_26,CORRUPTO_PLANTILLA_B
E14,PRE,01,049,004_04_04_027_5129_Mesa_27,CORRUPTO_PLANTILLA_B
E14,PRE,01,049,004_04_04_028_5129_Mesa_28,CORRUPTO_PLANTILLA_B
E14,PRE,01,049,004_04_04_029_5129_Mesa_29,CORRUPTO_PLANTILLA_B
E14,PRE,01,049,004_04_04_030_5129_Mesa_30,CORRUPTO_PLANTILLA_B
E14,PRE,01,049,004_04_04_031_5129_Mesa_31,CORRUPTO_PLANTILLA_B
E14,PRE,01,049,004_04_04_032_5129_Mesa_32,CORRUPTO_PLANTILLA_B
E14,PRE,01,049,004_04_04_033_5129_Mesa_33,CORRUPTO_PLANTILLA_B
E14,PRE,01,049,004_04_04_034_5129_Mesa_34,CORRUPTO_PLANTILLA_B
E14,PRE,01,049,004_04_04_035_5129_Mesa_35,CORRUPTO_PLANTILLA_B
E14,PRE,01,049,004_04_04_036_5129_Mesa_36,CORRUPTO_PLANTILLA_B
E14,PRE,01,049,004_04_04_037_5129_Mesa_37,CORRUPTO_PLANTILLA_B
E14,PRE,01,049,004_04_04_038_5129_Mesa_38,CORRUPTO_PLANTILLA_B
E14,PRE,01,049,004_04_04_039_5129_Mesa_39,CORRUPTO_PLANTILLA_B
E14,PRE,01,049,004_04_04_040_5129_Mesa_40,CORRUPTO_PLANTILLA_B
E14,PRE,01,049,004_04_04_041_5129_Mesa_41,CORRUPTO_PLANTILLA_B
E14,PRE,01,049,004_04_04_042_5129_Mesa_42,CORRUPTO_PLANTILLA_B
E14,PRE,01,049,004_04_04_043_5129_Mesa_43,CORRUPTO_PLANTILLA_B
E14,PRE,01,049,004_04_04_044_5129_Mesa_44,CORRUPTO_PLANTILLA_B
E14,PRE,01,049,004_04_04_045_5129_Mesa_45,CORRUPTO_PLANTILLA_B
E14,PRE,01,049,004_04_04_046_5129_Mesa_46,CORRUPTO_PLANTILLA_B
E14,PRE,01,049,004_04_05_001_5125_Mesa_1,CORRUPTO_PLANTILLA_B
E14,PRE,01,049,004_04_05_002_5125_Mesa_2,CORRUPTO_PLANTILLA_B
E14,PRE,01,049,004_04_05_003_5125_Mesa_3,CORRUPTO_PLANTILLA_B
E14,PRE,01,049,004_04_05_004_5125_Mesa_4,CORRUPTO_PLANTILLA_B
E14,PRE,01,049,004_04_05_005_5125_Mesa_5,CORRUPTO_PLANTILLA_B
E14,PRE,01,049,004_04_05_006_5125_Mesa_6,CORRUPTO_PLANTILLA_B
E14,PRE,01,049,004_04_05_007_5125_Mesa_7,CORRUPTO_PLANTILLA_B
E14,PRE,01,049,004_04_05_008_5125_Mesa_8,CORRUPTO_PLANTILLA_B
E14,PRE,01,049,004_04_05_009_5125_Mesa_9,CORRUPTO_PLANTILLA_B
E14,PRE,01,049,004_04_05_010_5125_Mesa_10,CORRUPTO_PLANTILLA_B
E14,PRE,01,049,004_04_05_011_5125_Mesa_11,CORRUPTO_PLANTILLA_B
E14,PRE,01,049,004_04_05_012_5125_Mesa_12,CORRUPTO_PLANTILLA_B
E14,PRE,01,049,004_04_05_013_5125_Mesa_13,CORRUPTO_PLANTILLA_B
E14,PRE,01,049,004_04_05_014_5125_Mesa_14,CORRUPTO_PLANTILLA_B
E14,PRE,01,049,004_04_05_015_5125_Mesa_15,CORRUPTO_PLANTILLA_B
E14,PRE,01,049,004_04_05_016_5125_Mesa_16,CORRUPTO_PLANTILLA_B
E14,PRE,01,049,004_04_05_017_5125_Mesa_17,CORRUPTO_PLANTILLA_B
E14,PRE,01,049,004_04_05_018_5125_Mesa_18,CORRUPTO_PLANTILLA_B
E14,PRE,01,049,004_04_05_019_5125_Mesa_19,CORRUPTO_PLANTILLA_B
E14,PRE,01,049,004_04_06_001_5130_Mesa_1,CORRUPTO_PLANTILLA_B
E14,PRE,01,049,004_04_06_002_5130_Mesa_2,CORRUPTO_PLANTILLA_B
E14,PRE,01,049,004_04_06_003_5130_Mesa_3,CORRUPTO_PLANTILLA_B
E14,PRE,01,049,004_04_06_004_5130_Mesa_4,CORRUPTO_PLANTILLA_B
E14,PRE,01,049,004_04_06_005_5130_Mesa_5,CORRUPTO_PLANTILLA_B
E14,PRE,01,049,004_04_06_006_5130_Mesa_6,CORRUPTO_PLANTILLA_B
E14,PRE,01,049,004_04_06_007_5130_Mesa_7,CORRUPTO_PLANTILLA_B
E14,PRE,01,049,004_04_06_008_5130_Mesa_8,CORRUPTO_PLANTILLA_B
E14,PRE,01,049,004_04_06_009_5130_Mesa_9,CORRUPTO_PLANTILLA_B
E14,PRE,01,049,004_04_06_010_5130_Mesa_10,CORRUPTO_PLANTILLA_B
E14,PRE,01,049,004_04_06_011_5130_Mesa_11,CORRUPTO_PLANTILLA_B
E14,PRE,01,049,004_04_06_012_5130_Mesa_12,CORRUPTO_PLANTILLA_B
E14,PRE,01,049,004_04_06_013_5130_Mesa_13,CORRUPTO_PLANTILLA_B
E14,PRE,01,049,004_04_06_014_5130_Mesa_14,CORRUPTO_PLANTILLA_B
E14,PRE,01,049,004_04_06_015_5130_Mesa_15,CORRUPTO_PLANTILLA_B
E14,PRE,01,049,004_04_06_016_5130_Mesa_16,CORRUPTO_PLANTILLA_B
E14,PRE,01,049,004_04_06_017_5130_Mesa_17,CORRUPTO_PLANTILLA_B
E14,PRE,01,049,004_04_06_018_5130_Mesa_18,CORRUPTO_PLANTILLA_B
E14,PRE,01,049,004_04_06_019_5130_Mesa_19,CORRUPTO_PLANTILLA_B
E14,PRE,01,049,004_04_06_020_5130_Mesa_20,CORRUPTO_PLANTILLA_B
E14,PRE,01,049,004_04_06_021_5130_Mesa_21,CORRUPTO_PLANTILLA_B
E14,PRE,01,049,004_04_06_022_5130_Mesa_22,CORRUPTO_PLANTILLA_B
E14,PRE,01,049,004_04_06_023_5130_Mesa_23,CORRUPTO_PLANTILLA_B
E14,PRE,01,049,004_04_06_024_5130_Mesa_24,CORRUPTO_PLANTILLA_B
E14,PRE,01,049,004_04_06_025_5130_Mesa_25,CORRUPTO_PLANTILLA_B
E14,PRE,01,049,004_04_06_026_5130_Mesa_26,CORRUPTO_PLANTILLA_B
E14,PRE,01,049,004_04_06_027_5130_Mesa_27,CORRUPTO_PLANTILLA_B
E14,PRE,01,049,004_04_06_028_5130_Mesa_28,CORRUPTO_PLANTILLA_B
E14,PRE,01,049,004_04_06_029_5130_Mesa_29,CORRUPTO_PLANTILLA_B
E14,PRE,01,049,004_04_06_030_5130_Mesa_30,CORRUPTO_PLANTILLA_B
E14,PRE,01,049,004_04_06_031_5130_Mesa_31,CORRUPTO_PLANTILLA_B
E14,PRE,01,049,004_04_06_032_5130_Mesa_32,CORRUPTO_PLANTILLA_B
E14,PRE,01,049,004_04_06_033_5130_Mesa_33,CORRUPTO_PLANTILLA_B
E14,PRE,01,049,004_04_06_034_5130_Mesa_34,CORRUPTO_PLANTILLA_B
E14,PRE,01,049,004_04_06_035_5130_Mesa_35,CORRUPTO_PLANTILLA_B
E14,PRE,01,049,004_04_06_036_5130_Mesa_36,CORRUPTO_PLANTILLA_B
E14,PRE,01,049,004_04_06_037_5130_Mesa_37,CORRUPTO_PLANTILLA_B
E14,PRE,01,049,004_04_06_038_5130_Mesa_38,CORRUPTO_PLANTILLA_B
E14,PRE,01,049,004_04_06_039_5130_Mesa_39,CORRUPTO_PLANTILLA_B
E14,PRE,01,049,004_04_06_040_5130_Mesa_40,CORRUPTO_PLANTILLA_B
E14,PRE,01,049,004_04_07_001_5128_Mesa_1,CORRUPTO_PLANTILLA_B
E14,PRE,01,049,004_04_07_002_5128_Mesa_2,CORRUPTO_PLANTILLA_B
E14,PRE,01,049,004_04_07_003_5128_Mesa_3,CORRUPTO_PLANTILLA_B
E14,PRE,01,049,004_04_07_004_5128_Mesa_4,CORRUPTO_PLANTILLA_B
E14,PRE,01,049,004_04_07_005_5128_Mesa_5,CORRUPTO_PLANTILLA_B
E14,PRE,01,049,004_04_07_006_5128_Mesa_6,CORRUPTO_PLANTILLA_B
E14,PRE,01,049,004_04_07_007_5128_Mesa_7,CORRUPTO_PLANTILLA_B
E14,PRE,01,049,004_04_07_008_5128_Mesa_8,CORRUPTO_PLANTILLA_B
E14,PRE,01,049,004_04_07_009_5128_Mesa_9,CORRUPTO_PLANTILLA_B
E14,PRE,01,049,004_04_07_010_5128_Mesa_10,CORRUPTO_PLANTILLA_B
E14,PRE,01,049,004_04_07_011_5128_Mesa_11,CORRUPTO_PLANTILLA_B
E14,PRE,01,049,004_04_07_012_5128_Mesa_12,CORRUPTO_PLANTILLA_B
E14,PRE,01,049,004_04_07_013_5128_Mesa_13,CORRUPTO_PLANTILLA_B
E14,PRE,01,049,004_04_07_014_5128_Mesa_14,CORRUPTO_PLANTILLA_B
E14,PRE,01,049,004_04_07_015_5128_Mesa_15,CORRUPTO_PLANTILLA_B
E14,PRE,01,049,004_04_07_016_5128_Mesa_16,CORRUPTO_PLANTILLA_B
E14,PRE,01,049,004_04_07_017_5128_Mesa_17,CORRUPTO_PLANTILLA_B
E14,PRE,01,049,004_04_07_018_5128_Mesa_18,CORRUPTO_PLANTILLA_B
E14,PRE,01,049,004_04_07_019_5128_Mesa_19,CORRUPTO_PLANTILLA_B
E14,PRE,01,049,004_04_07_020_5128_Mesa_20,CORRUPTO_PLANTILLA_B
E14,PRE,01,049,004_04_07_021_5128_Mesa_21,CORRUPTO_PLANTILLA_B
E14,PRE,01,049,004_04_07_022_5128_Mesa_22,CORRUPTO_PLANTILLA_B
E14,PRE,01,049,004_04_07_023_5128_Mesa_23,CORRUPTO_PLANTILLA_B
E14,PRE,01,049,004_04_08_001_5131_Mesa_1,CORRUPTO_PLANTILLA_B
E14,PRE,01,049,004_04_08_002_5131_Mesa_2,CORRUPTO_PLANTILLA_B
E14,PRE,01,049,004_04_08_003_5131_Mesa_3,CORRUPTO_PLANTILLA_B
E14,PRE,01,049,004_04_08_004_5131_Mesa_4,CORRUPTO_PLANTILLA_B
E14,PRE,01,049,004_04_08_005_5131_Mesa_5,CORRUPTO_PLANTILLA_B
E14,PRE,01,049,004_04_08_006_5131_Mesa_6,CORRUPTO_PLANTILLA_B
E14,PRE,01,049,004_04_08_007_5131_Mesa_7,CORRUPTO_PLANTILLA_B
E14,PRE,01,049,004_04_08_008_5131_Mesa_8,CORRUPTO_PLANTILLA_B
E14,PRE,01,049,004_04_08_009_5131_Mesa_9,CORRUPTO_PLANTILLA_B
E14,PRE,01,049,004_04_08_010_5131_Mesa_10,CORRUPTO_PLANTILLA_B
E14,PRE,01,049,004_04_08_011_5131_Mesa_11,CORRUPTO_PLANTILLA_B
E14,PRE,01,049,004_04_08_012_5131_Mesa_12,CORRUPTO_PLANTILLA_B
E14,PRE,01,049,004_04_08_013_5131_Mesa_13,CORRUPTO_PLANTILLA_B
E14,PRE,01,049,004_04_08_014_5131_Mesa_14,CORRUPTO_PLANTILLA_B
E14,PRE,01,049,004_04_08_015_5131_Mesa_15,CORRUPTO_PLANTILLA_B
E14,PRE,01,049,004_04_08_016_5131_Mesa_16,CORRUPTO_PLANTILLA_B
E14,PRE,01,049,004_04_08_017_5131_Mesa_17,CORRUPTO_PLANTILLA_B
E14,PRE,01,049,004_04_08_018_5131_Mesa_18,CORRUPTO_PLANTILLA_B
E14,PRE,01,049,004_04_08_019_5131_Mesa_19,CORRUPTO_PLANTILLA_B
E14,PRE,01,049,004_04_08_020_5131_Mesa_20,CORRUPTO_PLANTILLA_B
E14,PRE,01,049,004_04_08_021_5131_Mesa_21,CORRUPTO_PLANTILLA_B
E14,PRE,01,049,004_04_08_022_5131_Mesa_22,CORRUPTO_PLANTILLA_B
E14,PRE,01,049,004_04_08_023_5131_Mesa_23,CORRUPTO_PLANTILLA_B
E14,PRE,01,049,004_04_08_024_5131_Mesa_24,CORRUPTO_PLANTILLA_B
E14,PRE,01,049,004_04_08_025_5131_Mesa_25,CORRUPTO_PLANTILLA_B
E14,PRE,01,049,004_04_08_026_5131_Mesa_26,CORRUPTO_PLANTILLA_B
E14,PRE,01,049,005_05_01_001_5132_Mesa_1,CORRUPTO_PLANTILLA_B
E14,PRE,01,049,005_05_01_002_5132_Mesa_2,CORRUPTO_PLANTILLA_B
E14,PRE,01,049,005_05_01_003_5132_Mesa_3,CORRUPTO_PLANTILLA_B
E14,PRE,01,049,005_05_01_004_5132_Mesa_4,CORRUPTO_PLANTILLA_B
E14,PRE,01,049,005_05_01_005_5132_Mesa_5,CORRUPTO_PLANTILLA_B
E14,PRE,01,049,005_05_01_006_5132_Mesa_6,CORRUPTO_PLANTILLA_B
E14,PRE,01,049,005_05_01_007_5132_Mesa_7,CORRUPTO_PLANTILLA_B
E14,PRE,01,049,005_05_01_008_5132_Mesa_8,CORRUPTO_PLANTILLA_B
E14,PRE,01,049,005_05_01_009_5132_Mesa_9,CORRUPTO_PLANTILLA_B
E14,PRE,01,049,005_05_01_010_5132_Mesa_10,CORRUPTO_PLANTILLA_B
E14,PRE,01,049,005_05_01_011_5132_Mesa_11,CORRUPTO_PLANTILLA_B
E14,PRE,01,049,005_05_01_012_5132_Mesa_12,CORRUPTO_PLANTILLA_B
E14,PRE,01,049,005_05_01_013_5132_Mesa_13,CORRUPTO_PLANTILLA_B
E14,PRE,01,049,005_05_01_014_5132_Mesa_14,CORRUPTO_PLANTILLA_B
E14,PRE,01,049,005_05_01_015_5132_Mesa_15,CORRUPTO_PLANTILLA_B
E14,PRE,01,049,005_05_01_016_5132_Mesa_16,CORRUPTO_PLANTILLA_B
E14,PRE,01,049,005_05_01_017_5132_Mesa_17,CORRUPTO_PLANTILLA_B
E14,PRE,01,049,005_05_01_018_5132_Mesa_18,CORRUPTO_PLANTILLA_B
E14,PRE,01,049,005_05_01_019_5132_Mesa_19,CORRUPTO_PLANTILLA_B
E14,PRE,01,049,005_05_01_020_5132_Mesa_20,CORRUPTO_PLANTILLA_B
E14,PRE,01,049,005_05_01_021_5132_Mesa_21,CORRUPTO_PLANTILLA_B
E14,PRE,01,049,005_05_01_022_5132_Mesa_22,CORRUPTO_PLANTILLA_B
E14,PRE,01,049,005_05_01_023_5132_Mesa_23,CORRUPTO_PLANTILLA_B
E14,PRE,01,049,005_05_01_024_5132_Mesa_24,CORRUPTO_PLANTILLA_B
E14,PRE,01,049,005_05_01_025_5132_Mesa_25,CORRUPTO_PLANTILLA_B
E14,PRE,01,049,005_05_01_026_5132_Mesa_26,CORRUPTO_PLANTILLA_B
E14,PRE,01,049,005_05_01_027_5132_Mesa_27,CORRUPTO_PLANTILLA_B
E14,PRE,01,049,005_05_01_028_5132_Mesa_28,CORRUPTO_PLANTILLA_B
E14,PRE,01,049,005_05_01_029_5132_Mesa_29,CORRUPTO_PLANTILLA_B
E14,PRE,01,049,005_05_01_030_5132_Mesa_30,CORRUPTO_PLANTILLA_B
E14,PRE,01,049,005_05_02_001_5138_Mesa_1,CORRUPTO_PLANTILLA_B
E14,PRE,01,049,005_05_02_002_5138_Mesa_2,CORRUPTO_PLANTILLA_B
E14,PRE,01,049,005_05_02_003_5138_Mesa_3,CORRUPTO_PLANTILLA_B
E14,PRE,01,049,005_05_02_004_5138_Mesa_4,CORRUPTO_PLANTILLA_B
E14,PRE,01,049,005_05_02_005_5138_Mesa_5,CORRUPTO_PLANTILLA_B
E14,PRE,01,049,005_05_02_006_5138_Mesa_6,CORRUPTO_PLANTILLA_B
E14,PRE,01,049,005_05_02_007_5138_Mesa_7,CORRUPTO_PLANTILLA_B
E14,PRE,01,049,005_05_02_008_5138_Mesa_8,CORRUPTO_PLANTILLA_B
E14,PRE,01,049,005_05_02_009_5138_Mesa_9,CORRUPTO_PLANTILLA_B
E14,PRE,01,049,005_05_02_010_5138_Mesa_10,CORRUPTO_PLANTILLA_B
E14,PRE,01,049,005_05_02_011_5138_Mesa_11,CORRUPTO_PLANTILLA_B
E14,PRE,01,049,005_05_02_012_5138_Mesa_12,CORRUPTO_PLANTILLA_B
E14,PRE,01,049,005_05_02_013_5138_Mesa_13,CORRUPTO_PLANTILLA_B
E14,PRE,01,049,005_05_02_014_5138_Mesa_14,CORRUPTO_PLANTILLA_B
E14,PRE,01,049,005_05_02_015_5138_Mesa_15,CORRUPTO_PLANTILLA_B
E14,PRE,01,049,005_05_02_016_5138_Mesa_16,CORRUPTO_PLANTILLA_B
E14,PRE,01,049,005_05_02_017_5138_Mesa_17,CORRUPTO_PLANTILLA_B
E14,PRE,01,049,005_05_02_018_5138_Mesa_18,CORRUPTO_PLANTILLA_B
E14,PRE,01,049,005_05_02_019_5138_Mesa_19,CORRUPTO_PLANTILLA_B
E14,PRE,01,049,005_05_02_020_5138_Mesa_20,CORRUPTO_PLANTILLA_B
E14,PRE,01,049,005_05_03_001_5138_Mesa_1,CORRUPTO_PLANTILLA_B
E14,PRE,01,049,005_05_03_002_5138_Mesa_2,CORRUPTO_PLANTILLA_B
E14,PRE,01,049,005_05_03_003_5138_Mesa_3,CORRUPTO_PLANTILLA_B
E14,PRE,01,049,005_05_04_001_5133_Mesa_1,CORRUPTO_PLANTILLA_B
E14,PRE,01,049,005_05_04_002_5133_Mesa_2,CORRUPTO_PLANTILLA_B
E14,PRE,01,049,005_05_04_003_5133_Mesa_3,CORRUPTO_PLANTILLA_B
E14,PRE,01,049,005_05_04_004_5133_Mesa_4,CORRUPTO_PLANTILLA_B
E14,PRE,01,049,005_05_04_005_5133_Mesa_5,CORRUPTO_PLANTILLA_B
E14,PRE,01,049,005_05_04_006_5133_Mesa_6,CORRUPTO_PLANTILLA_B
E14,PRE,01,049,005_05_04_007_5133_Mesa_7,CORRUPTO_PLANTILLA_B
E14,PRE,01,049,005_05_04_008_5133_Mesa_8,CORRUPTO_PLANTILLA_B
E14,PRE,01,049,005_05_04_009_5133_Mesa_9,CORRUPTO_PLANTILLA_B
E14,PRE,01,049,005_05_04_010_5133_Mesa_10,CORRUPTO_PLANTILLA_B
E14,PRE,01,049,005_05_04_011_5133_Mesa_11,CORRUPTO_PLANTILLA_B
E14,PRE,01,049,005_05_04_012_5133_Mesa_12,CORRUPTO_PLANTILLA_B
E14,PRE,01,049,005_05_04_013_5133_Mesa_13,CORRUPTO_PLANTILLA_B
E14,PRE,01,049,005_05_04_014_5133_Mesa_14,CORRUPTO_PLANTILLA_B
E14,PRE,01,049,005_05_04_015_5133_Mesa_15,CORRUPTO_PLANTILLA_B
E14,PRE,01,049,005_05_04_016_5133_Mesa_16,CORRUPTO_PLANTILLA_B
E14,PRE,01,049,005_05_04_017_5133_Mesa_17,CORRUPTO_PLANTILLA_B
E14,PRE,01,049,005_05_04_018_5133_Mesa_18,CORRUPTO_PLANTILLA_B
E14,PRE,01,049,005_05_04_019_5133_Mesa_19,CORRUPTO_PLANTILLA_B
E14,PRE,01,049,005_05_04_020_5133_Mesa_20,CORRUPTO_PLANTILLA_B
E14,PRE,01,049,005_05_04_021_5133_Mesa_21,CORRUPTO_PLANTILLA_B
E14,PRE,01,049,005_05_04_022_5133_Mesa_22,CORRUPTO_PLANTILLA_B
E14,PRE,01,049,005_05_04_023_5133_Mesa_23,CORRUPTO_PLANTILLA_B
E14,PRE,01,049,005_05_04_024_5133_Mesa_24,CORRUPTO_PLANTILLA_B
E14,PRE,01,049,005_05_04_025_5133_Mesa_25,CORRUPTO_PLANTILLA_B
E14,PRE,01,049,005_05_04_026_5133_Mesa_26,CORRUPTO_PLANTILLA_B
E14,PRE,01,049,005_05_04_027_5133_Mesa_27,CORRUPTO_PLANTILLA_B
E14,PRE,01,049,005_05_04_028_5133_Mesa_28,CORRUPTO_PLANTILLA_B
E14,PRE,01,049,005_05_04_029_5133_Mesa_29,CORRUPTO_PLANTILLA_B
E14,PRE,01,049,005_05_04_030_5133_Mesa_30,CORRUPTO_PLANTILLA_B
E14,PRE,01,049,005_05_04_031_5133_Mesa_31,CORRUPTO_PLANTILLA_B
E14,PRE,01,049,005_05_04_032_5133_Mesa_32,CORRUPTO_PLANTILLA_B
E14,PRE,01,049,005_05_04_033_5133_Mesa_33,CORRUPTO_PLANTILLA_B
E14,PRE,01,049,005_05_04_034_5133_Mesa_34,CORRUPTO_PLANTILLA_B
E14,PRE,01,049,005_05_04_035_5133_Mesa_35,CORRUPTO_PLANTILLA_B
E14,PRE,01,049,006_06_01_001_5138_Mesa_1,CORRUPTO_PLANTILLA_B
E14,PRE,01,049,006_06_01_002_5138_Mesa_2,CORRUPTO_PLANTILLA_B
E14,PRE,01,049,006_06_02_001_5134_Mesa_1,CORRUPTO_PLANTILLA_B
E14,PRE,01,049,006_06_03_001_5134_Mesa_1,CORRUPTO_PLANTILLA_B
E14,PRE,01,049,006_06_03_002_5134_Mesa_2,CORRUPTO_PLANTILLA_B
E14,PRE,01,049,006_06_03_003_5134_Mesa_3,CORRUPTO_PLANTILLA_B
E14,PRE,01,049,006_06_03_004_5134_Mesa_4,CORRUPTO_PLANTILLA_B
E14,PRE,01,049,006_06_03_005_5134_Mesa_5,CORRUPTO_PLANTILLA_B
E14,PRE,01,049,006_06_03_006_5134_Mesa_6,CORRUPTO_PLANTILLA_B
E14,PRE,01,049,006_06_03_007_5134_Mesa_7,CORRUPTO_PLANTILLA_B
E14,PRE,01,049,006_06_03_008_5134_Mesa_8,CORRUPTO_PLANTILLA_B
E14,PRE,01,049,006_06_03_009_5134_Mesa_9,CORRUPTO_PLANTILLA_B
E14,PRE,01,049,006_06_03_010_5134_Mesa_10,CORRUPTO_PLANTILLA_B
E14,PRE,01,049,006_06_03_011_5134_Mesa_11,CORRUPTO_PLANTILLA_B
E14,PRE,01,049,006_06_03_012_5134_Mesa_12,CORRUPTO_PLANTILLA_B
E14,PRE,01,049,006_06_03_013_5134_Mesa_13,CORRUPTO_PLANTILLA_B
E14,PRE,01,049,006_06_03_014_5134_Mesa_14,CORRUPTO_PLANTILLA_B
E14,PRE,01,049,006_06_03_015_5134_Mesa_15,CORRUPTO_PLANTILLA_B
E14,PRE,01,049,006_06_03_016_5134_Mesa_16,CORRUPTO_PLANTILLA_B
E14,PRE,01,049,006_06_03_017_5134_Mesa_17,CORRUPTO_PLANTILLA_B
E14,PRE,01,049,006_06_03_018_5134_Mesa_18,CORRUPTO_PLANTILLA_B
E14,PRE,01,049,006_06_03_019_5134_Mesa_19,CORRUPTO_PLANTILLA_B
E14,PRE,01,049,006_06_03_020_5134_Mesa_20,CORRUPTO_PLANTILLA_B
E14,PRE,01,049,006_06_03_021_5134_Mesa_21,CORRUPTO_PLANTILLA_B
E14,PRE,01,049,006_06_03_022_5134_Mesa_22,CORRUPTO_PLANTILLA_B
E14,PRE,01,049,006_06_03_023_5134_Mesa_23,CORRUPTO_PLANTILLA_B
E14,PRE,01,049,006_06_03_024_5134_Mesa_24,CORRUPTO_PLANTILLA_B
E14,PRE,01,049,006_06_03_025_5134_Mesa_25,CORRUPTO_PLANTILLA_B
E14,PRE,01,049,006_06_03_026_5134_Mesa_26,CORRUPTO_PLANTILLA_B
E14,PRE,01,049,006_06_03_027_5134_Mesa_27,CORRUPTO_PLANTILLA_B
E14,PRE,01,049,006_06_03_028_5134_Mesa_28,CORRUPTO_PLANTILLA_B
E14,PRE,01,049,006_06_03_029_5134_Mesa_29,CORRUPTO_PLANTILLA_B
E14,PRE,01,049,006_06_03_030_5134_Mesa_30,CORRUPTO_PLANTILLA_B
E14,PRE,01,049,006_06_03_031_5134_Mesa_31,CORRUPTO_PLANTILLA_B
E14,PRE,01,049,006_06_03_032_5134_Mesa_32,CORRUPTO_PLANTILLA_B
E14,PRE,01,049,006_06_03_033_5134_Mesa_33,CORRUPTO_PLANTILLA_B
E14,PRE,01,049,006_06_03_034_5134_Mesa_34,CORRUPTO_PLANTILLA_B
E14,PRE,01,049,006_06_03_035_5134_Mesa_35,CORRUPTO_PLANTILLA_B
E14,PRE,01,049,006_06_03_036_5134_Mesa_36,CORRUPTO_PLANTILLA_B
E14,PRE,01,049,006_06_03_037_5134_Mesa_37,CORRUPTO_PLANTILLA_B
E14,PRE,01,049,006_06_03_038_5134_Mesa_38,CORRUPTO_PLANTILLA_B
E14,PRE,01,049,006_06_03_039_5134_Mesa_39,CORRUPTO_PLANTILLA_B
E14,PRE,01,049,006_06_04_001_5124_Mesa_1,CORRUPTO_PLANTILLA_B
E14,PRE,01,049,006_06_04_002_5124_Mesa_2,CORRUPTO_PLANTILLA_B
E14,PRE,01,049,006_06_04_003_5124_Mesa_3,CORRUPTO_PLANTILLA_B
E14,PRE,01,049,006_06_04_004_5124_Mesa_4,CORRUPTO_PLANTILLA_B
E14,PRE,01,049,006_06_04_005_5124_Mesa_5,CORRUPTO_PLANTILLA_B
E14,PRE,01,049,006_06_04_006_5124_Mesa_6,CORRUPTO_PLANTILLA_B
E14,PRE,01,049,006_06_04_007_5124_Mesa_7,CORRUPTO_PLANTILLA_B
E14,PRE,01,049,006_06_04_008_5124_Mesa_8,CORRUPTO_PLANTILLA_B
E14,PRE,01,049,006_06_04_009_5124_Mesa_9,CORRUPTO_PLANTILLA_B
E14,PRE,01,049,006_06_04_010_5124_Mesa_10,CORRUPTO_PLANTILLA_B
E14,PRE,01,049,006_06_04_011_5124_Mesa_11,CORRUPTO_PLANTILLA_B
E14,PRE,01,049,006_06_04_012_5124_Mesa_12,CORRUPTO_PLANTILLA_B
E14,PRE,01,049,006_06_04_013_5124_Mesa_13,CORRUPTO_PLANTILLA_B
E14,PRE,01,049,006_06_04_014_5124_Mesa_14,CORRUPTO_PLANTILLA_B
E14,PRE,01,049,006_06_04_015_5124_Mesa_15,CORRUPTO_PLANTILLA_B
E14,PRE,01,049,006_06_04_016_5124_Mesa_16,CORRUPTO_PLANTILLA_B
E14,PRE,01,049,006_06_04_017_5124_Mesa_17,CORRUPTO_PLANTILLA_B
E14,PRE,01,049,006_06_04_018_5124_Mesa_18,CORRUPTO_PLANTILLA_B
E14,PRE,01,049,006_06_04_019_5124_Mesa_19,CORRUPTO_PLANTILLA_B
E14,PRE,01,049,006_06_04_020_5124_Mesa_20,CORRUPTO_PLANTILLA_B
E14,PRE,01,049,006_06_04_021_5124_Mesa_21,CORRUPTO_PLANTILLA_B
E14,PRE,01,049,006_06_04_022_5124_Mesa_22,CORRUPTO_PLANTILLA_B
E14,PRE,01,049,006_06_04_023_5124_Mesa_23,CORRUPTO_PLANTILLA_B
E14,PRE,01,049,006_06_04_024_5124_Mesa_24,CORRUPTO_PLANTILLA_B
E14,PRE,01,049,006_06_04_025_5124_Mesa_25,CORRUPTO_PLANTILLA_B
E14,PRE,01,049,006_06_04_026_5124_Mesa_26,CORRUPTO_PLANTILLA_B
E14,PRE,01,049,006_06_04_027_5124_Mesa_27,CORRUPTO_PLANTILLA_B
E14,PRE,01,049,006_06_04_028_5124_Mesa_28,CORRUPTO_PLANTILLA_B
E14,PRE,01,049,006_06_04_029_5124_Mesa_29,CORRUPTO_PLANTILLA_B
E14,PRE,01,049,006_06_04_030_5124_Mesa_30,CORRUPTO_PLANTILLA_B
E14,PRE,01,049,007_07_01_001_5133_Mesa_1,CORRUPTO_PLANTILLA_B
E14,PRE,01,049,007_07_01_002_5133_Mesa_2,CORRUPTO_PLANTILLA_B
E14,PRE,01,049,007_07_01_003_5133_Mesa_3,CORRUPTO_PLANTILLA_B
E14,PRE,01,049,007_07_01_004_5133_Mesa_4,CORRUPTO_PLANTILLA_B
E14,PRE,01,049,007_07_01_005_5133_Mesa_5,CORRUPTO_PLANTILLA_B
E14,PRE,01,049,007_07_01_006_5133_Mesa_6,CORRUPTO_PLANTILLA_B
E14,PRE,01,049,007_07_01_007_5133_Mesa_7,CORRUPTO_PLANTILLA_B
E14,PRE,01,049,007_07_01_008_5133_Mesa_8,CORRUPTO_PLANTILLA_B
E14,PRE,01,049,007_07_01_009_5133_Mesa_9,CORRUPTO_PLANTILLA_B
E14,PRE,01,049,007_07_01_010_5133_Mesa_10,CORRUPTO_PLANTILLA_B
E14,PRE,01,049,007_07_01_011_5133_Mesa_11,CORRUPTO_PLANTILLA_B
E14,PRE,01,049,007_07_01_012_5133_Mesa_12,CORRUPTO_PLANTILLA_B
E14,PRE,01,049,007_07_01_013_5133_Mesa_13,CORRUPTO_PLANTILLA_B
E14,PRE,01,049,007_07_01_014_5133_Mesa_14,CORRUPTO_PLANTILLA_B
E14,PRE,01,049,007_07_01_015_5133_Mesa_15,CORRUPTO_PLANTILLA_B
E14,PRE,01,049,007_07_01_016_5133_Mesa_16,CORRUPTO_PLANTILLA_B
E14,PRE,01,049,007_07_01_017_5133_Mesa_17,CORRUPTO_PLANTILLA_B
E14,PRE,01,049,007_07_01_018_5133_Mesa_18,CORRUPTO_PLANTILLA_B
E14,PRE,01,049,007_07_01_019_5133_Mesa_19,CORRUPTO_PLANTILLA_B
E14,PRE,01,049,007_07_01_020_5133_Mesa_20,CORRUPTO_PLANTILLA_B
E14,PRE,01,049,007_07_01_021_5133_Mesa_21,CORRUPTO_PLANTILLA_B
E14,PRE,01,049,007_07_02_001_5136_Mesa_1,CORRUPTO_PLANTILLA_B
E14,PRE,01,049,007_07_02_002_5136_Mesa_2,CORRUPTO_PLANTILLA_B
E14,PRE,01,049,007_07_02_003_5136_Mesa_3,CORRUPTO_PLANTILLA_B
E14,PRE,01,049,007_07_02_004_5136_Mesa_4,CORRUPTO_PLANTILLA_B
E14,PRE,01,049,007_07_02_005_5136_Mesa_5,CORRUPTO_PLANTILLA_B
E14,PRE,01,049,007_07_02_006_5136_Mesa_6,CORRUPTO_PLANTILLA_B
E14,PRE,01,049,007_07_02_007_5136_Mesa_7,CORRUPTO_PLANTILLA_B
E14,PRE,01,049,007_07_02_008_5136_Mesa_8,CORRUPTO_PLANTILLA_B
E14,PRE,01,049,007_07_02_009_5136_Mesa_9,CORRUPTO_PLANTILLA_B
E14,PRE,01,049,007_07_02_010_5136_Mesa_10,CORRUPTO_PLANTILLA_B
E14,PRE,01,049,007_07_02_011_5136_Mesa_11,CORRUPTO_PLANTILLA_B
E14,PRE,01,049,007_07_02_012_5136_Mesa_12,CORRUPTO_PLANTILLA_B
E14,PRE,01,049,007_07_02_013_5136_Mesa_13,CORRUPTO_PLANTILLA_B
E14,PRE,01,049,007_07_02_014_5136_Mesa_14,CORRUPTO_PLANTILLA_B
E14,PRE,01,049,007_07_02_015_5136_Mesa_15,CORRUPTO_PLANTILLA_B
E14,PRE,01,049,007_07_02_016_5136_Mesa_16,CORRUPTO_PLANTILLA_B
E14,PRE,01,049,007_07_02_017_5136_Mesa_17,CORRUPTO_PLANTILLA_B
E14,PRE,01,049,007_07_02_018_5136_Mesa_18,CORRUPTO_PLANTILLA_B
E14,PRE,01,049,007_07_03_001_5135_Mesa_1,CORRUPTO_PLANTILLA_B
E14,PRE,01,049,007_07_03_002_5135_Mesa_2,CORRUPTO_PLANTILLA_B
E14,PRE,01,049,007_07_03_003_5135_Mesa_3,CORRUPTO_PLANTILLA_B
E14,PRE,01,049,007_07_03_004_5135_Mesa_4,CORRUPTO_PLANTILLA_B
E14,PRE,01,049,007_07_03_005_5135_Mesa_5,CORRUPTO_PLANTILLA_B
E14,PRE,01,049,007_07_03_006_5135_Mesa_6,CORRUPTO_PLANTILLA_B
E14,PRE,01,049,007_07_03_007_5135_Mesa_7,CORRUPTO_PLANTILLA_B
E14,PRE,01,049,007_07_03_008_5135_Mesa_8,CORRUPTO_PLANTILLA_B
E14,PRE,01,049,007_07_03_009_5135_Mesa_9,CORRUPTO_PLANTILLA_B
E14,PRE,01,049,007_07_03_010_5135_Mesa_10,CORRUPTO_PLANTILLA_B
E14,PRE,01,049,007_07_03_011_5135_Mesa_11,CORRUPTO_PLANTILLA_B
E14,PRE,01,049,007_07_03_012_5135_Mesa_12,CORRUPTO_PLANTILLA_B
E14,PRE,01,049,007_07_03_013_5135_Mesa_13,CORRUPTO_PLANTILLA_B
E14,PRE,01,049,007_07_03_014_5135_Mesa_14,CORRUPTO_PLANTILLA_B
E14,PRE,01,049,007_07_03_015_5135_Mesa_15,CORRUPTO_PLANTILLA_B
E14,PRE,01,049,007_07_03_016_5135_Mesa_16,CORRUPTO_PLANTILLA_B
E14,PRE,01,049,007_07_03_017_5135_Mesa_17,CORRUPTO_PLANTILLA_B
E14,PRE,01,049,007_07_03_018_5135_Mesa_18,CORRUPTO_PLANTILLA_B
E14,PRE,01,049,007_07_03_019_5135_Mesa_19,CORRUPTO_PLANTILLA_B
E14,PRE,01,049,007_07_03_020_5135_Mesa_20,CORRUPTO_PLANTILLA_B
E14,PRE,01,049,007_07_03_021_5135_Mesa_21,CORRUPTO_PLANTILLA_B
E14,PRE,01,049,007_07_03_022_5135_Mesa_22,CORRUPTO_PLANTILLA_B
E14,PRE,01,049,007_07_03_023_5135_Mesa_23,CORRUPTO_PLANTILLA_B
E14,PRE,01,049,007_07_03_024_5135_Mesa_24,CORRUPTO_PLANTILLA_B
E14,PRE,01,049,007_07_03_025_5135_Mesa_25,CORRUPTO_PLANTILLA_B
E14,PRE,01,049,007_07_03_026_5135_Mesa_26,CORRUPTO_PLANTILLA_B
E14,PRE,01,049,007_07_03_027_5135_Mesa_27,CORRUPTO_PLANTILLA_B
E14,PRE,01,049,008_08_01_001_5136_Mesa_1,CORRUPTO_PLANTILLA_B
E14,PRE,01,049,008_08_01_002_5136_Mesa_2,CORRUPTO_PLANTILLA_B
E14,PRE,01,049,008_08_01_003_5136_Mesa_3,CORRUPTO_PLANTILLA_B
E14,PRE,01,049,008_08_01_004_5136_Mesa_4,CORRUPTO_PLANTILLA_B
E14,PRE,01,049,008_08_01_005_5136_Mesa_5,CORRUPTO_PLANTILLA_B
E14,PRE,01,049,008_08_01_006_5136_Mesa_6,CORRUPTO_PLANTILLA_B
E14,PRE,01,049,008_08_01_007_5136_Mesa_7,CORRUPTO_PLANTILLA_B
E14,PRE,01,049,008_08_01_008_5136_Mesa_8,CORRUPTO_PLANTILLA_B
E14,PRE,01,049,008_08_01_009_5136_Mesa_9,CORRUPTO_PLANTILLA_B
E14,PRE,01,049,008_08_01_010_5136_Mesa_10,CORRUPTO_PLANTILLA_B
E14,PRE,01,049,008_08_01_011_5136_Mesa_11,CORRUPTO_PLANTILLA_B
E14,PRE,01,049,008_08_01_012_5136_Mesa_12,CORRUPTO_PLANTILLA_B
E14,PRE,01,049,008_08_01_013_5136_Mesa_13,CORRUPTO_PLANTILLA_B
E14,PRE,01,049,008_08_01_014_5136_Mesa_14,CORRUPTO_PLANTILLA_B
E14,PRE,01,049,008_08_01_015_5136_Mesa_15,CORRUPTO_PLANTILLA_B
E14,PRE,01,049,008_08_01_016_5136_Mesa_16,CORRUPTO_PLANTILLA_B
E14,PRE,01,049,008_08_01_017_5136_Mesa_17,CORRUPTO_PLANTILLA_B
E14,PRE,01,049,008_08_01_018_5136_Mesa_18,CORRUPTO_PLANTILLA_B
E14,PRE,01,049,008_08_01_019_5136_Mesa_19,CORRUPTO_PLANTILLA_B
E14,PRE,01,049,008_08_01_020_5136_Mesa_20,CORRUPTO_PLANTILLA_B
E14,PRE,01,049,008_08_01_021_5136_Mesa_21,CORRUPTO_PLANTILLA_B
E14,PRE,01,049,008_08_01_022_5136_Mesa_22,CORRUPTO_PLANTILLA_B
E14,PRE,01,049,008_08_01_023_5136_Mesa_23,CORRUPTO_PLANTILLA_B
E14,PRE,01,049,008_08_01_024_5136_Mesa_24,CORRUPTO_PLANTILLA_B
E14,PRE,01,049,008_08_01_025_5136_Mesa_25,CORRUPTO_PLANTILLA_B
E14,PRE,01,049,008_08_01_026_5136_Mesa_26,CORRUPTO_PLANTILLA_B
E14,PRE,01,049,008_08_02_001_5127_Mesa_1,CORRUPTO_PLANTILLA_B
E14,PRE,01,049,008_08_02_002_5127_Mesa_2,CORRUPTO_PLANTILLA_B
E14,PRE,01,049,008_08_02_003_5127_Mesa_3,CORRUPTO_PLANTILLA_B
E14,PRE,01,049,008_08_02_004_5127_Mesa_4,CORRUPTO_PLANTILLA_B
E14,PRE,01,049,008_08_02_005_5127_Mesa_5,CORRUPTO_PLANTILLA_B
E14,PRE,01,049,008_08_02_006_5127_Mesa_6,CORRUPTO_PLANTILLA_B
E14,PRE,01,049,008_08_02_007_5127_Mesa_7,CORRUPTO_PLANTILLA_B
E14,PRE,01,049,008_08_02_008_5127_Mesa_8,CORRUPTO_PLANTILLA_B
E14,PRE,01,049,008_08_02_009_5127_Mesa_9,CORRUPTO_PLANTILLA_B
E14,PRE,01,049,008_08_02_010_5127_Mesa_10,CORRUPTO_PLANTILLA_B
E14,PRE,01,049,008_08_02_011_5127_Mesa_11,CORRUPTO_PLANTILLA_B
E14,PRE,01,049,008_08_02_012_5127_Mesa_12,CORRUPTO_PLANTILLA_B
E14,PRE,01,049,008_08_02_013_5127_Mesa_13,CORRUPTO_PLANTILLA_B
E14,PRE,01,049,008_08_02_014_5127_Mesa_14,CORRUPTO_PLANTILLA_B
E14,PRE,01,049,008_08_02_015_5127_Mesa_15,CORRUPTO_PLANTILLA_B
E14,PRE,01,049,008_08_02_016_5127_Mesa_16,CORRUPTO_PLANTILLA_B
E14,PRE,01,049,008_08_02_017_5127_Mesa_17,CORRUPTO_PLANTILLA_B
E14,PRE,01,049,008_08_02_018_5127_Mesa_18,CORRUPTO_PLANTILLA_B
E14,PRE,01,049,008_08_02_019_5127_Mesa_19,CORRUPTO_PLANTILLA_B
E14,PRE,01,049,008_08_02_020_5127_Mesa_20,CORRUPTO_PLANTILLA_B
E14,PRE,01,049,008_08_02_021_5127_Mesa_21,CORRUPTO_PLANTILLA_B
E14,PRE,01,049,008_08_02_022_5127_Mesa_22,CORRUPTO_PLANTILLA_B
E14,PRE,01,049,008_08_02_023_5127_Mesa_23,CORRUPTO_PLANTILLA_B
E14,PRE,01,049,008_08_02_024_5127_Mesa_24,CORRUPTO_PLANTILLA_B
E14,PRE,01,049,008_08_02_025_5127_Mesa_25,CORRUPTO_PLANTILLA_B
E14,PRE,01,049,008_08_02_026_5127_Mesa_26,CORRUPTO_PLANTILLA_B
E14,PRE,01,049,008_08_02_027_5127_Mesa_27,CORRUPTO_PLANTILLA_B
E14,PRE,01,049,008_08_02_028_5127_Mesa_28,CORRUPTO_PLANTILLA_B
E14,PRE,01,049,008_08_02_029_5127_Mesa_29,CORRUPTO_PLANTILLA_B
E14,PRE,01,049,008_08_02_030_5127_Mesa_30,CORRUPTO_PLANTILLA_B
E14,PRE,01,049,008_08_03_001_5132_Mesa_1,CORRUPTO_PLANTILLA_B
E14,PRE,01,049,008_08_03_002_5132_Mesa_2,CORRUPTO_PLANTILLA_B
E14,PRE,01,049,008_08_03_003_5132_Mesa_3,CORRUPTO_PLANTILLA_B
E14,PRE,01,049,008_08_03_004_5132_Mesa_4,CORRUPTO_PLANTILLA_B
E14,PRE,01,049,008_08_03_005_5132_Mesa_5,CORRUPTO_PLANTILLA_B
E14,PRE,01,049,008_08_03_006_5132_Mesa_6,CORRUPTO_PLANTILLA_B
E14,PRE,01,049,008_08_03_007_5132_Mesa_7,CORRUPTO_PLANTILLA_B
E14,PRE,01,049,008_08_03_008_5132_Mesa_8,CORRUPTO_PLANTILLA_B
E14,PRE,01,049,008_08_03_009_5132_Mesa_9,CORRUPTO_PLANTILLA_B
E14,PRE,01,049,008_08_03_010_5132_Mesa_10,CORRUPTO_PLANTILLA_B
E14,PRE,01,049,008_08_03_011_5132_Mesa_11,CORRUPTO_PLANTILLA_B
E14,PRE,01,049,008_08_03_012_5132_Mesa_12,CORRUPTO_PLANTILLA_B
E14,PRE,01,049,008_08_03_013_5132_Mesa_13,CORRUPTO_PLANTILLA_B
E14,PRE,01,049,008_08_03_014_5132_Mesa_14,CORRUPTO_PLANTILLA_B
E14,PRE,01,049,008_08_03_015_5132_Mesa_15,CORRUPTO_PLANTILLA_B
E14,PRE,01,049,008_08_03_016_5132_Mesa_16,CORRUPTO_PLANTILLA_B
E14,PRE,01,049,008_08_03_017_5132_Mesa_17,CORRUPTO_PLANTILLA_B
E14,PRE,01,049,008_08_03_018_5132_Mesa_18,CORRUPTO_PLANTILLA_B
E14,PRE,01,049,008_08_03_019_5132_Mesa_19,CORRUPTO_PLANTILLA_B
E14,PRE,01,049,008_08_03_020_5132_Mesa_20,CORRUPTO_PLANTILLA_B
E14,PRE,01,049,008_08_03_021_5132_Mesa_21,CORRUPTO_PLANTILLA_B
E14,PRE,01,049,008_08_03_022_5132_Mesa_22,CORRUPTO_PLANTILLA_B
E14,PRE,01,049,008_08_03_023_5132_Mesa_23,CORRUPTO_PLANTILLA_B
E14,PRE,01,049,008_08_03_024_5132_Mesa_24,CORRUPTO_PLANTILLA_B
E14,PRE,01,049,008_08_03_025_5132_Mesa_25,CORRUPTO_PLANTILLA_B
E14,PRE,01,049,008_08_03_026_5132_Mesa_26,CORRUPTO_PLANTILLA_B
E14,PRE,01,049,008_08_04_001_5131_Mesa_1,CORRUPTO_PLANTILLA_B
E14,PRE,01,049,008_08_04_002_5131_Mesa_2,CORRUPTO_PLANTILLA_B
E14,PRE,01,049,008_08_04_003_5131_Mesa_3,CORRUPTO_PLANTILLA_B
E14,PRE,01,049,008_08_04_004_5131_Mesa_4,CORRUPTO_PLANTILLA_B
E14,PRE,01,049,008_08_04_005_5131_Mesa_5,CORRUPTO_PLANTILLA_B
E14,PRE,01,049,008_08_04_006_5131_Mesa_6,CORRUPTO_PLANTILLA_B
E14,PRE,01,049,008_08_04_007_5131_Mesa_7,CORRUPTO_PLANTILLA_B
E14,PRE,01,049,008_08_04_008_5131_Mesa_8,CORRUPTO_PLANTILLA_B
E14,PRE,01,049,008_08_04_009_5131_Mesa_9,CORRUPTO_PLANTILLA_B
E14,PRE,01,049,008_08_04_010_5131_Mesa_10,CORRUPTO_PLANTILLA_B
E14,PRE,01,049,008_08_04_011_5131_Mesa_11,CORRUPTO_PLANTILLA_B
E14,PRE,01,049,008_08_04_012_5131_Mesa_12,CORRUPTO_PLANTILLA_B
E14,PRE,01,049,008_08_04_013_5131_Mesa_13,CORRUPTO_PLANTILLA_B
E14,PRE,01,049,008_08_04_014_5131_Mesa_14,CORRUPTO_PLANTILLA_B
E14,PRE,01,049,008_08_04_015_5131_Mesa_15,CORRUPTO_PLANTILLA_B
E14,PRE,01,049,008_08_04_016_5131_Mesa_16,CORRUPTO_PLANTILLA_B
E14,PRE,01,049,008_08_04_017_5131_Mesa_17,CORRUPTO_PLANTILLA_B
E14,PRE,01,049,008_08_04_018_5131_Mesa_18,CORRUPTO_PLANTILLA_B
E14,PRE,01,049,008_08_04_019_5131_Mesa_19,CORRUPTO_PLANTILLA_B
E14,PRE,01,049,008_08_04_020_5131_Mesa_20,CORRUPTO_PLANTILLA_B
E14,PRE,01,049,008_08_04_021_5131_Mesa_21,CORRUPTO_PLANTILLA_B
E14,PRE,01,049,008_08_04_022_5131_Mesa_22,CORRUPTO_PLANTILLA_B
E14,PRE,01,049,008_08_04_023_5131_Mesa_23,CORRUPTO_PLANTILLA_B
E14,PRE,01,049,008_08_04_024_5131_Mesa_24,CORRUPTO_PLANTILLA_B
E14,PRE,01,049,008_08_04_025_5131_Mesa_25,CORRUPTO_PLANTILLA_B
E14,PRE,01,049,008_08_04_026_5131_Mesa_26,CORRUPTO_PLANTILLA_B
E14,PRE,01,049,008_08_04_027_5131_Mesa_27,CORRUPTO_PLANTILLA_B
E14,PRE,01,049,008_08_04_028_5131_Mesa_28,CORRUPTO_PLANTILLA_B
E14,PRE,01,049,008_08_04_029_5131_Mesa_29,CORRUPTO_PLANTILLA_B
E14,PRE,01,049,008_08_04_030_5131_Mesa_30,CORRUPTO_PLANTILLA_B
E14,PRE,01,049,008_08_05_001_5136_Mesa_1,CORRUPTO_PLANTILLA_B
E14,PRE,01,049,008_08_05_002_5136_Mesa_2,CORRUPTO_PLANTILLA_B
E14,PRE,01,049,009_09_01_001_5122_Mesa_1,CORRUPTO_PLANTILLA_B
E14,PRE,01,049,009_09_01_002_5122_Mesa_2,CORRUPTO_PLANTILLA_B
E14,PRE,01,049,009_09_01_003_5122_Mesa_3,CORRUPTO_PLANTILLA_B
E14,PRE,01,049,009_09_01_004_5122_Mesa_4,CORRUPTO_PLANTILLA_B
E14,PRE,01,049,009_09_01_005_5122_Mesa_5,CORRUPTO_PLANTILLA_B
E14,PRE,01,049,009_09_01_006_5122_Mesa_6,CORRUPTO_PLANTILLA_B
E14,PRE,01,049,009_09_01_007_5122_Mesa_7,CORRUPTO_PLANTILLA_B
E14,PRE,01,049,009_09_01_008_5122_Mesa_8,CORRUPTO_PLANTILLA_B
E14,PRE,01,049,009_09_01_009_5122_Mesa_9,CORRUPTO_PLANTILLA_B
E14,PRE,01,049,009_09_01_010_5122_Mesa_10,CORRUPTO_PLANTILLA_B
E14,PRE,01,049,009_09_01_011_5122_Mesa_11,CORRUPTO_PLANTILLA_B
E14,PRE,01,049,009_09_02_001_5136_Mesa_1,CORRUPTO_PLANTILLA_B
E14,PRE,01,049,009_09_02_002_5136_Mesa_2,CORRUPTO_PLANTILLA_B
E14,PRE,01,049,009_09_02_003_5136_Mesa_3,CORRUPTO_PLANTILLA_B
E14,PRE,01,049,009_09_02_004_5136_Mesa_4,CORRUPTO_PLANTILLA_B
E14,PRE,01,049,009_09_02_005_5136_Mesa_5,CORRUPTO_PLANTILLA_B
E14,PRE,01,049,009_09_02_006_5136_Mesa_6,CORRUPTO_PLANTILLA_B
E14,PRE,01,049,009_09_02_007_5136_Mesa_7,CORRUPTO_PLANTILLA_B
E14,PRE,01,049,009_09_03_001_5136_Mesa_1,CORRUPTO_PLANTILLA_B
E14,PRE,01,049,009_09_03_002_5136_Mesa_2,CORRUPTO_PLANTILLA_B
E14,PRE,01,049,010_10_01_001_5134_Mesa_1,CORRUPTO_PLANTILLA_B
E14,PRE,01,049,010_10_01_002_5134_Mesa_2,CORRUPTO_PLANTILLA_B
E14,PRE,01,049,010_10_01_003_5134_Mesa_3,CORRUPTO_PLANTILLA_B
E14,PRE,01,049,010_10_01_004_5134_Mesa_4,CORRUPTO_PLANTILLA_B
E14,PRE,01,049,010_10_01_005_5134_Mesa_5,CORRUPTO_PLANTILLA_B
E14,PRE,01,049,010_10_01_006_5134_Mesa_6,CORRUPTO_PLANTILLA_B
E14,PRE,01,049,010_10_01_007_5134_Mesa_7,CORRUPTO_PLANTILLA_B
E14,PRE,01,049,010_10_01_008_5134_Mesa_8,CORRUPTO_PLANTILLA_B
E14,PRE,01,049,010_10_01_009_5134_Mesa_9,CORRUPTO_PLANTILLA_B
E14,PRE,01,049,010_10_01_010_5134_Mesa_10,CORRUPTO_PLANTILLA_B
E14,PRE,01,049,010_10_01_011_5134_Mesa_11,CORRUPTO_PLANTILLA_B
E14,PRE,01,049,010_10_01_012_5134_Mesa_12,CORRUPTO_PLANTILLA_B
E14,PRE,01,049,010_10_01_013_5134_Mesa_13,CORRUPTO_PLANTILLA_B
E14,PRE,01,049,010_10_01_014_5134_Mesa_14,CORRUPTO_PLANTILLA_B
E14,PRE,01,049,010_10_01_015_5134_Mesa_15,CORRUPTO_PLANTILLA_B
E14,PRE,01,049,010_10_02_001_5137_Mesa_1,CORRUPTO_PLANTILLA_B
E14,PRE,01,049,010_10_02_002_5137_Mesa_2,CORRUPTO_PLANTILLA_B
E14,PRE,01,049,010_10_02_003_5137_Mesa_3,CORRUPTO_PLANTILLA_B
E14,PRE,01,049,010_10_02_004_5137_Mesa_4,CORRUPTO_PLANTILLA_B
E14,PRE,01,049,010_10_02_005_5137_Mesa_5,CORRUPTO_PLANTILLA_B
E14,PRE,01,049,010_10_02_006_5137_Mesa_6,CORRUPTO_PLANTILLA_B
E14,PRE,01,049,010_10_02_007_5137_Mesa_7,CORRUPTO_PLANTILLA_B
E14,PRE,01,049,010_10_02_008_5137_Mesa_8,CORRUPTO_PLANTILLA_B
E14,PRE,01,049,010_10_02_009_5137_Mesa_9,CORRUPTO_PLANTILLA_B
E14,PRE,01,049,010_10_02_010_5137_Mesa_10,CORRUPTO_PLANTILLA_B
E14,PRE,01,049,010_10_02_011_5137_Mesa_11,CORRUPTO_PLANTILLA_B
E14,PRE,01,049,010_10_02_012_5137_Mesa_12,CORRUPTO_PLANTILLA_B
E14,PRE,01,049,010_10_02_013_5137_Mesa_13,CORRUPTO_PLANTILLA_B
E14,PRE,01,049,010_10_02_014_5137_Mesa_14,CORRUPTO_PLANTILLA_B
E14,PRE,01,049,010_10_02_015_5137_Mesa_15,CORRUPTO_PLANTILLA_B
E14,PRE,01,049,010_10_02_016_5137_Mesa_16,CORRUPTO_PLANTILLA_B
E14,PRE,01,049,010_10_02_017_5137_Mesa_17,CORRUPTO_PLANTILLA_B
E14,PRE,01,049,010_10_02_018_5137_Mesa_18,CORRUPTO_PLANTILLA_B
E14,PRE,01,049,010_10_02_019_5137_Mesa_19,CORRUPTO_PLANTILLA_B
E14,PRE,01,049,010_10_02_020_5137_Mesa_20,CORRUPTO_PLANTILLA_B
E14,PRE,01,049,010_10_02_021_5137_Mesa_21,CORRUPTO_PLANTILLA_B
E14,PRE,01,049,010_10_02_022_5137_Mesa_22,CORRUPTO_PLANTILLA_B
E14,PRE,01,049,010_10_02_023_5137_Mesa_23,CORRUPTO_PLANTILLA_B
E14,PRE,01,049,010_10_02_024_5137_Mesa_24,CORRUPTO_PLANTILLA_B
E14,PRE,01,049,010_10_02_025_5137_Mesa_25,CORRUPTO_PLANTILLA_B
E14,PRE,01,049,010_10_03_001_5137_Mesa_1,CORRUPTO_PLANTILLA_B
E14,PRE,01,049,011_11_01_001_5130_Mesa_1,CORRUPTO_PLANTILLA_B
E14,PRE,01,049,011_11_01_002_5130_Mesa_2,CORRUPTO_PLANTILLA_B
E14,PRE,01,049,011_11_01_003_5130_Mesa_3,CORRUPTO_PLANTILLA_B
E14,PRE,01,049,011_11_01_004_5130_Mesa_4,CORRUPTO_PLANTILLA_B
E14,PRE,01,049,011_11_01_005_5130_Mesa_5,CORRUPTO_PLANTILLA_B
E14,PRE,01,049,011_11_01_006_5130_Mesa_6,CORRUPTO_PLANTILLA_B
E14,PRE,01,049,011_11_01_007_5130_Mesa_7,CORRUPTO_PLANTILLA_B
E14,PRE,01,049,011_11_01_008_5130_Mesa_8,CORRUPTO_PLANTILLA_B
E14,PRE,01,049,011_11_01_009_5130_Mesa_9,CORRUPTO_PLANTILLA_B
E14,PRE,01,049,011_11_01_010_5130_Mesa_10,CORRUPTO_PLANTILLA_B
E14,PRE,01,049,011_11_01_011_5130_Mesa_11,CORRUPTO_PLANTILLA_B
E14,PRE,01,049,011_11_01_012_5130_Mesa_12,CORRUPTO_PLANTILLA_B
E14,PRE,01,049,011_11_01_013_5130_Mesa_13,CORRUPTO_PLANTILLA_B
E14,PRE,01,049,011_11_02_001_5121_Mesa_1,CORRUPTO_PLANTILLA_B
E14,PRE,01,049,011_11_02_002_5121_Mesa_2,CORRUPTO_PLANTILLA_B
E14,PRE,01,049,011_11_02_003_5121_Mesa_3,CORRUPTO_PLANTILLA_B
E14,PRE,01,049,011_11_02_004_5121_Mesa_4,CORRUPTO_PLANTILLA_B
E14,PRE,01,049,011_11_02_005_5121_Mesa_5,CORRUPTO_PLANTILLA_B
E14,PRE,01,049,011_11_02_006_5121_Mesa_6,CORRUPTO_PLANTILLA_B
E14,PRE,01,049,011_11_02_007_5121_Mesa_7,CORRUPTO_PLANTILLA_B
E14,PRE,01,049,011_11_02_008_5121_Mesa_8,CORRUPTO_PLANTILLA_B
E14,PRE,01,049,011_11_02_009_5121_Mesa_9,CORRUPTO_PLANTILLA_B
E14,PRE,01,049,011_11_02_010_5121_Mesa_10,CORRUPTO_PLANTILLA_B
E14,PRE,01,049,011_11_02_011_5121_Mesa_11,CORRUPTO_PLANTILLA_B
E14,PRE,01,049,011_11_02_012_5121_Mesa_12,CORRUPTO_PLANTILLA_B
E14,PRE,01,049,011_11_02_013_5121_Mesa_13,CORRUPTO_PLANTILLA_B
E14,PRE,01,049,011_11_02_014_5121_Mesa_14,CORRUPTO_PLANTILLA_B
E14,PRE,01,049,011_11_02_015_5121_Mesa_15,CORRUPTO_PLANTILLA_B
E14,PRE,01,049,011_11_02_016_5121_Mesa_16,CORRUPTO_PLANTILLA_B
E14,PRE,01,049,011_11_02_017_5121_Mesa_17,CORRUPTO_PLANTILLA_B
E14,PRE,01,049,011_11_02_018_5121_Mesa_18,CORRUPTO_PLANTILLA_B
E14,PRE,01,049,011_11_02_019_5121_Mesa_19,CORRUPTO_PLANTILLA_B
E14,PRE,01,049,011_11_02_020_5121_Mesa_20,CORRUPTO_PLANTILLA_B
E14,PRE,01,049,011_11_02_021_5121_Mesa_21,CORRUPTO_PLANTILLA_B
E14,PRE,01,049,011_11_02_022_5121_Mesa_22,CORRUPTO_PLANTILLA_B
E14,PRE,01,049,011_11_02_023_5121_Mesa_23,CORRUPTO_PLANTILLA_B
E14,PRE,01,049,011_11_02_024_5121_Mesa_24,CORRUPTO_PLANTILLA_B
E14,PRE,01,049,011_11_02_025_5121_Mesa_25,CORRUPTO_PLANTILLA_B
E14,PRE,01,049,011_11_02_026_5121_Mesa_26,CORRUPTO_PLANTILLA_B
E14,PRE,01,049,011_11_02_027_5121_Mesa_27,CORRUPTO_PLANTILLA_B
E14,PRE,01,049,011_11_02_028_5121_Mesa_28,CORRUPTO_PLANTILLA_B
E14,PRE,01,049,011_11_02_029_5121_Mesa_29,CORRUPTO_PLANTILLA_B
E14,PRE,01,049,011_11_02_030_5121_Mesa_30,CORRUPTO_PLANTILLA_B
E14,PRE,01,049,011_11_03_001_5137_Mesa_1,CORRUPTO_PLANTILLA_B
E14,PRE,01,049,011_11_03_002_5137_Mesa_2,CORRUPTO_PLANTILLA_B
E14,PRE,01,049,011_11_03_003_5137_Mesa_3,CORRUPTO_PLANTILLA_B
E14,PRE,01,049,011_11_03_004_5137_Mesa_4,CORRUPTO_PLANTILLA_B
E14,PRE,01,049,011_11_03_005_5137_Mesa_5,CORRUPTO_PLANTILLA_B
E14,PRE,01,049,011_11_03_006_5137_Mesa_6,CORRUPTO_PLANTILLA_B
E14,PRE,01,049,011_11_03_007_5137_Mesa_7,CORRUPTO_PLANTILLA_B
E14,PRE,01,049,011_11_03_008_5137_Mesa_8,CORRUPTO_PLANTILLA_B
E14,PRE,01,049,011_11_03_009_5137_Mesa_9,CORRUPTO_PLANTILLA_B
E14,PRE,01,049,011_11_03_010_5137_Mesa_10,CORRUPTO_PLANTILLA_B
E14,PRE,01,049,011_11_03_011_5137_Mesa_11,CORRUPTO_PLANTILLA_B
E14,PRE,01,049,011_11_03_012_5137_Mesa_12,CORRUPTO_PLANTILLA_B
E14,PRE,01,049,011_11_03_013_5137_Mesa_13,CORRUPTO_PLANTILLA_B
E14,PRE,01,049,011_11_03_014_5137_Mesa_14,CORRUPTO_PLANTILLA_B
E14,PRE,01,049,011_11_03_015_5137_Mesa_15,CORRUPTO_PLANTILLA_B
E14,PRE,01,049,011_11_03_016_5137_Mesa_16,CORRUPTO_PLANTILLA_B
E14,PRE,01,049,011_11_03_017_5137_Mesa_17,CORRUPTO_PLANTILLA_B
E14,PRE,01,049,011_11_03_018_5137_Mesa_18,CORRUPTO_PLANTILLA_B
E14,PRE,01,049,011_11_03_019_5137_Mesa_19,CORRUPTO_PLANTILLA_B
E14,PRE,01,049,011_11_03_020_5137_Mesa_20,CORRUPTO_PLANTILLA_B
E14,PRE,01,049,011_11_03_021_5137_Mesa_21,CORRUPTO_PLANTILLA_B
E14,PRE,01,049,011_11_03_022_5137_Mesa_22,CORRUPTO_PLANTILLA_B
E14,PRE,01,049,011_11_03_023_5137_Mesa_23,CORRUPTO_PLANTILLA_B
E14,PRE,01,049,011_11_04_001_5138_Mesa_1,CORRUPTO_PLANTILLA_B
E14,PRE,01,049,011_11_04_002_5138_Mesa_2,CORRUPTO_PLANTILLA_B
E14,PRE,01,049,011_11_04_003_5138_Mesa_3,CORRUPTO_PLANTILLA_B
E14,PRE,01,049,011_11_04_004_5138_Mesa_4,CORRUPTO_PLANTILLA_B
E14,PRE,01,049,090_00_01_001_5138_Mesa_1,CORRUPTO_PLANTILLA_B
E14,PRE,01,049,090_00_01_002_5138_Mesa_2,CORRUPTO_PLANTILLA_B
E14,PRE,01,049,090_00_01_003_5138_Mesa_3,CORRUPTO_PLANTILLA_B
E14,PRE,01,049,090_00_01_004_5138_Mesa_4,CORRUPTO_PLANTILLA_B
E14,PRE,01,049,090_00_01_005_5138_Mesa_5,CORRUPTO_PLANTILLA_B
E14,PRE,01,049,090_00_01_006_5138_Mesa_6,CORRUPTO_PLANTILLA_B
E14,PRE,01,049,090_00_01_007_5138_Mesa_7,CORRUPTO_PLANTILLA_B
E14,PRE,01,049,090_00_01_008_5138_Mesa_8,CORRUPTO_PLANTILLA_B
E14,PRE,01,049,090_00_01_009_5138_Mesa_9,CORRUPTO_PLANTILLA_B
E14,PRE,01,049,090_00_01_010_5138_Mesa_10,CORRUPTO_PLANTILLA_B
E14,PRE,01,049,090_00_01_011_5138_Mesa_11,CORRUPTO_PLANTILLA_B
E14,PRE,01,049,090_00_01_012_5138_Mesa_12,CORRUPTO_PLANTILLA_B
E14,PRE,01,049,090_00_01_013_5138_Mesa_13,CORRUPTO_PLANTILLA_B
E14,PRE,01,049,090_00_01_014_5138_Mesa_14,CORRUPTO_PLANTILLA_B
E14,PRE,01,049,090_00_01_015_5138_Mesa_15,CORRUPTO_PLANTILLA_B
E14,PRE,01,049,090_00_01_016_5138_Mesa_16,CORRUPTO_PLANTILLA_B
E14,PRE,01,049,090_00_01_017_5138_Mesa_17,CORRUPTO_PLANTILLA_B
E14,PRE,01,049,090_00_01_018_5138_Mesa_18,CORRUPTO_PLANTILLA_B
E14,PRE,01,049,090_00_01_019_5138_Mesa_19,CORRUPTO_PLANTILLA_B
E14,PRE,01,049,090_00_01_020_5138_Mesa_20,CORRUPTO_PLANTILLA_B
E14,PRE,01,049,090_00_01_021_5138_Mesa_21,CORRUPTO_PLANTILLA_B
E14,PRE,01,049,090_00_01_022_5138_Mesa_22,CORRUPTO_PLANTILLA_B
E14,PRE,01,049,090_00_02_001_5135_Mesa_1,CORRUPTO_PLANTILLA_B
E14,PRE,01,049,090_00_02_002_5135_Mesa_2,CORRUPTO_PLANTILLA_B
E14,PRE,01,049,090_00_02_003_5135_Mesa_3,CORRUPTO_PLANTILLA_B
E14,PRE,01,049,090_00_02_004_5135_Mesa_4,CORRUPTO_PLANTILLA_B
E14,PRE,01,049,090_00_02_005_5135_Mesa_5,CORRUPTO_PLANTILLA_B
E14,PRE,01,049,090_00_02_006_5135_Mesa_6,CORRUPTO_PLANTILLA_B
E14,PRE,01,049,090_00_02_007_5135_Mesa_7,CORRUPTO_PLANTILLA_B
E14,PRE,01,049,090_00_02_008_5135_Mesa_8,CORRUPTO_PLANTILLA_B
E14,PRE,01,049,090_00_02_009_5135_Mesa_9,CORRUPTO_PLANTILLA_B
E14,PRE,01,049,090_00_02_010_5135_Mesa_10,CORRUPTO_PLANTILLA_B
E14,PRE,01,049,090_00_02_011_5135_Mesa_11,CORRUPTO_PLANTILLA_B
E14,PRE,01,049,090_00_02_012_5135_Mesa_12,CORRUPTO_PLANTILLA_B
E14,PRE,01,049,090_00_02_013_5135_Mesa_13,CORRUPTO_PLANTILLA_B
E14,PRE,01,049,090_00_02_014_5135_Mesa_14,CORRUPTO_PLANTILLA_B
E14,PRE,01,049,090_00_02_015_5135_Mesa_15,CORRUPTO_PLANTILLA_B
E14,PRE,01,049,090_00_02_016_5135_Mesa_16,CORRUPTO_PLANTILLA_B
E14,PRE,01,049,090_00_02_017_5135_Mesa_17,CORRUPTO_PLANTILLA_B
E14,PRE,01,049,090_00_02_018_5135_Mesa_18,CORRUPTO_PLANTILLA_B
E14,PRE,01,049,090_00_02_019_5135_Mesa_19,CORRUPTO_PLANTILLA_B
E14,PRE,01,049,090_00_02_020_5135_Mesa_20,CORRUPTO_PLANTILLA_B
E14,PRE,01,049,090_00_02_021_5135_Mesa_21,CORRUPTO_PLANTILLA_B
E14,PRE,01,049,090_00_02_022_5135_Mesa_22,CORRUPTO_PLANTILLA_B
E14,PRE,01,049,090_00_02_023_5135_Mesa_23,CORRUPTO_PLANTILLA_B
E14,PRE,01,049,090_00_02_024_5135_Mesa_24,CORRUPTO_PLANTILLA_B
E14,PRE,01,049,090_00_02_025_5135_Mesa_25,CORRUPTO_PLANTILLA_B
E14,PRE,01,049,090_00_02_026_5135_Mesa_26,CORRUPTO_PLANTILLA_B
E14,PRE,01,049,098_00_01_001_5138_Mesa_1,CORRUPTO_PLANTILLA_B
E14,PRE,01,049,098_00_01_002_5138_Mesa_2,CORRUPTO_PLANTILLA_B
E14,PRE,01,049,099_00_03_001_5137_Mesa_1,CORRUPTO_PLANTILLA_B
E14,PRE,01,049,099_00_03_002_5137_Mesa_2,CORRUPTO_PLANTILLA_B
E14,PRE,01,049,099_00_03_003_5137_Mesa_3,CORRUPTO_PLANTILLA_B
E14,PRE,01,049,099_00_03_004_5137_Mesa_4,CORRUPTO_PLANTILLA_B
E14,PRE,01,049,099_00_03_005_5137_Mesa_5,CORRUPTO_PLANTILLA_B
E14,PRE,01,049,099_12_01_001_5126_Mesa_1,CORRUPTO_PLANTILLA_B
E14,PRE,01,049,099_12_01_002_5126_Mesa_2,CORRUPTO_PLANTILLA_B
E14,PRE,01,049,099_12_01_003_5126_Mesa_3,CORRUPTO_PLANTILLA_B
E14,PRE,01,049,099_12_01_004_5126_Mesa_4,CORRUPTO_PLANTILLA_B
E14,PRE,01,049,099_12_01_005_5126_Mesa_5,CORRUPTO_PLANTILLA_B
E14,PRE,01,049,099_12_01_006_5126_Mesa_6,CORRUPTO_PLANTILLA_B
E14,PRE,01,049,099_12_01_007_5126_Mesa_7,CORRUPTO_PLANTILLA_B
E14,PRE,01,049,099_12_01_008_5126_Mesa_8,CORRUPTO_PLANTILLA_B
E14,PRE,01,049,099_12_02_001_5126_Mesa_1,CORRUPTO_PLANTILLA_B
E14,PRE,01,052,000_00_00_001_2020_Mesa_1,CORRUPTO_PLANTILLA_B
E14,PRE,01,052,000_00_00_002_2020_Mesa_2,CORRUPTO_PLANTILLA_B
E14,PRE,01,052,000_00_00_003_2020_Mesa_3,CORRUPTO_PLANTILLA_B
E14,PRE,01,052,000_00_00_004_2020_Mesa_4,CORRUPTO_PLANTILLA_B
E14,PRE,01,052,000_00_00_005_2020_Mesa_5,CORRUPTO_PLANTILLA_B
E14,PRE,01,052,000_00_00_006_2020_Mesa_6,CORRUPTO_PLANTILLA_B
E14,PRE,01,052,000_00_00_007_2020_Mesa_7,CORRUPTO_PLANTILLA_B
E14,PRE,01,052,000_00_00_008_2020_Mesa_8,CORRUPTO_PLANTILLA_B
E14,PRE,01,052,000_00_00_009_2020_Mesa_9,CORRUPTO_PLANTILLA_B
E14,PRE,01,052,000_00_00_010_2020_Mesa_10,CORRUPTO_PLANTILLA_B
E14,PRE,01,052,000_00_00_011_2020_Mesa_11,CORRUPTO_PLANTILLA_B
E14,PRE,01,052,000_00_00_012_2020_Mesa_12,CORRUPTO_PLANTILLA_B
E14,PRE,01,052,000_00_00_013_2020_Mesa_13,CORRUPTO_PLANTILLA_B
E14,PRE,01,052,000_00_00_014_2020_Mesa_14,CORRUPTO_PLANTILLA_B
E14,PRE,01,052,000_00_00_015_2020_Mesa_15,CORRUPTO_PLANTILLA_B
E14,PRE,01,052,000_00_00_016_2020_Mesa_16,CORRUPTO_PLANTILLA_B
E14,PRE,01,052,000_00_00_017_2020_Mesa_17,CORRUPTO_PLANTILLA_B
E14,PRE,01,052,000_00_00_018_2020_Mesa_18,CORRUPTO_PLANTILLA_B
E14,PRE,01,052,000_00_00_019_2020_Mesa_19,CORRUPTO_PLANTILLA_B
E14,PRE,01,052,000_00_00_020_2020_Mesa_20,CORRUPTO_PLANTILLA_B
E14,PRE,01,052,000_00_00_021_2020_Mesa_21,CORRUPTO_PLANTILLA_B
E14,PRE,01,052,000_00_00_022_2020_Mesa_22,CORRUPTO_PLANTILLA_B
E14,PRE,01,052,000_00_00_023_2020_Mesa_23,CORRUPTO_PLANTILLA_B
E14,PRE,01,052,099_00_40_001_2020_Mesa_1,CORRUPTO_PLANTILLA_B
E14,PRE,01,052,099_00_40_002_2020_Mesa_2,CORRUPTO_PLANTILLA_B
E14,PRE,01,058,001_00_01_001_5139_Mesa_1,CORRUPTO_PLANTILLA_B
E14,PRE,01,058,001_00_01_002_5139_Mesa_2,CORRUPTO_PLANTILLA_B
E14,PRE,01,058,001_00_01_003_5139_Mesa_3,CORRUPTO_PLANTILLA_B
E14,PRE,01,058,001_00_01_004_5139_Mesa_4,CORRUPTO_PLANTILLA_B
E14,PRE,01,058,001_00_01_005_5139_Mesa_5,CORRUPTO_PLANTILLA_B
E14,PRE,01,058,001_00_01_006_5139_Mesa_6,CORRUPTO_PLANTILLA_B
E14,PRE,01,058,001_00_01_007_5139_Mesa_7,CORRUPTO_PLANTILLA_B
E14,PRE,01,058,001_00_01_008_5139_Mesa_8,CORRUPTO_PLANTILLA_B
E14,PRE,01,058,001_00_01_009_5139_Mesa_9,CORRUPTO_PLANTILLA_B
E14,PRE,01,058,001_00_01_010_5139_Mesa_10,CORRUPTO_PLANTILLA_B
E14,PRE,01,058,001_00_01_011_5139_Mesa_11,CORRUPTO_PLANTILLA_B
E14,PRE,01,058,001_00_01_012_5139_Mesa_12,CORRUPTO_PLANTILLA_B
E14,PRE,01,058,001_00_01_013_5139_Mesa_13,CORRUPTO_PLANTILLA_B
E14,PRE,01,058,001_00_02_001_5139_Mesa_1,CORRUPTO_PLANTILLA_B
E14,PRE,01,058,001_00_02_002_5139_Mesa_2,CORRUPTO_PLANTILLA_B
E14,PRE,01,058,001_00_02_003_5139_Mesa_3,CORRUPTO_PLANTILLA_B
E14,PRE,01,058,001_00_02_004_5139_Mesa_4,CORRUPTO_PLANTILLA_B
E14,PRE,01,058,001_00_02_005_5139_Mesa_5,CORRUPTO_PLANTILLA_B
E14,PRE,01,058,001_00_02_006_5139_Mesa_6,CORRUPTO_PLANTILLA_B
E14,PRE,01,058,001_00_02_007_5139_Mesa_7,CORRUPTO_PLANTILLA_B
E14,PRE,01,058,001_00_02_008_5139_Mesa_8,CORRUPTO_PLANTILLA_B
E14,PRE,01,058,001_00_02_009_5139_Mesa_9,CORRUPTO_PLANTILLA_B
E14,PRE,01,058,001_00_02_010_5139_Mesa_10,CORRUPTO_PLANTILLA_B
E14,PRE,01,058,001_00_02_011_5139_Mesa_11,CORRUPTO_PLANTILLA_B
E14,PRE,01,058,001_00_02_012_5139_Mesa_12,CORRUPTO_PLANTILLA_B
E14,PRE,01,058,001_00_02_013_5139_Mesa_13,CORRUPTO_PLANTILLA_B
E14,PRE,01,058,001_00_02_014_5139_Mesa_14,CORRUPTO_PLANTILLA_B
E14,PRE,01,058,001_00_02_015_5139_Mesa_15,CORRUPTO_PLANTILLA_B
E14,PRE,01,058,001_00_02_016_5139_Mesa_16,CORRUPTO_PLANTILLA_B
E14,PRE,01,058,001_00_02_017_5139_Mesa_17,CORRUPTO_PLANTILLA_B
E14,PRE,01,058,001_00_02_018_5139_Mesa_18,CORRUPTO_PLANTILLA_B
E14,PRE,01,058,001_00_02_019_5139_Mesa_19,CORRUPTO_PLANTILLA_B
E14,PRE,01,058,001_00_02_020_5139_Mesa_20,CORRUPTO_PLANTILLA_B
E14,PRE,01,058,002_00_01_001_5140_Mesa_1,CORRUPTO_PLANTILLA_B
E14,PRE,01,058,002_00_01_002_5140_Mesa_2,CORRUPTO_PLANTILLA_B
E14,PRE,01,058,002_00_01_003_5140_Mesa_3,CORRUPTO_PLANTILLA_B
E14,PRE,01,058,002_00_01_004_5140_Mesa_4,CORRUPTO_PLANTILLA_B
E14,PRE,01,058,002_00_01_005_5140_Mesa_5,CORRUPTO_PLANTILLA_B
E14,PRE,01,058,002_00_01_006_5140_Mesa_6,CORRUPTO_PLANTILLA_B
E14,PRE,01,058,002_00_01_007_5140_Mesa_7,CORRUPTO_PLANTILLA_B
E14,PRE,01,058,002_00_01_008_5140_Mesa_8,CORRUPTO_PLANTILLA_B
E14,PRE,01,058,002_00_01_009_5140_Mesa_9,CORRUPTO_PLANTILLA_B
E14,PRE,01,058,002_00_01_010_5140_Mesa_10,CORRUPTO_PLANTILLA_B
E14,PRE,01,058,002_00_01_011_5140_Mesa_11,CORRUPTO_PLANTILLA_B
E14,PRE,01,058,002_00_01_012_5140_Mesa_12,CORRUPTO_PLANTILLA_B
E14,PRE,01,058,002_00_01_013_5140_Mesa_13,CORRUPTO_PLANTILLA_B
E14,PRE,01,058,002_00_01_014_5140_Mesa_14,CORRUPTO_PLANTILLA_B
E14,PRE,01,058,002_00_01_015_5140_Mesa_15,CORRUPTO_PLANTILLA_B
E14,PRE,01,058,002_00_02_001_5140_Mesa_1,CORRUPTO_PLANTILLA_B
E14,PRE,01,058,002_00_02_002_5140_Mesa_2,CORRUPTO_PLANTILLA_B
E14,PRE,01,058,002_00_02_003_5140_Mesa_3,CORRUPTO_PLANTILLA_B
E14,PRE,01,058,002_00_02_004_5140_Mesa_4,CORRUPTO_PLANTILLA_B
E14,PRE,01,058,002_00_02_005_5140_Mesa_5,CORRUPTO_PLANTILLA_B
E14,PRE,01,058,002_00_02_006_5140_Mesa_6,CORRUPTO_PLANTILLA_B
E14,PRE,01,058,002_00_02_007_5140_Mesa_7,CORRUPTO_PLANTILLA_B
E14,PRE,01,058,002_00_02_008_5140_Mesa_8,CORRUPTO_PLANTILLA_B
E14,PRE,01,058,002_00_02_009_5140_Mesa_9,CORRUPTO_PLANTILLA_B
E14,PRE,01,058,002_00_02_010_5140_Mesa_10,CORRUPTO_PLANTILLA_B
E14,PRE,01,058,002_00_02_011_5140_Mesa_11,CORRUPTO_PLANTILLA_B
E14,PRE,01,058,002_00_02_012_5140_Mesa_12,CORRUPTO_PLANTILLA_B
E14,PRE,01,058,002_00_02_013_5140_Mesa_13,CORRUPTO_PLANTILLA_B
E14,PRE,01,058,002_00_02_014_5140_Mesa_14,OK_ORGANICO
E14,PRE,01,058,002_00_02_015_5140_Mesa_15,OK_ORGANICO
E14,PRE,01,058,098_00_01_001_5140_Mesa_1,OK_ORGANICO
E14,PRE,01,058,099_00_01_001_5139_Mesa_1,OK_ORGANICO
E14,PRE,01,058,099_00_01_002_5139_Mesa_2,OK_ORGANICO
E14,PRE,01,058,099_00_01_003_5139_Mesa_3,OK_ORGANICO
E14,PRE,01,058,099_00_08_001_5140_Mesa_1,CORRUPTO_PLANTILLA_B
E14,PRE,01,058,099_00_08_002_5140_Mesa_2,OK_ORGANICO
E14,PRE,01,058,099_00_08_003_5140_Mesa_3,OK_ORGANICO
E14,PRE,01,058,099_00_50_001_5140_Mesa_1,OK_ORGANICO
E14,PRE,01,061,000_00_00_001_2023_Mesa_1,OK_ORGANICO
E14,PRE,01,061,000_00_00_002_2023_Mesa_2,OK_ORGANICO
E14,PRE,01,061,000_00_00_003_2023_Mesa_3,OK_ORGANICO
E14,PRE,01,061,000_00_00_004_2023_Mesa_4,OK_ORGANICO
E14,PRE,01,061,000_00_00_005_2023_Mesa_5,OK_ORGANICO
E14,PRE,01,061,000_00_00_006_2023_Mesa_6,OK_ORGANICO
E14,PRE,01,061,000_00_00_007_2023_Mesa_7,OK_ORGANICO
E14,PRE,01,061,000_00_00_008_2023_Mesa_8,OK_ORGANICO
E14,PRE,01,061,000_00_00_009_2023_Mesa_9,OK_ORGANICO
E14,PRE,01,061,000_00_00_010_2023_Mesa_10,OK_ORGANICO
E14,PRE,01,061,000_00_00_011_2023_Mesa_11,OK_ORGANICO
E14,PRE,01,061,000_00_00_012_2023_Mesa_12,OK_ORGANICO
E14,PRE,01,061,000_00_00_013_2023_Mesa_13,OK_ORGANICO
E14,PRE,01,061,000_00_00_014_2023_Mesa_14,OK_ORGANICO
E14,PRE,01,061,000_00_00_015_2023_Mesa_15,OK_ORGANICO
E14,PRE,01,061,000_00_00_016_2023_Mesa_16,OK_ORGANICO
E14,PRE,01,061,000_00_00_017_2023_Mesa_17,OK_ORGANICO
E14,PRE,01,061,000_00_00_018_2023_Mesa_18,OK_ORGANICO
E14,PRE,01,061,099_00_01_001_2023_Mesa_1,OK_ORGANICO
E14,PRE,01,061,099_00_03_001_2023_Mesa_1,OK_ORGANICO
E14,PRE,01,061,099_00_03_002_2023_Mesa_2,OK_ORGANICO
E14,PRE,01,061,099_00_04_001_2023_Mesa_1,OK_ORGANICO
E14,PRE,01,061,099_00_05_001_2023_Mesa_1,OK_ORGANICO
E14,PRE,01,061,099_00_05_002_2023_Mesa_2,OK_ORGANICO
E14,PRE,01,061,099_00_05_003_2023_Mesa_3,OK_ORGANICO
E14,PRE,01,061,099_00_05_004_2023_Mesa_4,OK_ORGANICO
E14,PRE,01,061,099_00_13_001_2023_Mesa_1,OK_ORGANICO
E14,PRE,01,062,000_00_00_001_2024_Mesa_1,OK_ORGANICO
E14,PRE,01,062,000_00_00_002_2024_Mesa_2,OK_ORGANICO
E14,PRE,01,062,000_00_00_003_2024_Mesa_3,OK_ORGANICO
E14,PRE,01,062,000_00_00_004_2024_Mesa_4,OK_ORGANICO
E14,PRE,01,062,000_00_00_005_2024_Mesa_5,OK_ORGANICO
E14,PRE,01,062,000_00_00_006_2024_Mesa_6,OK_ORGANICO
E14,PRE,01,062,000_00_00_007_2024_Mesa_7,OK_ORGANICO
E14,PRE,01,062,000_00_00_008_2024_Mesa_8,OK_ORGANICO
E14,PRE,01,062,000_00_00_009_2024_Mesa_9,OK_ORGANICO
E14,PRE,01,062,000_00_00_010_2024_Mesa_10,OK_ORGANICO
E14,PRE,01,062,000_00_00_011_2024_Mesa_11,OK_ORGANICO
E14,PRE,01,062,000_00_00_012_2024_Mesa_12,OK_ORGANICO
E14,PRE,01,062,000_00_00_013_2024_Mesa_13,OK_ORGANICO
E14,PRE,01,062,099_00_17_001_2024_Mesa_1,OK_ORGANICO
E14,PRE,01,062,099_00_20_001_2024_Mesa_1,OK_ORGANICO
E14,PRE,01,062,099_00_22_001_2024_Mesa_1,OK_ORGANICO
E14,PRE,01,062,099_00_25_001_2024_Mesa_1,OK_ORGANICO
E14,PRE,01,062,099_00_30_001_2024_Mesa_1,OK_ORGANICO
E14,PRE,01,062,099_00_30_002_2024_Mesa_2,OK_ORGANICO
E14,PRE,01,062,099_00_40_001_2024_Mesa_1,OK_ORGANICO
E14,PRE,01,062,099_00_50_001_2024_Mesa_1,OK_ORGANICO
E14,PRE,01,062,099_00_50_002_2024_Mesa_2,OK_ORGANICO
E14,PRE,01,062,099_00_60_001_2024_Mesa_1,OK_ORGANICO
E14,PRE,01,064,000_00_00_001_5141_Mesa_1,OK_ORGANICO
E14,PRE,01,064,000_00_00_002_5141_Mesa_2,OK_ORGANICO
E14,PRE,01,064,000_00_00_003_5141_Mesa_3,OK_ORGANICO
E14,PRE,01,064,000_00_00_004_5141_Mesa_4,OK_ORGANICO
E14,PRE,01,064,000_00_00_005_5141_Mesa_5,OK_ORGANICO
E14,PRE,01,064,000_00_00_006_5141_Mesa_6,OK_ORGANICO
E14,PRE,01,064,000_00_00_007_5141_Mesa_7,OK_ORGANICO
E14,PRE,01,064,000_00_00_008_5141_Mesa_8,OK_ORGANICO
E14,PRE,01,064,000_00_00_009_5141_Mesa_9,OK_ORGANICO
E14,PRE,01,064,000_00_00_010_5141_Mesa_10,OK_ORGANICO
E14,PRE,01,064,000_00_00_011_5141_Mesa_11,OK_ORGANICO
E14,PRE,01,064,000_00_00_012_5141_Mesa_12,OK_ORGANICO
E14,PRE,01,064,000_00_00_013_5141_Mesa_13,OK_ORGANICO
E14,PRE,01,064,000_00_00_014_5141_Mesa_14,OK_ORGANICO
E14,PRE,01,064,000_00_00_015_5141_Mesa_15,OK_ORGANICO
E14,PRE,01,064,000_00_00_016_5141_Mesa_16,OK_ORGANICO
E14,PRE,01,064,000_00_00_017_5141_Mesa_17,OK_ORGANICO
E14,PRE,01,064,000_00_00_018_5141_Mesa_18,OK_ORGANICO
E14,PRE,01,064,000_00_00_019_5141_Mesa_19,OK_ORGANICO
E14,PRE,01,064,000_00_00_020_5141_Mesa_20,OK_ORGANICO
E14,PRE,01,064,000_00_00_021_5141_Mesa_21,OK_ORGANICO
E14,PRE,01,064,099_00_01_001_5141_Mesa_1,OK_ORGANICO
E14,PRE,01,064,099_00_01_002_5141_Mesa_2,OK_ORGANICO
E14,PRE,01,064,099_00_01_003_5141_Mesa_3,OK_ORGANICO
E14,PRE,01,064,099_00_01_004_5141_Mesa_4,OK_ORGANICO
E14,PRE,01,064,099_00_01_005_5141_Mesa_5,OK_ORGANICO
E14,PRE,01,064,099_00_01_006_5141_Mesa_6,OK_ORGANICO
E14,PRE,01,064,099_00_01_007_5141_Mesa_7,OK_ORGANICO
E14,PRE,01,064,099_00_01_008_5141_Mesa_8,OK_ORGANICO
E14,PRE,01,064,099_00_01_009_5141_Mesa_9,OK_ORGANICO
E14,PRE,01,064,099_00_01_010_5141_Mesa_10,OK_ORGANICO
E14,PRE,01,064,099_00_02_001_5142_Mesa_1,OK_ORGANICO
E14,PRE,01,064,099_00_02_002_5142_Mesa_2,OK_ORGANICO
E14,PRE,01,064,099_00_03_001_5142_Mesa_1,OK_ORGANICO
E14,PRE,01,064,099_00_03_002_5142_Mesa_2,OK_ORGANICO
E14,PRE,01,064,099_00_05_001_5142_Mesa_1,OK_ORGANICO
E14,PRE,01,064,099_00_05_002_5142_Mesa_2,OK_ORGANICO
E14,PRE,01,064,099_00_05_003_5142_Mesa_3,OK_ORGANICO
E14,PRE,01,064,099_00_05_004_5142_Mesa_4,OK_ORGANICO
E14,PRE,01,064,099_00_05_005_5142_Mesa_5,OK_ORGANICO
E14,PRE,01,064,099_00_05_006_5142_Mesa_6,OK_ORGANICO
E14,PRE,01,064,099_00_05_007_5142_Mesa_7,OK_ORGANICO
E14,PRE,01,064,099_00_05_008_5142_Mesa_8,OK_ORGANICO
E14,PRE,01,064,099_00_05_009_5142_Mesa_9,OK_ORGANICO
E14,PRE,01,064,099_00_05_010_5142_Mesa_10,OK_ORGANICO
E14,PRE,01,064,099_00_05_011_5142_Mesa_11,OK_ORGANICO
E14,PRE,01,064,099_00_05_012_5142_Mesa_12,OK_ORGANICO
E14,PRE,01,064,099_00_05_013_5142_Mesa_13,OK_ORGANICO
E14,PRE,01,064,099_00_05_014_5142_Mesa_14,OK_ORGANICO
E14,PRE,01,064,099_00_05_015_5142_Mesa_15,OK_ORGANICO
E14,PRE,01,064,099_00_05_016_5142_Mesa_16,OK_ORGANICO
E14,PRE,01,064,099_00_07_001_5142_Mesa_1,OK_ORGANICO
E14,PRE,01,064,099_00_07_002_5142_Mesa_2,OK_ORGANICO
E14,PRE,01,064,099_00_07_003_5142_Mesa_3,OK_ORGANICO
E14,PRE,01,064,099_00_13_001_5142_Mesa_1,OK_ORGANICO
E14,PRE,01,064,099_00_13_002_5142_Mesa_2,OK_ORGANICO
E14,PRE,01,064,099_00_13_003_5142_Mesa_3,OK_ORGANICO
E14,PRE,01,064,099_00_13_004_5142_Mesa_4,OK_ORGANICO
E14,PRE,01,064,099_00_13_005_5142_Mesa_5,OK_ORGANICO
E14,PRE,01,064,099_00_13_006_5142_Mesa_6,OK_ORGANICO
E14,PRE,01,064,099_00_29_001_5142_Mesa_1,OK_ORGANICO
E14,PRE,01,064,099_00_29_002_5142_Mesa_2,OK_ORGANICO
E14,PRE,01,064,099_00_29_003_5142_Mesa_3,OK_ORGANICO
E14,PRE,01,064,099_00_29_004_5142_Mesa_4,OK_ORGANICO
E14,PRE,01,067,000_00_00_001_2026_Mesa_1,OK_ORGANICO
E14,PRE,01,067,000_00_00_002_2026_Mesa_2,OK_ORGANICO
E14,PRE,01,067,000_00_00_003_2026_Mesa_3,OK_ORGANICO
E14,PRE,01,067,000_00_00_004_2026_Mesa_4,OK_ORGANICO
E14,PRE,01,067,000_00_00_005_2026_Mesa_5,OK_ORGANICO
E14,PRE,01,067,000_00_00_006_2026_Mesa_6,OK_ORGANICO
E14,PRE,01,067,000_00_00_007_2026_Mesa_7,OK_ORGANICO
E14,PRE,01,067,000_00_00_008_2026_Mesa_8,OK_ORGANICO
E14,PRE,01,067,000_00_00_009_2026_Mesa_9,OK_ORGANICO
E14,PRE,01,067,000_00_00_010_2026_Mesa_10,OK_ORGANICO
E14,PRE,01,067,000_00_00_011_2026_Mesa_11,OK_ORGANICO
E14,PRE,01,067,000_00_00_012_2026_Mesa_12,OK_ORGANICO
E14,PRE,01,067,000_00_00_013_2026_Mesa_13,OK_ORGANICO
E14,PRE,01,067,000_00_00_014_2026_Mesa_14,OK_ORGANICO
E14,PRE,01,067,000_00_00_015_2026_Mesa_15,OK_ORGANICO
E14,PRE,01,067,000_00_00_016_2026_Mesa_16,OK_ORGANICO
E14,PRE,01,067,000_00_00_017_2026_Mesa_17,OK_ORGANICO
E14,PRE,01,067,000_00_00_018_2026_Mesa_18,OK_ORGANICO
E14,PRE,01,067,000_00_00_019_2026_Mesa_19,OK_ORGANICO
E14,PRE,01,067,000_00_00_020_2026_Mesa_20,OK_ORGANICO
E14,PRE,01,067,099_00_23_001_2026_Mesa_1,OK_ORGANICO
E14,PRE,01,070,001_00_01_001_5143_Mesa_1,OK_ORGANICO
E14,PRE,01,070,001_00_01_002_5143_Mesa_2,OK_ORGANICO
E14,PRE,01,070,001_00_01_003_5143_Mesa_3,OK_ORGANICO
E14,PRE,01,070,001_00_01_004_5143_Mesa_4,OK_ORGANICO
E14,PRE,01,070,001_00_01_005_5143_Mesa_5,OK_ORGANICO
E14,PRE,01,070,001_00_01_006_5143_Mesa_6,OK_ORGANICO
E14,PRE,01,070,001_00_01_007_5143_Mesa_7,OK_ORGANICO
E14,PRE,01,070,001_00_01_008_5143_Mesa_8,OK_ORGANICO
E14,PRE,01,070,001_00_01_009_5143_Mesa_9,OK_ORGANICO
E14,PRE,01,070,001_00_01_010_5143_Mesa_10,OK_ORGANICO
E14,PRE,01,070,001_00_01_011_5143_Mesa_11,OK_ORGANICO
E14,PRE,01,070,001_00_01_012_5143_Mesa_12,OK_ORGANICO
E14,PRE,01,070,001_00_02_001_5143_Mesa_1,OK_ORGANICO
E14,PRE,01,070,001_00_02_002_5143_Mesa_2,OK_ORGANICO
E14,PRE,01,070,001_00_03_001_5143_Mesa_1,OK_ORGANICO
E14,PRE,01,070,001_00_03_002_5143_Mesa_2,OK_ORGANICO
E14,PRE,01,070,001_00_03_003_5143_Mesa_3,OK_ORGANICO
E14,PRE,01,070,001_00_03_004_5143_Mesa_4,OK_ORGANICO
E14,PRE,01,070,001_00_03_005_5143_Mesa_5,OK_ORGANICO
E14,PRE,01,070,001_00_03_006_5143_Mesa_6,OK_ORGANICO
E14,PRE,01,070,001_00_03_007_5143_Mesa_7,OK_ORGANICO
E14,PRE,01,070,001_00_03_008_5143_Mesa_8,OK_ORGANICO
E14,PRE,01,070,001_00_03_009_5143_Mesa_9,OK_ORGANICO
E14,PRE,01,070,001_00_03_010_5143_Mesa_10,OK_ORGANICO
E14,PRE,01,070,001_00_03_011_5143_Mesa_11,OK_ORGANICO
E14,PRE,01,070,001_00_03_012_5143_Mesa_12,OK_ORGANICO
E14,PRE,01,070,001_00_03_013_5143_Mesa_13,OK_ORGANICO
E14,PRE,01,070,001_00_03_014_5143_Mesa_14,OK_ORGANICO
E14,PRE,01,070,001_00_03_015_5143_Mesa_15,OK_ORGANICO
E14,PRE,01,070,001_00_03_016_5143_Mesa_16,OK_ORGANICO
E14,PRE,01,070,001_00_03_017_5143_Mesa_17,OK_ORGANICO
E14,PRE,01,070,001_00_03_018_5143_Mesa_18,OK_ORGANICO
E14,PRE,01,070,001_00_03_019_5143_Mesa_19,OK_ORGANICO
E14,PRE,01,070,001_00_03_020_5143_Mesa_20,OK_ORGANICO
E14,PRE,01,070,001_00_04_001_5143_Mesa_1,OK_ORGANICO
E14,PRE,01,070,001_00_04_002_5143_Mesa_2,OK_ORGANICO
E14,PRE,01,070,002_00_01_001_5144_Mesa_1,OK_ORGANICO
E14,PRE,01,070,002_00_01_002_5144_Mesa_2,OK_ORGANICO
E14,PRE,01,070,002_00_01_003_5144_Mesa_3,OK_ORGANICO
E14,PRE,01,070,002_00_01_004_5144_Mesa_4,OK_ORGANICO
E14,PRE,01,070,002_00_01_005_5144_Mesa_5,OK_ORGANICO
E14,PRE,01,070,002_00_01_006_5144_Mesa_6,OK_ORGANICO
E14,PRE,01,070,002_00_01_007_5144_Mesa_7,OK_ORGANICO
E14,PRE,01,070,002_00_01_008_5144_Mesa_8,OK_ORGANICO
E14,PRE,01,070,002_00_01_009_5144_Mesa_9,OK_ORGANICO
E14,PRE,01,070,002_00_01_010_5144_Mesa_10,OK_ORGANICO
E14,PRE,01,070,002_00_01_011_5144_Mesa_11,OK_ORGANICO
E14,PRE,01,070,002_00_01_012_5144_Mesa_12,OK_ORGANICO
E14,PRE,01,070,002_00_01_013_5144_Mesa_13,OK_ORGANICO
E14,PRE,01,070,002_00_01_014_5144_Mesa_14,OK_ORGANICO
E14,PRE,01,070,002_00_01_015_5144_Mesa_15,OK_ORGANICO
E14,PRE,01,070,002_00_01_016_5144_Mesa_16,OK_ORGANICO
E14,PRE,01,070,002_00_01_017_5144_Mesa_17,OK_ORGANICO
E14,PRE,01,070,002_00_01_018_5144_Mesa_18,OK_ORGANICO
E14,PRE,01,070,002_00_01_019_5144_Mesa_19,OK_ORGANICO
E14,PRE,01,070,002_00_01_020_5144_Mesa_20,OK_ORGANICO
E14,PRE,01,070,002_00_01_021_5144_Mesa_21,OK_ORGANICO
E14,PRE,01,070,002_00_01_022_5144_Mesa_22,OK_ORGANICO
E14,PRE,01,070,002_00_01_023_5144_Mesa_23,OK_ORGANICO
E14,PRE,01,070,002_00_01_024_5144_Mesa_24,OK_ORGANICO
E14,PRE,01,070,002_00_01_025_5144_Mesa_25,OK_ORGANICO
E14,PRE,01,070,002_00_02_001_5144_Mesa_1,OK_ORGANICO
E14,PRE,01,070,002_00_02_002_5144_Mesa_2,OK_ORGANICO
E14,PRE,01,070,002_00_02_003_5144_Mesa_3,OK_ORGANICO
E14,PRE,01,070,002_00_02_004_5144_Mesa_4,OK_ORGANICO
E14,PRE,01,070,002_00_02_005_5144_Mesa_5,OK_ORGANICO
E14,PRE,01,070,002_00_02_006_5144_Mesa_6,OK_ORGANICO
E14,PRE,01,070,002_00_02_007_5144_Mesa_7,OK_ORGANICO
E14,PRE,01,070,002_00_02_008_5144_Mesa_8,OK_ORGANICO
E14,PRE,01,070,002_00_02_009_5144_Mesa_9,OK_ORGANICO
E14,PRE,01,070,002_00_02_010_5144_Mesa_10,OK_ORGANICO
E14,PRE,01,070,002_00_02_011_5144_Mesa_11,OK_ORGANICO
E14,PRE,01,070,002_00_02_012_5144_Mesa_12,OK_ORGANICO
E14,PRE,01,070,002_00_02_013_5144_Mesa_13,OK_ORGANICO
E14,PRE,01,070,002_00_02_014_5144_Mesa_14,OK_ORGANICO
E14,PRE,01,070,002_00_02_015_5144_Mesa_15,OK_ORGANICO
E14,PRE,01,070,002_00_02_016_5144_Mesa_16,OK_ORGANICO
E14,PRE,01,070,002_00_02_017_5144_Mesa_17,OK_ORGANICO
E14,PRE,01,070,002_00_02_018_5144_Mesa_18,OK_ORGANICO
E14,PRE,01,070,002_00_02_019_5144_Mesa_19,OK_ORGANICO
E14,PRE,01,070,002_00_02_020_5144_Mesa_20,OK_ORGANICO
E14,PRE,01,070,002_00_02_021_5144_Mesa_21,OK_ORGANICO
E14,PRE,01,070,002_00_02_022_5144_Mesa_22,OK_ORGANICO
E14,PRE,01,070,002_00_02_023_5144_Mesa_23,OK_ORGANICO
E14,PRE,01,070,002_00_02_024_5144_Mesa_24,OK_ORGANICO
E14,PRE,01,070,002_00_02_025_5144_Mesa_25,OK_ORGANICO
E14,PRE,01,070,002_00_02_026_5144_Mesa_26,OK_ORGANICO
E14,PRE,01,070,003_00_01_001_5145_Mesa_1,OK_ORGANICO
E14,PRE,01,070,003_00_01_002_5145_Mesa_2,OK_ORGANICO
E14,PRE,01,070,003_00_02_001_5145_Mesa_1,OK_ORGANICO
E14,PRE,01,070,003_00_02_002_5145_Mesa_2,OK_ORGANICO
E14,PRE,01,070,003_00_02_003_5145_Mesa_3,OK_ORGANICO
E14,PRE,01,070,003_00_02_004_5145_Mesa_4,OK_ORGANICO
E14,PRE,01,070,003_00_02_005_5145_Mesa_5,OK_ORGANICO
E14,PRE,01,070,003_00_02_006_5145_Mesa_6,OK_ORGANICO
E14,PRE,01,070,003_00_02_007_5145_Mesa_7,OK_ORGANICO
E14,PRE,01,070,003_00_02_008_5145_Mesa_8,OK_ORGANICO
E14,PRE,01,070,003_00_02_009_5145_Mesa_9,OK_ORGANICO
E14,PRE,01,070,003_00_02_010_5145_Mesa_10,OK_ORGANICO
E14,PRE,01,070,003_00_02_011_5145_Mesa_11,OK_ORGANICO
E14,PRE,01,070,003_00_02_012_5145_Mesa_12,OK_ORGANICO
E14,PRE,01,070,003_00_02_013_5145_Mesa_13,OK_ORGANICO
E14,PRE,01,070,003_00_02_014_5145_Mesa_14,OK_ORGANICO
E14,PRE,01,070,003_00_02_015_5145_Mesa_15,OK_ORGANICO
E14,PRE,01,070,003_00_02_016_5145_Mesa_16,OK_ORGANICO
E14,PRE,01,070,003_00_02_017_5145_Mesa_17,OK_ORGANICO
E14,PRE,01,070,003_00_02_018_5145_Mesa_18,OK_ORGANICO
E14,PRE,01,070,003_00_02_019_5145_Mesa_19,OK_ORGANICO
E14,PRE,01,070,003_00_02_020_5145_Mesa_20,OK_ORGANICO
E14,PRE,01,070,003_00_03_001_5145_Mesa_1,OK_ORGANICO
E14,PRE,01,070,003_00_03_002_5145_Mesa_2,OK_ORGANICO
E14,PRE,01,070,003_00_03_003_5145_Mesa_3,OK_ORGANICO
E14,PRE,01,070,003_00_03_004_5145_Mesa_4,OK_ORGANICO
E14,PRE,01,070,003_00_03_005_5145_Mesa_5,OK_ORGANICO
E14,PRE,01,070,003_00_03_006_5145_Mesa_6,OK_ORGANICO
E14,PRE,01,070,003_00_03_007_5145_Mesa_7,OK_ORGANICO
E14,PRE,01,070,003_00_03_008_5145_Mesa_8,OK_ORGANICO
E14,PRE,01,070,003_00_03_009_5145_Mesa_9,OK_ORGANICO
E14,PRE,01,070,003_00_03_010_5145_Mesa_10,OK_ORGANICO
E14,PRE,01,070,003_00_03_011_5145_Mesa_11,OK_ORGANICO
E14,PRE,01,070,003_00_03_012_5145_Mesa_12,OK_ORGANICO
E14,PRE,01,070,003_00_03_013_5145_Mesa_13,OK_ORGANICO
E14,PRE,01,070,003_00_03_014_5145_Mesa_14,OK_ORGANICO
E14,PRE,01,070,003_00_03_015_5145_Mesa_15,OK_ORGANICO
E14,PRE,01,070,003_00_03_016_5145_Mesa_16,OK_ORGANICO
E14,PRE,01,070,003_00_03_017_5145_Mesa_17,OK_ORGANICO
E14,PRE,01,070,003_00_03_018_5145_Mesa_18,OK_ORGANICO
E14,PRE,01,070,003_00_03_019_5145_Mesa_19,OK_ORGANICO
E14,PRE,01,070,003_00_03_020_5145_Mesa_20,OK_ORGANICO
E14,PRE,01,070,003_00_03_021_5145_Mesa_21,OK_ORGANICO
E14,PRE,01,070,003_00_03_022_5145_Mesa_22,OK_ORGANICO
E14,PRE,01,070,003_00_03_023_5145_Mesa_23,OK_ORGANICO
E14,PRE,01,070,003_00_03_024_5145_Mesa_24,OK_ORGANICO
E14,PRE,01,070,003_00_03_025_5145_Mesa_25,OK_ORGANICO
E14,PRE,01,070,003_00_03_026_5145_Mesa_26,OK_ORGANICO
E14,PRE,01,070,003_00_03_027_5145_Mesa_27,OK_ORGANICO
E14,PRE,01,070,004_00_01_001_5145_Mesa_1,OK_ORGANICO
E14,PRE,01,070,004_00_01_002_5145_Mesa_2,OK_ORGANICO
E14,PRE,01,070,004_00_01_003_5145_Mesa_3,OK_ORGANICO
E14,PRE,01,070,004_00_01_004_5145_Mesa_4,OK_ORGANICO
E14,PRE,01,070,004_00_01_005_5145_Mesa_5,OK_ORGANICO
E14,PRE,01,070,004_00_01_006_5145_Mesa_6,OK_ORGANICO
E14,PRE,01,070,004_00_01_007_5145_Mesa_7,OK_ORGANICO
E14,PRE,01,070,004_00_02_001_5146_Mesa_1,OK_ORGANICO
E14,PRE,01,070,004_00_02_002_5146_Mesa_2,OK_ORGANICO
E14,PRE,01,070,004_00_02_003_5146_Mesa_3,OK_ORGANICO
E14,PRE,01,070,004_00_02_004_5146_Mesa_4,OK_ORGANICO
E14,PRE,01,070,004_00_02_005_5146_Mesa_5,OK_ORGANICO
E14,PRE,01,070,004_00_02_006_5146_Mesa_6,OK_ORGANICO
E14,PRE,01,070,004_00_02_007_5146_Mesa_7,OK_ORGANICO
E14,PRE,01,070,004_00_02_008_5146_Mesa_8,OK_ORGANICO
E14,PRE,01,070,004_00_02_009_5146_Mesa_9,OK_ORGANICO
E14,PRE,01,070,004_00_02_010_5146_Mesa_10,OK_ORGANICO
E14,PRE,01,070,004_00_02_011_5146_Mesa_11,OK_ORGANICO
E14,PRE,01,070,004_00_02_012_5146_Mesa_12,OK_ORGANICO
E14,PRE,01,070,004_00_02_013_5146_Mesa_13,OK_ORGANICO
E14,PRE,01,070,004_00_02_014_5146_Mesa_14,OK_ORGANICO
E14,PRE,01,070,004_00_02_015_5146_Mesa_15,OK_ORGANICO
E14,PRE,01,070,004_00_02_016_5146_Mesa_16,OK_ORGANICO
E14,PRE,01,070,004_00_02_017_5146_Mesa_17,OK_ORGANICO
E14,PRE,01,070,004_00_02_018_5146_Mesa_18,OK_ORGANICO
E14,PRE,01,070,004_00_02_019_5146_Mesa_19,OK_ORGANICO
E14,PRE,01,070,004_00_02_020_5146_Mesa_20,OK_ORGANICO
E14,PRE,01,070,004_00_02_021_5146_Mesa_21,OK_ORGANICO
E14,PRE,01,070,004_00_02_022_5146_Mesa_22,OK_ORGANICO
E14,PRE,01,070,004_00_02_023_5146_Mesa_23,OK_ORGANICO
E14,PRE,01,070,004_00_02_024_5146_Mesa_24,OK_ORGANICO
E14,PRE,01,070,004_00_02_025_5146_Mesa_25,OK_ORGANICO
E14,PRE,01,070,004_00_02_026_5146_Mesa_26,OK_ORGANICO
E14,PRE,01,070,004_00_02_027_5146_Mesa_27,OK_ORGANICO
E14,PRE,01,070,004_00_03_001_5146_Mesa_1,OK_ORGANICO
E14,PRE,01,070,004_00_03_002_5146_Mesa_2,OK_ORGANICO
E14,PRE,01,070,004_00_03_003_5146_Mesa_3,OK_ORGANICO
E14,PRE,01,070,004_00_03_004_5146_Mesa_4,OK_ORGANICO
E14,PRE,01,070,004_00_03_005_5146_Mesa_5,OK_ORGANICO
E14,PRE,01,070,004_00_03_006_5146_Mesa_6,OK_ORGANICO
E14,PRE,01,070,004_00_03_007_5146_Mesa_7,OK_ORGANICO
E14,PRE,01,070,004_00_03_008_5146_Mesa_8,OK_ORGANICO
E14,PRE,01,070,005_00_01_001_5146_Mesa_1,OK_ORGANICO
E14,PRE,01,070,005_00_01_002_5146_Mesa_2,OK_ORGANICO
E14,PRE,01,070,005_00_01_003_5146_Mesa_3,OK_ORGANICO
E14,PRE,01,070,005_00_01_004_5146_Mesa_4,OK_ORGANICO
E14,PRE,01,070,005_00_01_005_5146_Mesa_5,OK_ORGANICO
E14,PRE,01,070,005_00_01_006_5146_Mesa_6,OK_ORGANICO
E14,PRE,01,070,005_00_01_007_5146_Mesa_7,OK_ORGANICO
E14,PRE,01,070,005_00_01_008_5146_Mesa_8,OK_ORGANICO
E14,PRE,01,070,005_00_01_009_5146_Mesa_9,OK_ORGANICO
E14,PRE,01,070,005_00_01_010_5146_Mesa_10,OK_ORGANICO
E14,PRE,01,070,005_00_01_011_5146_Mesa_11,OK_ORGANICO
E14,PRE,01,070,005_00_01_012_5146_Mesa_12,OK_ORGANICO
E14,PRE,01,070,005_00_01_013_5146_Mesa_13,OK_ORGANICO
E14,PRE,01,070,005_00_01_014_5146_Mesa_14,OK_ORGANICO
E14,PRE,01,070,005_00_01_015_5146_Mesa_15,OK_ORGANICO
E14,PRE,01,070,005_00_01_016_5146_Mesa_16,OK_ORGANICO
E14,PRE,01,070,005_00_01_017_5146_Mesa_17,OK_ORGANICO
E14,PRE,01,070,005_00_01_018_5146_Mesa_18,OK_ORGANICO
E14,PRE,01,070,005_00_02_001_5143_Mesa_1,OK_ORGANICO
E14,PRE,01,070,005_00_02_002_5143_Mesa_2,OK_ORGANICO
E14,PRE,01,070,005_00_02_003_5143_Mesa_3,OK_ORGANICO
E14,PRE,01,070,005_00_02_004_5143_Mesa_4,OK_ORGANICO
E14,PRE,01,070,005_00_02_005_5143_Mesa_5,OK_ORGANICO
E14,PRE,01,070,005_00_02_006_5143_Mesa_6,OK_ORGANICO
E14,PRE,01,070,005_00_02_007_5143_Mesa_7,OK_ORGANICO
E14,PRE,01,070,005_00_02_008_5143_Mesa_8,OK_ORGANICO
E14,PRE,01,070,005_00_02_009_5143_Mesa_9,OK_ORGANICO
E14,PRE,01,070,005_00_02_010_5143_Mesa_10,OK_ORGANICO
E14,PRE,01,070,005_00_02_011_5143_Mesa_11,OK_ORGANICO
E14,PRE,01,070,005_00_02_012_5143_Mesa_12,OK_ORGANICO
E14,PRE,01,070,005_00_02_013_5143_Mesa_13,OK_ORGANICO
E14,PRE,01,070,005_00_02_014_5143_Mesa_14,OK_ORGANICO
E14,PRE,01,070,005_00_02_015_5143_Mesa_15,OK_ORGANICO
E14,PRE,01,070,005_00_02_016_5143_Mesa_16,OK_ORGANICO
E14,PRE,01,070,005_00_03_001_5143_Mesa_1,OK_ORGANICO
E14,PRE,01,073,000_00_00_001_2028_Mesa_1,OK_ORGANICO
E14,PRE,01,073,000_00_00_002_2028_Mesa_2,OK_ORGANICO
E14,PRE,01,073,000_00_00_003_2028_Mesa_3,OK_ORGANICO
E14,PRE,01,073,000_00_00_004_2028_Mesa_4,OK_ORGANICO
E14,PRE,01,073,000_00_00_005_2028_Mesa_5,OK_ORGANICO
E14,PRE,01,073,000_00_00_006_2028_Mesa_6,OK_ORGANICO
E14,PRE,01,073,000_00_00_007_2028_Mesa_7,OK_ORGANICO
E14,PRE,01,073,000_00_00_008_2028_Mesa_8,OK_ORGANICO
E14,PRE,01,073,000_00_00_009_2028_Mesa_9,OK_ORGANICO
E14,PRE,01,073,000_00_00_010_2028_Mesa_10,OK_ORGANICO
E14,PRE,01,073,000_00_00_011_2028_Mesa_11,OK_ORGANICO
E14,PRE,01,073,000_00_00_012_2028_Mesa_12,OK_ORGANICO
E14,PRE,01,073,000_00_00_013_2028_Mesa_13,OK_ORGANICO
E14,PRE,01,073,000_00_00_015_2028_Mesa_15,OK_ORGANICO
E14,PRE,01,073,000_00_00_016_2028_Mesa_16,OK_ORGANICO
E14,PRE,01,073,000_00_00_017_2028_Mesa_17,OK_ORGANICO
E14,PRE,01,073,000_00_00_018_2028_Mesa_18,OK_ORGANICO
E14,PRE,01,073,000_00_00_019_2028_Mesa_19,OK_ORGANICO
E14,PRE,01,073,099_00_10_001_2028_Mesa_1,OK_ORGANICO
E14,PRE,01,073,099_00_80_001_2028_Mesa_1,OK_ORGANICO
E14,PRE,01,073,099_00_80_002_2028_Mesa_2,OK_ORGANICO
E14,PRE,01,078,000_00_00_001_2030_Mesa_1,OK_ORGANICO
E14,PRE,01,078,000_00_00_002_2030_Mesa_2,OK_ORGANICO
E14,PRE,01,078,000_00_00_003_2030_Mesa_3,OK_ORGANICO
E14,PRE,01,078,000_00_00_004_2030_Mesa_4,OK_ORGANICO
E14,PRE,01,078,000_00_00_005_2030_Mesa_5,OK_ORGANICO
E14,PRE,01,078,000_00_00_006_2030_Mesa_6,OK_ORGANICO
E14,PRE,01,078,000_00_00_007_2030_Mesa_7,OK_ORGANICO
E14,PRE,01,078,000_00_00_008_2030_Mesa_8,OK_ORGANICO
E14,PRE,01,078,000_00_00_009_2030_Mesa_9,OK_ORGANICO
E14,PRE,01,078,000_00_00_010_2030_Mesa_10,OK_ORGANICO
E14,PRE,01,078,000_00_00_011_2030_Mesa_11,OK_ORGANICO
E14,PRE,01,078,000_00_00_012_2030_Mesa_12,OK_ORGANICO
E14,PRE,01,078,000_00_00_013_2030_Mesa_13,OK_ORGANICO
E14,PRE,01,078,099_00_04_001_2030_Mesa_1,OK_ORGANICO
E14,PRE,01,078,099_00_09_001_2030_Mesa_1,OK_ORGANICO
E14,PRE,01,078,099_00_13_001_2030_Mesa_1,OK_ORGANICO
E14,PRE,01,079,000_00_00_001_2031_Mesa_1,OK_ORGANICO
E14,PRE,01,079,000_00_00_002_2031_Mesa_2,OK_ORGANICO
E14,PRE,01,079,000_00_00_003_2031_Mesa_3,OK_ORGANICO
E14,PRE,01,079,000_00_00_004_2031_Mesa_4,OK_ORGANICO
E14,PRE,01,079,000_00_00_005_2031_Mesa_5,OK_ORGANICO
E14,PRE,01,079,000_00_00_006_2031_Mesa_6,OK_ORGANICO
E14,PRE,01,079,000_00_00_007_2031_Mesa_7,OK_ORGANICO
E14,PRE,01,079,000_00_00_008_2031_Mesa_8,OK_ORGANICO
E14,PRE,01,079,000_00_00_009_2031_Mesa_9,OK_ORGANICO
E14,PRE,01,079,000_00_00_010_2031_Mesa_10,OK_ORGANICO
E14,PRE,01,079,000_00_00_011_2031_Mesa_11,OK_ORGANICO
E14,PRE,01,079,000_00_00_012_2031_Mesa_12,OK_ORGANICO
E14,PRE,01,079,099_00_03_001_2031_Mesa_1,OK_ORGANICO
E14,PRE,01,079,099_00_03_002_2031_Mesa_2,OK_ORGANICO
E14,PRE,01,079,099_00_07_001_2031_Mesa_1,OK_ORGANICO
E14,PRE,01,079,099_00_37_001_2031_Mesa_1,OK_ORGANICO
E14,PRE,01,080,001_00_01_001_5147_Mesa_1,OK_ORGANICO
E14,PRE,01,080,001_00_01_002_5147_Mesa_2,OK_ORGANICO
E14,PRE,01,080,001_00_01_003_5147_Mesa_3,OK_ORGANICO
E14,PRE,01,080,001_00_01_004_5147_Mesa_4,OK_ORGANICO
E14,PRE,01,080,001_00_01_005_5147_Mesa_5,OK_ORGANICO
E14,PRE,01,080,001_00_01_006_5147_Mesa_6,OK_ORGANICO
E14,PRE,01,080,001_00_01_007_5147_Mesa_7,OK_ORGANICO
E14,PRE,01,080,001_00_01_008_5147_Mesa_8,OK_ORGANICO
E14,PRE,01,080,001_00_01_009_5147_Mesa_9,OK_ORGANICO
E14,PRE,01,080,001_00_01_010_5147_Mesa_10,OK_ORGANICO
E14,PRE,01,080,001_00_01_011_5147_Mesa_11,OK_ORGANICO
E14,PRE,01,080,001_00_01_012_5147_Mesa_12,OK_ORGANICO
E14,PRE,01,080,001_00_01_013_5147_Mesa_13,OK_ORGANICO
E14,PRE,01,080,001_00_01_014_5147_Mesa_14,OK_ORGANICO
E14,PRE,01,080,001_00_01_015_5147_Mesa_15,OK_ORGANICO
E14,PRE,01,080,001_00_01_016_5147_Mesa_16,OK_ORGANICO
E14,PRE,01,080,001_00_02_001_5147_Mesa_1,OK_ORGANICO
E14,PRE,01,080,001_00_02_002_5147_Mesa_2,OK_ORGANICO
E14,PRE,01,080,001_00_02_003_5147_Mesa_3,OK_ORGANICO
E14,PRE,01,080,001_00_02_004_5147_Mesa_4,OK_ORGANICO
E14,PRE,01,080,001_00_02_005_5147_Mesa_5,OK_ORGANICO
E14,PRE,01,080,001_00_02_006_5147_Mesa_6,OK_ORGANICO
E14,PRE,01,080,001_00_02_007_5147_Mesa_7,OK_ORGANICO
E14,PRE,01,080,001_00_02_008_5147_Mesa_8,OK_ORGANICO
E14,PRE,01,080,001_00_02_009_5147_Mesa_9,OK_ORGANICO
E14,PRE,01,080,001_00_02_010_5147_Mesa_10,OK_ORGANICO
E14,PRE,01,080,001_00_02_011_5147_Mesa_11,OK_ORGANICO
E14,PRE,01,080,001_00_02_012_5147_Mesa_12,OK_ORGANICO
E14,PRE,01,080,001_00_02_013_5147_Mesa_13,OK_ORGANICO
E14,PRE,01,080,001_00_02_014_5147_Mesa_14,OK_ORGANICO
E14,PRE,01,080,001_00_03_001_5147_Mesa_1,OK_ORGANICO
E14,PRE,01,080,001_00_03_002_5147_Mesa_2,OK_ORGANICO
E14,PRE,01,080,001_00_03_003_5147_Mesa_3,OK_ORGANICO
E14,PRE,01,080,001_00_03_004_5147_Mesa_4,OK_ORGANICO
E14,PRE,01,080,001_00_03_005_5147_Mesa_5,OK_ORGANICO
E14,PRE,01,080,001_00_03_006_5147_Mesa_6,OK_ORGANICO
E14,PRE,01,080,001_00_03_007_5147_Mesa_7,OK_ORGANICO
E14,PRE,01,080,001_00_04_001_5147_Mesa_1,OK_ORGANICO
E14,PRE,01,080,002_00_02_001_5148_Mesa_1,OK_ORGANICO
E14,PRE,01,080,002_00_02_002_5148_Mesa_2,OK_ORGANICO
E14,PRE,01,080,002_00_02_003_5148_Mesa_3,OK_ORGANICO
E14,PRE,01,080,002_00_02_004_5148_Mesa_4,OK_ORGANICO
E14,PRE,01,080,002_00_02_005_5148_Mesa_5,OK_ORGANICO
E14,PRE,01,080,002_00_02_006_5148_Mesa_6,OK_ORGANICO
E14,PRE,01,080,002_00_02_007_5148_Mesa_7,OK_ORGANICO
E14,PRE,01,080,002_00_02_008_5148_Mesa_8,OK_ORGANICO
E14,PRE,01,080,002_00_02_009_5148_Mesa_9,OK_ORGANICO
E14,PRE,01,080,002_00_02_010_5148_Mesa_10,OK_ORGANICO
E14,PRE,01,080,002_00_02_011_5148_Mesa_11,OK_ORGANICO
E14,PRE,01,080,002_00_02_012_5148_Mesa_12,OK_ORGANICO
E14,PRE,01,241,000_00_00_001_2099_Mesa_1,CORRUPTO_PLANTILLA_B
E14,PRE,01,241,000_00_00_002_2099_Mesa_2,CORRUPTO_PLANTILLA_B
E14,PRE,01,241,000_00_00_003_2099_Mesa_3,CORRUPTO_PLANTILLA_B
E14,PRE,01,241,000_00_00_004_2099_Mesa_4,CORRUPTO_PLANTILLA_B
E14,PRE,01,241,000_00_00_005_2099_Mesa_5,CORRUPTO_PLANTILLA_B
E14,PRE,01,241,000_00_00_006_2099_Mesa_6,CORRUPTO_PLANTILLA_B
E14,PRE,01,241,000_00_00_007_2099_Mesa_7,CORRUPTO_PLANTILLA_B
E14,PRE,01,241,000_00_00_008_2099_Mesa_8,CORRUPTO_PLANTILLA_B
E14,PRE,01,241,000_00_00_009_2099_Mesa_9,CORRUPTO_PLANTILLA_B
E14,PRE,01,241,000_00_00_010_2099_Mesa_10,CORRUPTO_PLANTILLA_B
E14,PRE,01,241,000_00_00_011_2099_Mesa_11,CORRUPTO_PLANTILLA_B
E14,PRE,01,241,000_00_00_012_2099_Mesa_12,CORRUPTO_PLANTILLA_B
E14,PRE,01,241,000_00_00_013_2099_Mesa_13,CORRUPTO_PLANTILLA_B
E14,PRE,01,241,000_00_00_014_2099_Mesa_14,CORRUPTO_PLANTILLA_B
E14,PRE,01,241,000_00_00_015_2099_Mesa_15,CORRUPTO_PLANTILLA_B
E14,PRE,01,241,000_00_00_016_2099_Mesa_16,CORRUPTO_PLANTILLA_B
E14,PRE,01,241,000_00_00_017_2099_Mesa_17,CORRUPTO_PLANTILLA_B
E14,PRE,01,241,000_00_00_018_2099_Mesa_18,CORRUPTO_PLANTILLA_B
E14,PRE,01,241,000_00_00_019_2099_Mesa_19,CORRUPTO_PLANTILLA_B
E14,PRE,01,241,000_00_00_020_2099_Mesa_20,CORRUPTO_PLANTILLA_B
E14,PRE,01,241,000_00_00_021_2099_Mesa_21,CORRUPTO_PLANTILLA_B
E14,PRE,01,241,000_00_00_022_2099_Mesa_22,CORRUPTO_PLANTILLA_B
E14,PRE,01,241,000_00_00_023_2099_Mesa_23,CORRUPTO_PLANTILLA_B
E14,PRE,01,241,000_00_00_024_2099_Mesa_24,CORRUPTO_PLANTILLA_B
E14,PRE,01,241,000_00_00_025_2099_Mesa_25,CORRUPTO_PLANTILLA_B
E14,PRE,01,241,000_00_00_026_2099_Mesa_26,CORRUPTO_PLANTILLA_B
E14,PRE,01,241,000_00_00_027_2099_Mesa_27,CORRUPTO_PLANTILLA_B
E14,PRE,01,241,000_00_00_028_2099_Mesa_28,CORRUPTO_PLANTILLA_B
E14,PRE,01,241,000_00_00_029_2099_Mesa_29,CORRUPTO_PLANTILLA_B
E14,PRE,01,241,000_00_00_030_2099_Mesa_30,CORRUPTO_PLANTILLA_B
E14,PRE,01,241,000_00_00_031_2099_Mesa_31,CORRUPTO_PLANTILLA_B
E14,PRE,01,241,000_00_00_032_2099_Mesa_32,CORRUPTO_PLANTILLA_B
E14,PRE,01,241,000_00_00_033_2099_Mesa_33,CORRUPTO_PLANTILLA_B
E14,PRE,01,241,099_00_05_001_2099_Mesa_1,CORRUPTO_PLANTILLA_B
E14,PRE,01,241,099_00_05_002_2099_Mesa_2,CORRUPTO_PLANTILLA_B
E14,PRE,01,241,099_00_05_003_2099_Mesa_3,CORRUPTO_PLANTILLA_B
E14,PRE,01,241,099_00_05_004_2099_Mesa_4,CORRUPTO_PLANTILLA_B
E14,PRE,01,241,099_00_05_005_2099_Mesa_5,CORRUPTO_PLANTILLA_B
E14,PRE,01,241,099_00_06_001_2099_Mesa_1,CORRUPTO_PLANTILLA_B
E14,PRE,01,241,099_00_06_002_2099_Mesa_2,CORRUPTO_PLANTILLA_B
E14,PRE,01,241,099_00_06_003_2099_Mesa_3,CORRUPTO_PLANTILLA_B
E14,PRE,01,241,099_00_06_004_2099_Mesa_4,CORRUPTO_PLANTILLA_B
E14,PRE,01,241,099_00_07_001_2099_Mesa_1,CORRUPTO_PLANTILLA_B
E14,PRE,01,241,099_00_07_002_2099_Mesa_2,CORRUPTO_PLANTILLA_B
E14,PRE,01,241,099_00_09_001_2099_Mesa_1,CORRUPTO_PLANTILLA_B
E14,PRE,01,241,099_00_09_002_2099_Mesa_2,CORRUPTO_PLANTILLA_B
E14,PRE,01,241,099_00_09_003_2099_Mesa_3,CORRUPTO_PLANTILLA_B
E14,PRE,01,241,099_00_09_004_2099_Mesa_4,CORRUPTO_PLANTILLA_B
E14,PRE,01,241,099_00_09_005_2099_Mesa_5,CORRUPTO_PLANTILLA_B
E14,PRE,01,241,099_00_09_006_2099_Mesa_6,CORRUPTO_PLANTILLA_B
E14,PRE,01,244,000_00_00_001_2100_Mesa_1,CORRUPTO_PLANTILLA_B
E14,PRE,01,244,000_00_00_002_2100_Mesa_2,CORRUPTO_PLANTILLA_B
E14,PRE,01,244,000_00_00_003_2100_Mesa_3,CORRUPTO_PLANTILLA_B
E14,PRE,01,244,000_00_00_004_2100_Mesa_4,CORRUPTO_PLANTILLA_B
E14,PRE,01,244,000_00_00_005_2100_Mesa_5,CORRUPTO_PLANTILLA_B
E14,PRE,01,244,000_00_00_006_2100_Mesa_6,CORRUPTO_PLANTILLA_B
E14,PRE,01,244,000_00_00_007_2100_Mesa_7,CORRUPTO_PLANTILLA_B
E14,PRE,01,244,000_00_00_008_2100_Mesa_8,CORRUPTO_PLANTILLA_B
E14,PRE,01,244,000_00_00_009_2100_Mesa_9,CORRUPTO_PLANTILLA_B
E14,PRE,01,244,000_00_00_010_2100_Mesa_10,CORRUPTO_PLANTILLA_B
E14,PRE,01,244,000_00_00_011_2100_Mesa_11,CORRUPTO_PLANTILLA_B
E14,PRE,01,244,000_00_00_012_2100_Mesa_12,CORRUPTO_PLANTILLA_B
E14,PRE,01,244,000_00_00_013_2100_Mesa_13,CORRUPTO_PLANTILLA_B
E14,PRE,01,244,000_00_00_014_2100_Mesa_14,CORRUPTO_PLANTILLA_B
E14,PRE,01,244,000_00_00_015_2100_Mesa_15,CORRUPTO_PLANTILLA_B
E14,PRE,01,244,000_00_00_016_2100_Mesa_16,CORRUPTO_PLANTILLA_B
E14,PRE,01,244,000_00_00_017_2100_Mesa_17,CORRUPTO_PLANTILLA_B
E14,PRE,01,244,000_00_00_018_2100_Mesa_18,CORRUPTO_PLANTILLA_B
E14,PRE,01,244,000_00_00_019_2100_Mesa_19,CORRUPTO_PLANTILLA_B
E14,PRE,01,244,000_00_00_020_2100_Mesa_20,CORRUPTO_PLANTILLA_B
E14,PRE,01,244,000_00_00_021_2100_Mesa_21,CORRUPTO_PLANTILLA_B
E14,PRE,01,244,000_00_00_022_2100_Mesa_22,CORRUPTO_PLANTILLA_B
E14,PRE,01,244,000_00_00_023_2100_Mesa_23,CORRUPTO_PLANTILLA_B
E14,PRE,01,244,000_00_00_024_2100_Mesa_24,CORRUPTO_PLANTILLA_B
E14,PRE,01,244,000_00_00_025_2100_Mesa_25,CORRUPTO_PLANTILLA_B
E14,PRE,01,244,000_00_00_026_2100_Mesa_26,CORRUPTO_PLANTILLA_B
E14,PRE,01,244,000_00_00_027_2100_Mesa_27,CORRUPTO_PLANTILLA_B
E14,PRE,01,244,000_00_00_028_2100_Mesa_28,CORRUPTO_PLANTILLA_B
E14,PRE,01,244,000_00_00_029_2100_Mesa_29,CORRUPTO_PLANTILLA_B
E14,PRE,01,244,000_00_00_030_2100_Mesa_30,CORRUPTO_PLANTILLA_B
E14,PRE,01,244,000_00_00_031_2100_Mesa_31,CORRUPTO_PLANTILLA_B
E14,PRE,01,244,000_00_00_032_2100_Mesa_32,CORRUPTO_PLANTILLA_B
E14,PRE,01,244,000_00_00_033_2100_Mesa_33,CORRUPTO_PLANTILLA_B
E14,PRE,01,244,000_00_00_034_2100_Mesa_34,CORRUPTO_PLANTILLA_B
E14,PRE,01,244,099_00_02_001_2100_Mesa_1,CORRUPTO_PLANTILLA_B
E14,PRE,01,244,099_00_02_002_2100_Mesa_2,CORRUPTO_PLANTILLA_B
E14,PRE,01,244,099_00_03_001_2100_Mesa_1,CORRUPTO_PLANTILLA_B
E14,PRE,01,244,099_00_05_001_2100_Mesa_1,CORRUPTO_PLANTILLA_B
E14,PRE,01,244,099_00_06_001_2100_Mesa_1,CORRUPTO_PLANTILLA_B
E14,PRE,01,244,099_00_08_001_2100_Mesa_1,CORRUPTO_PLANTILLA_B
E14,PRE,01,244,099_00_08_002_2100_Mesa_2,CORRUPTO_PLANTILLA_B
E14,PRE,01,244,099_00_09_001_2100_Mesa_1,CORRUPTO_PLANTILLA_B
E14,PRE,01,244,099_00_09_002_2100_Mesa_2,CORRUPTO_PLANTILLA_B
E14,PRE,01,244,099_00_11_001_2100_Mesa_1,CORRUPTO_PLANTILLA_B
E14,PRE,01,244,099_00_11_002_2100_Mesa_2,CORRUPTO_PLANTILLA_B
E14,PRE,01,244,099_00_12_001_2100_Mesa_1,CORRUPTO_PLANTILLA_B
E14,PRE,01,244,099_00_12_002_2100_Mesa_2,CORRUPTO_PLANTILLA_B
E14,PRE,01,244,099_00_14_001_2100_Mesa_1,CORRUPTO_PLANTILLA_B
E14,PRE,01,244,099_00_14_002_2100_Mesa_2,CORRUPTO_PLANTILLA_B
E14,PRE,01,244,099_00_14_003_2100_Mesa_3,CORRUPTO_PLANTILLA_B
E14,PRE,01,244,099_00_14_004_2100_Mesa_4,CORRUPTO_PLANTILLA_B
E14,PRE,01,244,099_00_14_005_2100_Mesa_5,CORRUPTO_PLANTILLA_B
E14,PRE,01,244,099_00_40_001_2100_Mesa_1,CORRUPTO_PLANTILLA_B
E14,PRE,01,244,099_00_40_002_2100_Mesa_2,CORRUPTO_PLANTILLA_B
E14,PRE,01,247,001_00_01_001_5251_Mesa_1,CORRUPTO_PLANTILLA_B
E14,PRE,01,247,001_00_01_002_5251_Mesa_2,CORRUPTO_PLANTILLA_B
E14,PRE,01,247,001_00_01_003_5251_Mesa_3,CORRUPTO_PLANTILLA_B
E14,PRE,01,247,001_00_01_004_5251_Mesa_4,CORRUPTO_PLANTILLA_B
E14,PRE,01,247,001_00_01_005_5251_Mesa_5,CORRUPTO_PLANTILLA_B
E14,PRE,01,247,001_00_01_006_5251_Mesa_6,CORRUPTO_PLANTILLA_B
E14,PRE,01,247,001_00_01_007_5251_Mesa_7,CORRUPTO_PLANTILLA_B
E14,PRE,01,247,001_00_01_008_5251_Mesa_8,CORRUPTO_PLANTILLA_B
E14,PRE,01,247,001_00_01_009_5251_Mesa_9,CORRUPTO_PLANTILLA_B
E14,PRE,01,247,001_00_01_010_5251_Mesa_10,CORRUPTO_PLANTILLA_B
E14,PRE,01,247,001_00_01_011_5251_Mesa_11,CORRUPTO_PLANTILLA_B
E14,PRE,01,247,001_00_01_012_5251_Mesa_12,CORRUPTO_PLANTILLA_B
E14,PRE,01,247,001_00_01_013_5251_Mesa_13,CORRUPTO_PLANTILLA_B
E14,PRE,01,247,001_00_01_014_5251_Mesa_14,CORRUPTO_PLANTILLA_B
E14,PRE,01,247,001_00_01_015_5251_Mesa_15,CORRUPTO_PLANTILLA_B
E14,PRE,01,247,001_00_01_016_5251_Mesa_16,CORRUPTO_PLANTILLA_B
E14,PRE,01,247,001_00_02_001_5251_Mesa_1,CORRUPTO_PLANTILLA_B
E14,PRE,01,247,001_00_02_002_5251_Mesa_2,CORRUPTO_PLANTILLA_B
E14,PRE,01,247,001_00_02_003_5251_Mesa_3,CORRUPTO_PLANTILLA_B
E14,PRE,01,247,001_00_02_004_5251_Mesa_4,CORRUPTO_PLANTILLA_B
E14,PRE,01,247,001_00_02_005_5251_Mesa_5,CORRUPTO_PLANTILLA_B
E14,PRE,01,247,001_00_02_006_5251_Mesa_6,CORRUPTO_PLANTILLA_B
E14,PRE,01,247,001_00_02_007_5251_Mesa_7,CORRUPTO_PLANTILLA_B
E14,PRE,01,247,001_00_02_008_5251_Mesa_8,CORRUPTO_PLANTILLA_B
E14,PRE,01,247,001_00_02_009_5251_Mesa_9,CORRUPTO_PLANTILLA_B
E14,PRE,01,247,001_00_02_010_5251_Mesa_10,CORRUPTO_PLANTILLA_B
E14,PRE,01,247,001_00_02_011_5251_Mesa_11,CORRUPTO_PLANTILLA_B
E14,PRE,01,247,001_00_02_012_5251_Mesa_12,CORRUPTO_PLANTILLA_B
E14,PRE,01,247,001_00_02_013_5251_Mesa_13,CORRUPTO_PLANTILLA_B
E14,PRE,01,247,001_00_02_014_5251_Mesa_14,CORRUPTO_PLANTILLA_B
E14,PRE,01,247,002_00_01_001_5252_Mesa_1,CORRUPTO_PLANTILLA_B
E14,PRE,01,247,002_00_01_002_5252_Mesa_2,CORRUPTO_PLANTILLA_B
E14,PRE,01,247,002_00_01_003_5252_Mesa_3,CORRUPTO_PLANTILLA_B
E14,PRE,01,247,002_00_01_004_5252_Mesa_4,CORRUPTO_PLANTILLA_B
E14,PRE,01,247,002_00_01_005_5252_Mesa_5,CORRUPTO_PLANTILLA_B
E14,PRE,01,247,002_00_01_006_5252_Mesa_6,CORRUPTO_PLANTILLA_B
E14,PRE,01,247,002_00_01_007_5252_Mesa_7,CORRUPTO_PLANTILLA_B
E14,PRE,01,247,002_00_01_008_5252_Mesa_8,CORRUPTO_PLANTILLA_B
E14,PRE,01,247,002_00_01_009_5252_Mesa_9,CORRUPTO_PLANTILLA_B
E14,PRE,01,247,002_00_01_010_5252_Mesa_10,CORRUPTO_PLANTILLA_B
E14,PRE,01,247,002_00_01_011_5252_Mesa_11,CORRUPTO_PLANTILLA_B
E14,PRE,01,247,002_00_01_012_5252_Mesa_12,CORRUPTO_PLANTILLA_B
E14,PRE,01,247,002_00_01_013_5252_Mesa_13,CORRUPTO_PLANTILLA_B
E14,PRE,01,247,002_00_01_014_5252_Mesa_14,CORRUPTO_PLANTILLA_B
E14,PRE,01,247,002_00_01_015_5252_Mesa_15,CORRUPTO_PLANTILLA_B
E14,PRE,01,247,002_00_01_016_5252_Mesa_16,CORRUPTO_PLANTILLA_B
E14,PRE,01,247,002_00_02_001_5252_Mesa_1,CORRUPTO_PLANTILLA_B
E14,PRE,01,247,002_00_02_002_5252_Mesa_2,CORRUPTO_PLANTILLA_B
E14,PRE,01,247,002_00_02_003_5252_Mesa_3,CORRUPTO_PLANTILLA_B
E14,PRE,01,247,002_00_02_004_5252_Mesa_4,CORRUPTO_PLANTILLA_B
E14,PRE,01,247,002_00_02_005_5252_Mesa_5,CORRUPTO_PLANTILLA_B
E14,PRE,01,247,002_00_02_006_5252_Mesa_6,CORRUPTO_PLANTILLA_B
E14,PRE,01,247,002_00_02_007_5252_Mesa_7,CORRUPTO_PLANTILLA_B
E14,PRE,01,247,002_00_02_008_5252_Mesa_8,CORRUPTO_PLANTILLA_B
E14,PRE,01,247,002_00_02_009_5252_Mesa_9,CORRUPTO_PLANTILLA_B
E14,PRE,01,247,002_00_02_010_5252_Mesa_10,CORRUPTO_PLANTILLA_B
E14,PRE,01,247,002_00_02_011_5252_Mesa_11,CORRUPTO_PLANTILLA_B
E14,PRE,01,247,002_00_02_012_5252_Mesa_12,CORRUPTO_PLANTILLA_B
E14,PRE,01,247,002_00_02_013_5252_Mesa_13,CORRUPTO_PLANTILLA_B
E14,PRE,01,247,002_00_02_014_5252_Mesa_14,CORRUPTO_PLANTILLA_B
E14,PRE,01,247,098_00_01_001_5252_Mesa_1,CORRUPTO_PLANTILLA_B
E14,PRE,01,247,099_00_01_001_5251_Mesa_1,CORRUPTO_PLANTILLA_B
E14,PRE,01,247,099_00_01_002_5251_Mesa_2,CORRUPTO_PLANTILLA_B
E14,PRE,01,247,099_00_01_003_5251_Mesa_3,CORRUPTO_PLANTILLA_B
E14,PRE,01,247,099_00_13_001_5252_Mesa_1,CORRUPTO_PLANTILLA_B
E14,PRE,01,247,099_00_13_002_5252_Mesa_2,CORRUPTO_PLANTILLA_B
E14,PRE,01,247,099_00_13_003_5252_Mesa_3,CORRUPTO_PLANTILLA_B
E14,PRE,01,247,099_00_13_004_5252_Mesa_4,CORRUPTO_PLANTILLA_B
E14,PRE,01,247,099_00_13_005_5252_Mesa_5,CORRUPTO_PLANTILLA_B
E14,PRE,01,250,001_00_01_001_5253_Mesa_1,CORRUPTO_PLANTILLA_B
E14,PRE,01,250,001_00_01_002_5253_Mesa_2,CORRUPTO_PLANTILLA_B
E14,PRE,01,250,001_00_01_003_5253_Mesa_3,CORRUPTO_PLANTILLA_B
E14,PRE,01,250,001_00_01_004_5253_Mesa_4,CORRUPTO_PLANTILLA_B
E14,PRE,01,250,001_00_01_005_5253_Mesa_5,CORRUPTO_PLANTILLA_B
E14,PRE,01,250,001_00_01_006_5253_Mesa_6,CORRUPTO_PLANTILLA_B
E14,PRE,01,250,001_00_01_007_5253_Mesa_7,CORRUPTO_PLANTILLA_B
E14,PRE,01,250,001_00_01_008_5253_Mesa_8,CORRUPTO_PLANTILLA_B
E14,PRE,01,250,001_00_01_009_5253_Mesa_9,CORRUPTO_PLANTILLA_B
E14,PRE,01,250,001_00_01_010_5253_Mesa_10,CORRUPTO_PLANTILLA_B
E14,PRE,01,250,001_00_01_011_5253_Mesa_11,CORRUPTO_PLANTILLA_B
E14,PRE,01,250,001_00_01_012_5253_Mesa_12,CORRUPTO_PLANTILLA_B
E14,PRE,01,250,001_00_01_013_5253_Mesa_13,CORRUPTO_PLANTILLA_B
E14,PRE,01,250,001_00_01_014_5253_Mesa_14,CORRUPTO_PLANTILLA_B
E14,PRE,01,250,001_00_01_015_5253_Mesa_15,CORRUPTO_PLANTILLA_B
E14,PRE,01,250,001_00_01_016_5253_Mesa_16,CORRUPTO_PLANTILLA_B
E14,PRE,01,250,001_00_01_017_5253_Mesa_17,CORRUPTO_PLANTILLA_B
E14,PRE,01,250,001_00_01_018_5253_Mesa_18,CORRUPTO_PLANTILLA_B
E14,PRE,01,250,001_00_02_001_5253_Mesa_1,CORRUPTO_PLANTILLA_B
E14,PRE,01,250,001_00_02_002_5253_Mesa_2,CORRUPTO_PLANTILLA_B
E14,PRE,01,250,001_00_02_003_5253_Mesa_3,CORRUPTO_PLANTILLA_B
E14,PRE,01,250,001_00_02_004_5253_Mesa_4,CORRUPTO_PLANTILLA_B
E14,PRE,01,250,001_00_02_005_5253_Mesa_5,CORRUPTO_PLANTILLA_B
E14,PRE,01,250,001_00_02_006_5253_Mesa_6,CORRUPTO_PLANTILLA_B
E14,PRE,01,250,001_00_02_007_5253_Mesa_7,CORRUPTO_PLANTILLA_B
E14,PRE,01,250,001_00_02_008_5253_Mesa_8,CORRUPTO_PLANTILLA_B
E14,PRE,01,250,001_00_03_001_5253_Mesa_1,CORRUPTO_PLANTILLA_B
E14,PRE,01,250,001_00_03_002_5253_Mesa_2,CORRUPTO_PLANTILLA_B
E14,PRE,01,250,001_00_03_003_5253_Mesa_3,CORRUPTO_PLANTILLA_B
E14,PRE,01,250,001_00_03_004_5253_Mesa_4,CORRUPTO_PLANTILLA_B
E14,PRE,01,250,001_00_03_005_5253_Mesa_5,CORRUPTO_PLANTILLA_B
E14,PRE,01,250,001_00_03_006_5253_Mesa_6,CORRUPTO_PLANTILLA_B
E14,PRE,01,250,001_00_03_007_5253_Mesa_7,CORRUPTO_PLANTILLA_B
E14,PRE,01,250,001_00_03_008_5253_Mesa_8,CORRUPTO_PLANTILLA_B
E14,PRE,01,250,002_00_01_001_5254_Mesa_1,CORRUPTO_PLANTILLA_B
E14,PRE,01,250,002_00_01_002_5254_Mesa_2,CORRUPTO_PLANTILLA_B
E14,PRE,01,250,002_00_01_003_5254_Mesa_3,CORRUPTO_PLANTILLA_B
E14,PRE,01,250,002_00_01_004_5254_Mesa_4,CORRUPTO_PLANTILLA_B
E14,PRE,01,250,002_00_01_005_5254_Mesa_5,CORRUPTO_PLANTILLA_B
E14,PRE,01,250,002_00_01_006_5254_Mesa_6,CORRUPTO_PLANTILLA_B
E14,PRE,01,250,002_00_01_007_5254_Mesa_7,CORRUPTO_PLANTILLA_B
E14,PRE,01,250,002_00_01_008_5254_Mesa_8,CORRUPTO_PLANTILLA_B
E14,PRE,01,250,002_00_01_009_5254_Mesa_9,CORRUPTO_PLANTILLA_B
E14,PRE,01,250,002_00_01_010_5254_Mesa_10,CORRUPTO_PLANTILLA_B
E14,PRE,01,250,002_00_01_011_5254_Mesa_11,CORRUPTO_PLANTILLA_B
E14,PRE,01,250,002_00_01_012_5254_Mesa_12,CORRUPTO_PLANTILLA_B
E14,PRE,01,250,002_00_01_013_5254_Mesa_13,CORRUPTO_PLANTILLA_B
E14,PRE,01,250,002_00_01_014_5254_Mesa_14,CORRUPTO_PLANTILLA_B
E14,PRE,01,250,002_00_01_015_5254_Mesa_15,CORRUPTO_PLANTILLA_B
E14,PRE,01,250,002_00_01_016_5254_Mesa_16,CORRUPTO_PLANTILLA_B
E14,PRE,01,250,002_00_01_017_5254_Mesa_17,CORRUPTO_PLANTILLA_B
E14,PRE,01,250,002_00_01_018_5254_Mesa_18,CORRUPTO_PLANTILLA_B
E14,PRE,01,250,002_00_01_019_5254_Mesa_19,CORRUPTO_PLANTILLA_B
E14,PRE,01,250,002_00_01_020_5254_Mesa_20,CORRUPTO_PLANTILLA_B
E14,PRE,01,250,002_00_01_021_5254_Mesa_21,CORRUPTO_PLANTILLA_B
E14,PRE,01,250,002_00_01_022_5254_Mesa_22,CORRUPTO_PLANTILLA_B
E14,PRE,01,250,002_00_02_001_5254_Mesa_1,CORRUPTO_PLANTILLA_B
E14,PRE,01,250,002_00_02_002_5254_Mesa_2,CORRUPTO_PLANTILLA_B
E14,PRE,01,250,002_00_02_003_5254_Mesa_3,CORRUPTO_PLANTILLA_B
E14,PRE,01,250,002_00_02_004_5254_Mesa_4,CORRUPTO_PLANTILLA_B
E14,PRE,01,250,002_00_02_005_5254_Mesa_5,CORRUPTO_PLANTILLA_B
E14,PRE,01,250,002_00_02_006_5254_Mesa_6,CORRUPTO_PLANTILLA_B
E14,PRE,01,250,002_00_02_007_5254_Mesa_7,CORRUPTO_PLANTILLA_B
E14,PRE,01,250,002_00_02_008_5254_Mesa_8,CORRUPTO_PLANTILLA_B
E14,PRE,01,250,002_00_02_009_5254_Mesa_9,CORRUPTO_PLANTILLA_B
E14,PRE,01,250,002_00_02_010_5254_Mesa_10,CORRUPTO_PLANTILLA_B
E14,PRE,01,250,002_00_02_011_5254_Mesa_11,CORRUPTO_PLANTILLA_B
E14,PRE,01,250,002_00_02_012_5254_Mesa_12,CORRUPTO_PLANTILLA_B
E14,PRE,01,250,002_00_02_013_5254_Mesa_13,CORRUPTO_PLANTILLA_B
E14,PRE,01,250,002_00_02_014_5254_Mesa_14,CORRUPTO_PLANTILLA_B
E14,PRE,01,250,002_00_02_015_5254_Mesa_15,CORRUPTO_PLANTILLA_B
E14,PRE,01,250,002_00_02_016_5254_Mesa_16,CORRUPTO_PLANTILLA_B
E14,PRE,01,250,098_00_01_001_5253_Mesa_1,CORRUPTO_PLANTILLA_B
E14,PRE,01,250,099_00_01_001_5253_Mesa_1,CORRUPTO_PLANTILLA_B
E14,PRE,01,250,099_00_01_002_5253_Mesa_2,CORRUPTO_PLANTILLA_B
E14,PRE,01,250,099_00_01_003_5253_Mesa_3,CORRUPTO_PLANTILLA_B
E14,PRE,01,250,099_00_02_001_5253_Mesa_1,CORRUPTO_PLANTILLA_B
E14,PRE,01,250,099_00_05_001_5254_Mesa_1,CORRUPTO_PLANTILLA_B
E14,PRE,01,250,099_00_05_002_5254_Mesa_2,CORRUPTO_PLANTILLA_B
E14,PRE,01,250,099_00_09_001_5253_Mesa_1,CORRUPTO_PLANTILLA_B
E14,PRE,01,250,099_00_09_002_5253_Mesa_2,CORRUPTO_PLANTILLA_B
E14,PRE,01,250,099_00_09_003_5253_Mesa_3,CORRUPTO_PLANTILLA_B
E14,PRE,01,250,099_00_10_001_5253_Mesa_1,CORRUPTO_PLANTILLA_B
E14,PRE,01,250,099_00_11_001_5254_Mesa_1,CORRUPTO_PLANTILLA_B
E14,PRE,01,250,099_00_11_002_5254_Mesa_2,CORRUPTO_PLANTILLA_B
E14,PRE,01,250,099_00_11_003_5254_Mesa_3,CORRUPTO_PLANTILLA_B
E14,PRE,01,250,099_00_13_001_5253_Mesa_1,CORRUPTO_PLANTILLA_B
E14,PRE,01,250,099_00_13_002_5253_Mesa_2,CORRUPTO_PLANTILLA_B
E14,PRE,01,250,099_00_13_003_5253_Mesa_3,CORRUPTO_PLANTILLA_B
E14,PRE,01,250,099_00_20_001_5254_Mesa_1,CORRUPTO_PLANTILLA_B
E14,PRE,01,250,099_00_20_002_5254_Mesa_2,CORRUPTO_PLANTILLA_B
E14,PRE,01,253,000_00_00_001_2103_Mesa_1,CORRUPTO_PLANTILLA_B
E14,PRE,01,253,000_00_00_002_2103_Mesa_2,CORRUPTO_PLANTILLA_B
E14,PRE,01,253,000_00_00_003_2103_Mesa_3,CORRUPTO_PLANTILLA_B
E14,PRE,01,253,000_00_00_004_2103_Mesa_4,CORRUPTO_PLANTILLA_B
E14,PRE,01,253,000_00_00_005_2103_Mesa_5,CORRUPTO_PLANTILLA_B
E14,PRE,01,253,000_00_00_006_2103_Mesa_6,CORRUPTO_PLANTILLA_B
E14,PRE,01,253,000_00_00_007_2103_Mesa_7,CORRUPTO_PLANTILLA_B
E14,PRE,01,253,000_00_00_008_2103_Mesa_8,CORRUPTO_PLANTILLA_B
E14,PRE,01,253,000_00_00_009_2103_Mesa_9,CORRUPTO_PLANTILLA_B
E14,PRE,01,253,000_00_00_010_2103_Mesa_10,CORRUPTO_PLANTILLA_B
E14,PRE,01,253,000_00_00_011_2103_Mesa_11,CORRUPTO_PLANTILLA_B
E14,PRE,01,253,000_00_00_012_2103_Mesa_12,CORRUPTO_PLANTILLA_B
E14,PRE,01,253,000_00_00_013_2103_Mesa_13,CORRUPTO_PLANTILLA_B
E14,PRE,01,253,000_00_00_014_2103_Mesa_14,CORRUPTO_PLANTILLA_B
E14,PRE,01,253,000_00_00_015_2103_Mesa_15,CORRUPTO_PLANTILLA_B
E14,PRE,01,253,000_00_00_016_2103_Mesa_16,CORRUPTO_PLANTILLA_B
E14,PRE,01,253,000_00_00_017_2103_Mesa_17,CORRUPTO_PLANTILLA_B
E14,PRE,01,253,098_00_01_001_2103_Mesa_1,CORRUPTO_PLANTILLA_B
E14,PRE,01,253,099_00_01_001_2103_Mesa_1,CORRUPTO_PLANTILLA_B
E14,PRE,01,253,099_00_01_002_2103_Mesa_2,CORRUPTO_PLANTILLA_B
E14,PRE,01,253,099_00_01_003_2103_Mesa_3,CORRUPTO_PLANTILLA_B
E14,PRE,01,253,099_00_05_001_2103_Mesa_1,CORRUPTO_PLANTILLA_B
E14,PRE,01,253,099_00_09_001_2103_Mesa_1,CORRUPTO_PLANTILLA_B
E14,PRE,01,253,099_00_09_002_2103_Mesa_2,CORRUPTO_PLANTILLA_B
E14,PRE,01,253,099_00_09_003_2103_Mesa_3,CORRUPTO_PLANTILLA_B
E14,PRE,01,253,099_00_13_001_2103_Mesa_1,CORRUPTO_PLANTILLA_B
E14,PRE,01,253,099_00_13_002_2103_Mesa_2,CORRUPTO_PLANTILLA_B
E14,PRE,01,253,099_00_13_003_2103_Mesa_3,CORRUPTO_PLANTILLA_B
E14,PRE,01,253,099_00_14_001_2103_Mesa_1,CORRUPTO_PLANTILLA_B
E14,PRE,01,253,099_00_14_002_2103_Mesa_2,CORRUPTO_PLANTILLA_B
E14,PRE,01,253,099_00_14_003_2103_Mesa_3,CORRUPTO_PLANTILLA_B
E14,PRE,01,253,099_00_40_001_2103_Mesa_1,CORRUPTO_PLANTILLA_B
E14,PRE,01,256,001_00_01_001_5255_Mesa_1,CORRUPTO_PLANTILLA_B
E14,PRE,01,256,001_00_01_002_5255_Mesa_2,CORRUPTO_PLANTILLA_B
E14,PRE,01,256,001_00_01_003_5255_Mesa_3,CORRUPTO_PLANTILLA_B
E14,PRE,01,256,001_00_01_004_5255_Mesa_4,CORRUPTO_PLANTILLA_B
E14,PRE,01,256,001_00_01_005_5255_Mesa_5,CORRUPTO_PLANTILLA_B
E14,PRE,01,256,001_00_01_006_5255_Mesa_6,CORRUPTO_PLANTILLA_B
E14,PRE,01,256,001_00_01_007_5255_Mesa_7,CORRUPTO_PLANTILLA_B
E14,PRE,01,256,001_00_01_008_5255_Mesa_8,CORRUPTO_PLANTILLA_B
E14,PRE,01,256,001_00_01_009_5255_Mesa_9,CORRUPTO_PLANTILLA_B
E14,PRE,01,256,001_00_01_010_5255_Mesa_10,CORRUPTO_PLANTILLA_B
E14,PRE,01,256,001_00_01_011_5255_Mesa_11,CORRUPTO_PLANTILLA_B
E14,PRE,01,256,001_00_01_012_5255_Mesa_12,CORRUPTO_PLANTILLA_B
E14,PRE,01,256,001_00_01_013_5255_Mesa_13,CORRUPTO_PLANTILLA_B
E14,PRE,01,256,001_00_01_014_5255_Mesa_14,CORRUPTO_PLANTILLA_B
E14,PRE,01,256,001_00_01_015_5255_Mesa_15,CORRUPTO_PLANTILLA_B
E14,PRE,01,256,001_00_01_016_5255_Mesa_16,CORRUPTO_PLANTILLA_B
E14,PRE,01,256,001_00_01_017_5255_Mesa_17,CORRUPTO_PLANTILLA_B
E14,PRE,01,256,001_00_01_018_5255_Mesa_18,CORRUPTO_PLANTILLA_B
E14,PRE,01,256,001_00_01_019_5255_Mesa_19,CORRUPTO_PLANTILLA_B
E14,PRE,01,256,001_00_01_020_5255_Mesa_20,CORRUPTO_PLANTILLA_B
E14,PRE,01,256,001_00_01_021_5255_Mesa_21,CORRUPTO_PLANTILLA_B
E14,PRE,01,256,001_00_01_022_5255_Mesa_22,CORRUPTO_PLANTILLA_B
E14,PRE,01,256,001_00_02_001_5255_Mesa_1,CORRUPTO_PLANTILLA_B
E14,PRE,01,256,001_00_02_002_5255_Mesa_2,CORRUPTO_PLANTILLA_B
E14,PRE,01,256,001_00_02_003_5255_Mesa_3,CORRUPTO_PLANTILLA_B
E14,PRE,01,256,001_00_02_004_5255_Mesa_4,CORRUPTO_PLANTILLA_B
E14,PRE,01,256,001_00_02_005_5255_Mesa_5,CORRUPTO_PLANTILLA_B
E14,PRE,01,256,001_00_02_006_5255_Mesa_6,CORRUPTO_PLANTILLA_B
E14,PRE,01,256,001_00_02_007_5255_Mesa_7,CORRUPTO_PLANTILLA_B
E14,PRE,01,256,001_00_02_008_5255_Mesa_8,CORRUPTO_PLANTILLA_B
E14,PRE,01,256,001_00_02_009_5255_Mesa_9,CORRUPTO_PLANTILLA_B
E14,PRE,01,256,001_00_03_001_5255_Mesa_1,CORRUPTO_PLANTILLA_B
E14,PRE,01,256,001_00_03_002_5255_Mesa_2,CORRUPTO_PLANTILLA_B
E14,PRE,01,256,001_00_03_003_5255_Mesa_3,CORRUPTO_PLANTILLA_B
E14,PRE,01,256,001_00_03_004_5255_Mesa_4,CORRUPTO_PLANTILLA_B
E14,PRE,01,256,001_00_03_005_5255_Mesa_5,CORRUPTO_PLANTILLA_B
E14,PRE,01,256,001_00_03_006_5255_Mesa_6,CORRUPTO_PLANTILLA_B
E14,PRE,01,256,001_00_03_007_5255_Mesa_7,CORRUPTO_PLANTILLA_B
E14,PRE,01,256,001_00_03_008_5255_Mesa_8,CORRUPTO_PLANTILLA_B
E14,PRE,01,256,001_00_03_009_5255_Mesa_9,CORRUPTO_PLANTILLA_B
E14,PRE,01,256,001_00_03_010_5255_Mesa_10,CORRUPTO_PLANTILLA_B
E14,PRE,01,256,002_00_01_001_5256_Mesa_1,CORRUPTO_PLANTILLA_B
E14,PRE,01,256,002_00_01_002_5256_Mesa_2,CORRUPTO_PLANTILLA_B
E14,PRE,01,256,002_00_01_003_5256_Mesa_3,CORRUPTO_PLANTILLA_B
E14,PRE,01,256,002_00_01_004_5256_Mesa_4,CORRUPTO_PLANTILLA_B
E14,PRE,01,256,002_00_01_005_5256_Mesa_5,CORRUPTO_PLANTILLA_B
E14,PRE,01,256,002_00_01_006_5256_Mesa_6,CORRUPTO_PLANTILLA_B
E14,PRE,01,256,002_00_01_007_5256_Mesa_7,CORRUPTO_PLANTILLA_B
E14,PRE,01,256,002_00_01_008_5256_Mesa_8,CORRUPTO_PLANTILLA_B
E14,PRE,01,256,002_00_01_009_5256_Mesa_9,CORRUPTO_PLANTILLA_B
E14,PRE,01,256,002_00_01_010_5256_Mesa_10,CORRUPTO_PLANTILLA_B
E14,PRE,01,256,002_00_01_011_5256_Mesa_11,CORRUPTO_PLANTILLA_B
E14,PRE,01,256,002_00_01_012_5256_Mesa_12,CORRUPTO_PLANTILLA_B
E14,PRE,01,256,002_00_01_013_5256_Mesa_13,CORRUPTO_PLANTILLA_B
E14,PRE,01,256,002_00_01_014_5256_Mesa_14,CORRUPTO_PLANTILLA_B
E14,PRE,01,256,002_00_01_015_5256_Mesa_15,CORRUPTO_PLANTILLA_B
E14,PRE,01,256,002_00_01_016_5256_Mesa_16,CORRUPTO_PLANTILLA_B
E14,PRE,01,256,002_00_01_017_5256_Mesa_17,CORRUPTO_PLANTILLA_B
E14,PRE,01,256,002_00_01_018_5256_Mesa_18,CORRUPTO_PLANTILLA_B
E14,PRE,01,256,002_00_01_019_5256_Mesa_19,CORRUPTO_PLANTILLA_B
E14,PRE,01,256,002_00_01_020_5256_Mesa_20,CORRUPTO_PLANTILLA_B
E14,PRE,01,256,002_00_01_021_5256_Mesa_21,CORRUPTO_PLANTILLA_B
E14,PRE,01,256,002_00_01_022_5256_Mesa_22,CORRUPTO_PLANTILLA_B
E14,PRE,01,256,002_00_01_023_5256_Mesa_23,CORRUPTO_PLANTILLA_B
E14,PRE,01,256,002_00_02_001_5256_Mesa_1,CORRUPTO_PLANTILLA_B
E14,PRE,01,256,002_00_02_002_5256_Mesa_2,CORRUPTO_PLANTILLA_B
E14,PRE,01,256,002_00_02_003_5256_Mesa_3,CORRUPTO_PLANTILLA_B
E14,PRE,01,256,002_00_02_004_5256_Mesa_4,CORRUPTO_PLANTILLA_B
E14,PRE,01,256,002_00_02_005_5256_Mesa_5,CORRUPTO_PLANTILLA_B
E14,PRE,01,256,002_00_02_006_5256_Mesa_6,CORRUPTO_PLANTILLA_B
E14,PRE,01,256,002_00_02_007_5256_Mesa_7,CORRUPTO_PLANTILLA_B
E14,PRE,01,256,002_00_02_008_5256_Mesa_8,CORRUPTO_PLANTILLA_B
E14,PRE,01,256,002_00_02_009_5256_Mesa_9,CORRUPTO_PLANTILLA_B
E14,PRE,01,256,002_00_02_010_5256_Mesa_10,CORRUPTO_PLANTILLA_B
E14,PRE,01,256,002_00_02_011_5256_Mesa_11,CORRUPTO_PLANTILLA_B
E14,PRE,01,256,002_00_02_012_5256_Mesa_12,CORRUPTO_PLANTILLA_B
E14,PRE,01,256,002_00_02_013_5256_Mesa_13,CORRUPTO_PLANTILLA_B
E14,PRE,01,256,002_00_02_014_5256_Mesa_14,CORRUPTO_PLANTILLA_B
E14,PRE,01,256,002_00_02_015_5256_Mesa_15,CORRUPTO_PLANTILLA_B
E14,PRE,01,256,002_00_02_016_5256_Mesa_16,CORRUPTO_PLANTILLA_B
E14,PRE,01,256,002_00_02_017_5256_Mesa_17,CORRUPTO_PLANTILLA_B
E14,PRE,01,256,002_00_02_018_5256_Mesa_18,CORRUPTO_PLANTILLA_B
E14,PRE,01,256,002_00_02_019_5256_Mesa_19,CORRUPTO_PLANTILLA_B
E14,PRE,01,256,002_00_02_020_5256_Mesa_20,CORRUPTO_PLANTILLA_B
E14,PRE,01,256,002_00_02_021_5256_Mesa_21,CORRUPTO_PLANTILLA_B
E14,PRE,01,256,002_00_02_022_5256_Mesa_22,CORRUPTO_PLANTILLA_B
E14,PRE,01,256,002_00_02_023_5256_Mesa_23,CORRUPTO_PLANTILLA_B
E14,PRE,01,256,002_00_02_024_5256_Mesa_24,CORRUPTO_PLANTILLA_B
E14,PRE,01,256,099_00_08_001_5255_Mesa_1,CORRUPTO_PLANTILLA_B
E14,PRE,01,256,099_00_40_001_5255_Mesa_1,CORRUPTO_PLANTILLA_B
E14,PRE,01,256,099_00_40_002_5255_Mesa_2,CORRUPTO_PLANTILLA_B
E14,PRE,01,259,001_00_01_001_5257_Mesa_1,CORRUPTO_PLANTILLA_B
E14,PRE,01,259,001_00_01_002_5257_Mesa_2,CORRUPTO_PLANTILLA_B
E14,PRE,01,259,001_00_01_003_5257_Mesa_3,CORRUPTO_PLANTILLA_B
E14,PRE,01,259,001_00_01_004_5257_Mesa_4,CORRUPTO_PLANTILLA_B
E14,PRE,01,259,001_00_01_005_5257_Mesa_5,CORRUPTO_PLANTILLA_B
E14,PRE,01,259,001_00_01_006_5257_Mesa_6,CORRUPTO_PLANTILLA_B
E14,PRE,01,259,001_00_01_007_5257_Mesa_7,CORRUPTO_PLANTILLA_B
E14,PRE,01,259,001_00_01_008_5257_Mesa_8,CORRUPTO_PLANTILLA_B
E14,PRE,01,259,001_00_01_009_5257_Mesa_9,CORRUPTO_PLANTILLA_B
E14,PRE,01,259,001_00_01_010_5257_Mesa_10,CORRUPTO_PLANTILLA_B
E14,PRE,01,259,001_00_01_011_5257_Mesa_11,CORRUPTO_PLANTILLA_B
E14,PRE,01,259,001_00_01_012_5257_Mesa_12,CORRUPTO_PLANTILLA_B
E14,PRE,01,259,001_00_01_013_5257_Mesa_13,CORRUPTO_PLANTILLA_B
E14,PRE,01,259,001_00_01_014_5257_Mesa_14,CORRUPTO_PLANTILLA_B
E14,PRE,01,259,001_00_01_015_5257_Mesa_15,CORRUPTO_PLANTILLA_B
E14,PRE,01,259,001_00_01_016_5257_Mesa_16,CORRUPTO_PLANTILLA_B
E14,PRE,01,259,001_00_01_017_5257_Mesa_17,CORRUPTO_PLANTILLA_B
E14,PRE,01,259,001_00_01_018_5257_Mesa_18,CORRUPTO_PLANTILLA_B
E14,PRE,01,259,001_00_01_019_5257_Mesa_19,CORRUPTO_PLANTILLA_B
E14,PRE,01,259,001_00_02_001_5257_Mesa_1,CORRUPTO_PLANTILLA_B
E14,PRE,01,259,001_00_02_002_5257_Mesa_2,CORRUPTO_PLANTILLA_B
E14,PRE,01,259,001_00_02_003_5257_Mesa_3,CORRUPTO_PLANTILLA_B
E14,PRE,01,259,001_00_02_004_5257_Mesa_4,CORRUPTO_PLANTILLA_B
E14,PRE,01,259,001_00_02_005_5257_Mesa_5,CORRUPTO_PLANTILLA_B
E14,PRE,01,259,001_00_02_006_5257_Mesa_6,CORRUPTO_PLANTILLA_B
E14,PRE,01,259,001_00_02_007_5257_Mesa_7,CORRUPTO_PLANTILLA_B
E14,PRE,01,259,001_00_02_008_5257_Mesa_8,CORRUPTO_PLANTILLA_B
E14,PRE,01,259,001_00_02_009_5257_Mesa_9,CORRUPTO_PLANTILLA_B
E14,PRE,01,259,001_00_02_010_5257_Mesa_10,CORRUPTO_PLANTILLA_B
E14,PRE,01,259,001_00_02_011_5257_Mesa_11,CORRUPTO_PLANTILLA_B
E14,PRE,01,259,001_00_02_012_5257_Mesa_12,CORRUPTO_PLANTILLA_B
E14,PRE,01,259,001_00_02_013_5257_Mesa_13,CORRUPTO_PLANTILLA_B
E14,PRE,01,259,001_00_02_014_5257_Mesa_14,CORRUPTO_PLANTILLA_B
E14,PRE,01,259,001_00_02_015_5257_Mesa_15,CORRUPTO_PLANTILLA_B
E14,PRE,01,259,001_00_02_016_5257_Mesa_16,CORRUPTO_PLANTILLA_B
E14,PRE,01,259,001_00_02_017_5257_Mesa_17,CORRUPTO_PLANTILLA_B
E14,PRE,01,259,001_00_02_018_5257_Mesa_18,CORRUPTO_PLANTILLA_B
E14,PRE,01,259,001_00_02_019_5257_Mesa_19,CORRUPTO_PLANTILLA_B
E14,PRE,01,259,001_00_02_020_5257_Mesa_20,CORRUPTO_PLANTILLA_B
E14,PRE,01,259,001_00_02_021_5257_Mesa_21,CORRUPTO_PLANTILLA_B
E14,PRE,01,259,001_00_02_022_5257_Mesa_22,CORRUPTO_PLANTILLA_B
E14,PRE,01,259,001_00_02_023_5257_Mesa_23,CORRUPTO_PLANTILLA_B
E14,PRE,01,259,001_00_02_024_5257_Mesa_24,CORRUPTO_PLANTILLA_B
E14,PRE,01,259,001_00_02_025_5257_Mesa_25,CORRUPTO_PLANTILLA_B
E14,PRE,01,259,001_00_02_026_5257_Mesa_26,CORRUPTO_PLANTILLA_B
E14,PRE,01,259,001_00_02_027_5257_Mesa_27,CORRUPTO_PLANTILLA_B
E14,PRE,01,259,002_00_01_001_5258_Mesa_1,CORRUPTO_PLANTILLA_B
E14,PRE,01,259,002_00_01_002_5258_Mesa_2,CORRUPTO_PLANTILLA_B
E14,PRE,01,259,002_00_01_003_5258_Mesa_3,CORRUPTO_PLANTILLA_B
E14,PRE,01,259,002_00_01_004_5258_Mesa_4,CORRUPTO_PLANTILLA_B
E14,PRE,01,259,002_00_01_005_5258_Mesa_5,CORRUPTO_PLANTILLA_B
E14,PRE,01,259,002_00_01_006_5258_Mesa_6,CORRUPTO_PLANTILLA_B
E14,PRE,01,259,002_00_01_007_5258_Mesa_7,CORRUPTO_PLANTILLA_B
E14,PRE,01,259,002_00_01_008_5258_Mesa_8,CORRUPTO_PLANTILLA_B
E14,PRE,01,259,002_00_01_009_5258_Mesa_9,CORRUPTO_PLANTILLA_B
E14,PRE,01,259,002_00_01_010_5258_Mesa_10,CORRUPTO_PLANTILLA_B
E14,PRE,01,259,002_00_01_011_5258_Mesa_11,CORRUPTO_PLANTILLA_B
E14,PRE,01,259,002_00_01_012_5258_Mesa_12,CORRUPTO_PLANTILLA_B
E14,PRE,01,259,002_00_01_013_5258_Mesa_13,CORRUPTO_PLANTILLA_B
E14,PRE,01,259,002_00_01_014_5258_Mesa_14,CORRUPTO_PLANTILLA_B
E14,PRE,01,259,002_00_01_015_5258_Mesa_15,CORRUPTO_PLANTILLA_B
E14,PRE,01,259,002_00_01_016_5258_Mesa_16,CORRUPTO_PLANTILLA_B
E14,PRE,01,259,002_00_01_017_5258_Mesa_17,CORRUPTO_PLANTILLA_B
E14,PRE,01,259,002_00_01_018_5258_Mesa_18,CORRUPTO_PLANTILLA_B
E14,PRE,01,259,002_00_01_019_5258_Mesa_19,CORRUPTO_PLANTILLA_B
E14,PRE,01,259,002_00_01_020_5258_Mesa_20,CORRUPTO_PLANTILLA_B
E14,PRE,01,259,002_00_01_021_5258_Mesa_21,CORRUPTO_PLANTILLA_B
E14,PRE,01,259,002_00_01_022_5258_Mesa_22,CORRUPTO_PLANTILLA_B
E14,PRE,01,259,002_00_01_023_5258_Mesa_23,CORRUPTO_PLANTILLA_B
E14,PRE,01,259,002_00_01_024_5258_Mesa_24,CORRUPTO_PLANTILLA_B
E14,PRE,01,259,002_00_01_025_5258_Mesa_25,CORRUPTO_PLANTILLA_B
E14,PRE,01,259,002_00_02_001_5258_Mesa_1,CORRUPTO_PLANTILLA_B
E14,PRE,01,259,002_00_02_002_5258_Mesa_2,CORRUPTO_PLANTILLA_B
E14,PRE,01,259,002_00_02_003_5258_Mesa_3,CORRUPTO_PLANTILLA_B
E14,PRE,01,259,002_00_02_004_5258_Mesa_4,CORRUPTO_PLANTILLA_B
E14,PRE,01,259,002_00_02_005_5258_Mesa_5,CORRUPTO_PLANTILLA_B
E14,PRE,01,259,002_00_02_006_5258_Mesa_6,CORRUPTO_PLANTILLA_B
E14,PRE,01,259,002_00_02_007_5258_Mesa_7,CORRUPTO_PLANTILLA_B
E14,PRE,01,259,002_00_02_008_5258_Mesa_8,CORRUPTO_PLANTILLA_B
E14,PRE,01,259,002_00_02_009_5258_Mesa_9,CORRUPTO_PLANTILLA_B
E14,PRE,01,259,002_00_02_010_5258_Mesa_10,CORRUPTO_PLANTILLA_B
E14,PRE,01,259,002_00_02_011_5258_Mesa_11,CORRUPTO_PLANTILLA_B
E14,PRE,01,259,002_00_02_012_5258_Mesa_12,CORRUPTO_PLANTILLA_B
E14,PRE,01,259,002_00_02_013_5258_Mesa_13,CORRUPTO_PLANTILLA_B
E14,PRE,01,259,002_00_02_014_5258_Mesa_14,CORRUPTO_PLANTILLA_B
E14,PRE,01,259,099_00_01_001_5258_Mesa_1,CORRUPTO_PLANTILLA_B
E14,PRE,01,259,099_00_01_002_5258_Mesa_2,CORRUPTO_PLANTILLA_B
E14,PRE,01,259,099_00_01_003_5258_Mesa_3,CORRUPTO_PLANTILLA_B
E14,PRE,01,259,099_00_01_004_5258_Mesa_4,CORRUPTO_PLANTILLA_B
E14,PRE,01,259,099_00_01_005_5258_Mesa_5,CORRUPTO_PLANTILLA_B
E14,PRE,01,259,099_00_01_006_5258_Mesa_6,CORRUPTO_PLANTILLA_B
E14,PRE,01,259,099_00_02_001_5258_Mesa_1,CORRUPTO_PLANTILLA_B
E14,PRE,01,259,099_00_02_002_5258_Mesa_2,CORRUPTO_PLANTILLA_B
E14,PRE,01,259,099_00_02_003_5258_Mesa_3,CORRUPTO_PLANTILLA_B
E14,PRE,01,259,099_00_02_004_5258_Mesa_4,CORRUPTO_PLANTILLA_B
E14,PRE,01,259,099_00_03_001_5257_Mesa_1,CORRUPTO_PLANTILLA_B
E14,PRE,01,259,099_00_03_002_5257_Mesa_2,CORRUPTO_PLANTILLA_B
E14,PRE,01,259,099_00_03_003_5257_Mesa_3,CORRUPTO_PLANTILLA_B
E14,PRE,01,259,099_00_04_001_5257_Mesa_1,CORRUPTO_PLANTILLA_B
E14,PRE,01,262,001_00_01_001_5259_Mesa_1,CORRUPTO_PLANTILLA_B
E14,PRE,01,262,001_00_01_002_5259_Mesa_2,CORRUPTO_PLANTILLA_B
E14,PRE,01,262,001_00_01_003_5259_Mesa_3,CORRUPTO_PLANTILLA_B
E14,PRE,01,262,001_00_01_004_5259_Mesa_4,CORRUPTO_PLANTILLA_B
E14,PRE,01,262,001_00_01_005_5259_Mesa_5,CORRUPTO_PLANTILLA_B
E14,PRE,01,262,001_00_01_006_5259_Mesa_6,CORRUPTO_PLANTILLA_B
E14,PRE,01,262,001_00_01_007_5259_Mesa_7,CORRUPTO_PLANTILLA_B
E14,PRE,01,262,001_00_01_008_5259_Mesa_8,CORRUPTO_PLANTILLA_B
E14,PRE,01,262,001_00_01_009_5259_Mesa_9,CORRUPTO_PLANTILLA_B
E14,PRE,01,262,001_00_01_010_5259_Mesa_10,CORRUPTO_PLANTILLA_B
E14,PRE,01,262,001_00_01_011_5259_Mesa_11,CORRUPTO_PLANTILLA_B
E14,PRE,01,262,001_00_01_012_5259_Mesa_12,CORRUPTO_PLANTILLA_B
E14,PRE,01,262,001_00_01_013_5259_Mesa_13,CORRUPTO_PLANTILLA_B
E14,PRE,01,262,001_00_01_014_5259_Mesa_14,CORRUPTO_PLANTILLA_B
E14,PRE,01,262,001_00_01_015_5259_Mesa_15,CORRUPTO_PLANTILLA_B
E14,PRE,01,262,001_00_02_001_5260_Mesa_1,CORRUPTO_PLANTILLA_B
E14,PRE,01,262,001_00_02_002_5260_Mesa_2,CORRUPTO_PLANTILLA_B
E14,PRE,01,262,001_00_02_003_5260_Mesa_3,CORRUPTO_PLANTILLA_B
E14,PRE,01,262,001_00_02_004_5260_Mesa_4,CORRUPTO_PLANTILLA_B
E14,PRE,01,262,001_00_02_005_5260_Mesa_5,CORRUPTO_PLANTILLA_B
E14,PRE,01,262,001_00_02_006_5260_Mesa_6,CORRUPTO_PLANTILLA_B
E14,PRE,01,262,001_00_02_007_5260_Mesa_7,CORRUPTO_PLANTILLA_B
E14,PRE,01,262,001_00_02_008_5260_Mesa_8,CORRUPTO_PLANTILLA_B
E14,PRE,01,262,001_00_02_009_5260_Mesa_9,CORRUPTO_PLANTILLA_B
E14,PRE,01,262,002_00_01_001_5259_Mesa_1,CORRUPTO_PLANTILLA_B
E14,PRE,01,262,002_00_01_002_5259_Mesa_2,CORRUPTO_PLANTILLA_B
E14,PRE,01,262,002_00_01_003_5259_Mesa_3,CORRUPTO_PLANTILLA_B
E14,PRE,01,262,002_00_01_004_5259_Mesa_4,CORRUPTO_PLANTILLA_B
E14,PRE,01,262,002_00_01_005_5259_Mesa_5,CORRUPTO_PLANTILLA_B
E14,PRE,01,262,002_00_01_006_5259_Mesa_6,CORRUPTO_PLANTILLA_B
E14,PRE,01,262,002_00_01_007_5259_Mesa_7,CORRUPTO_PLANTILLA_B
E14,PRE,01,262,002_00_01_008_5259_Mesa_8,CORRUPTO_PLANTILLA_B
E14,PRE,01,262,002_00_01_009_5259_Mesa_9,CORRUPTO_PLANTILLA_B
E14,PRE,01,262,002_00_01_010_5259_Mesa_10,CORRUPTO_PLANTILLA_B
E14,PRE,01,262,002_00_01_011_5259_Mesa_11,CORRUPTO_PLANTILLA_B
E14,PRE,01,262,002_00_01_012_5259_Mesa_12,CORRUPTO_PLANTILLA_B
E14,PRE,01,262,002_00_01_013_5259_Mesa_13,CORRUPTO_PLANTILLA_B
E14,PRE,01,262,002_00_01_014_5259_Mesa_14,CORRUPTO_PLANTILLA_B
E14,PRE,01,262,002_00_01_015_5259_Mesa_15,CORRUPTO_PLANTILLA_B
E14,PRE,01,262,002_00_01_016_5259_Mesa_16,CORRUPTO_PLANTILLA_B
E14,PRE,01,262,002_00_01_017_5259_Mesa_17,CORRUPTO_PLANTILLA_B
E14,PRE,01,262,002_00_01_018_5259_Mesa_18,CORRUPTO_PLANTILLA_B
E14,PRE,01,262,002_00_01_019_5259_Mesa_19,CORRUPTO_PLANTILLA_B
E14,PRE,01,262,002_00_01_020_5259_Mesa_20,CORRUPTO_PLANTILLA_B
E14,PRE,01,262,002_00_01_021_5259_Mesa_21,CORRUPTO_PLANTILLA_B
E14,PRE,01,262,002_00_02_001_5259_Mesa_1,CORRUPTO_PLANTILLA_B
E14,PRE,01,262,002_00_02_002_5259_Mesa_2,CORRUPTO_PLANTILLA_B
E14,PRE,01,262,002_00_02_003_5259_Mesa_3,CORRUPTO_PLANTILLA_B
E14,PRE,01,262,002_00_02_004_5259_Mesa_4,CORRUPTO_PLANTILLA_B
E14,PRE,01,262,002_00_02_005_5259_Mesa_5,CORRUPTO_PLANTILLA_B
E14,PRE,01,262,002_00_02_006_5259_Mesa_6,CORRUPTO_PLANTILLA_B
E14,PRE,01,262,002_00_02_007_5259_Mesa_7,CORRUPTO_PLANTILLA_B
E14,PRE,01,262,002_00_02_008_5259_Mesa_8,CORRUPTO_PLANTILLA_B
E14,PRE,01,262,002_00_02_009_5259_Mesa_9,CORRUPTO_PLANTILLA_B
E14,PRE,01,262,002_00_02_010_5259_Mesa_10,CORRUPTO_PLANTILLA_B
E14,PRE,01,262,002_00_02_011_5259_Mesa_11,CORRUPTO_PLANTILLA_B
E14,PRE,01,262,098_00_01_001_5259_Mesa_1,CORRUPTO_PLANTILLA_B
E14,PRE,01,262,099_00_50_001_5260_Mesa_1,CORRUPTO_PLANTILLA_B
E14,PRE,01,262,099_00_55_001_5260_Mesa_1,CORRUPTO_PLANTILLA_B
E14,PRE,01,262,099_00_55_002_5260_Mesa_2,CORRUPTO_PLANTILLA_B
E14,PRE,01,262,099_00_62_001_5260_Mesa_1,CORRUPTO_PLANTILLA_B
E14,PRE,01,262,099_01_01_001_5260_Mesa_1,CORRUPTO_PLANTILLA_B
E14,PRE,01,262,099_01_01_002_5260_Mesa_2,CORRUPTO_PLANTILLA_B
E14,PRE,01,262,099_01_02_001_5260_Mesa_1,CORRUPTO_PLANTILLA_B
E14,PRE,01,262,099_01_04_001_5260_Mesa_1,CORRUPTO_PLANTILLA_B
E14,PRE,01,262,099_01_05_001_5260_Mesa_1,CORRUPTO_PLANTILLA_B
E14,PRE,01,262,099_01_05_002_5260_Mesa_2,CORRUPTO_PLANTILLA_B
E14,PRE,01,262,099_01_06_001_5260_Mesa_1,CORRUPTO_PLANTILLA_B
E14,PRE,01,262,099_02_07_001_5260_Mesa_1,CORRUPTO_PLANTILLA_B
E14,PRE,01,262,099_02_07_002_5260_Mesa_2,CORRUPTO_PLANTILLA_B
E14,PRE,01,262,099_02_07_003_5260_Mesa_3,CORRUPTO_PLANTILLA_B
E14,PRE,01,262,099_02_07_004_5260_Mesa_4,CORRUPTO_PLANTILLA_B
E14,PRE,01,262,099_02_07_005_5260_Mesa_5,CORRUPTO_PLANTILLA_B
E14,PRE,01,262,099_02_07_006_5260_Mesa_6,CORRUPTO_PLANTILLA_B
E14,PRE,01,262,099_02_07_007_5260_Mesa_7,CORRUPTO_PLANTILLA_B
E14,PRE,01,262,099_02_08_001_5260_Mesa_1,CORRUPTO_PLANTILLA_B
E14,PRE,01,262,099_02_09_001_5260_Mesa_1,CORRUPTO_PLANTILLA_B
E14,PRE,01,262,099_03_10_001_5260_Mesa_1,CORRUPTO_PLANTILLA_B
E14,PRE,01,262,099_03_10_002_5260_Mesa_2,CORRUPTO_PLANTILLA_B
E14,PRE,01,262,099_03_10_003_5260_Mesa_3,CORRUPTO_PLANTILLA_B
E14,PRE,01,262,099_03_10_004_5260_Mesa_4,CORRUPTO_PLANTILLA_B
E14,PRE,01,262,099_04_11_002_5260_Mesa_2,CORRUPTO_PLANTILLA_B
E14,PRE,01,262,099_04_13_001_5260_Mesa_1,CORRUPTO_PLANTILLA_B
E14,PRE,01,262,099_04_15_001_5260_Mesa_1,CORRUPTO_PLANTILLA_B
E14,PRE,01,262,099_05_20_001_5260_Mesa_1,CORRUPTO_PLANTILLA_B
E14,PRE,01,262,099_05_25_001_5260_Mesa_1,CORRUPTO_PLANTILLA_B
E14,PRE,01,262,099_06_30_001_5260_Mesa_1,CORRUPTO_PLANTILLA_B
E14,PRE,01,262,099_06_35_001_5260_Mesa_1,CORRUPTO_PLANTILLA_B
E14,PRE,01,262,099_06_37_001_5260_Mesa_1,CORRUPTO_PLANTILLA_B
E14,PRE,01,262,099_07_40_001_5260_Mesa_1,CORRUPTO_PLANTILLA_B
E14,PRE,01,262,099_07_40_002_5260_Mesa_2,CORRUPTO_PLANTILLA_B
E14,PRE,01,262,099_08_42_001_5260_Mesa_1,CORRUPTO_PLANTILLA_B
E14,PRE,01,262,099_08_47_001_5260_Mesa_1,CORRUPTO_PLANTILLA_B
E14,PRE,01,262,099_08_47_002_5260_Mesa_2,CORRUPTO_PLANTILLA_B
E14,PRE,01,265,000_00_00_001_2107_Mesa_1,CORRUPTO_PLANTILLA_B
E14,PRE,01,265,000_00_00_002_2107_Mesa_2,CORRUPTO_PLANTILLA_B
E14,PRE,01,265,000_00_00_003_2107_Mesa_3,CORRUPTO_PLANTILLA_B
E14,PRE,01,265,000_00_00_004_2107_Mesa_4,CORRUPTO_PLANTILLA_B
E14,PRE,01,265,000_00_00_005_2107_Mesa_5,CORRUPTO_PLANTILLA_B
E14,PRE,01,265,000_00_00_006_2107_Mesa_6,CORRUPTO_PLANTILLA_B
E14,PRE,01,265,000_00_00_007_2107_Mesa_7,CORRUPTO_PLANTILLA_B
E14,PRE,01,265,000_00_00_008_2107_Mesa_8,CORRUPTO_PLANTILLA_B
E14,PRE,01,265,000_00_00_009_2107_Mesa_9,CORRUPTO_PLANTILLA_B
E14,PRE,01,265,000_00_00_010_2107_Mesa_10,CORRUPTO_PLANTILLA_B
E14,PRE,01,265,000_00_00_011_2107_Mesa_11,CORRUPTO_PLANTILLA_B
E14,PRE,01,265,000_00_00_012_2107_Mesa_12,CORRUPTO_PLANTILLA_B
E14,PRE,01,265,000_00_00_013_2107_Mesa_13,CORRUPTO_PLANTILLA_B
E14,PRE,01,265,000_00_00_014_2107_Mesa_14,CORRUPTO_PLANTILLA_B
E14,PRE,01,265,000_00_00_015_2107_Mesa_15,CORRUPTO_PLANTILLA_B
E14,PRE,01,265,000_00_00_016_2107_Mesa_16,CORRUPTO_PLANTILLA_B
E14,PRE,01,265,000_00_00_017_2107_Mesa_17,CORRUPTO_PLANTILLA_B
E14,PRE,01,265,000_00_00_018_2107_Mesa_18,CORRUPTO_PLANTILLA_B
E14,PRE,01,265,000_00_00_019_2107_Mesa_19,CORRUPTO_PLANTILLA_B
E14,PRE,01,265,000_00_00_020_2107_Mesa_20,CORRUPTO_PLANTILLA_B
E14,PRE,01,265,000_00_00_021_2107_Mesa_21,CORRUPTO_PLANTILLA_B
E14,PRE,01,265,000_00_00_022_2107_Mesa_22,CORRUPTO_PLANTILLA_B
E14,PRE,01,265,000_00_00_023_2107_Mesa_23,CORRUPTO_PLANTILLA_B
E14,PRE,01,265,000_00_00_024_2107_Mesa_24,CORRUPTO_PLANTILLA_B
E14,PRE,01,265,000_00_00_025_2107_Mesa_25,CORRUPTO_PLANTILLA_B
E14,PRE,01,265,000_00_00_026_2107_Mesa_26,CORRUPTO_PLANTILLA_B
E14,PRE,01,265,000_00_00_027_2107_Mesa_27,CORRUPTO_PLANTILLA_B
E14,PRE,01,265,000_00_00_028_2107_Mesa_28,CORRUPTO_PLANTILLA_B
E14,PRE,01,265,000_00_00_029_2107_Mesa_29,CORRUPTO_PLANTILLA_B
E14,PRE,01,265,000_00_00_030_2107_Mesa_30,CORRUPTO_PLANTILLA_B
E14,PRE,01,265,000_00_00_031_2107_Mesa_31,CORRUPTO_PLANTILLA_B
E14,PRE,01,265,000_00_00_032_2107_Mesa_32,CORRUPTO_PLANTILLA_B
E14,PRE,01,265,099_00_01_001_2107_Mesa_1,CORRUPTO_PLANTILLA_B
E14,PRE,01,265,099_00_01_002_2107_Mesa_2,CORRUPTO_PLANTILLA_B
E14,PRE,01,265,099_00_05_001_2107_Mesa_1,CORRUPTO_PLANTILLA_B
E14,PRE,01,265,099_00_05_002_2107_Mesa_2,CORRUPTO_PLANTILLA_B
E14,PRE,01,265,099_00_09_001_2107_Mesa_1,CORRUPTO_PLANTILLA_B
E14,PRE,01,265,099_00_09_002_2107_Mesa_2,CORRUPTO_PLANTILLA_B
E14,PRE,01,265,099_00_13_001_2107_Mesa_1,CORRUPTO_PLANTILLA_B
E14,PRE,01,265,099_00_13_002_2107_Mesa_2,CORRUPTO_PLANTILLA_B
E14,PRE,01,265,099_00_15_001_2107_Mesa_1,CORRUPTO_PLANTILLA_B
E14,PRE,01,265,099_00_15_002_2107_Mesa_2,CORRUPTO_PLANTILLA_B
E14,PRE,01,265,099_00_17_001_2107_Mesa_1,CORRUPTO_PLANTILLA_B
E14,PRE,01,268,000_00_00_001_2108_Mesa_1,CORRUPTO_PLANTILLA_B
E14,PRE,01,268,000_00_00_002_2108_Mesa_2,CORRUPTO_PLANTILLA_B
E14,PRE,01,268,000_00_00_003_2108_Mesa_3,CORRUPTO_PLANTILLA_B
E14,PRE,01,268,000_00_00_004_2108_Mesa_4,CORRUPTO_PLANTILLA_B
E14,PRE,01,268,000_00_00_005_2108_Mesa_5,CORRUPTO_PLANTILLA_B
E14,PRE,01,268,000_00_00_006_2108_Mesa_6,CORRUPTO_PLANTILLA_B
E14,PRE,01,268,000_00_00_007_2108_Mesa_7,CORRUPTO_PLANTILLA_B
E14,PRE,01,268,000_00_00_008_2108_Mesa_8,CORRUPTO_PLANTILLA_B
E14,PRE,01,268,000_00_00_009_2108_Mesa_9,CORRUPTO_PLANTILLA_B
E14,PRE,01,268,000_00_00_010_2108_Mesa_10,CORRUPTO_PLANTILLA_B
E14,PRE,01,268,000_00_00_011_2108_Mesa_11,CORRUPTO_PLANTILLA_B
E14,PRE,01,268,000_00_00_012_2108_Mesa_12,CORRUPTO_PLANTILLA_B
E14,PRE,01,268,000_00_00_013_2108_Mesa_13,CORRUPTO_PLANTILLA_B
E14,PRE,01,268,000_00_00_014_2108_Mesa_14,CORRUPTO_PLANTILLA_B
E14,PRE,01,268,000_00_00_015_2108_Mesa_15,CORRUPTO_PLANTILLA_B
E14,PRE,01,268,000_00_00_016_2108_Mesa_16,CORRUPTO_PLANTILLA_B
E14,PRE,01,268,000_00_00_017_2108_Mesa_17,CORRUPTO_PLANTILLA_B
E14,PRE,01,268,000_00_00_018_2108_Mesa_18,CORRUPTO_PLANTILLA_B
E14,PRE,01,268,000_00_00_019_2108_Mesa_19,CORRUPTO_PLANTILLA_B
E14,PRE,01,268,000_00_00_020_2108_Mesa_20,CORRUPTO_PLANTILLA_B
E14,PRE,01,268,000_00_00_021_2108_Mesa_21,CORRUPTO_PLANTILLA_B
E14,PRE,01,268,000_00_00_022_2108_Mesa_22,CORRUPTO_PLANTILLA_B
E14,PRE,01,268,000_00_00_023_2108_Mesa_23,CORRUPTO_PLANTILLA_B
E14,PRE,01,268,000_00_00_024_2108_Mesa_24,CORRUPTO_PLANTILLA_B
E14,PRE,01,268,000_00_00_025_2108_Mesa_25,CORRUPTO_PLANTILLA_B
E14,PRE,01,268,000_00_00_026_2108_Mesa_26,CORRUPTO_PLANTILLA_B
E14,PRE,01,268,000_00_00_027_2108_Mesa_27,CORRUPTO_PLANTILLA_B
E14,PRE,01,268,000_00_00_028_2108_Mesa_28,CORRUPTO_PLANTILLA_B
E14,PRE,01,268,000_00_00_029_2108_Mesa_29,CORRUPTO_PLANTILLA_B
E14,PRE,01,268,000_00_00_030_2108_Mesa_30,CORRUPTO_PLANTILLA_B
E14,PRE,01,268,000_00_00_031_2108_Mesa_31,CORRUPTO_PLANTILLA_B
E14,PRE,01,268,000_00_00_032_2108_Mesa_32,CORRUPTO_PLANTILLA_B
E14,PRE,01,268,000_00_00_033_2108_Mesa_33,CORRUPTO_PLANTILLA_B
E14,PRE,01,268,000_00_00_034_2108_Mesa_34,CORRUPTO_PLANTILLA_B
E14,PRE,01,268,000_00_00_035_2108_Mesa_35,CORRUPTO_PLANTILLA_B
E14,PRE,01,268,000_00_00_036_2108_Mesa_36,CORRUPTO_PLANTILLA_B
E14,PRE,01,268,098_00_01_001_2108_Mesa_1,CORRUPTO_PLANTILLA_B
E14,PRE,01,268,099_00_01_001_2108_Mesa_1,CORRUPTO_PLANTILLA_B
E14,PRE,01,268,099_00_01_002_2108_Mesa_2,CORRUPTO_PLANTILLA_B
E14,PRE,01,268,099_00_01_003_2108_Mesa_3,CORRUPTO_PLANTILLA_B
E14,PRE,01,268,099_00_01_004_2108_Mesa_4,CORRUPTO_PLANTILLA_B
E14,PRE,01,268,099_00_01_005_2108_Mesa_5,CORRUPTO_PLANTILLA_B
E14,PRE,01,268,099_00_05_001_2108_Mesa_1,CORRUPTO_PLANTILLA_B
E14,PRE,01,268,099_00_05_002_2108_Mesa_2,CORRUPTO_PLANTILLA_B
E14,PRE,01,268,099_00_05_003_2108_Mesa_3,CORRUPTO_PLANTILLA_B
E14,PRE,01,270,001_00_01_001_5261_Mesa_1,CORRUPTO_PLANTILLA_B
E14,PRE,01,270,001_00_01_002_5261_Mesa_2,CORRUPTO_PLANTILLA_B
E14,PRE,01,270,001_00_01_003_5261_Mesa_3,CORRUPTO_PLANTILLA_B
E14,PRE,01,270,001_00_01_004_5261_Mesa_4,CORRUPTO_PLANTILLA_B
E14,PRE,01,270,001_00_01_005_5261_Mesa_5,CORRUPTO_PLANTILLA_B
E14,PRE,01,270,001_00_01_006_5261_Mesa_6,CORRUPTO_PLANTILLA_B
E14,PRE,01,270,001_00_01_007_5261_Mesa_7,CORRUPTO_PLANTILLA_B
E14,PRE,01,270,001_00_01_008_5261_Mesa_8,CORRUPTO_PLANTILLA_B
E14,PRE,01,270,001_00_01_009_5261_Mesa_9,CORRUPTO_PLANTILLA_B
E14,PRE,01,270,001_00_01_010_5261_Mesa_10,CORRUPTO_PLANTILLA_B
E14,PRE,01,270,001_00_01_011_5261_Mesa_11,CORRUPTO_PLANTILLA_B
E14,PRE,01,270,001_00_01_012_5261_Mesa_12,CORRUPTO_PLANTILLA_B
E14,PRE,01,270,001_00_01_013_5261_Mesa_13,CORRUPTO_PLANTILLA_B
E14,PRE,01,270,001_00_01_014_5261_Mesa_14,CORRUPTO_PLANTILLA_B
E14,PRE,01,270,001_00_02_001_5261_Mesa_1,CORRUPTO_PLANTILLA_B
E14,PRE,01,270,001_00_02_002_5261_Mesa_2,CORRUPTO_PLANTILLA_B
E14,PRE,01,270,001_00_02_003_5261_Mesa_3,CORRUPTO_PLANTILLA_B
E14,PRE,01,270,001_00_02_004_5261_Mesa_4,CORRUPTO_PLANTILLA_B
E14,PRE,01,270,001_00_02_005_5261_Mesa_5,CORRUPTO_PLANTILLA_B
E14,PRE,01,270,001_00_02_006_5261_Mesa_6,CORRUPTO_PLANTILLA_B
E14,PRE,01,270,001_00_02_007_5261_Mesa_7,CORRUPTO_PLANTILLA_B
E14,PRE,01,270,001_00_02_008_5261_Mesa_8,CORRUPTO_PLANTILLA_B
E14,PRE,01,270,001_00_02_009_5261_Mesa_9,CORRUPTO_PLANTILLA_B
E14,PRE,01,270,001_00_02_010_5261_Mesa_10,CORRUPTO_PLANTILLA_B
E14,PRE,01,270,001_00_02_011_5261_Mesa_11,CORRUPTO_PLANTILLA_B
E14,PRE,01,270,001_00_02_012_5261_Mesa_12,CORRUPTO_PLANTILLA_B
E14,PRE,01,270,002_00_01_001_5261_Mesa_1,CORRUPTO_PLANTILLA_B
E14,PRE,01,270,002_00_01_002_5261_Mesa_2,CORRUPTO_PLANTILLA_B
E14,PRE,01,270,002_00_01_003_5261_Mesa_3,CORRUPTO_PLANTILLA_B
E14,PRE,01,270,002_00_01_004_5261_Mesa_4,CORRUPTO_PLANTILLA_B
E14,PRE,01,270,002_00_01_005_5261_Mesa_5,CORRUPTO_PLANTILLA_B
E14,PRE,01,270,002_00_01_006_5261_Mesa_6,CORRUPTO_PLANTILLA_B
E14,PRE,01,270,002_00_01_007_5261_Mesa_7,CORRUPTO_PLANTILLA_B
E14,PRE,01,270,002_00_01_008_5261_Mesa_8,CORRUPTO_PLANTILLA_B
E14,PRE,01,270,002_00_01_009_5261_Mesa_9,CORRUPTO_PLANTILLA_B
E14,PRE,01,270,002_00_02_001_5262_Mesa_1,CORRUPTO_PLANTILLA_B
E14,PRE,01,270,002_00_02_002_5262_Mesa_2,CORRUPTO_PLANTILLA_B
E14,PRE,01,270,002_00_02_003_5262_Mesa_3,CORRUPTO_PLANTILLA_B
E14,PRE,01,270,002_00_02_004_5262_Mesa_4,CORRUPTO_PLANTILLA_B
E14,PRE,01,270,002_00_02_005_5262_Mesa_5,CORRUPTO_PLANTILLA_B
E14,PRE,01,270,002_00_02_006_5262_Mesa_6,CORRUPTO_PLANTILLA_B
E14,PRE,01,270,002_00_02_007_5262_Mesa_7,CORRUPTO_PLANTILLA_B
E14,PRE,01,270,002_00_02_008_5262_Mesa_8,CORRUPTO_PLANTILLA_B
E14,PRE,01,270,002_00_02_009_5262_Mesa_9,CORRUPTO_PLANTILLA_B
E14,PRE,01,270,002_00_02_010_5262_Mesa_10,CORRUPTO_PLANTILLA_B
E14,PRE,01,270,002_00_02_011_5262_Mesa_11,CORRUPTO_PLANTILLA_B
E14,PRE,01,270,002_00_02_012_5262_Mesa_12,CORRUPTO_PLANTILLA_B
E14,PRE,01,270,002_00_02_013_5262_Mesa_13,CORRUPTO_PLANTILLA_B
E14,PRE,01,270,002_00_02_014_5262_Mesa_14,CORRUPTO_PLANTILLA_B
E14,PRE,01,270,002_00_02_015_5262_Mesa_15,CORRUPTO_PLANTILLA_B
E14,PRE,01,270,002_00_02_016_5262_Mesa_16,CORRUPTO_PLANTILLA_B
E14,PRE,01,270,002_00_02_017_5262_Mesa_17,CORRUPTO_PLANTILLA_B
E14,PRE,01,270,098_00_01_001_5261_Mesa_1,CORRUPTO_PLANTILLA_B
E14,PRE,01,270,099_00_10_001_5262_Mesa_1,CORRUPTO_PLANTILLA_B
E14,PRE,01,270,099_00_10_002_5262_Mesa_2,CORRUPTO_PLANTILLA_B
E14,PRE,01,270,099_00_10_003_5262_Mesa_3,CORRUPTO_PLANTILLA_B
E14,PRE,01,270,099_00_10_004_5262_Mesa_4,CORRUPTO_PLANTILLA_B
E14,PRE,01,270,099_00_20_001_5262_Mesa_1,CORRUPTO_PLANTILLA_B
E14,PRE,01,270,099_00_20_002_5262_Mesa_2,CORRUPTO_PLANTILLA_B
E14,PRE,01,270,099_00_20_003_5262_Mesa_3,CORRUPTO_PLANTILLA_B
E14,PRE,01,270,099_00_20_004_5262_Mesa_4,CORRUPTO_PLANTILLA_B
E14,PRE,01,270,099_00_20_005_5262_Mesa_5,CORRUPTO_PLANTILLA_B
E14,PRE,01,270,099_00_20_006_5262_Mesa_6,CORRUPTO_PLANTILLA_B
E14,PRE,01,270,099_00_30_001_5262_Mesa_1,CORRUPTO_PLANTILLA_B
E14,PRE,01,270,099_00_30_002_5262_Mesa_2,CORRUPTO_PLANTILLA_B
E14,PRE,01,270,099_00_30_003_5262_Mesa_3,CORRUPTO_PLANTILLA_B
E14,PRE,01,270,099_00_30_004_5262_Mesa_4,CORRUPTO_PLANTILLA_B
E14,PRE,01,270,099_00_30_005_5262_Mesa_5,CORRUPTO_PLANTILLA_B
E14,PRE,01,270,099_00_30_006_5262_Mesa_6,CORRUPTO_PLANTILLA_B
E14,PRE,01,270,099_00_30_007_5262_Mesa_7,CORRUPTO_PLANTILLA_B
E14,PRE,01,270,099_00_30_008_5262_Mesa_8,CORRUPTO_PLANTILLA_B
E14,PRE,01,270,099_00_35_001_5261_Mesa_1,CORRUPTO_PLANTILLA_B
E14,PRE,01,270,099_00_35_002_5261_Mesa_2,CORRUPTO_PLANTILLA_B
E14,PRE,01,270,099_00_60_001_5262_Mesa_1,CORRUPTO_PLANTILLA_B
E14,PRE,01,270,099_00_60_002_5262_Mesa_2,CORRUPTO_PLANTILLA_B
E14,PRE,01,271,000_00_00_001_2110_Mesa_1,CORRUPTO_PLANTILLA_B
E14,PRE,01,271,000_00_00_002_2110_Mesa_2,CORRUPTO_PLANTILLA_B
E14,PRE,01,271,000_00_00_003_2110_Mesa_3,CORRUPTO_PLANTILLA_B
E14,PRE,01,271,000_00_00_004_2110_Mesa_4,CORRUPTO_PLANTILLA_B
E14,PRE,01,271,000_00_00_005_2110_Mesa_5,CORRUPTO_PLANTILLA_B
E14,PRE,01,271,000_00_00_006_2110_Mesa_6,CORRUPTO_PLANTILLA_B
E14,PRE,01,271,000_00_00_007_2110_Mesa_7,CORRUPTO_PLANTILLA_B
E14,PRE,01,271,000_00_00_008_2110_Mesa_8,CORRUPTO_PLANTILLA_B
E14,PRE,01,271,000_00_00_009_2110_Mesa_9,CORRUPTO_PLANTILLA_B
E14,PRE,01,271,000_00_00_010_2110_Mesa_10,CORRUPTO_PLANTILLA_B
E14,PRE,01,271,000_00_00_011_2110_Mesa_11,CORRUPTO_PLANTILLA_B
E14,PRE,01,271,000_00_00_012_2110_Mesa_12,CORRUPTO_PLANTILLA_B
E14,PRE,01,271,000_00_00_013_2110_Mesa_13,CORRUPTO_PLANTILLA_B
E14,PRE,01,271,000_00_00_014_2110_Mesa_14,CORRUPTO_PLANTILLA_B
E14,PRE,01,271,000_00_00_015_2110_Mesa_15,CORRUPTO_PLANTILLA_B
E14,PRE,01,271,000_00_00_016_2110_Mesa_16,CORRUPTO_PLANTILLA_B
E14,PRE,01,271,000_00_00_017_2110_Mesa_17,CORRUPTO_PLANTILLA_B
E14,PRE,01,271,000_00_00_018_2110_Mesa_18,CORRUPTO_PLANTILLA_B
E14,PRE,01,274,000_00_01_001_2111_Mesa_1,CORRUPTO_PLANTILLA_B
E14,PRE,01,274,000_00_01_002_2111_Mesa_2,CORRUPTO_PLANTILLA_B
E14,PRE,01,274,000_00_01_003_2111_Mesa_3,CORRUPTO_PLANTILLA_B
E14,PRE,01,274,000_00_01_004_2111_Mesa_4,CORRUPTO_PLANTILLA_B
E14,PRE,01,274,000_00_01_005_2111_Mesa_5,CORRUPTO_PLANTILLA_B
E14,PRE,01,274,000_00_01_006_2111_Mesa_6,CORRUPTO_PLANTILLA_B
E14,PRE,01,274,000_00_01_007_2111_Mesa_7,CORRUPTO_PLANTILLA_B
E14,PRE,01,274,000_00_01_008_2111_Mesa_8,CORRUPTO_PLANTILLA_B
E14,PRE,01,274,000_00_01_009_2111_Mesa_9,CORRUPTO_PLANTILLA_B
E14,PRE,01,274,000_00_01_010_2111_Mesa_10,CORRUPTO_PLANTILLA_B
E14,PRE,01,274,000_00_01_011_2111_Mesa_11,CORRUPTO_PLANTILLA_B
E14,PRE,01,274,000_00_02_001_2111_Mesa_1,CORRUPTO_PLANTILLA_B
E14,PRE,01,274,000_00_02_002_2111_Mesa_2,CORRUPTO_PLANTILLA_B
E14,PRE,01,274,000_00_02_003_2111_Mesa_3,CORRUPTO_PLANTILLA_B
E14,PRE,01,274,000_00_02_004_2111_Mesa_4,CORRUPTO_PLANTILLA_B
E14,PRE,01,274,000_00_02_005_2111_Mesa_5,CORRUPTO_PLANTILLA_B
E14,PRE,01,274,000_00_02_006_2111_Mesa_6,CORRUPTO_PLANTILLA_B
E14,PRE,01,274,000_00_02_007_2111_Mesa_7,CORRUPTO_PLANTILLA_B
E14,PRE,01,274,000_00_02_008_2111_Mesa_8,CORRUPTO_PLANTILLA_B
E14,PRE,01,274,099_00_01_001_2111_Mesa_1,CORRUPTO_PLANTILLA_B
E14,PRE,01,274,099_00_02_001_2111_Mesa_1,CORRUPTO_PLANTILLA_B
E14,PRE,01,274,099_00_05_001_2111_Mesa_1,CORRUPTO_PLANTILLA_B
E14,PRE,01,274,099_00_05_002_2111_Mesa_2,CORRUPTO_PLANTILLA_B
E14,PRE,01,274,099_00_05_003_2111_Mesa_3,CORRUPTO_PLANTILLA_B
E14,PRE,01,274,099_00_09_001_2111_Mesa_1,CORRUPTO_PLANTILLA_B
E14,PRE,01,274,099_00_09_002_2111_Mesa_2,CORRUPTO_PLANTILLA_B
E14,PRE,01,274,099_00_13_001_2111_Mesa_1,CORRUPTO_PLANTILLA_B
E14,PRE,01,277,000_00_00_001_2112_Mesa_1,CORRUPTO_PLANTILLA_B
E14,PRE,01,277,000_00_00_002_2112_Mesa_2,CORRUPTO_PLANTILLA_B
E14,PRE,01,277,000_00_00_003_2112_Mesa_3,CORRUPTO_PLANTILLA_B
E14,PRE,01,277,000_00_00_004_2112_Mesa_4,CORRUPTO_PLANTILLA_B
E14,PRE,01,277,000_00_00_005_2112_Mesa_5,CORRUPTO_PLANTILLA_B
E14,PRE,01,277,000_00_00_006_2112_Mesa_6,CORRUPTO_PLANTILLA_B
E14,PRE,01,277,000_00_00_007_2112_Mesa_7,CORRUPTO_PLANTILLA_B
E14,PRE,01,277,000_00_00_008_2112_Mesa_8,CORRUPTO_PLANTILLA_B
E14,PRE,01,277,000_00_00_009_2112_Mesa_9,CORRUPTO_PLANTILLA_B
E14,PRE,01,277,000_00_00_010_2112_Mesa_10,CORRUPTO_PLANTILLA_B
E14,PRE,01,277,000_00_00_011_2112_Mesa_11,CORRUPTO_PLANTILLA_B
E14,PRE,01,277,000_00_00_012_2112_Mesa_12,CORRUPTO_PLANTILLA_B
E14,PRE,01,277,099_00_01_001_2112_Mesa_1,CORRUPTO_PLANTILLA_B
E14,PRE,01,277,099_00_05_001_2112_Mesa_1,CORRUPTO_PLANTILLA_B
E14,PRE,01,280,001_00_01_001_5263_Mesa_1,CORRUPTO_PLANTILLA_B
E14,PRE,01,280,001_00_01_002_5263_Mesa_2,CORRUPTO_PLANTILLA_B
E14,PRE,01,280,001_00_01_003_5263_Mesa_3,CORRUPTO_PLANTILLA_B
E14,PRE,01,280,001_00_01_004_5263_Mesa_4,CORRUPTO_PLANTILLA_B
E14,PRE,01,280,001_00_01_005_5263_Mesa_5,CORRUPTO_PLANTILLA_B
E14,PRE,01,280,001_00_01_006_5263_Mesa_6,CORRUPTO_PLANTILLA_B
E14,PRE,01,280,001_00_01_007_5263_Mesa_7,CORRUPTO_PLANTILLA_B
E14,PRE,01,280,001_00_01_008_5263_Mesa_8,CORRUPTO_PLANTILLA_B
E14,PRE,01,280,001_00_01_009_5263_Mesa_9,CORRUPTO_PLANTILLA_B
E14,PRE,01,280,001_00_01_010_5263_Mesa_10,CORRUPTO_PLANTILLA_B
E14,PRE,01,280,001_00_01_011_5263_Mesa_11,CORRUPTO_PLANTILLA_B
E14,PRE,01,280,001_00_01_012_5263_Mesa_12,CORRUPTO_PLANTILLA_B
E14,PRE,01,280,001_00_01_013_5263_Mesa_13,CORRUPTO_PLANTILLA_B
E14,PRE,01,280,001_00_01_014_5263_Mesa_14,CORRUPTO_PLANTILLA_B
E14,PRE,01,280,001_00_01_015_5263_Mesa_15,CORRUPTO_PLANTILLA_B
E14,PRE,01,280,001_00_01_016_5263_Mesa_16,CORRUPTO_PLANTILLA_B
E14,PRE,01,280,001_00_01_017_5263_Mesa_17,CORRUPTO_PLANTILLA_B
E14,PRE,01,280,001_00_01_018_5263_Mesa_18,CORRUPTO_PLANTILLA_B
E14,PRE,01,280,001_00_01_019_5263_Mesa_19,CORRUPTO_PLANTILLA_B
E14,PRE,01,280,001_00_01_020_5263_Mesa_20,CORRUPTO_PLANTILLA_B
E14,PRE,01,280,001_00_01_021_5263_Mesa_21,CORRUPTO_PLANTILLA_B
E14,PRE,01,280,001_00_01_022_5263_Mesa_22,CORRUPTO_PLANTILLA_B
E14,PRE,01,280,001_00_01_023_5263_Mesa_23,CORRUPTO_PLANTILLA_B
E14,PRE,01,280,001_00_02_001_5263_Mesa_1,CORRUPTO_PLANTILLA_B
E14,PRE,01,280,001_00_02_002_5263_Mesa_2,CORRUPTO_PLANTILLA_B
E14,PRE,01,280,001_00_02_003_5263_Mesa_3,CORRUPTO_PLANTILLA_B
E14,PRE,01,280,001_00_02_004_5263_Mesa_4,CORRUPTO_PLANTILLA_B
E14,PRE,01,280,001_00_02_005_5263_Mesa_5,CORRUPTO_PLANTILLA_B
E14,PRE,01,280,001_00_02_006_5263_Mesa_6,CORRUPTO_PLANTILLA_B
E14,PRE,01,280,001_00_02_007_5263_Mesa_7,CORRUPTO_PLANTILLA_B
E14,PRE,01,280,001_00_02_008_5263_Mesa_8,CORRUPTO_PLANTILLA_B
E14,PRE,01,280,001_00_02_009_5263_Mesa_9,CORRUPTO_PLANTILLA_B
E14,PRE,01,280,001_00_02_010_5263_Mesa_10,CORRUPTO_PLANTILLA_B
E14,PRE,01,280,001_00_02_011_5263_Mesa_11,CORRUPTO_PLANTILLA_B
E14,PRE,01,280,001_00_02_012_5263_Mesa_12,CORRUPTO_PLANTILLA_B
E14,PRE,01,280,001_00_02_013_5263_Mesa_13,CORRUPTO_PLANTILLA_B
E14,PRE,01,280,001_00_02_014_5263_Mesa_14,CORRUPTO_PLANTILLA_B
E14,PRE,01,280,001_00_02_015_5263_Mesa_15,CORRUPTO_PLANTILLA_B
E14,PRE,01,280,001_00_02_016_5263_Mesa_16,CORRUPTO_PLANTILLA_B
E14,PRE,01,280,001_00_02_017_5263_Mesa_17,CORRUPTO_PLANTILLA_B
E14,PRE,01,280,001_00_03_001_5264_Mesa_1,CORRUPTO_PLANTILLA_B
E14,PRE,01,280,001_00_03_002_5264_Mesa_2,CORRUPTO_PLANTILLA_B
E14,PRE,01,280,001_00_03_003_5264_Mesa_3,CORRUPTO_PLANTILLA_B
E14,PRE,01,280,001_00_03_004_5264_Mesa_4,CORRUPTO_PLANTILLA_B
E14,PRE,01,280,001_00_03_005_5264_Mesa_5,CORRUPTO_PLANTILLA_B
E14,PRE,01,280,001_00_03_006_5264_Mesa_6,CORRUPTO_PLANTILLA_B
E14,PRE,01,280,001_00_03_007_5264_Mesa_7,CORRUPTO_PLANTILLA_B
E14,PRE,01,280,001_00_03_008_5264_Mesa_8,CORRUPTO_PLANTILLA_B
E14,PRE,01,280,002_00_01_001_5267_Mesa_1,CORRUPTO_PLANTILLA_B
E14,PRE,01,280,002_00_01_002_5267_Mesa_2,CORRUPTO_PLANTILLA_B
E14,PRE,01,280,002_00_01_003_5267_Mesa_3,CORRUPTO_PLANTILLA_B
E14,PRE,01,280,002_00_01_004_5267_Mesa_4,CORRUPTO_PLANTILLA_B
E14,PRE,01,280,002_00_01_005_5267_Mesa_5,CORRUPTO_PLANTILLA_B
E14,PRE,01,280,002_00_01_006_5267_Mesa_6,CORRUPTO_PLANTILLA_B
E14,PRE,01,280,002_00_01_007_5267_Mesa_7,CORRUPTO_PLANTILLA_B
E14,PRE,01,280,002_00_01_008_5267_Mesa_8,CORRUPTO_PLANTILLA_B
E14,PRE,01,280,002_00_01_009_5267_Mesa_9,CORRUPTO_PLANTILLA_B
E14,PRE,01,280,002_00_01_010_5267_Mesa_10,CORRUPTO_PLANTILLA_B
E14,PRE,01,280,002_00_01_011_5267_Mesa_11,CORRUPTO_PLANTILLA_B
E14,PRE,01,280,002_00_01_012_5267_Mesa_12,CORRUPTO_PLANTILLA_B
E14,PRE,01,280,002_00_01_013_5267_Mesa_13,CORRUPTO_PLANTILLA_B
E14,PRE,01,280,002_00_02_001_5265_Mesa_1,CORRUPTO_PLANTILLA_B
E14,PRE,01,280,002_00_02_002_5265_Mesa_2,CORRUPTO_PLANTILLA_B
E14,PRE,01,280,002_00_02_003_5265_Mesa_3,CORRUPTO_PLANTILLA_B
E14,PRE,01,280,002_00_02_004_5265_Mesa_4,CORRUPTO_PLANTILLA_B
E14,PRE,01,280,002_00_02_005_5265_Mesa_5,CORRUPTO_PLANTILLA_B
E14,PRE,01,280,002_00_02_006_5265_Mesa_6,CORRUPTO_PLANTILLA_B
E14,PRE,01,280,002_00_02_007_5265_Mesa_7,CORRUPTO_PLANTILLA_B
E14,PRE,01,280,002_00_02_008_5265_Mesa_8,CORRUPTO_PLANTILLA_B
E14,PRE,01,280,002_00_02_009_5265_Mesa_9,CORRUPTO_PLANTILLA_B
E14,PRE,01,280,002_00_02_010_5265_Mesa_10,CORRUPTO_PLANTILLA_B
E14,PRE,01,280,002_00_02_011_5265_Mesa_11,CORRUPTO_PLANTILLA_B
E14,PRE,01,280,002_00_02_012_5265_Mesa_12,CORRUPTO_PLANTILLA_B
E14,PRE,01,280,002_00_02_013_5265_Mesa_13,CORRUPTO_PLANTILLA_B
E14,PRE,01,280,002_00_02_014_5265_Mesa_14,CORRUPTO_PLANTILLA_B
E14,PRE,01,280,002_00_02_015_5265_Mesa_15,CORRUPTO_PLANTILLA_B
E14,PRE,01,280,002_00_02_016_5265_Mesa_16,CORRUPTO_PLANTILLA_B
E14,PRE,01,280,002_00_02_017_5265_Mesa_17,CORRUPTO_PLANTILLA_B
E14,PRE,01,280,002_00_02_018_5265_Mesa_18,CORRUPTO_PLANTILLA_B
E14,PRE,01,280,002_00_02_019_5265_Mesa_19,CORRUPTO_PLANTILLA_B
E14,PRE,01,280,002_00_02_020_5265_Mesa_20,CORRUPTO_PLANTILLA_B
E14,PRE,01,280,002_00_02_021_5265_Mesa_21,CORRUPTO_PLANTILLA_B
E14,PRE,01,280,002_00_02_022_5265_Mesa_22,CORRUPTO_PLANTILLA_B
E14,PRE,01,280,002_00_03_001_5264_Mesa_1,CORRUPTO_PLANTILLA_B
E14,PRE,01,280,002_00_03_002_5264_Mesa_2,CORRUPTO_PLANTILLA_B
E14,PRE,01,280,002_00_03_003_5264_Mesa_3,CORRUPTO_PLANTILLA_B
E14,PRE,01,280,002_00_03_004_5264_Mesa_4,CORRUPTO_PLANTILLA_B
E14,PRE,01,280,002_00_03_005_5264_Mesa_5,CORRUPTO_PLANTILLA_B
E14,PRE,01,280,002_00_03_006_5264_Mesa_6,CORRUPTO_PLANTILLA_B
E14,PRE,01,280,002_00_03_007_5264_Mesa_7,CORRUPTO_PLANTILLA_B
E14,PRE,01,280,002_00_03_008_5264_Mesa_8,CORRUPTO_PLANTILLA_B
E14,PRE,01,280,002_00_03_009_5264_Mesa_9,CORRUPTO_PLANTILLA_B
E14,PRE,01,280,002_00_03_010_5264_Mesa_10,CORRUPTO_PLANTILLA_B
E14,PRE,01,280,002_00_03_011_5264_Mesa_11,CORRUPTO_PLANTILLA_B
E14,PRE,01,280,002_00_03_012_5264_Mesa_12,CORRUPTO_PLANTILLA_B
E14,PRE,01,280,002_00_03_013_5264_Mesa_13,CORRUPTO_PLANTILLA_B
E14,PRE,01,280,002_00_03_014_5264_Mesa_14,CORRUPTO_PLANTILLA_B
E14,PRE,01,280,002_00_03_015_5264_Mesa_15,CORRUPTO_PLANTILLA_B
E14,PRE,01,280,002_00_03_016_5264_Mesa_16,CORRUPTO_PLANTILLA_B
E14,PRE,01,280,003_00_01_001_5266_Mesa_1,CORRUPTO_PLANTILLA_B
E14,PRE,01,280,003_00_01_002_5266_Mesa_2,CORRUPTO_PLANTILLA_B
E14,PRE,01,280,003_00_01_003_5266_Mesa_3,CORRUPTO_PLANTILLA_B
E14,PRE,01,280,003_00_01_004_5266_Mesa_4,CORRUPTO_PLANTILLA_B
E14,PRE,01,280,003_00_01_005_5266_Mesa_5,CORRUPTO_PLANTILLA_B
E14,PRE,01,280,003_00_01_006_5266_Mesa_6,CORRUPTO_PLANTILLA_B
E14,PRE,01,280,003_00_01_007_5266_Mesa_7,CORRUPTO_PLANTILLA_B
E14,PRE,01,280,003_00_01_008_5266_Mesa_8,CORRUPTO_PLANTILLA_B
E14,PRE,01,280,003_00_01_009_5266_Mesa_9,CORRUPTO_PLANTILLA_B
E14,PRE,01,280,003_00_01_010_5266_Mesa_10,CORRUPTO_PLANTILLA_B
E14,PRE,01,280,003_00_01_011_5266_Mesa_11,CORRUPTO_PLANTILLA_B
E14,PRE,01,280,003_00_01_012_5266_Mesa_12,CORRUPTO_PLANTILLA_B
E14,PRE,01,280,003_00_01_013_5266_Mesa_13,CORRUPTO_PLANTILLA_B
E14,PRE,01,280,003_00_01_014_5266_Mesa_14,CORRUPTO_PLANTILLA_B
E14,PRE,01,280,003_00_01_015_5266_Mesa_15,CORRUPTO_PLANTILLA_B
E14,PRE,01,280,003_00_01_016_5266_Mesa_16,CORRUPTO_PLANTILLA_B
E14,PRE,01,280,003_00_01_017_5266_Mesa_17,CORRUPTO_PLANTILLA_B
E14,PRE,01,280,003_00_01_018_5266_Mesa_18,CORRUPTO_PLANTILLA_B
E14,PRE,01,280,003_00_01_019_5266_Mesa_19,CORRUPTO_PLANTILLA_B
E14,PRE,01,280,003_00_01_020_5266_Mesa_20,CORRUPTO_PLANTILLA_B
E14,PRE,01,280,003_00_02_001_5264_Mesa_1,CORRUPTO_PLANTILLA_B
E14,PRE,01,280,003_00_02_002_5264_Mesa_2,CORRUPTO_PLANTILLA_B
E14,PRE,01,280,003_00_02_003_5264_Mesa_3,CORRUPTO_PLANTILLA_B
E14,PRE,01,280,003_00_02_004_5264_Mesa_4,CORRUPTO_PLANTILLA_B
E14,PRE,01,280,003_00_02_005_5264_Mesa_5,CORRUPTO_PLANTILLA_B
E14,PRE,01,280,003_00_02_006_5264_Mesa_6,CORRUPTO_PLANTILLA_B
E14,PRE,01,280,003_00_02_007_5264_Mesa_7,CORRUPTO_PLANTILLA_B
E14,PRE,01,280,003_00_02_008_5264_Mesa_8,CORRUPTO_PLANTILLA_B
E14,PRE,01,280,003_00_02_009_5264_Mesa_9,CORRUPTO_PLANTILLA_B
E14,PRE,01,280,003_00_02_010_5264_Mesa_10,CORRUPTO_PLANTILLA_B
E14,PRE,01,280,003_00_02_011_5264_Mesa_11,CORRUPTO_PLANTILLA_B
E14,PRE,01,280,003_00_02_012_5264_Mesa_12,CORRUPTO_PLANTILLA_B
E14,PRE,01,280,003_00_02_013_5264_Mesa_13,CORRUPTO_PLANTILLA_B
E14,PRE,01,280,003_00_02_014_5264_Mesa_14,CORRUPTO_PLANTILLA_B
E14,PRE,01,280,003_00_02_015_5264_Mesa_15,CORRUPTO_PLANTILLA_B
E14,PRE,01,280,003_00_02_016_5264_Mesa_16,CORRUPTO_PLANTILLA_B
E14,PRE,01,280,003_00_02_017_5264_Mesa_17,CORRUPTO_PLANTILLA_B
E14,PRE,01,280,003_00_02_018_5264_Mesa_18,CORRUPTO_PLANTILLA_B
E14,PRE,01,280,003_00_03_001_5264_Mesa_1,CORRUPTO_PLANTILLA_B
E14,PRE,01,280,003_00_03_002_5264_Mesa_2,CORRUPTO_PLANTILLA_B
E14,PRE,01,280,003_00_03_003_5264_Mesa_3,CORRUPTO_PLANTILLA_B
E14,PRE,01,280,003_00_03_004_5264_Mesa_4,CORRUPTO_PLANTILLA_B
E14,PRE,01,280,003_00_03_005_5264_Mesa_5,CORRUPTO_PLANTILLA_B
E14,PRE,01,280,003_00_03_006_5264_Mesa_6,CORRUPTO_PLANTILLA_B
E14,PRE,01,280,003_00_03_007_5264_Mesa_7,CORRUPTO_PLANTILLA_B
E14,PRE,01,280,099_00_01_001_5267_Mesa_1,CORRUPTO_PLANTILLA_B
E14,PRE,01,280,099_00_01_002_5267_Mesa_2,CORRUPTO_PLANTILLA_B
E14,PRE,01,280,099_00_01_003_5267_Mesa_3,CORRUPTO_PLANTILLA_B
E14,PRE,01,280,099_00_02_001_5267_Mesa_1,CORRUPTO_PLANTILLA_B
E14,PRE,01,280,099_00_02_002_5267_Mesa_2,CORRUPTO_PLANTILLA_B
E14,PRE,01,280,099_00_03_001_5266_Mesa_1,CORRUPTO_PLANTILLA_B
E14,PRE,01,280,099_00_03_002_5266_Mesa_2,CORRUPTO_PLANTILLA_B
E14,PRE,01,280,099_00_03_003_5266_Mesa_3,CORRUPTO_PLANTILLA_B
E14,PRE,01,280,099_00_03_004_5266_Mesa_4,CORRUPTO_PLANTILLA_B
E14,PRE,01,280,099_00_03_005_5266_Mesa_5,CORRUPTO_PLANTILLA_B
E14,PRE,01,280,099_00_03_006_5266_Mesa_6,CORRUPTO_PLANTILLA_B
E14,PRE,01,280,099_00_03_007_5266_Mesa_7,CORRUPTO_PLANTILLA_B
E14,PRE,01,280,099_00_03_008_5266_Mesa_8,CORRUPTO_PLANTILLA_B
E14,PRE,01,280,099_00_03_009_5266_Mesa_9,CORRUPTO_PLANTILLA_B
E14,PRE,01,280,099_00_03_010_5266_Mesa_10,CORRUPTO_PLANTILLA_B
E14,PRE,01,280,099_00_03_011_5266_Mesa_11,CORRUPTO_PLANTILLA_B
E14,PRE,01,280,099_00_03_012_5266_Mesa_12,CORRUPTO_PLANTILLA_B
E14,PRE,01,280,099_00_03_013_5266_Mesa_13,CORRUPTO_PLANTILLA_B
E14,PRE,01,280,099_00_03_014_5266_Mesa_14,CORRUPTO_PLANTILLA_B
E14,PRE,01,280,099_00_03_015_5266_Mesa_15,CORRUPTO_PLANTILLA_B
E14,PRE,01,280,099_00_03_016_5266_Mesa_16,CORRUPTO_PLANTILLA_B
E14,PRE,01,280,099_00_03_017_5266_Mesa_17,CORRUPTO_PLANTILLA_B
E14,PRE,01,280,099_00_03_018_5266_Mesa_18,CORRUPTO_PLANTILLA_B
E14,PRE,01,280,099_00_03_019_5266_Mesa_19,CORRUPTO_PLANTILLA_B
E14,PRE,01,280,099_00_03_020_5266_Mesa_20,CORRUPTO_PLANTILLA_B
E14,PRE,01,280,099_00_03_021_5266_Mesa_21,CORRUPTO_PLANTILLA_B
E14,PRE,01,280,099_00_03_022_5266_Mesa_22,CORRUPTO_PLANTILLA_B
E14,PRE,01,280,099_00_04_001_5267_Mesa_1,CORRUPTO_PLANTILLA_B
E14,PRE,01,280,099_00_05_001_5265_Mesa_1,CORRUPTO_PLANTILLA_B
E14,PRE,01,280,099_00_05_002_5265_Mesa_2,CORRUPTO_PLANTILLA_B
E14,PRE,01,280,099_00_05_003_5265_Mesa_3,CORRUPTO_PLANTILLA_B
E14,PRE,01,280,099_00_05_004_5265_Mesa_4,CORRUPTO_PLANTILLA_B
E14,PRE,01,280,099_00_05_005_5265_Mesa_5,CORRUPTO_PLANTILLA_B
E14,PRE,01,280,099_00_06_001_5265_Mesa_1,CORRUPTO_PLANTILLA_B
E14,PRE,01,280,099_00_06_002_5265_Mesa_2,CORRUPTO_PLANTILLA_B
E14,PRE,01,280,099_00_06_003_5265_Mesa_3,CORRUPTO_PLANTILLA_B
E14,PRE,01,280,099_00_06_004_5265_Mesa_4,CORRUPTO_PLANTILLA_B
E14,PRE,01,280,099_00_06_005_5265_Mesa_5,CORRUPTO_PLANTILLA_B
E14,PRE,01,280,099_00_06_006_5265_Mesa_6,CORRUPTO_PLANTILLA_B
E14,PRE,01,280,099_00_06_007_5265_Mesa_7,CORRUPTO_PLANTILLA_B
E14,PRE,01,280,099_00_06_008_5265_Mesa_8,CORRUPTO_PLANTILLA_B
E14,PRE,01,280,099_00_06_009_5265_Mesa_9,CORRUPTO_PLANTILLA_B
E14,PRE,01,280,099_00_06_010_5265_Mesa_10,CORRUPTO_PLANTILLA_B
E14,PRE,01,280,099_00_07_001_5267_Mesa_1,CORRUPTO_PLANTILLA_B
E14,PRE,01,280,099_00_09_001_5268_Mesa_1,CORRUPTO_PLANTILLA_B
E14,PRE,01,280,099_00_09_002_5268_Mesa_2,CORRUPTO_PLANTILLA_B
E14,PRE,01,280,099_00_10_001_5263_Mesa_1,CORRUPTO_PLANTILLA_B
E14,PRE,01,280,099_00_10_002_5263_Mesa_2,CORRUPTO_PLANTILLA_B
E14,PRE,01,280,099_00_10_003_5263_Mesa_3,CORRUPTO_PLANTILLA_B
E14,PRE,01,280,099_00_10_004_5263_Mesa_4,CORRUPTO_PLANTILLA_B
E14,PRE,01,280,099_00_10_005_5263_Mesa_5,CORRUPTO_PLANTILLA_B
E14,PRE,01,280,099_00_10_006_5263_Mesa_6,CORRUPTO_PLANTILLA_B
E14,PRE,01,280,099_00_10_007_5263_Mesa_7,CORRUPTO_PLANTILLA_B
E14,PRE,01,280,099_00_10_008_5263_Mesa_8,CORRUPTO_PLANTILLA_B
E14,PRE,01,280,099_00_10_009_5263_Mesa_9,CORRUPTO_PLANTILLA_B
E14,PRE,01,280,099_00_12_001_5267_Mesa_1,CORRUPTO_PLANTILLA_B
E14,PRE,01,280,099_00_12_002_5267_Mesa_2,CORRUPTO_PLANTILLA_B
E14,PRE,01,280,099_00_12_003_5267_Mesa_3,CORRUPTO_PLANTILLA_B
E14,PRE,01,280,099_00_12_004_5267_Mesa_4,CORRUPTO_PLANTILLA_B
E14,PRE,01,280,099_00_12_005_5267_Mesa_5,CORRUPTO_PLANTILLA_B
E14,PRE,01,280,099_00_16_001_5265_Mesa_1,CORRUPTO_PLANTILLA_B
E14,PRE,01,280,099_00_16_002_5265_Mesa_2,CORRUPTO_PLANTILLA_B
E14,PRE,01,280,099_00_16_003_5265_Mesa_3,CORRUPTO_PLANTILLA_B
E14,PRE,01,280,099_00_16_004_5265_Mesa_4,CORRUPTO_PLANTILLA_B
E14,PRE,01,280,099_00_16_005_5265_Mesa_5,CORRUPTO_PLANTILLA_B
E14,PRE,01,280,099_00_17_001_5267_Mesa_1,CORRUPTO_PLANTILLA_B
E14,PRE,01,280,099_00_17_002_5267_Mesa_2,CORRUPTO_PLANTILLA_B
E14,PRE,01,280,099_00_18_001_5265_Mesa_1,CORRUPTO_PLANTILLA_B
E14,PRE,01,280,099_00_18_002_5265_Mesa_2,CORRUPTO_PLANTILLA_B
E14,PRE,01,280,099_00_18_003_5265_Mesa_3,CORRUPTO_PLANTILLA_B
E14,PRE,01,280,099_00_18_004_5265_Mesa_4,CORRUPTO_PLANTILLA_B
E14,PRE,01,280,099_00_18_005_5265_Mesa_5,CORRUPTO_PLANTILLA_B
E14,PRE,01,280,099_00_26_001_5268_Mesa_1,CORRUPTO_PLANTILLA_B
E14,PRE,01,280,099_00_30_001_5265_Mesa_1,CORRUPTO_PLANTILLA_B
E14,PRE,01,280,099_00_30_002_5265_Mesa_2,CORRUPTO_PLANTILLA_B
E14,PRE,01,280,099_00_30_003_5265_Mesa_3,CORRUPTO_PLANTILLA_B
E14,PRE,01,280,099_00_35_001_5267_Mesa_1,CORRUPTO_PLANTILLA_B
E14,PRE,01,280,099_00_35_002_5267_Mesa_2,CORRUPTO_PLANTILLA_B
E14,PRE,01,280,099_01_08_001_5268_Mesa_1,CORRUPTO_PLANTILLA_B
E14,PRE,01,280,099_01_08_002_5268_Mesa_2,CORRUPTO_PLANTILLA_B
E14,PRE,01,280,099_01_08_003_5268_Mesa_3,CORRUPTO_PLANTILLA_B
E14,PRE,01,280,099_01_08_004_5268_Mesa_4,CORRUPTO_PLANTILLA_B
E14,PRE,01,280,099_01_08_005_5268_Mesa_5,CORRUPTO_PLANTILLA_B
E14,PRE,01,280,099_01_13_001_5266_Mesa_1,CORRUPTO_PLANTILLA_B
E14,PRE,01,280,099_01_13_002_5266_Mesa_2,CORRUPTO_PLANTILLA_B
E14,PRE,01,280,099_01_13_003_5266_Mesa_3,CORRUPTO_PLANTILLA_B
E14,PRE,01,280,099_01_13_004_5266_Mesa_4,CORRUPTO_PLANTILLA_B
E14,PRE,01,280,099_01_13_005_5266_Mesa_5,CORRUPTO_PLANTILLA_B
E14,PRE,01,280,099_01_13_006_5266_Mesa_6,CORRUPTO_PLANTILLA_B
E14,PRE,01,280,099_01_13_007_5266_Mesa_7,CORRUPTO_PLANTILLA_B
E14,PRE,01,280,099_01_13_008_5266_Mesa_8,CORRUPTO_PLANTILLA_B
E14,PRE,01,280,099_01_14_001_5267_Mesa_1,CORRUPTO_PLANTILLA_B
E14,PRE,01,280,099_01_14_002_5267_Mesa_2,CORRUPTO_PLANTILLA_B
E14,PRE,01,280,099_01_14_003_5267_Mesa_3,CORRUPTO_PLANTILLA_B
E14,PRE,01,280,099_01_14_004_5267_Mesa_4,CORRUPTO_PLANTILLA_B
E14,PRE,01,280,099_01_14_005_5267_Mesa_5,CORRUPTO_PLANTILLA_B
E14,PRE,01,280,099_01_14_006_5267_Mesa_6,CORRUPTO_PLANTILLA_B
E14,PRE,01,280,099_01_14_007_5267_Mesa_7,CORRUPTO_PLANTILLA_B
E14,PRE,01,280,099_01_14_008_5267_Mesa_8,CORRUPTO_PLANTILLA_B
E14,PRE,01,280,099_01_14_009_5267_Mesa_9,CORRUPTO_PLANTILLA_B
E14,PRE,01,280,099_01_14_010_5267_Mesa_10,CORRUPTO_PLANTILLA_B
E14,PRE,01,280,099_01_14_011_5267_Mesa_11,CORRUPTO_PLANTILLA_B
E14,PRE,01,280,099_01_14_012_5267_Mesa_12,CORRUPTO_PLANTILLA_B
E14,PRE,01,280,099_01_14_013_5267_Mesa_13,CORRUPTO_PLANTILLA_B
E14,PRE,01,280,099_01_14_014_5267_Mesa_14,CORRUPTO_PLANTILLA_B
E14,PRE,01,280,099_01_14_015_5267_Mesa_15,CORRUPTO_PLANTILLA_B
E14,PRE,01,280,099_01_14_016_5267_Mesa_16,CORRUPTO_PLANTILLA_B
E14,PRE,01,280,099_01_14_017_5267_Mesa_17,CORRUPTO_PLANTILLA_B
E14,PRE,01,280,099_01_14_018_5267_Mesa_18,CORRUPTO_PLANTILLA_B
E14,PRE,01,280,099_01_14_019_5267_Mesa_19,CORRUPTO_PLANTILLA_B
E14,PRE,01,280,099_01_A1_001_5268_Mesa_1,CORRUPTO_PLANTILLA_B
E14,PRE,01,280,099_01_A1_002_5268_Mesa_2,CORRUPTO_PLANTILLA_B
E14,PRE,01,280,099_01_A1_003_5268_Mesa_3,CORRUPTO_PLANTILLA_B
E14,PRE,01,280,099_01_A1_004_5268_Mesa_4,CORRUPTO_PLANTILLA_B
E14,PRE,01,280,099_01_A1_005_5268_Mesa_5,CORRUPTO_PLANTILLA_B
E14,PRE,01,280,099_01_A1_006_5268_Mesa_6,CORRUPTO_PLANTILLA_B
E14,PRE,01,280,099_01_A1_007_5268_Mesa_7,CORRUPTO_PLANTILLA_B
E14,PRE,01,280,099_01_A1_008_5268_Mesa_8,CORRUPTO_PLANTILLA_B
E14,PRE,01,280,099_01_A1_009_5268_Mesa_9,CORRUPTO_PLANTILLA_B
E14,PRE,01,280,099_01_A1_010_5268_Mesa_10,CORRUPTO_PLANTILLA_B
E14,PRE,01,280,099_01_A1_011_5268_Mesa_11,CORRUPTO_PLANTILLA_B
E14,PRE,01,280,099_01_A1_012_5268_Mesa_12,CORRUPTO_PLANTILLA_B
E14,PRE,01,280,099_01_A1_013_5268_Mesa_13,CORRUPTO_PLANTILLA_B
E14,PRE,01,280,099_01_A1_014_5268_Mesa_14,CORRUPTO_PLANTILLA_B
E14,PRE,01,280,099_01_A1_015_5268_Mesa_15,CORRUPTO_PLANTILLA_B
E14,PRE,01,280,099_01_A1_016_5268_Mesa_16,CORRUPTO_PLANTILLA_B
E14,PRE,01,280,099_01_A1_017_5268_Mesa_17,CORRUPTO_PLANTILLA_B
E14,PRE,01,280,099_01_A1_018_5268_Mesa_18,CORRUPTO_PLANTILLA_B
E14,PRE,01,280,099_01_A1_019_5268_Mesa_19,CORRUPTO_PLANTILLA_B
E14,PRE,01,280,099_01_A1_020_5268_Mesa_20,CORRUPTO_PLANTILLA_B
E14,PRE,01,280,099_01_A1_021_5268_Mesa_21,CORRUPTO_PLANTILLA_B
E14,PRE,01,280,099_01_A1_022_5268_Mesa_22,CORRUPTO_PLANTILLA_B
E14,PRE,01,280,099_01_A1_023_5268_Mesa_23,CORRUPTO_PLANTILLA_B
E14,PRE,01,280,099_01_A1_024_5268_Mesa_24,CORRUPTO_PLANTILLA_B
E14,PRE,01,280,099_01_A1_025_5268_Mesa_25,CORRUPTO_PLANTILLA_B
E14,PRE,01,280,099_01_A2_001_5268_Mesa_1,CORRUPTO_PLANTILLA_B
E14,PRE,01,280,099_01_A2_002_5268_Mesa_2,CORRUPTO_PLANTILLA_B
E14,PRE,01,280,099_01_A2_003_5268_Mesa_3,CORRUPTO_PLANTILLA_B
E14,PRE,01,280,099_01_A2_004_5268_Mesa_4,CORRUPTO_PLANTILLA_B
E14,PRE,01,280,099_01_A2_005_5268_Mesa_5,CORRUPTO_PLANTILLA_B
E14,PRE,01,280,099_01_A2_006_5268_Mesa_6,CORRUPTO_PLANTILLA_B
E14,PRE,01,280,099_01_A2_007_5268_Mesa_7,CORRUPTO_PLANTILLA_B
E14,PRE,01,280,099_01_A2_008_5268_Mesa_8,CORRUPTO_PLANTILLA_B
E14,PRE,01,280,099_01_A2_009_5268_Mesa_9,CORRUPTO_PLANTILLA_B
E14,PRE,01,280,099_01_A2_010_5268_Mesa_10,CORRUPTO_PLANTILLA_B
E14,PRE,01,280,099_01_A2_011_5268_Mesa_11,CORRUPTO_PLANTILLA_B
E14,PRE,01,280,099_01_A2_012_5268_Mesa_12,CORRUPTO_PLANTILLA_B
E14,PRE,01,280,099_01_A2_013_5268_Mesa_13,CORRUPTO_PLANTILLA_B
E14,PRE,01,280,099_01_A2_014_5268_Mesa_14,CORRUPTO_PLANTILLA_B
E14,PRE,01,280,099_01_A2_015_5268_Mesa_15,CORRUPTO_PLANTILLA_B
E14,PRE,01,280,099_01_A2_016_5268_Mesa_16,CORRUPTO_PLANTILLA_B
E14,PRE,01,280,099_01_A2_017_5268_Mesa_17,CORRUPTO_PLANTILLA_B
E14,PRE,01,280,099_01_A2_018_5268_Mesa_18,CORRUPTO_PLANTILLA_B
E14,PRE,01,280,099_01_A2_019_5268_Mesa_19,CORRUPTO_PLANTILLA_B
E14,PRE,01,280,099_01_A2_020_5268_Mesa_20,CORRUPTO_PLANTILLA_B
E14,PRE,01,282,000_00_00_001_2114_Mesa_1,CORRUPTO_PLANTILLA_B
E14,PRE,01,282,000_00_00_002_2114_Mesa_2,CORRUPTO_PLANTILLA_B
E14,PRE,01,282,000_00_00_003_2114_Mesa_3,CORRUPTO_PLANTILLA_B
E14,PRE,01,282,000_00_00_004_2114_Mesa_4,CORRUPTO_PLANTILLA_B
E14,PRE,01,282,000_00_00_005_2114_Mesa_5,CORRUPTO_PLANTILLA_B
E14,PRE,01,282,000_00_00_006_2114_Mesa_6,CORRUPTO_PLANTILLA_B
E14,PRE,01,282,000_00_00_007_2114_Mesa_7,CORRUPTO_PLANTILLA_B
E14,PRE,01,282,000_00_00_008_2114_Mesa_8,CORRUPTO_PLANTILLA_B
E14,PRE,01,282,000_00_00_009_2114_Mesa_9,CORRUPTO_PLANTILLA_B
E14,PRE,01,282,000_00_00_010_2114_Mesa_10,CORRUPTO_PLANTILLA_B
E14,PRE,01,282,000_00_00_011_2114_Mesa_11,CORRUPTO_PLANTILLA_B
E14,PRE,01,282,000_00_00_012_2114_Mesa_12,CORRUPTO_PLANTILLA_B
E14,PRE,01,282,000_00_00_013_2114_Mesa_13,CORRUPTO_PLANTILLA_B
E14,PRE,01,282,000_00_00_014_2114_Mesa_14,CORRUPTO_PLANTILLA_B
E14,PRE,01,282,000_00_00_015_2114_Mesa_15,CORRUPTO_PLANTILLA_B
E14,PRE,01,282,000_00_00_016_2114_Mesa_16,CORRUPTO_PLANTILLA_B
E14,PRE,01,282,000_00_00_017_2114_Mesa_17,CORRUPTO_PLANTILLA_B
E14,PRE,01,282,000_00_00_018_2114_Mesa_18,CORRUPTO_PLANTILLA_B
E14,PRE,01,282,000_00_00_019_2114_Mesa_19,CORRUPTO_PLANTILLA_B
E14,PRE,01,282,099_00_07_001_2114_Mesa_1,CORRUPTO_PLANTILLA_B
E14,PRE,01,282,099_00_70_001_2114_Mesa_1,CORRUPTO_PLANTILLA_B
E14,PRE,01,283,001_00_01_001_5269_Mesa_1,CORRUPTO_PLANTILLA_B
E14,PRE,01,283,001_00_01_002_5269_Mesa_2,CORRUPTO_PLANTILLA_B
E14,PRE,01,283,001_00_01_003_5269_Mesa_3,CORRUPTO_PLANTILLA_B
E14,PRE,01,283,001_00_01_004_5269_Mesa_4,CORRUPTO_PLANTILLA_B
E14,PRE,01,283,001_00_01_005_5269_Mesa_5,CORRUPTO_PLANTILLA_B
E14,PRE,01,283,001_00_01_006_5269_Mesa_6,CORRUPTO_PLANTILLA_B
E14,PRE,01,283,001_00_01_007_5269_Mesa_7,CORRUPTO_PLANTILLA_B
E14,PRE,01,283,001_00_01_008_5269_Mesa_8,CORRUPTO_PLANTILLA_B
E14,PRE,01,283,001_00_01_009_5269_Mesa_9,CORRUPTO_PLANTILLA_B
E14,PRE,01,283,001_00_01_010_5269_Mesa_10,CORRUPTO_PLANTILLA_B
E14,PRE,01,283,001_00_01_011_5269_Mesa_11,CORRUPTO_PLANTILLA_B
E14,PRE,01,283,001_00_01_012_5269_Mesa_12,CORRUPTO_PLANTILLA_B
E14,PRE,01,283,001_00_01_013_5269_Mesa_13,CORRUPTO_PLANTILLA_B
E14,PRE,01,283,001_00_01_014_5269_Mesa_14,CORRUPTO_PLANTILLA_B
E14,PRE,01,283,001_00_01_015_5269_Mesa_15,CORRUPTO_PLANTILLA_B
E14,PRE,01,283,001_00_01_016_5269_Mesa_16,CORRUPTO_PLANTILLA_B
E14,PRE,01,283,001_00_01_017_5269_Mesa_17,CORRUPTO_PLANTILLA_B
E14,PRE,01,283,001_00_02_001_5269_Mesa_1,CORRUPTO_PLANTILLA_B
E14,PRE,01,283,001_00_02_002_5269_Mesa_2,CORRUPTO_PLANTILLA_B
E14,PRE,01,283,001_00_02_003_5269_Mesa_3,CORRUPTO_PLANTILLA_B
E14,PRE,01,283,001_00_02_004_5269_Mesa_4,CORRUPTO_PLANTILLA_B
E14,PRE,01,283,001_00_02_005_5269_Mesa_5,CORRUPTO_PLANTILLA_B
E14,PRE,01,283,001_00_02_006_5269_Mesa_6,CORRUPTO_PLANTILLA_B
E14,PRE,01,283,001_00_02_007_5269_Mesa_7,CORRUPTO_PLANTILLA_B
E14,PRE,01,283,001_00_02_008_5269_Mesa_8,CORRUPTO_PLANTILLA_B
E14,PRE,01,283,001_00_02_009_5269_Mesa_9,CORRUPTO_PLANTILLA_B
E14,PRE,01,283,001_00_02_010_5269_Mesa_10,CORRUPTO_PLANTILLA_B
E14,PRE,01,283,001_00_02_011_5269_Mesa_11,CORRUPTO_PLANTILLA_B
E14,PRE,01,283,001_00_02_012_5269_Mesa_12,CORRUPTO_PLANTILLA_B
E14,PRE,01,283,001_00_02_013_5269_Mesa_13,CORRUPTO_PLANTILLA_B
E14,PRE,01,283,001_00_02_014_5269_Mesa_14,CORRUPTO_PLANTILLA_B
E14,PRE,01,283,002_00_01_001_5270_Mesa_1,CORRUPTO_PLANTILLA_B
E14,PRE,01,283,002_00_01_002_5270_Mesa_2,CORRUPTO_PLANTILLA_B
E14,PRE,01,283,002_00_01_003_5270_Mesa_3,CORRUPTO_PLANTILLA_B
E14,PRE,01,283,002_00_01_004_5270_Mesa_4,CORRUPTO_PLANTILLA_B
E14,PRE,01,283,002_00_01_005_5270_Mesa_5,CORRUPTO_PLANTILLA_B
E14,PRE,01,283,002_00_01_006_5270_Mesa_6,CORRUPTO_PLANTILLA_B
E14,PRE,01,283,002_00_01_007_5270_Mesa_7,CORRUPTO_PLANTILLA_B
E14,PRE,01,283,002_00_01_008_5270_Mesa_8,CORRUPTO_PLANTILLA_B
E14,PRE,01,283,002_00_01_009_5270_Mesa_9,CORRUPTO_PLANTILLA_B
E14,PRE,01,283,002_00_01_010_5270_Mesa_10,CORRUPTO_PLANTILLA_B
E14,PRE,01,283,002_00_01_011_5270_Mesa_11,CORRUPTO_PLANTILLA_B
E14,PRE,01,283,002_00_01_012_5270_Mesa_12,CORRUPTO_PLANTILLA_B
E14,PRE,01,283,002_00_01_013_5270_Mesa_13,CORRUPTO_PLANTILLA_B
E14,PRE,01,283,002_00_01_014_5270_Mesa_14,CORRUPTO_PLANTILLA_B
E14,PRE,01,283,002_00_01_015_5270_Mesa_15,CORRUPTO_PLANTILLA_B
E14,PRE,01,283,002_00_01_016_5270_Mesa_16,CORRUPTO_PLANTILLA_B
E14,PRE,01,283,002_00_01_017_5270_Mesa_17,CORRUPTO_PLANTILLA_B
E14,PRE,01,283,002_00_01_018_5270_Mesa_18,CORRUPTO_PLANTILLA_B
E14,PRE,01,283,002_00_01_019_5270_Mesa_19,CORRUPTO_PLANTILLA_B
E14,PRE,01,283,002_00_01_020_5270_Mesa_20,CORRUPTO_PLANTILLA_B
E14,PRE,01,283,002_00_01_021_5270_Mesa_21,CORRUPTO_PLANTILLA_B
E14,PRE,01,283,002_00_01_022_5270_Mesa_22,CORRUPTO_PLANTILLA_B
E14,PRE,01,283,002_00_02_001_5270_Mesa_1,CORRUPTO_PLANTILLA_B
E14,PRE,01,283,002_00_02_002_5270_Mesa_2,CORRUPTO_PLANTILLA_B
E14,PRE,01,283,002_00_02_003_5270_Mesa_3,CORRUPTO_PLANTILLA_B
E14,PRE,01,283,002_00_02_004_5270_Mesa_4,CORRUPTO_PLANTILLA_B
E14,PRE,01,283,002_00_02_005_5270_Mesa_5,CORRUPTO_PLANTILLA_B
E14,PRE,01,283,002_00_02_006_5270_Mesa_6,CORRUPTO_PLANTILLA_B
E14,PRE,01,283,002_00_02_007_5270_Mesa_7,CORRUPTO_PLANTILLA_B
E14,PRE,01,283,002_00_02_008_5270_Mesa_8,CORRUPTO_PLANTILLA_B
E14,PRE,01,283,002_00_02_009_5270_Mesa_9,CORRUPTO_PLANTILLA_B
E14,PRE,01,283,002_00_02_010_5270_Mesa_10,CORRUPTO_PLANTILLA_B
E14,PRE,01,283,002_00_02_011_5270_Mesa_11,CORRUPTO_PLANTILLA_B
E14,PRE,01,283,002_00_02_012_5270_Mesa_12,CORRUPTO_PLANTILLA_B
E14,PRE,01,283,002_00_02_013_5270_Mesa_13,CORRUPTO_PLANTILLA_B
E14,PRE,01,283,002_00_02_014_5270_Mesa_14,CORRUPTO_PLANTILLA_B
E14,PRE,01,283,002_00_02_015_5270_Mesa_15,CORRUPTO_PLANTILLA_B
E14,PRE,01,283,099_00_09_001_5269_Mesa_1,CORRUPTO_PLANTILLA_B
E14,PRE,01,283,099_00_09_002_5269_Mesa_2,CORRUPTO_PLANTILLA_B
E14,PRE,01,283,099_00_13_001_5270_Mesa_1,CORRUPTO_PLANTILLA_B
E14,PRE,01,283,099_00_13_002_5270_Mesa_2,CORRUPTO_PLANTILLA_B
E14,PRE,01,283,099_00_13_003_5270_Mesa_3,CORRUPTO_PLANTILLA_B
E14,PRE,01,283,099_00_15_001_5270_Mesa_1,CORRUPTO_PLANTILLA_B
E14,PRE,01,283,099_00_17_001_5270_Mesa_1,CORRUPTO_PLANTILLA_B
E14,PRE,01,283,099_00_17_002_5270_Mesa_2,CORRUPTO_PLANTILLA_B
E14,PRE,01,283,099_00_21_001_5269_Mesa_1,CORRUPTO_PLANTILLA_B
E14,PRE,01,283,099_00_21_002_5269_Mesa_2,CORRUPTO_PLANTILLA_B
E14,PRE,01,286,000_00_00_001_2116_Mesa_1,CORRUPTO_PLANTILLA_B
E14,PRE,01,286,000_00_00_002_2116_Mesa_2,CORRUPTO_PLANTILLA_B
E14,PRE,01,286,000_00_00_003_2116_Mesa_3,CORRUPTO_PLANTILLA_B
E14,PRE,01,286,000_00_00_004_2116_Mesa_4,CORRUPTO_PLANTILLA_B
E14,PRE,01,286,000_00_00_005_2116_Mesa_5,CORRUPTO_PLANTILLA_B
E14,PRE,01,286,000_00_00_006_2116_Mesa_6,CORRUPTO_PLANTILLA_B
E14,PRE,01,286,000_00_00_007_2116_Mesa_7,CORRUPTO_PLANTILLA_B
E14,PRE,01,286,000_00_00_008_2116_Mesa_8,CORRUPTO_PLANTILLA_B
E14,PRE,01,286,000_00_00_009_2116_Mesa_9,CORRUPTO_PLANTILLA_B
E14,PRE,01,286,000_00_00_010_2116_Mesa_10,CORRUPTO_PLANTILLA_B
E14,PRE,01,286,000_00_00_011_2116_Mesa_11,CORRUPTO_PLANTILLA_B
E14,PRE,01,286,000_00_00_012_2116_Mesa_12,CORRUPTO_PLANTILLA_B
E14,PRE,01,286,000_00_00_013_2116_Mesa_13,CORRUPTO_PLANTILLA_B
E14,PRE,01,286,000_00_00_014_2116_Mesa_14,CORRUPTO_PLANTILLA_B
E14,PRE,01,286,000_00_00_015_2116_Mesa_15,CORRUPTO_PLANTILLA_B
E14,PRE,01,286,000_00_00_016_2116_Mesa_16,CORRUPTO_PLANTILLA_B
E14,PRE,01,286,000_00_00_017_2116_Mesa_17,CORRUPTO_PLANTILLA_B
E14,PRE,01,286,000_00_00_018_2116_Mesa_18,CORRUPTO_PLANTILLA_B
E14,PRE,01,286,000_00_00_019_2116_Mesa_19,CORRUPTO_PLANTILLA_B
E14,PRE,01,286,000_00_00_020_2116_Mesa_20,CORRUPTO_PLANTILLA_B
E14,PRE,01,286,099_00_05_001_2116_Mesa_1,CORRUPTO_PLANTILLA_B
E14,PRE,01,286,099_00_05_002_2116_Mesa_2,CORRUPTO_PLANTILLA_B
E14,PRE,01,286,099_00_05_003_2116_Mesa_3,CORRUPTO_PLANTILLA_B
E14,PRE,01,286,099_00_05_004_2116_Mesa_4,CORRUPTO_PLANTILLA_B
E14,PRE,01,286,099_00_05_005_2116_Mesa_5,CORRUPTO_PLANTILLA_B
E14,PRE,01,286,099_00_05_006_2116_Mesa_6,CORRUPTO_PLANTILLA_B
E14,PRE,01,286,099_00_05_007_2116_Mesa_7,CORRUPTO_PLANTILLA_B
E14,PRE,01,286,099_00_05_008_2116_Mesa_8,CORRUPTO_PLANTILLA_B
E14,PRE,01,286,099_00_05_009_2116_Mesa_9,CORRUPTO_PLANTILLA_B
E14,PRE,01,286,099_00_05_010_2116_Mesa_10,CORRUPTO_PLANTILLA_B
E14,PRE,01,286,099_00_05_011_2116_Mesa_11,CORRUPTO_PLANTILLA_B
E14,PRE,01,286,099_00_05_012_2116_Mesa_12,CORRUPTO_PLANTILLA_B
E14,PRE,01,286,099_00_05_013_2116_Mesa_13,CORRUPTO_PLANTILLA_B
E14,PRE,01,286,099_00_05_014_2116_Mesa_14,CORRUPTO_PLANTILLA_B
E14,PRE,01,286,099_00_05_015_2116_Mesa_15,CORRUPTO_PLANTILLA_B
E14,PRE,01,286,099_00_09_001_2116_Mesa_1,CORRUPTO_PLANTILLA_B
E14,PRE,01,286,099_00_09_002_2116_Mesa_2,CORRUPTO_PLANTILLA_B
E14,PRE,01,289,000_00_00_001_2117_Mesa_1,CORRUPTO_PLANTILLA_B
E14,PRE,01,289,000_00_00_002_2117_Mesa_2,CORRUPTO_PLANTILLA_B
E14,PRE,01,289,000_00_00_003_2117_Mesa_3,CORRUPTO_PLANTILLA_B
E14,PRE,01,289,000_00_00_004_2117_Mesa_4,CORRUPTO_PLANTILLA_B
E14,PRE,01,289,000_00_00_005_2117_Mesa_5,CORRUPTO_PLANTILLA_B
E14,PRE,01,289,000_00_00_006_2117_Mesa_6,CORRUPTO_PLANTILLA_B
E14,PRE,01,289,000_00_00_007_2117_Mesa_7,CORRUPTO_PLANTILLA_B
E14,PRE,01,289,000_00_00_008_2117_Mesa_8,CORRUPTO_PLANTILLA_B
E14,PRE,01,289,000_00_00_009_2117_Mesa_9,CORRUPTO_PLANTILLA_B
E14,PRE,01,289,000_00_00_010_2117_Mesa_10,CORRUPTO_PLANTILLA_B
E14,PRE,01,289,000_00_00_011_2117_Mesa_11,CORRUPTO_PLANTILLA_B
E14,PRE,01,289,000_00_00_012_2117_Mesa_12,CORRUPTO_PLANTILLA_B
E14,PRE,01,289,000_00_00_013_2117_Mesa_13,CORRUPTO_PLANTILLA_B
E14,PRE,01,289,000_00_00_014_2117_Mesa_14,CORRUPTO_PLANTILLA_B
E14,PRE,01,289,000_00_00_015_2117_Mesa_15,CORRUPTO_PLANTILLA_B
E14,PRE,01,289,000_00_00_016_2117_Mesa_16,CORRUPTO_PLANTILLA_B
E14,PRE,01,289,099_00_80_001_2117_Mesa_1,CORRUPTO_PLANTILLA_B
E14,PRE,01,290,000_00_01_001_2118_Mesa_1,CORRUPTO_PLANTILLA_B
E14,PRE,01,290,000_00_01_002_2118_Mesa_2,CORRUPTO_PLANTILLA_B
E14,PRE,01,290,000_00_01_003_2118_Mesa_3,CORRUPTO_PLANTILLA_B
E14,PRE,01,290,000_00_01_004_2118_Mesa_4,CORRUPTO_PLANTILLA_B
E14,PRE,01,290,000_00_01_005_2118_Mesa_5,CORRUPTO_PLANTILLA_B
E14,PRE,01,290,000_00_01_006_2118_Mesa_6,CORRUPTO_PLANTILLA_B
E14,PRE,01,290,000_00_01_007_2118_Mesa_7,CORRUPTO_PLANTILLA_B
E14,PRE,01,290,000_00_01_008_2118_Mesa_8,CORRUPTO_PLANTILLA_B
E14,PRE,01,290,000_00_01_009_2118_Mesa_9,CORRUPTO_PLANTILLA_B
E14,PRE,01,290,000_00_01_010_2118_Mesa_10,CORRUPTO_PLANTILLA_B
E14,PRE,01,290,000_00_01_011_2118_Mesa_11,CORRUPTO_PLANTILLA_B
E14,PRE,01,290,000_00_01_012_2118_Mesa_12,CORRUPTO_PLANTILLA_B
E14,PRE,01,290,000_00_01_013_2118_Mesa_13,CORRUPTO_PLANTILLA_B
E14,PRE,01,290,000_00_01_014_2118_Mesa_14,CORRUPTO_PLANTILLA_B
E14,PRE,01,290,000_00_01_015_2118_Mesa_15,CORRUPTO_PLANTILLA_B
E14,PRE,01,290,000_00_01_016_2118_Mesa_16,CORRUPTO_PLANTILLA_B
E14,PRE,01,290,000_00_01_017_2118_Mesa_17,CORRUPTO_PLANTILLA_B
E14,PRE,01,290,000_00_01_018_2118_Mesa_18,CORRUPTO_PLANTILLA_B
E14,PRE,01,290,000_00_01_019_2118_Mesa_19,CORRUPTO_PLANTILLA_B
E14,PRE,01,290,000_00_02_001_2118_Mesa_1,CORRUPTO_PLANTILLA_B
E14,PRE,01,290,000_00_02_002_2118_Mesa_2,CORRUPTO_PLANTILLA_B
E14,PRE,01,290,000_00_02_003_2118_Mesa_3,CORRUPTO_PLANTILLA_B
E14,PRE,01,290,000_00_02_004_2118_Mesa_4,CORRUPTO_PLANTILLA_B
E14,PRE,01,290,000_00_02_005_2118_Mesa_5,CORRUPTO_PLANTILLA_B
E14,PRE,01,290,000_00_02_006_2118_Mesa_6,CORRUPTO_PLANTILLA_B
E14,PRE,01,290,000_00_02_007_2118_Mesa_7,CORRUPTO_PLANTILLA_B
E14,PRE,01,290,000_00_02_008_2118_Mesa_8,CORRUPTO_PLANTILLA_B
E14,PRE,01,290,000_00_02_009_2118_Mesa_9,CORRUPTO_PLANTILLA_B
E14,PRE,01,290,000_00_02_010_2118_Mesa_10,CORRUPTO_PLANTILLA_B
E14,PRE,01,290,000_00_02_011_2118_Mesa_11,CORRUPTO_PLANTILLA_B
E14,PRE,01,290,000_00_02_012_2118_Mesa_12,CORRUPTO_PLANTILLA_B
E14,PRE,01,290,000_00_02_013_2118_Mesa_13,CORRUPTO_PLANTILLA_B
E14,PRE,01,290,000_00_02_014_2118_Mesa_14,CORRUPTO_PLANTILLA_B
E14,PRE,01,290,099_00_01_001_2118_Mesa_1,CORRUPTO_PLANTILLA_B
E14,PRE,01,290,099_01_40_001_2118_Mesa_1,CORRUPTO_PLANTILLA_B
E14,PRE,01,290,099_01_40_002_2118_Mesa_2,CORRUPTO_PLANTILLA_B
E14,PRE,01,290,099_01_40_003_2118_Mesa_3,CORRUPTO_PLANTILLA_B
E14,PRE,01,291,000_00_00_001_2119_Mesa_1,CORRUPTO_PLANTILLA_B
E14,PRE,01,291,000_00_00_002_2119_Mesa_2,CORRUPTO_PLANTILLA_B
E14,PRE,01,291,000_00_00_003_2119_Mesa_3,CORRUPTO_PLANTILLA_B
E14,PRE,01,291,000_00_00_004_2119_Mesa_4,CORRUPTO_PLANTILLA_B
E14,PRE,01,291,000_00_00_005_2119_Mesa_5,CORRUPTO_PLANTILLA_B
E14,PRE,01,291,000_00_00_006_2119_Mesa_6,CORRUPTO_PLANTILLA_B
E14,PRE,01,291,000_00_00_007_2119_Mesa_7,CORRUPTO_PLANTILLA_B
E14,PRE,01,291,000_00_00_008_2119_Mesa_8,CORRUPTO_PLANTILLA_B
E14,PRE,01,291,000_00_00_009_2119_Mesa_9,CORRUPTO_PLANTILLA_B
E14,PRE,01,291,099_00_04_001_2119_Mesa_1,CORRUPTO_PLANTILLA_B
E14,PRE,01,291,099_00_04_002_2119_Mesa_2,CORRUPTO_PLANTILLA_B
E14,PRE,01,291,099_00_05_001_2119_Mesa_1,CORRUPTO_PLANTILLA_B
E14,PRE,01,291,099_00_05_002_2119_Mesa_2,CORRUPTO_PLANTILLA_B
E14,PRE,01,291,099_00_05_003_2119_Mesa_3,CORRUPTO_PLANTILLA_B
E14,PRE,01,291,099_00_20_001_2119_Mesa_1,CORRUPTO_PLANTILLA_B
E14,PRE,01,291,099_00_30_001_2119_Mesa_1,CORRUPTO_PLANTILLA_B
E14,PRE,01,291,099_00_75_001_2119_Mesa_1,CORRUPTO_PLANTILLA_B
E14,PRE,01,291,099_00_82_001_2119_Mesa_1,CORRUPTO_PLANTILLA_B
E14,PRE,01,291,099_00_82_002_2119_Mesa_2,CORRUPTO_PLANTILLA_B
E14,PRE,01,291,099_00_82_003_2119_Mesa_3,CORRUPTO_PLANTILLA_B
E14,PRE,01,291,099_00_86_001_2119_Mesa_1,CORRUPTO_PLANTILLA_B
E14,PRE,01,291,099_00_86_002_2119_Mesa_2,CORRUPTO_PLANTILLA_B
E14,PRE,01,291,099_00_91_001_2119_Mesa_1,CORRUPTO_PLANTILLA_B
E14,PRE,01,291,099_00_91_002_2119_Mesa_2,CORRUPTO_PLANTILLA_B
E14,PRE,01,291,099_00_91_003_2119_Mesa_3,CORRUPTO_PLANTILLA_B
E14,PRE,01,292,000_00_00_001_2120_Mesa_1,CORRUPTO_PLANTILLA_B
E14,PRE,01,292,000_00_00_002_2120_Mesa_2,CORRUPTO_PLANTILLA_B
E14,PRE,01,292,000_00_00_003_2120_Mesa_3,CORRUPTO_PLANTILLA_B
E14,PRE,01,292,000_00_00_004_2120_Mesa_4,CORRUPTO_PLANTILLA_B
E14,PRE,01,292,000_00_00_005_2120_Mesa_5,CORRUPTO_PLANTILLA_B
E14,PRE,01,292,000_00_00_006_2120_Mesa_6,CORRUPTO_PLANTILLA_B
E14,PRE,01,292,000_00_00_007_2120_Mesa_7,CORRUPTO_PLANTILLA_B
E14,PRE,01,292,000_00_00_008_2120_Mesa_8,CORRUPTO_PLANTILLA_B
E14,PRE,01,292,000_00_00_009_2120_Mesa_9,CORRUPTO_PLANTILLA_B
E14,PRE,01,292,000_00_00_010_2120_Mesa_10,CORRUPTO_PLANTILLA_B
E14,PRE,01,292,000_00_00_011_2120_Mesa_11,CORRUPTO_PLANTILLA_B
E14,PRE,01,292,000_00_00_012_2120_Mesa_12,CORRUPTO_PLANTILLA_B
E14,PRE,01,292,000_00_00_013_2120_Mesa_13,CORRUPTO_PLANTILLA_B
E14,PRE,01,292,000_00_00_014_2120_Mesa_14,CORRUPTO_PLANTILLA_B
E14,PRE,01,292,000_00_00_015_2120_Mesa_15,CORRUPTO_PLANTILLA_B
E14,PRE,01,292,000_00_00_016_2120_Mesa_16,CORRUPTO_PLANTILLA_B
E14,PRE,01,292,000_00_00_017_2120_Mesa_17,CORRUPTO_PLANTILLA_B
E14,PRE,01,292,000_00_00_018_2120_Mesa_18,CORRUPTO_PLANTILLA_B
E14,PRE,01,292,000_00_00_019_2120_Mesa_19,CORRUPTO_PLANTILLA_B
E14,PRE,01,292,000_00_00_020_2120_Mesa_20,CORRUPTO_PLANTILLA_B
E14,PRE,01,292,000_00_00_021_2120_Mesa_21,CORRUPTO_PLANTILLA_B
E14,PRE,01,292,000_00_00_022_2120_Mesa_22,CORRUPTO_PLANTILLA_B
E14,PRE,01,292,000_00_00_023_2120_Mesa_23,CORRUPTO_PLANTILLA_B
E14,PRE,01,292,099_00_01_001_2120_Mesa_1,CORRUPTO_PLANTILLA_B
E14,PRE,01,292,099_00_01_002_2120_Mesa_2,CORRUPTO_PLANTILLA_B
E14,PRE,01,292,099_00_05_001_2120_Mesa_1,CORRUPTO_PLANTILLA_B
E14,PRE,01,292,099_00_05_002_2120_Mesa_2,CORRUPTO_PLANTILLA_B
E14,PRE,01,292,099_00_05_003_2120_Mesa_3,CORRUPTO_PLANTILLA_B
E14,PRE,01,292,099_00_05_004_2120_Mesa_4,CORRUPTO_PLANTILLA_B
E14,PRE,01,292,099_00_05_005_2120_Mesa_5,CORRUPTO_PLANTILLA_B
E14,PRE,01,292,099_00_05_006_2120_Mesa_6,CORRUPTO_PLANTILLA_B
E14,PRE,01,292,099_00_15_001_2120_Mesa_1,CORRUPTO_PLANTILLA_B
E14,PRE,01,292,099_00_25_001_2120_Mesa_1,CORRUPTO_PLANTILLA_B
E14,PRE,01,292,099_00_50_001_2120_Mesa_1,CORRUPTO_PLANTILLA_B
E14,PRE,01,292,099_00_50_002_2120_Mesa_2,CORRUPTO_PLANTILLA_B
E14,PRE,01,293,000_00_00_001_2121_Mesa_1,CORRUPTO_PLANTILLA_B
E14,PRE,01,293,000_00_00_002_2121_Mesa_2,CORRUPTO_PLANTILLA_B
E14,PRE,01,293,000_00_00_003_2121_Mesa_3,CORRUPTO_PLANTILLA_B
E14,PRE,01,293,000_00_00_004_2121_Mesa_4,CORRUPTO_PLANTILLA_B
E14,PRE,01,293,000_00_00_005_2121_Mesa_5,CORRUPTO_PLANTILLA_B
E14,PRE,01,293,000_00_00_006_2121_Mesa_6,CORRUPTO_PLANTILLA_B
E14,PRE,01,293,000_00_00_007_2121_Mesa_7,CORRUPTO_PLANTILLA_B
E14,PRE,01,293,000_00_00_008_2121_Mesa_8,CORRUPTO_PLANTILLA_B
E14,PRE,01,293,000_00_00_009_2121_Mesa_9,CORRUPTO_PLANTILLA_B
E14,PRE,01,293,000_00_00_010_2121_Mesa_10,CORRUPTO_PLANTILLA_B
E14,PRE,01,293,000_00_00_011_2121_Mesa_11,CORRUPTO_PLANTILLA_B
E14,PRE,01,293,000_00_00_012_2121_Mesa_12,CORRUPTO_PLANTILLA_B
E14,PRE,01,293,000_00_00_013_2121_Mesa_13,CORRUPTO_PLANTILLA_B
E14,PRE,01,293,000_00_00_014_2121_Mesa_14,CORRUPTO_PLANTILLA_B
E14,PRE,01,293,000_00_00_015_2121_Mesa_15,CORRUPTO_PLANTILLA_B
E14,PRE,01,293,000_00_00_016_2121_Mesa_16,CORRUPTO_PLANTILLA_B
E14,PRE,01,293,000_00_00_017_2121_Mesa_17,CORRUPTO_PLANTILLA_B
E14,PRE,01,293,000_00_00_018_2121_Mesa_18,CORRUPTO_PLANTILLA_B
E14,PRE,01,293,000_00_00_019_2121_Mesa_19,CORRUPTO_PLANTILLA_B
E14,PRE,01,293,099_00_01_001_2121_Mesa_1,CORRUPTO_PLANTILLA_B
E14,PRE,01,295,001_00_01_001_5271_Mesa_1,CORRUPTO_PLANTILLA_B
E14,PRE,01,295,001_00_01_002_5271_Mesa_2,CORRUPTO_PLANTILLA_B
E14,PRE,01,295,001_00_01_003_5271_Mesa_3,CORRUPTO_PLANTILLA_B
E14,PRE,01,295,001_00_01_004_5271_Mesa_4,CORRUPTO_PLANTILLA_B
E14,PRE,01,295,001_00_01_005_5271_Mesa_5,CORRUPTO_PLANTILLA_B
E14,PRE,01,295,001_00_01_006_5271_Mesa_6,CORRUPTO_PLANTILLA_B
E14,PRE,01,295,001_00_02_001_5271_Mesa_1,CORRUPTO_PLANTILLA_B
E14,PRE,01,295,001_00_02_002_5271_Mesa_2,CORRUPTO_PLANTILLA_B
E14,PRE,01,295,001_00_02_003_5271_Mesa_3,CORRUPTO_PLANTILLA_B
E14,PRE,01,295,001_00_02_004_5271_Mesa_4,CORRUPTO_PLANTILLA_B
E14,PRE,01,295,001_00_02_005_5271_Mesa_5,CORRUPTO_PLANTILLA_B
E14,PRE,01,295,001_00_02_006_5271_Mesa_6,CORRUPTO_PLANTILLA_B
E14,PRE,01,295,001_00_02_007_5271_Mesa_7,CORRUPTO_PLANTILLA_B
E14,PRE,01,295,001_00_02_008_5271_Mesa_8,CORRUPTO_PLANTILLA_B
E14,PRE,01,295,001_00_02_009_5271_Mesa_9,CORRUPTO_PLANTILLA_B
E14,PRE,01,295,001_00_02_010_5271_Mesa_10,CORRUPTO_PLANTILLA_B
E14,PRE,01,295,001_00_02_011_5271_Mesa_11,CORRUPTO_PLANTILLA_B
E14,PRE,01,295,001_00_02_012_5271_Mesa_12,CORRUPTO_PLANTILLA_B
E14,PRE,01,295,001_00_02_013_5271_Mesa_13,CORRUPTO_PLANTILLA_B
E14,PRE,01,295,001_00_02_014_5271_Mesa_14,CORRUPTO_PLANTILLA_B
E14,PRE,01,295,001_00_02_015_5271_Mesa_15,CORRUPTO_PLANTILLA_B
E14,PRE,01,295,001_00_02_016_5271_Mesa_16,CORRUPTO_PLANTILLA_B
E14,PRE,01,295,001_00_02_017_5271_Mesa_17,CORRUPTO_PLANTILLA_B
E14,PRE,01,295,001_00_02_018_5271_Mesa_18,CORRUPTO_PLANTILLA_B
E14,PRE,01,295,001_00_03_001_5271_Mesa_1,CORRUPTO_PLANTILLA_B
E14,PRE,01,295,001_00_03_002_5271_Mesa_2,CORRUPTO_PLANTILLA_B
E14,PRE,01,295,001_00_03_003_5271_Mesa_3,CORRUPTO_PLANTILLA_B
E14,PRE,01,295,001_00_03_004_5271_Mesa_4,CORRUPTO_PLANTILLA_B
E14,PRE,01,295,001_00_03_005_5271_Mesa_5,CORRUPTO_PLANTILLA_B
E14,PRE,01,295,001_00_03_006_5271_Mesa_6,CORRUPTO_PLANTILLA_B
E14,PRE,01,295,001_00_03_007_5271_Mesa_7,CORRUPTO_PLANTILLA_B
E14,PRE,01,295,001_00_04_001_5272_Mesa_1,CORRUPTO_PLANTILLA_B
E14,PRE,01,295,001_00_04_002_5272_Mesa_2,CORRUPTO_PLANTILLA_B
E14,PRE,01,295,001_00_04_003_5272_Mesa_3,CORRUPTO_PLANTILLA_B
E14,PRE,01,295,001_00_04_004_5272_Mesa_4,CORRUPTO_PLANTILLA_B
E14,PRE,01,295,001_00_04_005_5272_Mesa_5,CORRUPTO_PLANTILLA_B
E14,PRE,01,295,001_00_04_006_5272_Mesa_6,CORRUPTO_PLANTILLA_B
E14,PRE,01,295,001_00_05_001_5273_Mesa_1,CORRUPTO_PLANTILLA_B
E14,PRE,01,295,001_00_05_002_5273_Mesa_2,CORRUPTO_PLANTILLA_B
E14,PRE,01,295,001_00_05_003_5273_Mesa_3,CORRUPTO_PLANTILLA_B
E14,PRE,01,295,001_00_05_004_5273_Mesa_4,CORRUPTO_PLANTILLA_B
E14,PRE,01,295,001_00_05_005_5273_Mesa_5,CORRUPTO_PLANTILLA_B
E14,PRE,01,295,001_00_05_006_5273_Mesa_6,CORRUPTO_PLANTILLA_B
E14,PRE,01,295,001_00_05_007_5273_Mesa_7,CORRUPTO_PLANTILLA_B
E14,PRE,01,295,001_00_06_001_5273_Mesa_1,CORRUPTO_PLANTILLA_B
E14,PRE,01,295,001_00_06_002_5273_Mesa_2,CORRUPTO_PLANTILLA_B
E14,PRE,01,295,001_00_06_003_5273_Mesa_3,CORRUPTO_PLANTILLA_B
E14,PRE,01,295,001_00_06_004_5273_Mesa_4,CORRUPTO_PLANTILLA_B
E14,PRE,01,295,001_00_06_005_5273_Mesa_5,CORRUPTO_PLANTILLA_B
E14,PRE,01,295,001_00_06_006_5273_Mesa_6,CORRUPTO_PLANTILLA_B
E14,PRE,01,295,001_00_06_007_5273_Mesa_7,CORRUPTO_PLANTILLA_B
E14,PRE,01,295,001_00_06_008_5273_Mesa_8,CORRUPTO_PLANTILLA_B
E14,PRE,01,295,001_00_06_009_5273_Mesa_9,CORRUPTO_PLANTILLA_B
E14,PRE,01,295,001_00_06_010_5273_Mesa_10,CORRUPTO_PLANTILLA_B
E14,PRE,01,295,001_00_06_011_5273_Mesa_11,CORRUPTO_PLANTILLA_B
E14,PRE,01,295,001_00_06_012_5273_Mesa_12,CORRUPTO_PLANTILLA_B
E14,PRE,01,295,001_00_06_013_5273_Mesa_13,CORRUPTO_PLANTILLA_B
E14,PRE,01,295,001_00_06_014_5273_Mesa_14,CORRUPTO_PLANTILLA_B
E14,PRE,01,295,002_00_01_001_5272_Mesa_1,CORRUPTO_PLANTILLA_B
E14,PRE,01,295,002_00_01_002_5272_Mesa_2,CORRUPTO_PLANTILLA_B
E14,PRE,01,295,002_00_01_003_5272_Mesa_3,CORRUPTO_PLANTILLA_B
E14,PRE,01,295,002_00_01_004_5272_Mesa_4,CORRUPTO_PLANTILLA_B
E14,PRE,01,295,002_00_01_005_5272_Mesa_5,CORRUPTO_PLANTILLA_B
E14,PRE,01,295,002_00_01_006_5272_Mesa_6,CORRUPTO_PLANTILLA_B
E14,PRE,01,295,002_00_01_007_5272_Mesa_7,CORRUPTO_PLANTILLA_B
E14,PRE,01,295,002_00_01_008_5272_Mesa_8,CORRUPTO_PLANTILLA_B
E14,PRE,01,295,002_00_01_009_5272_Mesa_9,CORRUPTO_PLANTILLA_B
E14,PRE,01,295,002_00_01_010_5272_Mesa_10,CORRUPTO_PLANTILLA_B
E14,PRE,01,295,002_00_01_011_5272_Mesa_11,CORRUPTO_PLANTILLA_B
E14,PRE,01,295,002_00_01_012_5272_Mesa_12,CORRUPTO_PLANTILLA_B
E14,PRE,01,295,002_00_01_013_5272_Mesa_13,CORRUPTO_PLANTILLA_B
E14,PRE,01,295,002_00_01_014_5272_Mesa_14,CORRUPTO_PLANTILLA_B
E14,PRE,01,295,002_00_02_001_5272_Mesa_1,CORRUPTO_PLANTILLA_B
E14,PRE,01,295,002_00_02_002_5272_Mesa_2,CORRUPTO_PLANTILLA_B
E14,PRE,01,295,002_00_02_003_5272_Mesa_3,CORRUPTO_PLANTILLA_B
E14,PRE,01,295,002_00_02_004_5272_Mesa_4,CORRUPTO_PLANTILLA_B
E14,PRE,01,295,002_00_02_005_5272_Mesa_5,CORRUPTO_PLANTILLA_B
E14,PRE,01,295,002_00_02_006_5272_Mesa_6,CORRUPTO_PLANTILLA_B
E14,PRE,01,295,002_00_02_007_5272_Mesa_7,CORRUPTO_PLANTILLA_B
E14,PRE,01,295,002_00_02_008_5272_Mesa_8,CORRUPTO_PLANTILLA_B
E14,PRE,01,295,002_00_02_009_5272_Mesa_9,CORRUPTO_PLANTILLA_B
E14,PRE,01,295,002_00_02_010_5272_Mesa_10,CORRUPTO_PLANTILLA_B
E14,PRE,01,295,002_00_02_011_5272_Mesa_11,CORRUPTO_PLANTILLA_B
E14,PRE,01,295,002_00_03_001_5273_Mesa_1,CORRUPTO_PLANTILLA_B
E14,PRE,01,295,002_00_03_002_5273_Mesa_2,CORRUPTO_PLANTILLA_B
E14,PRE,01,295,002_00_03_003_5273_Mesa_3,CORRUPTO_PLANTILLA_B
E14,PRE,01,295,002_00_03_004_5273_Mesa_4,CORRUPTO_PLANTILLA_B
E14,PRE,01,295,002_00_03_005_5273_Mesa_5,CORRUPTO_PLANTILLA_B
E14,PRE,01,295,002_00_03_006_5273_Mesa_6,CORRUPTO_PLANTILLA_B
E14,PRE,01,295,002_00_03_007_5273_Mesa_7,CORRUPTO_PLANTILLA_B
E14,PRE,01,295,002_00_03_008_5273_Mesa_8,CORRUPTO_PLANTILLA_B
E14,PRE,01,295,098_00_01_001_5271_Mesa_1,CORRUPTO_PLANTILLA_B
E14,PRE,01,295,099_00_09_001_5271_Mesa_1,CORRUPTO_PLANTILLA_B
E14,PRE,01,295,099_00_09_002_5271_Mesa_2,CORRUPTO_PLANTILLA_B
E14,PRE,01,295,099_00_09_003_5271_Mesa_3,CORRUPTO_PLANTILLA_B
E14,PRE,01,295,099_00_09_004_5271_Mesa_4,CORRUPTO_PLANTILLA_B
E14,PRE,01,295,099_00_11_001_5272_Mesa_1,CORRUPTO_PLANTILLA_B
E14,PRE,01,295,099_00_13_001_5272_Mesa_1,CORRUPTO_PLANTILLA_B
E14,PRE,01,295,099_00_13_002_5272_Mesa_2,CORRUPTO_PLANTILLA_B
E14,PRE,01,295,099_00_15_001_5273_Mesa_1,CORRUPTO_PLANTILLA_B
E14,PRE,01,295,099_00_15_002_5273_Mesa_2,CORRUPTO_PLANTILLA_B
E14,PRE,01,295,099_00_15_003_5273_Mesa_3,CORRUPTO_PLANTILLA_B
E14,PRE,01,295,099_00_15_004_5273_Mesa_4,CORRUPTO_PLANTILLA_B
E14,PRE,01,295,099_00_15_005_5273_Mesa_5,CORRUPTO_PLANTILLA_B
E14,PRE,01,295,099_00_15_006_5273_Mesa_6,CORRUPTO_PLANTILLA_B
E14,PRE,01,295,099_00_16_001_5273_Mesa_1,CORRUPTO_PLANTILLA_B
E14,PRE,01,295,099_00_17_001_5272_Mesa_1,CORRUPTO_PLANTILLA_B
E14,PRE,01,295,099_00_50_001_5272_Mesa_1,CORRUPTO_PLANTILLA_B
E14,PRE,01,298,000_00_01_001_2123_Mesa_1,CORRUPTO_PLANTILLA_B
E14,PRE,01,298,000_00_01_002_2123_Mesa_2,CORRUPTO_PLANTILLA_B
E14,PRE,01,298,000_00_01_003_2123_Mesa_3,CORRUPTO_PLANTILLA_B
E14,PRE,01,298,000_00_01_004_2123_Mesa_4,CORRUPTO_PLANTILLA_B
E14,PRE,01,298,000_00_01_005_2123_Mesa_5,CORRUPTO_PLANTILLA_B
E14,PRE,01,298,000_00_01_006_2123_Mesa_6,CORRUPTO_PLANTILLA_B
E14,PRE,01,298,000_00_01_007_2123_Mesa_7,CORRUPTO_PLANTILLA_B
E14,PRE,01,298,000_00_01_008_2123_Mesa_8,CORRUPTO_PLANTILLA_B
E14,PRE,01,298,000_00_01_009_2123_Mesa_9,CORRUPTO_PLANTILLA_B
E14,PRE,01,298,000_00_01_010_2123_Mesa_10,CORRUPTO_PLANTILLA_B
E14,PRE,01,298,000_00_01_011_2123_Mesa_11,CORRUPTO_PLANTILLA_B
E14,PRE,01,298,000_00_01_012_2123_Mesa_12,CORRUPTO_PLANTILLA_B
E14,PRE,01,298,000_00_01_013_2123_Mesa_13,CORRUPTO_PLANTILLA_B
E14,PRE,01,298,000_00_01_014_2123_Mesa_14,CORRUPTO_PLANTILLA_B
E14,PRE,01,298,000_00_01_015_2123_Mesa_15,CORRUPTO_PLANTILLA_B
E14,PRE,01,298,000_00_01_016_2123_Mesa_16,CORRUPTO_PLANTILLA_B
E14,PRE,01,298,000_00_01_017_2123_Mesa_17,CORRUPTO_PLANTILLA_B
E14,PRE,01,298,000_00_01_018_2123_Mesa_18,CORRUPTO_PLANTILLA_B
E14,PRE,01,298,000_00_01_019_2123_Mesa_19,CORRUPTO_PLANTILLA_B
E14,PRE,01,298,000_00_01_020_2123_Mesa_20,CORRUPTO_PLANTILLA_B
E14,PRE,01,298,000_00_01_021_2123_Mesa_21,CORRUPTO_PLANTILLA_B
E14,PRE,01,298,000_00_01_022_2123_Mesa_22,CORRUPTO_PLANTILLA_B
E14,PRE,01,298,000_00_01_023_2123_Mesa_23,CORRUPTO_PLANTILLA_B
E14,PRE,01,298,000_00_02_001_2123_Mesa_1,CORRUPTO_PLANTILLA_B
E14,PRE,01,298,000_00_02_002_2123_Mesa_2,CORRUPTO_PLANTILLA_B
E14,PRE,01,298,000_00_02_003_2123_Mesa_3,CORRUPTO_PLANTILLA_B
E14,PRE,01,298,000_00_02_004_2123_Mesa_4,CORRUPTO_PLANTILLA_B
E14,PRE,01,298,000_00_02_005_2123_Mesa_5,CORRUPTO_PLANTILLA_B
E14,PRE,01,298,000_00_02_006_2123_Mesa_6,CORRUPTO_PLANTILLA_B
E14,PRE,01,298,000_00_02_007_2123_Mesa_7,CORRUPTO_PLANTILLA_B
E14,PRE,01,298,000_00_02_008_2123_Mesa_8,CORRUPTO_PLANTILLA_B
E14,PRE,01,298,000_00_02_009_2123_Mesa_9,CORRUPTO_PLANTILLA_B
E14,PRE,01,298,000_00_02_010_2123_Mesa_10,CORRUPTO_PLANTILLA_B
E14,PRE,01,298,000_00_02_011_2123_Mesa_11,CORRUPTO_PLANTILLA_B
E14,PRE,01,298,000_00_02_012_2123_Mesa_12,CORRUPTO_PLANTILLA_B
E14,PRE,01,298,000_00_02_013_2123_Mesa_13,CORRUPTO_PLANTILLA_B
E14,PRE,01,298,000_00_02_014_2123_Mesa_14,CORRUPTO_PLANTILLA_B
E14,PRE,01,298,000_00_02_015_2123_Mesa_15,CORRUPTO_PLANTILLA_B
E14,PRE,01,298,000_00_02_016_2123_Mesa_16,CORRUPTO_PLANTILLA_B
E14,PRE,01,298,099_00_01_001_2123_Mesa_1,CORRUPTO_PLANTILLA_B
E14,PRE,01,298,099_00_01_002_2123_Mesa_2,CORRUPTO_PLANTILLA_B
E14,PRE,01,298,099_00_01_003_2123_Mesa_3,CORRUPTO_PLANTILLA_B
E14,PRE,01,298,099_00_01_004_2123_Mesa_4,CORRUPTO_PLANTILLA_B
E14,PRE,01,298,099_00_02_001_2123_Mesa_1,CORRUPTO_PLANTILLA_B
E14,PRE,01,298,099_00_03_001_2123_Mesa_1,CORRUPTO_PLANTILLA_B
E14,PRE,01,298,099_00_03_002_2123_Mesa_2,CORRUPTO_PLANTILLA_B
E14,PRE,01,298,099_00_03_003_2123_Mesa_3,CORRUPTO_PLANTILLA_B
E14,PRE,01,298,099_00_03_004_2123_Mesa_4,CORRUPTO_PLANTILLA_B
E14,PRE,01,298,099_00_04_001_2123_Mesa_1,CORRUPTO_PLANTILLA_B
E14,PRE,01,298,099_00_04_002_2123_Mesa_2,CORRUPTO_PLANTILLA_B
E14,PRE,01,298,099_00_04_003_2123_Mesa_3,CORRUPTO_PLANTILLA_B
E14,PRE,01,298,099_00_05_001_2123_Mesa_1,CORRUPTO_PLANTILLA_B
E14,PRE,01,298,099_00_06_001_2123_Mesa_1,CORRUPTO_PLANTILLA_B
E14,PRE,01,300,000_00_01_001_2124_Mesa_1,CORRUPTO_PLANTILLA_B
E14,PRE,01,300,000_00_01_002_2124_Mesa_2,CORRUPTO_PLANTILLA_B
E14,PRE,01,300,000_00_01_003_2124_Mesa_3,CORRUPTO_PLANTILLA_B
E14,PRE,01,300,000_00_01_004_2124_Mesa_4,CORRUPTO_PLANTILLA_B
E14,PRE,01,300,000_00_01_005_2124_Mesa_5,CORRUPTO_PLANTILLA_B
E14,PRE,01,300,000_00_01_006_2124_Mesa_6,CORRUPTO_PLANTILLA_B
E14,PRE,01,300,000_00_01_007_2124_Mesa_7,CORRUPTO_PLANTILLA_B
E14,PRE,01,300,000_00_01_008_2124_Mesa_8,CORRUPTO_PLANTILLA_B
E14,PRE,01,300,000_00_01_009_2124_Mesa_9,CORRUPTO_PLANTILLA_B
E14,PRE,01,300,000_00_01_010_2124_Mesa_10,CORRUPTO_PLANTILLA_B
E14,PRE,01,300,000_00_01_011_2124_Mesa_11,CORRUPTO_PLANTILLA_B
E14,PRE,01,300,000_00_01_012_2124_Mesa_12,CORRUPTO_PLANTILLA_B
E14,PRE,01,300,000_00_01_013_2124_Mesa_13,CORRUPTO_PLANTILLA_B
E14,PRE,01,300,000_00_01_014_2124_Mesa_14,CORRUPTO_PLANTILLA_B
E14,PRE,01,300,000_00_01_015_2124_Mesa_15,CORRUPTO_PLANTILLA_B
E14,PRE,01,300,000_00_01_016_2124_Mesa_16,CORRUPTO_PLANTILLA_B
E14,PRE,01,300,000_00_01_017_2124_Mesa_17,CORRUPTO_PLANTILLA_B
E14,PRE,01,300,000_00_01_018_2124_Mesa_18,CORRUPTO_PLANTILLA_B
E14,PRE,01,300,000_00_01_019_2124_Mesa_19,CORRUPTO_PLANTILLA_B
E14,PRE,01,300,000_00_01_020_2124_Mesa_20,CORRUPTO_PLANTILLA_B
E14,PRE,01,300,000_00_01_021_2124_Mesa_21,CORRUPTO_PLANTILLA_B
E14,PRE,01,300,000_00_01_022_2124_Mesa_22,CORRUPTO_PLANTILLA_B
E14,PRE,01,300,000_00_01_023_2124_Mesa_23,CORRUPTO_PLANTILLA_B
E14,PRE,01,300,000_00_01_024_2124_Mesa_24,CORRUPTO_PLANTILLA_B
E14,PRE,01,300,000_00_01_025_2124_Mesa_25,CORRUPTO_PLANTILLA_B
E14,PRE,01,300,000_00_01_026_2124_Mesa_26,CORRUPTO_PLANTILLA_B
E14,PRE,01,300,000_00_01_027_2124_Mesa_27,CORRUPTO_PLANTILLA_B
E14,PRE,01,300,000_00_01_028_2124_Mesa_28,CORRUPTO_PLANTILLA_B
E14,PRE,01,300,000_00_01_029_2124_Mesa_29,CORRUPTO_PLANTILLA_B
E14,PRE,01,300,000_00_01_030_2124_Mesa_30,CORRUPTO_PLANTILLA_B
E14,PRE,01,300,000_00_01_031_2124_Mesa_31,CORRUPTO_PLANTILLA_B
E14,PRE,01,300,000_00_01_032_2124_Mesa_32,CORRUPTO_PLANTILLA_B
E14,PRE,01,300,000_00_01_033_2124_Mesa_33,CORRUPTO_PLANTILLA_B
E14,PRE,01,300,000_00_01_034_2124_Mesa_34,CORRUPTO_PLANTILLA_B
E14,PRE,01,300,000_00_01_035_2124_Mesa_35,CORRUPTO_PLANTILLA_B
E14,PRE,01,300,000_00_02_001_2124_Mesa_1,CORRUPTO_PLANTILLA_B
E14,PRE,01,300,000_00_02_002_2124_Mesa_2,CORRUPTO_PLANTILLA_B
E14,PRE,01,300,000_00_02_003_2124_Mesa_3,CORRUPTO_PLANTILLA_B
E14,PRE,01,300,000_00_02_004_2124_Mesa_4,CORRUPTO_PLANTILLA_B
E14,PRE,01,300,099_00_25_001_2124_Mesa_1,CORRUPTO_PLANTILLA_B
E14,PRE,01,300,099_00_32_001_2124_Mesa_1,CORRUPTO_PLANTILLA_B
E14,PRE,01,300,099_00_32_002_2124_Mesa_2,CORRUPTO_PLANTILLA_B
E14,PRE,01,300,099_00_50_001_2124_Mesa_1,CORRUPTO_PLANTILLA_B
E14,PRE,01,300,099_00_60_001_2124_Mesa_1,CORRUPTO_PLANTILLA_B
E14,PRE,01,300,099_00_60_002_2124_Mesa_2,CORRUPTO_PLANTILLA_B
E14,PRE,01,300,099_00_65_001_2124_Mesa_1,CORRUPTO_PLANTILLA_B
E14,PRE,01,300,099_00_65_002_2124_Mesa_2,CORRUPTO_PLANTILLA_B
E14,PRE,01,300,099_00_65_003_2124_Mesa_3,CORRUPTO_PLANTILLA_B
E14,PRE,01,300,099_00_65_004_2124_Mesa_4,CORRUPTO_PLANTILLA_B
E14,PRE,01,300,099_00_65_005_2124_Mesa_5,CORRUPTO_PLANTILLA_B
E14,PRE,01,301,000_00_01_001_5274_Mesa_1,CORRUPTO_PLANTILLA_B
E14,PRE,01,301,000_00_01_002_5274_Mesa_2,CORRUPTO_PLANTILLA_B
E14,PRE,01,301,000_00_01_003_5274_Mesa_3,CORRUPTO_PLANTILLA_B
E14,PRE,01,301,000_00_01_004_5274_Mesa_4,CORRUPTO_PLANTILLA_B
E14,PRE,01,301,000_00_01_005_5274_Mesa_5,CORRUPTO_PLANTILLA_B
E14,PRE,01,301,000_00_01_006_5274_Mesa_6,CORRUPTO_PLANTILLA_B
E14,PRE,01,301,000_00_01_007_5274_Mesa_7,CORRUPTO_PLANTILLA_B
E14,PRE,01,301,000_00_01_008_5274_Mesa_8,CORRUPTO_PLANTILLA_B
E14,PRE,01,301,000_00_01_009_5274_Mesa_9,CORRUPTO_PLANTILLA_B
E14,PRE,01,301,000_00_01_010_5274_Mesa_10,CORRUPTO_PLANTILLA_B
E14,PRE,01,301,000_00_01_011_5274_Mesa_11,CORRUPTO_PLANTILLA_B
E14,PRE,01,301,000_00_01_012_5274_Mesa_12,CORRUPTO_PLANTILLA_B
E14,PRE,01,301,000_00_01_013_5274_Mesa_13,CORRUPTO_PLANTILLA_B
E14,PRE,01,301,000_00_01_014_5274_Mesa_14,CORRUPTO_PLANTILLA_B
E14,PRE,01,301,000_00_01_015_5274_Mesa_15,CORRUPTO_PLANTILLA_B
E14,PRE,01,301,000_00_01_016_5274_Mesa_16,CORRUPTO_PLANTILLA_B
E14,PRE,01,301,000_00_01_017_5274_Mesa_17,CORRUPTO_PLANTILLA_B
E14,PRE,01,301,000_00_01_018_5274_Mesa_18,CORRUPTO_PLANTILLA_B
E14,PRE,01,301,000_00_01_019_5274_Mesa_19,CORRUPTO_PLANTILLA_B
E14,PRE,01,301,000_00_01_020_5274_Mesa_20,CORRUPTO_PLANTILLA_B
E14,PRE,01,301,000_00_01_021_5274_Mesa_21,CORRUPTO_PLANTILLA_B
E14,PRE,01,301,000_00_01_022_5274_Mesa_22,CORRUPTO_PLANTILLA_B
E14,PRE,01,301,000_00_01_023_5274_Mesa_23,CORRUPTO_PLANTILLA_B
E14,PRE,01,301,000_00_01_024_5274_Mesa_24,CORRUPTO_PLANTILLA_B
E14,PRE,01,301,000_00_01_025_5274_Mesa_25,CORRUPTO_PLANTILLA_B
E14,PRE,01,301,000_00_01_026_5274_Mesa_26,CORRUPTO_PLANTILLA_B
E14,PRE,01,301,000_00_01_027_5274_Mesa_27,CORRUPTO_PLANTILLA_B
E14,PRE,01,301,000_00_01_028_5274_Mesa_28,CORRUPTO_PLANTILLA_B
E14,PRE,01,301,000_00_01_029_5274_Mesa_29,CORRUPTO_PLANTILLA_B
E14,PRE,01,301,000_00_01_030_5274_Mesa_30,CORRUPTO_PLANTILLA_B
E14,PRE,01,301,000_00_01_031_5274_Mesa_31,CORRUPTO_PLANTILLA_B
E14,PRE,01,301,000_00_01_032_5274_Mesa_32,CORRUPTO_PLANTILLA_B
E14,PRE,01,301,000_00_02_001_5275_Mesa_1,CORRUPTO_PLANTILLA_B
E14,PRE,01,301,000_00_02_002_5275_Mesa_2,CORRUPTO_PLANTILLA_B
E14,PRE,01,301,000_00_02_003_5275_Mesa_3,CORRUPTO_PLANTILLA_B
E14,PRE,01,301,000_00_02_004_5275_Mesa_4,CORRUPTO_PLANTILLA_B
E14,PRE,01,301,000_00_02_005_5275_Mesa_5,CORRUPTO_PLANTILLA_B
E14,PRE,01,301,000_00_02_006_5275_Mesa_6,CORRUPTO_PLANTILLA_B
E14,PRE,01,301,000_00_02_007_5275_Mesa_7,CORRUPTO_PLANTILLA_B
E14,PRE,01,301,000_00_02_008_5275_Mesa_8,CORRUPTO_PLANTILLA_B
E14,PRE,01,301,000_00_02_009_5275_Mesa_9,CORRUPTO_PLANTILLA_B
E14,PRE,01,301,000_00_02_010_5275_Mesa_10,CORRUPTO_PLANTILLA_B
E14,PRE,01,301,000_00_02_011_5275_Mesa_11,CORRUPTO_PLANTILLA_B
E14,PRE,01,301,000_00_02_012_5275_Mesa_12,CORRUPTO_PLANTILLA_B
E14,PRE,01,301,000_00_02_013_5275_Mesa_13,CORRUPTO_PLANTILLA_B
E14,PRE,01,301,000_00_02_014_5275_Mesa_14,CORRUPTO_PLANTILLA_B
E14,PRE,01,301,000_00_02_015_5275_Mesa_15,CORRUPTO_PLANTILLA_B
E14,PRE,01,301,099_00_01_001_5275_Mesa_1,CORRUPTO_PLANTILLA_B
E14,PRE,01,301,099_00_01_002_5275_Mesa_2,CORRUPTO_PLANTILLA_B
E14,PRE,01,301,099_00_01_003_5275_Mesa_3,CORRUPTO_PLANTILLA_B
E14,PRE,01,301,099_00_01_004_5275_Mesa_4,CORRUPTO_PLANTILLA_B
E14,PRE,01,301,099_00_02_001_5275_Mesa_1,CORRUPTO_PLANTILLA_B
E14,PRE,01,301,099_00_02_002_5275_Mesa_2,CORRUPTO_PLANTILLA_B
E14,PRE,01,301,099_00_02_003_5275_Mesa_3,CORRUPTO_PLANTILLA_B
E14,PRE,01,301,099_00_03_001_5275_Mesa_1,CORRUPTO_PLANTILLA_B
E14,PRE,01,301,099_00_03_002_5275_Mesa_2,CORRUPTO_PLANTILLA_B
E14,PRE,01,301,099_00_03_003_5275_Mesa_3,CORRUPTO_PLANTILLA_B
E14,PRE,01,301,099_00_03_004_5275_Mesa_4,CORRUPTO_PLANTILLA_B
E14,PRE,01,301,099_00_03_005_5275_Mesa_5,CORRUPTO_PLANTILLA_B
E14,PRE,01,301,099_00_04_001_5275_Mesa_1,CORRUPTO_PLANTILLA_B
E14,PRE,01,301,099_00_04_002_5275_Mesa_2,CORRUPTO_PLANTILLA_B
E14,PRE,01,301,099_00_05_001_5275_Mesa_1,CORRUPTO_PLANTILLA_B
E14,PRE,01,301,099_00_13_001_5275_Mesa_1,CORRUPTO_PLANTILLA_B
E14,PRE,01,301,099_00_13_002_5275_Mesa_2,CORRUPTO_PLANTILLA_B
E14,PRE,01,301,099_00_13_003_5275_Mesa_3,CORRUPTO_PLANTILLA_B
E14,PRE,01,301,099_00_13_004_5275_Mesa_4,CORRUPTO_PLANTILLA_B
