codigo,mesas,media_cepeda,var_cepeda,media_espriella,var_espriella,benford_dev_cepeda,benford_dev_espriella,flag_robotic,flag_benford
88770,14,10.928571428571429,75.14835164835165,6.285714285714286,39.91208791208791,6.631746031746032,4.837037037037037,False,False
88315,28,11.0,54.44444444444444,14.464285714285714,86.48015873015872,5.441269841269841,4.647619047619047,False,False
88505,11,21.636363636363637,117.65454545454546,25.0,160.2,9.246464646464645,7.05050505050505,False,False
88755,27,36.74074074074074,341.7378917378917,20.074074074074073,170.37891737891738,6.788477366255146,6.127572016460904,False,False
56004,14,77.71428571428571,263.1428571428571,50.57142857142857,261.95604395604397,12.35873015873016,11.323809523809523,False,False
01277,14,46.142857142857146,185.67032967032966,95.07142857142857,420.3791208791209,12.060317460317458,10.599999999999998,False,False
07298,14,73.07142857142857,137.45604395604397,159.07142857142858,494.22527472527474,15.533333333333335,15.533333333333335,False,True
01097,13,28.615384615384617,89.42307692307692,195.84615384615384,586.8076923076923,9.958974358974357,11.622222222222222,False,False
07169,14,77.35714285714286,100.55494505494507,173.07142857142858,619.6098901098901,15.701587301587303,12.358730158730157,False,True
07109,11,44.09090909090909,170.29090909090908,204.27272727272728,567.8181818181819,12.159595959595958,12.250505050505051,False,False
44024,18,81.38888888888889,119.07516339869281,89.16666666666667,704.9705882352941,16.308641975308642,8.125925925925925,False,True
01270,75,79.17333333333333,525.983063063063,40.38666666666666,310.834954954955,9.903703703703705,7.666666666666667,False,False
01062,23,33.08695652173913,203.44664031620553,69.04347826086956,634.1343873517786,8.490821256038647,6.83768115942029,False,False
03061,26,157.26923076923077,640.0446153846154,69.1923076923077,212.16153846153847,12.96923076923077,13.991452991452993,False,False
07025,13,68.46153846153847,224.93589743589743,169.15384615384616,629.974358974359,14.270085470085471,12.114529914529914,False,False
15091,13,82.76923076923077,211.1923076923077,157.84615384615384,650.1410256410257,13.870085470085469,15.533333333333335,False,True
07313,23,87.56521739130434,205.62055335968378,155.08695652173913,675.6284584980237,13.424154589371978,14.567149758454105,False,False
03028,68,148.89705882352942,560.6011852502195,69.27941176470588,321.3983757682177,14.226143790849672,11.743790849673202,False,False
27103,13,76.46153846153847,112.76923076923077,151.07692307692307,781.4102564102564,17.022222222222226,15.533333333333335,False,True
48009,48,134.08333333333334,711.1843971631205,48.8125,183.85771276595744,13.21851851851852,11.82962962962963,False,False
23101,15,235.66666666666666,848.2380952380953,23.866666666666667,63.98095238095238,15.348148148148148,8.844444444444441,False,True
15265,16,64.3125,238.3625,192.0625,692.7291666666666,12.855555555555558,11.622222222222222,False,False
15004,28,104.42857142857143,141.2910052910053,121.14285714285714,831.6084656084656,13.377777777777778,12.08888888888889,False,False
01202,21,36.19047619047619,131.86190476190478,159.52380952380952,855.4619047619047,10.564021164021163,14.475132275132275,False,False
23058,16,171.6875,657.5625,73.1875,347.8958333333333,11.622222222222222,14.244444444444447,False,False
12170,51,86.70588235294117,473.05176470588236,110.27450980392157,542.843137254902,9.010021786492375,12.070588235294117,False,False
07046,11,34.27272727272727,95.41818181818181,222.8181818181818,928.7636363636364,11.757575757575756,14.27070707070707,False,False
01117,124,86.36290322580645,424.8184500393391,63.28225806451613,613.8302517702597,10.658064516129032,9.255913978494625,False,False
01301,66,79.93939393939394,436.1808857808858,54.75757575757576,620.2172494172495,11.564983164983165,6.682828282828283,False,False
12200,97,115.10309278350516,512.8434278350516,78.38144329896907,545.9675687285223,13.136540664375717,10.26414662084765,False,False
07250,21,53.61904761904762,109.04761904761907,158.0952380952381,985.0904761904761,14.705820105820104,13.416931216931216,False,False
05127,29,158.9655172413793,955.3916256157635,46.724137931034484,152.92118226600988,12.468199233716474,12.511877394636011,False,False
26025,16,86.8125,144.69583333333333,107.0625,986.1958333333333,16.000000000000004,10.333333333333336,False,True
01191,66,55.166666666666664,369.1871794871795,77.21212121212122,774.0466200466201,10.146127946127944,9.809427609427608,False,False
05094,50,145.84,860.6269387755102,47.48,296.2138775510204,13.31111111111111,8.399999999999999,False,False
01067,21,36.42857142857143,99.55714285714286,132.76190476190476,1065.0904761904762,11.300529100529099,12.394708994708996,False,False
01187,48,90.1875,445.09175531914894,59.979166666666664,740.1484929078014,9.407407407407407,6.992592592592593,False,False
48002,65,137.12307692307692,937.7033653846154,44.98461538461538,253.42163461538462,14.165811965811965,10.283760683760685,False,False
56001,142,79.03521126760563,402.67251023873735,65.6056338028169,805.8575566876436,11.307981220657275,6.061658841940533,False,False
23017,16,149.9375,664.8625,73.0,551.6,14.400000000000002,9.977777777777781,False,False
07265,18,65.05555555555556,403.70261437908493,173.83333333333334,827.3235294117648,10.908641975308642,11.622222222222224,False,False
29087,25,64.44,191.92333333333332,132.08,1040.0766666666666,13.111111111111112,13.622222222222224,False,False
12415,87,144.7816091954023,933.800588078054,68.08045977011494,308.2376369954558,13.745338441890166,11.84521072796935,False,False
12375,73,114.5068493150685,713.1700913242008,73.57534246575342,529.0810502283106,12.160121765601216,10.053881278538812,False,False
03043,77,138.8181818181818,807.9665071770335,71.88311688311688,440.4466848940533,14.09033189033189,11.492929292929293,False,False
05082,40,82.875,543.2916666666666,86.15,707.5153846153846,11.466666666666669,8.377777777777778,False,False
23120,20,131.25,340.0921052631579,114.95,914.892105263158,14.422222222222224,11.155555555555559,False,False
05124,52,100.3076923076923,483.11915535444945,77.76923076923077,772.2594268476621,11.66837606837607,6.287179487179488,False,False
07316,13,42.76923076923077,146.6923076923077,163.76923076923077,1123.0256410256409,10.625641025641023,12.114529914529914,False,False
21012,73,87.71232876712328,610.7633181126332,96.68493150684931,663.5243531202436,9.686757990867582,10.029223744292235,False,False
48011,190,85.13157894736842,959.786828181565,38.64736842105263,315.6263157894737,6.4748538011695915,7.224926513815403,False,False
01106,155,110.58064516129032,600.2320904901551,67.47096774193548,677.7053204859657,12.087455197132615,7.069534050179211,False,False
17032,19,78.10526315789474,1046.0994152046783,24.105263157894736,266.4327485380117,9.604678362573098,8.14970760233918,False,False
17017,19,128.1578947368421,974.8070175438596,32.73684210526316,352.4269005847953,14.36374269005848,6.093567251461988,False,False
23078,19,147.26315789473685,1297.204678362573,10.578947368421053,30.36842105263158,11.00233918128655,8.735672514619884,False,False
13024,44,106.52272727272727,634.9529598308668,106.97727272727273,697.9297040169133,11.35757575757576,11.07878787878788,False,False
21013,28,63.642857142857146,448.08994708994715,91.60714285714286,893.2103174603175,9.977777777777778,9.707936507936507,False,False
29105,38,77.13157894736842,255.46870554765292,136.76315789473685,1087.699146514936,13.194152046783623,13.377777777777778,False,False
12650,50,84.64,376.64326530612243,109.88,972.8424489795918,11.666666666666666,11.444444444444446,False,False
25055,11,12.818181818181818,24.563636363636366,230.9090909090909,1326.090909090909,11.0020202020202,16.290909090909093,False,True
27174,74,89.14864864864865,199.63513513513513,129.44594594594594,1153.4011477230656,11.883483483483484,12.176576576576576,False,False
50001,84,81.5,675.9397590361446,55.51190476190476,682.8552782558806,7.5968253968253965,5.934391534391533,False,False
21042,52,73.73076923076923,488.90648567119155,109.0576923076923,870.408371040724,13.823931623931625,12.374358974358973,False,False
19076,48,57.666666666666664,152.1418439716312,160.64583333333334,1209.042109929078,13.218518518518518,12.292592592592591,False,False
05009,33,40.121212121212125,266.1723484848485,106.81818181818181,1097.590909090909,7.58181818181818,9.868686868686869,False,False
25069,62,9.03225806451613,29.802221047065046,57.54838709677419,1335.3992596509784,5.393442622950819,6.032258064516129,False,False
54012,15,67.33333333333333,1041.2380952380952,21.933333333333334,329.35238095238094,7.103703703703704,5.970370370370372,False,False
21015,47,80.7872340425532,700.4754856614246,108.38297872340425,685.7631822386679,10.196690307328604,11.01371158392435,False,False
11098,46,207.7391304347826,1192.1526570048309,25.97826086956522,198.11062801932368,11.13913043478261,3.95072463768116,False,False
07060,10,109.1,415.65555555555557,139.8,976.4000000000001,13.37777777777778,14.511111111111111,False,False
44012,23,72.17391304347827,295.42292490118575,83.17391304347827,1098.4229249011858,14.623188405797102,7.757487922705313,False,False
01227,19,31.105263157894736,108.5438596491228,134.78947368421052,1288.06432748538,9.101754385964911,13.377777777777776,False,False
05106,26,175.96153846153845,1210.3584615384616,49.92307692307692,195.99384615384616,10.767521367521367,12.114529914529914,False,False
13020,39,140.48717948717947,1142.2564102564102,47.97435897435897,266.3940620782726,12.684330484330488,10.06210826210826,False,False
01259,99,101.37373737373737,972.8895073180789,48.74747474747475,438.9661925376211,10.742087542087543,7.824017957351294,False,False
01064,64,90.0625,975.8055555555555,43.84375,440.6736111111111,8.169444444444444,6.313888888888888,False,False
07235,47,74.40425531914893,435.72432932469934,169.25531914893617,983.3246993524514,9.386761229314422,11.149408983451536,False,False
12608,97,122.21649484536083,926.1922250859106,72.28865979381443,496.45747422680415,12.907445589919817,10.72233676975945,False,False
64007,14,167.07142857142858,888.9945054945056,67.42857142857143,534.2637362637363,13.946031746031746,11.958730158730155,False,False
03019,77,89.8051948051948,655.0273410799726,85.7012987012987,768.2911825017088,8.676767676767676,7.1878787878787875,False,False
52047,22,86.54545454545455,587.2121212121212,104.0,851.6190476190476,8.327272727272726,11.078787878787878,False,False
15112,28,59.357142857142854,219.94179894179894,169.35714285714286,1219.867724867725,12.812698412698413,10.034920634920633,False,False
03049,80,139.25,1028.240506329114,68.525,411.64493670886077,13.866666666666667,10.044444444444446,False,False
12180,60,116.08333333333333,869.3319209039548,68.48333333333333,575.2370056497175,13.029629629629632,10.348148148148148,False,False
05013,62,74.5,662.4508196721312,94.30645161290323,811.0684822845055,9.440143369175624,10.296774193548387,False,False
03034,44,162.97727272727272,1170.1622621564482,59.31818181818182,304.03594080338263,11.997979797979799,11.357575757575757,False,False
12700,51,74.41176470588235,362.68705882352947,122.05882352941177,1112.8964705882352,13.803050108932462,12.332461873638342,False,False
48004,82,132.1829268292683,1064.7932851550738,56.34146341463415,416.2029509183981,12.01029810298103,9.792953929539296,False,False
03025,49,56.224489795918366,176.71938775510205,101.93877551020408,1305.6836734693877,13.719274376417234,8.785941043083902,False,False
23034,24,186.33333333333334,1209.7101449275362,51.791666666666664,276.3460144927536,10.696296296296294,11.829629629629629,False,False
25067,13,30.46153846153846,235.26923076923075,231.53846153846155,1263.7692307692307,11.427350427350426,14.892307692307693,False,False
03035,63,102.17460317460318,746.6625704045059,81.12698412698413,753.3384536610344,11.966843033509699,9.889594356261023,False,False
48005,74,101.8108108108108,994.292484265087,50.432432432432435,516.0844131803036,10.074474474474474,9.595195195195195,False,False
19058,31,59.0,128.0,162.48387096774192,1382.5913978494623,12.971326164874553,10.90537634408602,False,False
27106,13,65.92307692307692,168.24358974358975,132.76923076923077,1348.1923076923078,15.533333333333335,12.08888888888889,False,True
03022,274,146.4014598540146,1064.1019758829977,52.43795620437956,472.5693965401994,13.830170316301704,7.972587185725871,False,False
07311,11,44.0,162.0,158.8181818181818,1374.7636363636364,14.27070707070707,10.6,False,False
40017,42,133.9047619047619,1014.7224157955865,49.857142857142854,528.9059233449477,12.35873015873016,6.442328042328043,False,False
52040,40,75.7,314.7282051282051,182.025,1229.050641025641,12.200000000000003,11.066666666666665,False,False
01290,37,32.513513513513516,150.7012012012012,124.32432432432432,1394.3918918918919,9.173573573573572,12.176576576576576,False,False
03055,34,65.17647058823529,266.9982174688057,108.0,1278.7272727272727,12.918954248366013,10.426143790849673,False,False
40015,11,35.90909090909091,274.6909090909091,117.36363636363636,1275.4545454545455,9.868686868686867,12.379797979797981,False,False
05018,39,118.94871794871794,798.0499325236168,64.87179487179488,758.4304993252362,13.254131054131056,8.716239316239317,False,False
48006,27,100.4074074074074,857.4045584045584,90.96296296296296,705.1139601139602,11.5761316872428,9.776954732510289,False,False
31007,59,127.67796610169492,757.2910578609,76.03389830508475,813.6195207481005,12.520150659133712,6.31563088512241,False,False
28050,34,133.1764705882353,1105.7860962566845,71.61764705882354,467.3948306595366,12.55032679738562,10.019607843137255,False,False
29106,32,46.78125,151.4022177419355,136.28125,1431.6925403225807,11.366666666666665,12.316666666666668,False,False
28240,52,113.76923076923077,947.4751131221719,94.65384615384616,640.8582202111614,12.095726495726497,9.752136752136753,False,False
01016,56,38.339285714285715,208.01006493506492,113.42857142857143,1380.3948051948053,8.942857142857143,11.295238095238098,False,False
05079,98,78.85714285714286,533.1134020618557,101.43877551020408,1057.6714706501157,10.544671201814062,10.048072562358275,False,False
13010,230,147.85652173913044,873.0229922156826,81.32608695652173,717.9150370229733,13.214492753623189,7.127536231884059,False,False
48020,59,107.0677966101695,881.2022209234366,91.47457627118644,710.2881355932203,10.582297551789077,9.846704331450091,False,False
01091,37,61.270270270270274,385.7582582582583,123.64864864864865,1206.2342342342342,11.508108108108111,12.176576576576576,False,False
01293,20,36.35,130.02894736842106,113.25,1469.4605263157894,10.622222222222222,11.177777777777779,False,False
21079,65,102.32307692307693,1024.4721153846153,55.784615384615385,577.2653846153846,11.326495726495725,8.933333333333335,False,False
01052,25,28.16,92.14,136.6,1511.0,8.422222222222222,12.866666666666667,False,False
05006,26,56.84615384615385,438.7753846153846,98.3076923076923,1178.9415384615384,11.447863247863248,9.745299145299144,False,False
01192,119,68.43697478991596,610.7226890756302,97.87394957983193,1013.297535963538,8.250420168067228,8.919327731092437,False,False
48018,28,134.14285714285714,1098.4973544973545,85.64285714285714,525.9417989417989,13.946031746031746,9.806349206349205,False,False
15199,25,125.24,672.1899999999999,111.36,954.7399999999999,14.644444444444446,12.333333333333336,False,False
01271,18,56.111111111111114,299.9869281045752,122.88888888888889,1333.751633986928,12.906172839506171,13.16543209876543,False,False
28010,31,102.0,966.9333333333333,91.93548387096774,667.9956989247312,11.944086021505377,9.166308243727597,False,False
88140,11,31.0,251.0,83.45454545454545,1384.4727272727273,6.428282828282828,6.4222222222222225,False,False
05070,48,88.75,515.0851063829788,105.625,1121.813829787234,9.211111111111112,10.7,False,False
28030,27,119.88888888888889,821.2564102564103,81.48148148148148,818.3361823361823,12.041975308641975,7.041152263374485,False,False
88675,14,49.57142857142857,1326.7252747252749,24.428571428571427,315.8021978021977,7.015873015873016,6.533333333333333,False,False
07337,35,84.8,597.2823529411766,143.74285714285713,1050.4907563025208,9.403174603174604,13.876190476190477,False,False
15040,19,52.421052631578945,405.4795321637427,182.1578947368421,1242.3625730994152,10.135672514619884,10.488888888888887,False,False
48016,385,58.03376623376624,1277.6525027056275,36.4987012987013,370.33919101731607,4.099074074074074,4.751388888888888,False,False
15295,13,34.76923076923077,101.02564102564104,158.6153846153846,1552.7564102564102,10.451282051282051,10.825641025641026,False,False
03013,134,147.30597014925374,1163.371843788576,58.014925373134325,491.4283469868701,13.045771144278607,8.927363184079603,False,False
05091,43,131.97674418604652,1332.547065337763,43.18604651162791,326.0598006644518,12.960723514211885,8.35968992248062,False,False
15049,16,45.125,289.85,213.0,1369.3333333333333,8.588888888888889,12.755555555555555,False,False
15145,26,52.0,307.52,131.8846153846154,1357.2261538461537,12.114529914529914,12.801709401709402,False,False
15157,19,45.73684210526316,452.9824561403509,202.05263157894737,1219.830409356725,8.196491228070174,11.62222222222222,False,False
01196,54,40.148148148148145,242.09084556254365,188.77777777777777,1438.4779874213837,8.898765432098763,11.210699588477365,False,False
48010,401,88.06234413965088,879.0086034912717,65.00498753117208,812.7599750623442,7.219562205597118,7.171072319201995,False,False
15029,11,128.27272727272728,832.2181818181818,72.36363636363636,870.8545454545454,13.777777777777777,12.781818181818181,False,False
05084,65,102.23076923076923,730.1177884615385,73.98461538461538,975.2028846153846,11.405128205128205,8.353846153846156,False,False
21030,49,144.26530612244898,1544.1573129251701,35.755102040816325,162.35544217687075,12.35873015873016,10.261678004535147,False,False
13049,67,91.11940298507463,864.8643147896879,94.4776119402985,842.3744911804613,8.440464344941956,9.103814262023217,False,False
01154,59,42.355932203389834,487.3366452367037,51.983050847457626,1220.4652250146114,5.595856873822978,5.571647509578544,False,False
44040,18,48.611111111111114,327.1928104575163,109.61111111111111,1391.3104575163397,10.286419753086419,13.064197530864197,False,False
05007,171,137.69590643274853,1049.1893360853112,54.771929824561404,669.3653250773993,13.324106562703054,5.433138401559454,False,False
01034,20,29.1,64.09473684210526,141.85,1654.5552631578946,11.155555555555555,11.066666666666668,False,False
01231,64,67.46875,600.4434523809524,90.671875,1120.0969742063492,8.86388888888889,7.822222222222223,False,False
03016,58,85.86206896551724,556.8929219600726,114.55172413793103,1163.6902601330912,10.169348659003832,10.92337164750958,False,False
05113,51,64.0,870.88,68.98039215686275,861.4996078431373,8.743355119825708,9.86884531590414,False,False
07166,40,166.025,1004.025,99.6,734.5025641025641,11.644444444444444,9.111111111111112,False,False
31004,38,82.42105263157895,410.574679943101,98.34210526315789,1331.1500711237554,12.929824561403509,8.431578947368422,False,False
15220,28,90.0,474.8888888888889,149.17857142857142,1267.0410052910054,9.352380952380953,13.152380952380954,False,False
01282,21,43.476190476190474,174.46190476190478,119.47619047619048,1571.1619047619047,11.96190476190476,12.394708994708994,False,False
23097,19,134.57894736842104,886.0350877192982,78.0,860.3333333333334,14.399999999999999,5.371929824561403,False,False
88683,11,31.90909090909091,126.09090909090908,77.27272727272727,1637.6181818181817,9.337373737373735,9.466666666666667,False,False
07232,13,78.53846153846153,245.43589743589743,177.92307692307693,1521.076923076923,12.160683760683762,10.333333333333334,False,False
52030,31,72.93548387096774,457.1956989247312,131.0,1309.3333333333333,13.382795698924731,12.360573476702509,False,False
03007,70,63.542857142857144,441.7879917184265,96.62857142857143,1325.4832298136646,10.453968253968254,8.815873015873017,False,False
05014,26,125.8076923076923,605.6015384615384,78.5,1163.46,12.96923076923077,5.25128205128205,False,False
03052,1000,136.134,1071.5315755755755,63.916,699.6886326326327,13.133333333333333,7.200000000000001,False,False
15196,13,84.92307692307692,539.2435897435897,133.30769230769232,1232.5641025641025,7.181196581196581,12.801709401709402,False,False
15322,13,66.46153846153847,223.43589743589746,163.23076923076923,1549.1923076923078,14.846153846153847,10.405128205128205,False,False
29067,29,99.79310344827586,791.3128078817734,104.20689655172414,990.9556650246305,11.078927203065135,10.6,False,False
29100,14,32.357142857142854,118.24725274725273,118.42857142857143,1668.879120879121,9.917460317460318,13.02222222222222,False,False
15013,36,65.83333333333333,378.77142857142854,158.41666666666666,1418.8785714285714,12.041975308641975,10.595061728395065,False,False
07289,18,69.77777777777777,345.9477124183007,184.22222222222223,1452.7712418300653,11.930864197530862,11.62222222222222,False,False
17082,41,111.8048780487805,1131.1109756097562,49.073170731707314,672.4195121951219,10.65528455284553,8.37777777777778,False,False
01088,232,105.84482758620689,928.5732198835647,73.48275862068965,875.3590088072847,10.695785440613026,7.3915708812260545,False,False
15184,16,81.625,384.25,155.75,1420.2,12.455555555555556,12.755555555555555,False,False
13043,75,108.16,892.0551351351352,96.10666666666667,916.7452252252252,11.6,9.125925925925925,False,False
01170,22,68.36363636363636,297.76623376623377,123.4090909090909,1511.681818181818,13.525252525252524,13.501010101010102,False,False
21020,37,95.83783783783784,997.8618618618618,64.48648648648648,823.2012012012012,8.1975975975976,8.326126126126129,False,False
01148,19,41.63157894736842,225.0233918128655,128.31578947368422,1617.8947368421052,12.291228070175439,11.03859649122807,False,False
03047,39,55.94871794871795,268.1025641025641,116.66666666666667,1587.122807017544,12.684330484330486,10.949287749287752,False,False
27112,11,62.81818181818182,166.56363636363636,127.54545454545455,1692.8727272727272,13.648484848484847,12.088888888888889,False,False
13033,63,86.41269841269842,879.5043522785459,97.12698412698413,982.8868407578085,7.158730158730161,8.208818342151675,False,False
27010,21,48.666666666666664,185.03333333333333,192.66666666666666,1678.4333333333332,10.86984126984127,10.564021164021163,False,False
24078,65,122.15384615384616,1044.7572115384614,78.4,818.86875,12.798290598290599,7.328205128205129,False,False
23106,46,145.82608695652175,1181.080193236715,91.80434782608695,684.4719806763285,14.567149758454109,9.673429951690823,False,False
52015,17,55.76470588235294,223.31617647058823,182.11764705882354,1646.610294117647,12.918954248366013,10.488888888888889,False,False
07022,15,46.8,371.1714285714285,145.8,1502.4571428571428,12.76296296296296,14.05185185185185,False,False
29094,61,98.01639344262296,813.1163934426229,118.24590163934427,1075.3218579234972,11.191985428051002,11.232422586520947,False,False
29013,27,44.74074074074074,206.66096866096865,126.62962962962963,1682.7806267806266,12.398353909465019,13.064197530864199,False,False
12225,96,102.5,922.5894736842105,80.76041666666667,969.2998903508771,11.062962962962965,7.224074074074072,False,False
52058,21,79.9047619047619,505.5904761904761,106.66666666666667,1387.5333333333333,12.389417989417987,10.047619047619044,False,False
01220,43,16.837209302325583,66.61572535991141,145.1860465116279,1831.7264673311186,6.365891472868217,10.365374677002585,False,False
15085,17,35.0,136.25,196.23529411764707,1766.4411764705883,11.622222222222222,10.641830065359477,False,False
15289,38,71.23684210526316,204.5099573257468,130.55263157894737,1700.1458036984354,13.23157894736842,10.919298245614035,False,False
13004,113,77.23008849557522,818.1430151706701,86.73451327433628,1098.0896017699115,9.029301868239921,7.6501474926253685,False,False
15178,19,66.84210526315789,290.02923976608184,132.3684210526316,1626.6900584795321,12.024561403508772,9.869005847953213,False,False
01298,53,39.075471698113205,210.03265602322205,116.33962264150944,1712.4978229317853,8.252830188679244,10.862054507337525,False,False
23096,16,165.25,934.7333333333333,77.625,987.85,14.244444444444447,7.311111111111113,False,False
01076,43,34.48837209302326,224.20819490586933,159.04651162790697,1702.235880398671,7.693023255813953,10.588630490956072,False,False
07214,119,84.4201680672269,634.2965389545649,122.07563025210084,1299.1213502350092,8.138562091503267,10.6078431372549,False,False
28041,47,115.76595744680851,776.5744680851064,91.1063829787234,1160.7927844588344,13.092671394799055,7.898817966903073,False,False
07010,15,83.93333333333334,783.3523809523809,159.2,1155.742857142857,6.9259259259259265,11.281481481481482,False,False
17004,36,70.94444444444444,908.6825396825396,70.47222222222223,1033.3420634920633,9.881481481481481,8.646913580246913,False,False
64019,33,191.03030303030303,1341.217803030303,56.84848484848485,614.3825757575758,11.62222222222222,7.906397306397306,False,False
15128,14,61.285714285714285,396.98901098901104,178.07142857142858,1562.379120879121,12.812698412698413,10.488888888888889,False,False
21052,131,108.50381679389314,1426.2826776277157,75.83206106870229,534.4177334116266,9.476166242578456,10.673112807463953,False,False
46880,85,80.85882352941177,349.38459383753496,153.52941176470588,1614.6806722689075,12.321568627450981,13.441830065359477,False,False
17025,31,110.80645161290323,1619.3612903225805,31.70967741935484,345.34623655913975,10.354838709677418,7.470967741935484,False,False
03010,44,71.18181818181819,490.94291754756875,104.06818181818181,1483.5998942917547,12.503030303030304,9.18181818181818,False,False
15268,13,72.3076923076923,845.2307692307692,172.23076923076923,1129.3589743589744,8.741880341880341,11.622222222222224,False,False
17012,26,128.34615384615384,1824.3953846153847,13.615384615384615,155.28615384615387,11.092307692307694,3.9111111111111114,False,False
15325,42,53.5,425.5243902439024,216.35714285714286,1554.7717770034842,7.464550264550264,11.09312169312169,False,False
07160,58,81.27586206896552,551.2208106473079,153.01724137931035,1430.0172413793105,8.253639846743296,13.617624521072797,False,False
25043,27,112.70370370370371,1400.6011396011395,47.629629629629626,584.011396011396,9.818930041152264,6.989300411522636,False,False
01205,107,67.6355140186916,603.3658966672544,85.04672897196262,1382.7808146711338,9.095119418483904,6.352232606438213,False,False
09127,26,57.38461538461539,294.6461538461539,127.42307692307692,1692.0138461538463,13.823931623931621,11.947008547008549,False,False
29070,47,110.19148936170212,1133.6799259944496,89.17021276595744,854.8834412580944,12.61985815602837,8.708747044917256,False,False
05015,36,100.86111111111111,1262.4087301587301,69.80555555555556,728.0468253968254,9.419753086419751,10.345679012345679,False,False
21095,153,136.0392156862745,1632.3800309597523,36.57516339869281,358.1143790849673,12.628467683369644,7.083224400871459,False,False
23095,53,158.50943396226415,1928.4854862119014,9.471698113207546,65.2924528301887,11.759748427672955,3.77210401891253,False,False
24029,32,64.6875,257.18951612903226,138.71875,1738.7247983870968,12.683333333333334,11.733333333333334,False,False
29049,20,75.35,894.4499999999999,117.05,1101.9447368421054,9.066666666666666,12.28888888888889,False,False
01237,90,42.022222222222226,366.7410736579276,111.78888888888889,1629.7189762796504,6.42962962962963,8.871604938271608,False,False
29080,12,59.083333333333336,818.810606060606,96.08333333333333,1179.719696969697,9.674074074074076,9.933333333333334,False,False
29052,59,101.66101694915254,503.77966101694915,119.35593220338983,1495.1642314436003,11.871186440677967,10.2090395480226,False,False
01136,27,35.851851851851855,241.97720797720797,150.74074074074073,1765.3532763532762,6.018106995884774,11.218930041152264,False,False
01010,14,36.0,106.3076923076923,175.0,1903.8461538461538,11.790476190476188,10.034920634920633,False,False
13027,68,94.86764705882354,850.7434152765584,96.47058823529412,1161.297629499561,8.312418300653597,8.966013071895425,False,False
17035,25,139.92,1459.0766666666666,38.28,555.0433333333334,13.511111111111113,6.711111111111111,False,False
01025,28,68.10714285714286,626.1732804232805,141.39285714285714,1391.1362433862435,8.784126984126985,11.565079365079365,False,False
15337,13,90.15384615384616,573.3076923076923,140.23076923076923,1449.6923076923076,8.890598290598291,13.823931623931623,False,False
01145,24,47.791666666666664,405.5634057971015,200.66666666666666,1617.8840579710145,7.148148148148146,11.62222222222222,False,False
15151,42,64.16666666666667,349.3617886178862,175.23809523809524,1676.7711962833916,10.732275132275133,11.093121693121693,False,False
17019,80,122.0625,1715.6036392405063,22.05,312.22531645569626,11.088888888888889,4.940540540540541,False,False
27070,13,54.53846153846154,154.26923076923075,147.30769230769232,1887.2307692307693,14.270085470085471,12.114529914529914,False,False
24038,20,57.55,263.10263157894735,130.4,1778.4631578947367,12.288888888888888,14.511111111111111,False,False
15283,14,88.0,604.1538461538462,131.71428571428572,1440.065934065934,11.733333333333333,15.533333333333335,False,True
05076,68,95.48529411764706,919.8654521510097,98.67647058823529,1127.4758560140474,9.801307189542484,8.647058823529413,False,False
21055,69,103.82608695652173,1440.7046035805627,54.6231884057971,606.650042625746,10.156521739130433,10.157165861513686,False,False
21010,93,112.70967741935483,1515.7952314165498,56.516129032258064,531.9698457223002,10.276463560334529,10.337873357228197,False,False
01028,43,89.51162790697674,877.7320044296788,65.5813953488372,1170.6301218161684,7.598966408268733,6.747803617571059,False,False
15124,16,77.1875,940.9625,189.9375,1108.8625,7.199999999999999,11.622222222222222,False,False
44006,34,116.41176470588235,874.0677361853832,98.6470588235294,1181.447415329768,11.41699346405229,9.474509803921569,False,False
09082,44,75.8409090909091,384.1834038054968,110.13636363636364,1680.2600422832982,11.733333333333334,9.084848484848486,False,False
05041,37,69.13513513513513,928.2867867867868,56.351351351351354,1141.8453453453453,7.371771771771772,5.255255255255255,False,False
05005,24,95.5,971.2173913043479,60.041666666666664,1099.6068840579712,9.881481481481483,6.333333333333333,False,False
31061,92,161.45652173913044,1565.8332537028189,55.75,510.5631868131868,11.910144927536232,7.636714975845411,False,False
23046,36,142.11111111111111,1267.015873015873,100.30555555555556,821.6468253968254,14.298765432098763,10.6,False,False
25036,51,129.13725490196077,1874.4807843137255,28.313725490196077,216.57960784313727,11.461002178649238,6.193197278911565,False,False
09049,170,87.97647058823529,567.2538809606682,101.67647058823529,1533.7349460494258,8.428758169934639,7.7555555555555555,False,False
01055,42,20.428571428571427,43.27526132404181,133.5,2065.9634146341464,10.034920634920635,11.3005291005291,False,False
48012,16,112.0625,1407.6625,78.0,701.8666666666667,10.700000000000003,10.344444444444447,False,False
23121,41,145.609756097561,1278.8939024390243,83.95121951219512,832.5475609756098,10.717073170731705,6.313279132791327,False,False
19007,24,59.125,248.6358695652174,164.20833333333334,1864.085144927536,12.755555555555555,10.696296296296296,False,False
07082,11,34.90909090909091,269.4909090909091,147.45454545454547,1843.4727272727273,11.2020202020202,12.224242424242426,False,False
01199,22,53.13636363636363,275.93290043290045,102.9090909090909,1839.0389610389611,10.761616161616159,8.448484848484846,False,False
03004,158,148.8227848101266,1446.8218979279206,72.54430379746836,669.7910183020238,13.282981715893108,9.48551336146273,False,False
31076,35,97.42857142857143,1383.8991596638655,69.71428571428571,734.7394957983194,8.298412698412697,6.892063492063492,False,False
07151,23,101.3913043478261,839.5217391304348,132.52173913043478,1290.2608695652173,11.50144927536232,14.567149758454105,False,False
31124,120,134.83333333333334,1288.84593837535,65.125,842.1775210084033,12.57037037037037,6.162962962962965,False,False
19040,44,54.56818181818182,227.04175475687103,151.5909090909091,1912.8520084566596,13.008080808080807,12.503030303030302,False,False
07325,17,70.52941176470588,329.2647058823529,156.23529411764707,1813.0661764705883,13.941176470588234,14.226143790849672,False,False
01286,37,64.70270270270271,978.3258258258257,59.0,1169.111111111111,7.679279279279279,5.48048048048048,False,False
52035,175,82.38857142857142,372.1584893267652,134.9142857142857,1777.9064039408865,13.352380952380953,11.97142857142857,False,False
19019,20,61.55,318.8921052631579,140.9,1833.6736842105265,13.311111111111114,11.088888888888889,False,False
12800,63,94.23809523809524,1000.0552995391705,101.87301587301587,1157.241679467486,11.285304659498207,9.497707231040565,False,False
05026,39,51.12820512820513,369.00944669365725,109.82051282051282,1795.4143049932525,10.476353276353276,8.819373219373219,False,False
01175,27,44.148148148148145,187.28490028490026,135.1851851851852,1977.6182336182335,12.041975308641973,12.241152263374486,False,False
23145,28,183.42857142857142,1733.883597883598,57.642857142857146,434.5343915343915,10.034920634920633,9.904761904761905,False,False
48008,36,96.97222222222223,1273.7420634920634,71.13888888888889,895.3230158730158,8.281481481481482,6.992592592592593,False,False
21028,44,87.25,1091.3081395348838,91.56818181818181,1077.8789640591967,8.074747474747475,9.563636363636363,False,False
17008,29,133.10344827586206,1767.8817733990147,32.06896551724138,403.49507389162557,12.468199233716472,5.6,False,False
05121,50,157.54,1577.518775510204,53.3,594.704081632653,11.533333333333333,8.288888888888888,False,False
01100,49,26.489795918367346,82.171768707483,130.18367346938774,2095.65306122449,10.091156462585033,9.522448979591838,False,False
29097,58,42.6551724137931,259.38777979431336,93.53448275862068,1921.130369026013,10.169348659003829,8.301149425287356,False,False
19047,38,72.86842105263158,184.1714082503556,129.60526315789474,1996.4615931721196,15.387134502923978,10.883040935672515,False,True
21078,29,103.17241379310344,1419.71921182266,73.3103448275862,761.5073891625616,10.822988505747126,10.935632183908048,False,False
05010,40,62.95,688.1512820512821,98.9,1506.6051282051283,10.044444444444446,10.023931623931624,False,False
15010,39,76.3076923076923,629.5344129554655,159.84615384615384,1565.7125506072873,9.38917378917379,12.231908831908832,False,False
03046,224,146.25892857142858,1676.1299647661756,68.89285714285714,519.3068545803972,11.069047619047618,9.283333333333335,False,False
19004,69,42.94202898550725,118.52600170502984,170.42028985507247,2077.394288150043,12.31272141706924,10.978099838969404,False,False
15067,71,88.92957746478874,489.7806841046278,134.54929577464787,1708.6796780684103,9.035054773082942,11.03129890453834,False,False
64002,160,162.1875,1602.36713836478,43.425,602.1075471698114,12.2,6.733333333333333,False,False
15132,20,114.1,800.6210526315789,121.75,1405.0394736842106,12.28888888888889,12.26666666666667,False,False
54003,23,90.95652173913044,1008.407114624506,67.52173913043478,1198.6245059288538,8.844444444444443,7.74782608695652,False,False
19022,78,93.35897435897436,561.999333999334,124.96153846153847,1648.738761238761,10.664387464387465,11.0985754985755,False,False
31067,45,107.17777777777778,775.8313131313131,87.15555555555555,1435.088888888889,11.40246913580247,6.375308641975309,False,False
72001,66,56.57575757575758,763.8787878787879,84.3030303030303,1453.4452214452215,7.789225589225588,5.886195286195285,False,False
09058,26,65.53846153846153,860.5784615384615,76.61538461538461,1359.9261538461537,8.082051282051284,7.153846153846154,False,False
24013,19,65.36842105263158,508.4678362573099,104.84210526315789,1714.4736842105262,9.869005847953215,10.891228070175437,False,False
44003,73,157.9041095890411,1475.8378995433789,67.78082191780823,749.312404870624,12.184779299847794,6.705327245053273,False,False
26040,22,62.40909090909091,281.0151515151515,126.0909090909091,1945.991341991342,12.515151515151516,10.47070707070707,False,False
68001,64,117.15625,1730.2291666666667,28.453125,499.68030753968253,10.077777777777778,3.93721340388007,False,False
29016,33,105.63636363636364,1298.8636363636363,83.21212121212122,933.6723484848485,10.47070707070707,6.55959595959596,False,False
44022,31,109.61290322580645,1727.9118279569893,33.806451612903224,512.4279569892474,9.021505376344088,6.444444444444446,False,False
31046,24,39.75,402.2826086956522,89.0,1838.5217391304348,6.9407407407407415,8.540740740740743,False,False
12825,71,71.78873239436619,600.0547283702213,111.87323943661971,1641.6551307847083,9.547417840375585,11.270109546165887,False,False
07013,21,75.9047619047619,626.8904761904762,156.23809523809524,1619.1904761904761,7.725925925925925,11.300529100529099,False,False
01118,28,41.214285714285715,260.17460317460313,169.60714285714286,1987.506613756614,8.546031746031746,10.828571428571427,False,False
09078,21,58.19047619047619,287.56190476190477,100.57142857142857,1960.3571428571427,11.375661375661373,7.425396825396825,False,False
31019,690,141.85652173913044,1965.39157569256,22.969565217391306,284.9090868934183,11.249919484702096,2.4690488344393398,False,False
64016,19,180.6315789473684,1985.8011695906434,46.10526315789474,266.4327485380117,10.452631578947367,10.535672514619883,False,False
13060,86,136.56976744186048,1363.2362517099864,74.12790697674419,892.5834473324214,11.657364341085271,7.0928104575163395,False,False
07328,25,102.36,1168.74,145.56,1092.6733333333334,10.311111111111114,13.755555555555555,False,False
15217,22,73.0,508.2857142857143,149.1818181818182,1755.012987012987,12.515151515151514,13.513131313131312,False,False
64030,64,156.1875,1541.8373015873017,55.828125,721.6684027777778,11.713888888888889,6.780555555555555,False,False
19044,68,94.05882352941177,592.414398595259,122.6470588235294,1672.7093942054432,10.781699346405228,10.762189054726369,False,False
13034,45,83.68888888888888,863.6737373737374,111.55555555555556,1403.070707070707,10.382716049382715,11.896296296296295,False,False
29088,18,97.61111111111111,985.6633986928105,98.22222222222223,1281.5947712418301,12.14320987654321,10.908641975308644,False,False
28200,146,103.3972602739726,1538.0204062352384,76.57534246575342,730.2460085025981,9.196955859969558,7.770776255707762,False,False
05118,220,137.6,1208.6520547945204,67.28636363636363,1067.6299501867995,12.806060606060607,5.676767676767677,False,False
29076,91,88.31868131868131,595.2862026862026,110.37362637362638,1683.9477411477412,10.447374847374848,10.113580246913578,False,False
17031,24,135.41666666666666,2111.9057971014495,15.125,170.28804347826087,9.051851851851856,5.711111111111111,False,False
28048,57,63.771929824561404,461.00062656641603,130.8421052631579,1827.0996240601505,10.465107212475633,11.392202729044836,False,False
07076,18,30.333333333333332,147.52941176470588,164.16666666666666,2143.4411764705883,9.153086419753086,9.153086419753086,False,False
13055,116,117.76724137931035,1351.554047976012,97.91379310344827,939.4359820089954,10.887356321839077,9.259003831417624,False,False
07268,22,76.63636363636364,342.8138528138528,160.95454545454547,1950.9978354978355,12.361616161616162,8.59191919191919,False,False
01181,20,42.7,376.85263157894735,139.1,1917.2526315789476,7.000000000000001,13.31111111111111,False,False
03040,67,97.80597014925372,1482.158751696065,81.29850746268657,812.3034825870648,8.572139303482588,7.186069651741294,False,False
64013,15,158.66666666666666,1523.3809523809523,66.4,776.2571428571429,12.918518518518518,9.881481481481481,False,False
01085,13,51.69230769230769,241.73076923076925,144.84615384615384,2058.641025641026,12.114529914529914,13.823931623931623,False,False
40025,123,96.26829268292683,1008.1651339464215,86.8780487804878,1293.3538584566174,9.017524841915085,6.495754290876242,False,False
64001,134,169.1492537313433,1750.9700370328808,53.791044776119406,551.5951071709123,9.89485903814262,7.2832504145937,False,False
40020,12,25.416666666666668,105.90151515151516,127.83333333333333,2197.969696969697,9.977777777777778,14.044444444444443,False,False
01274,27,43.0,347.46153846153845,118.66666666666667,1956.5384615384614,9.105349794238684,9.619753086419754,False,False
07121,19,69.63157894736842,429.2456140350877,162.78947368421052,1876.1754385964912,11.038596491228068,11.62222222222222,False,False
21025,159,76.78616352201257,974.0299339224584,93.9874213836478,1332.6833850808057,7.147589098532496,8.432067510548524,False,False
12150,155,115.46451612903226,1284.4711353162966,77.47741935483872,1026.848512777545,11.356989247311827,6.787813620071685,False,False
19082,34,67.8529411764706,513.7049910873441,146.55882352941177,1799.8297682709447,10.30457516339869,12.43921568627451,False,False
12900,37,85.56756756756756,1169.53003003003,81.78378378378379,1145.1186186186187,7.884684684684682,7.679279279279281,False,False
01150,16,40.6875,297.9625,140.125,2016.9166666666667,8.844444444444443,10.600000000000001,False,False
13032,99,143.5151515151515,1792.8441558441557,48.525252525252526,524.6600700886415,11.492929292929293,7.003591470258137,False,False
05073,35,60.82857142857143,1003.146218487395,75.31428571428572,1317.163025210084,5.75873015873016,6.228571428571429,False,False
48001,471,107.97664543524417,1260.1717938293357,69.58811040339702,1060.217220038849,10.169473932531258,6.111913187072424,False,False
27167,22,65.5909090909091,574.7294372294373,100.04545454545455,1750.7121212121212,8.462626262626266,10.335353535353534,False,False
19085,20,44.7,99.06315789473685,168.85,2230.3447368421052,12.93333333333333,9.399999999999999,False,False
17037,21,68.9047619047619,1572.8904761904762,31.238095238095237,756.7904761904762,8.522751322751322,5.4444444444444455,False,False
27221,21,47.76190476190476,390.3904761904762,206.76190476190476,1942.4904761904763,6.994708994708995,11.622222222222222,False,False
01115,35,34.457142857142856,177.0201680672269,143.42857142857142,2157.016806722689,8.079365079365077,8.549206349206349,False,False
05022,190,68.65789473684211,771.1680590364801,101.93157894736842,1563.9053467000836,8.348538011695906,8.814035087719295,False,False
01079,16,36.0,234.13333333333333,134.5,2102.6666666666665,9.21111111111111,13.111111111111112,False,False
05110,34,73.55882352941177,1035.5267379679144,105.8529411764706,1303.8262032085563,5.576470588235294,10.128104575163398,False,False
01238,41,45.0,283.9,150.41463414634146,2066.298780487805,8.686178861788617,11.19728997289973,False,False
17001,271,147.2952029520295,1942.5273472734727,31.081180811808117,412.6970889708897,11.582716049382716,2.806708595387841,False,False
23013,19,124.52631578947368,874.485380116959,81.0,1483.5555555555557,12.171929824561404,9.54970760233918,False,False
44005,49,86.22448979591837,573.969387755102,116.04081632653062,1785.4566326530612,11.393197278911563,11.336507936507937,False,False
01223,21,32.23809523809524,320.6904761904762,87.04761904761905,2043.347619047619,6.958730158730159,7.616931216931216,False,False
01300,50,98.82,1086.6404081632652,103.72,1278.0016326530613,9.866666666666669,9.622222222222224,False,False
21058,26,115.96153846153847,1834.9984615384615,56.0,532.24,11.25982905982906,10.981196581196581,False,False
15030,29,78.6896551724138,436.07881773399015,155.24137931034483,1931.6896551724137,12.424521072796937,12.212260536398468,False,False
01160,34,48.14705882352941,284.9777183600713,165.7058823529412,2083.0017825311943,9.02875816993464,10.968627450980392,False,False
01061,27,54.407407407407405,571.3276353276353,100.48148148148148,1797.7207977207977,7.193415637860081,7.974485596707819,False,False
07139,41,97.5609756097561,570.8524390243903,156.9268292682927,1800.219512195122,10.125745257452573,13.365311653116532,False,False
09124,74,78.10810810810811,460.28952239911143,101.5945945945946,1911.9977786005184,12.183783783783785,7.897297297297296,False,False
31058,59,117.49152542372882,908.9438924605494,85.16949152542372,1468.6259497369958,13.004519774011301,6.587947269303202,False,False
19056,31,62.58064516129032,241.25161290322578,153.8709677419355,2137.3161290322582,15.121863799283155,11.622222222222222,False,True
27199,74,58.945945945945944,256.07922991484634,181.2027027027027,2126.1912254720473,11.697297297297297,11.021621621621621,False,False
09115,54,39.907407407407405,186.0856044723969,134.77777777777777,2196.327044025157,10.34074074074074,10.595061728395063,False,False
52006,19,82.26315789473684,839.8713450292397,117.10526315789474,1551.0994152046783,12.208187134502923,13.341520467836256,False,False
01040,14,38.857142857142854,206.28571428571428,137.35714285714286,2185.9395604395604,10.599999999999998,11.06984126984127,False,False
19088,51,52.19607843137255,236.3607843137255,165.4313725490196,2159.3701960784315,12.047494553376906,9.87930283224401,False,False
29082,45,107.53333333333333,1261.1636363636364,84.55555555555556,1135.1616161616162,10.908641975308642,7.412345679012345,False,False
29028,18,42.22222222222222,140.18300653594773,140.22222222222223,2258.0653594771243,10.903703703703703,11.829629629629629,False,False
07148,19,23.68421052631579,124.89473684210526,158.94736842105263,2275.1637426900584,6.212865497076023,9.430409356725145,False,False
21031,167,91.24550898203593,1006.3068321188947,82.54491017964072,1396.394055262968,8.629141716566867,6.582302062541584,False,False
15202,40,83.55,499.3820512820513,110.525,1909.7429487179488,10.622222222222225,9.311111111111112,False,False
01230,10,30.7,112.45555555555556,135.8,2297.7333333333336,8.93333333333333,11.088888888888889,False,False
19094,21,83.85714285714286,535.5285714285715,157.1904761904762,1874.661904761905,9.881481481481481,11.300529100529099,False,False
12410,78,120.56410256410257,1507.1841491841492,68.52564102564102,903.2655677655678,11.37720797720798,9.674074074074078,False,False
27013,80,87.1875,425.6479430379747,137.025,1986.5563291139242,12.566666666666666,10.055555555555557,False,False
05050,21,85.14285714285714,1810.7285714285713,42.904761904761905,602.9904761904762,6.597883597883597,8.281481481481482,False,False
01078,16,37.3125,252.49583333333334,103.625,2165.45,12.755555555555553,8.444444444444445,False,False
44004,26,71.5,313.38,117.61538461538461,2108.0061538461537,16.434188034188036,9.958974358974361,False,True
27223,25,53.52,506.3433333333333,174.88,1916.0266666666666,8.311111111111114,10.733333333333333,False,False
29121,38,81.65789473684211,742.9338549075391,106.23684210526316,1680.2937411095306,8.516959064327486,8.699415204678363,False,False
46850,60,67.38333333333334,428.0709039548023,181.55,1995.8788135593222,10.044444444444446,10.881481481481481,False,False
46040,88,81.43181818181819,659.2366771159875,159.54545454545453,1782.5956112852664,8.96767676767677,10.735353535353536,False,False
01265,43,54.86046511627907,514.9800664451827,133.30232558139534,1930.311184939092,9.34315245478036,11.91576227390181,False,False
64004,50,81.36,1301.8269387755104,47.96,1145.671836734694,10.200000000000003,5.484353741496599,False,False
19064,60,100.28333333333333,570.7827683615819,128.8,1879.6542372881356,11.71851851851852,11.525925925925927,False,False
13022,279,122.48387096774194,1574.4017173358088,75.91397849462365,878.0645161290323,10.271445639187574,6.771883711668658,False,False
01013,74,74.02702702702703,741.8348759718623,118.1891891891892,1715.6349500185115,8.873273273273274,9.71891891891892,False,False
29010,22,87.77272727272727,1142.7554112554112,87.5909090909091,1316.729437229437,10.080808080808078,9.058585858585856,False,False
31115,37,125.16216216216216,1408.8618618618618,70.8108108108108,1052.5465465465466,13.043243243243243,5.410810810810812,False,False
52008,20,68.05,367.83947368421053,153.9,2094.8315789473686,11.799999999999999,12.2,False,False
01208,72,87.29166666666667,1701.082746478873,59.888888888888886,762.3255086071987,10.807407407407407,7.466666666666665,False,False
01080,149,107.67785234899328,1543.9495737348086,61.20134228187919,919.9997279158353,9.94750186428039,6.666368381804625,False,False
17048,33,97.0909090909091,1575.5227272727273,51.45454545454545,889.0681818181818,8.450505050505049,6.481481481481482,False,False
21076,55,56.63636363636363,363.7912457912458,133.96363636363637,2105.331986531987,10.953535353535356,12.3010101010101,False,False
28001,631,141.9366085578447,1112.9896259401808,85.3676703645008,1356.9915880562473,13.490720197217819,5.850959675999294,False,False
13058,223,110.83856502242152,1667.3251727063387,60.45739910313901,803.8889427544135,9.889985052316892,7.947913524384112,False,False
01058,71,33.2112676056338,186.36901408450703,144.88732394366198,2285.1871227364186,7.866353677621283,8.840688575899843,False,False
25093,138,59.44927536231884,489.5193060404105,87.42753623188406,1984.1005500899187,8.546859903381643,5.930112721417069,False,False
07106,27,88.14814814814815,561.5925925925926,139.92592592592592,1913.3789173789175,9.881481481481481,11.930864197530866,False,False
01292,35,39.22857142857143,272.0638655462185,140.8,2202.9882352941177,7.914285714285715,11.723809523809523,False,False
31109,18,75.5,771.9117647058823,81.94444444444444,1706.5261437908498,12.604938271604938,9.207407407407405,False,False
29103,70,37.6,261.5188405797101,123.2,2217.6695652173917,5.688888888888889,8.796825396825396,False,False
31118,51,113.88235294117646,1321.0258823529412,68.66666666666667,1159.5466666666666,11.34989106753813,4.2400871459694995,False,False
29034,59,106.52542372881356,1316.8398597311514,86.30508474576271,1165.146697837522,9.987947269303204,7.96346516007533,False,False
07100,38,86.07894736842105,913.5341394025605,140.6578947368421,1570.717638691323,7.666666666666667,13.194152046783627,False,False
07283,19,78.63157894736842,502.91228070175436,164.89473684210526,1984.9883040935674,11.988304093567251,10.269005847953213,False,False
12300,84,74.85714285714286,1068.172117039587,92.76190476190476,1420.8341939185311,7.2359788359788375,8.12063492063492,False,False
29022,51,72.19607843137256,557.8407843137254,119.11764705882354,1932.0658823529413,12.229193899782135,9.89193899782135,False,False
31121,334,158.90419161676647,1719.7445469421516,52.958083832335326,770.4787182391973,11.807451763140387,5.277312042581504,False,False
29055,90,53.77777777777778,463.9051186017478,120.61111111111111,2029.363920099875,8.227160493827162,11.64938271604938,False,False
15052,12,46.166666666666664,218.33333333333331,163.83333333333334,2278.878787878788,10.903703703703703,9.977777777777778,False,False
13040,97,145.50515463917526,1684.0859106529208,74.16494845360825,813.8058419243986,11.867812142038947,7.7441008018327615,False,False
05025,27,74.66666666666667,1008.0769230769231,94.81481481481481,1497.6951566951566,7.302880658436213,11.265843621399178,False,False
07274,22,66.77272727272727,442.37445887445887,129.6818181818182,2064.0367965367964,13.525252525252524,12.503030303030302,False,False
05028,315,109.23174603174603,1734.7518552219187,63.644444444444446,773.1152158527955,9.568253968253966,7.59294532627866,False,False
15331,37,81.64864864864865,639.9564564564565,126.4054054054054,1871.0255255255256,11.92972972972973,10.796396396396396,False,False
01112,55,33.472727272727276,311.8094276094276,148.36363636363637,2199.309764309764,5.292929292929293,10.066666666666666,False,False
07163,24,59.25,676.0217391304348,125.20833333333333,1836.1721014492755,10.600000000000001,11.733333333333334,False,False
31037,122,99.1639344262295,916.7662918303753,77.5327868852459,1595.9369326649505,9.188342440801456,5.56575591985428,False,False
07304,23,55.26086956521739,319.0197628458498,158.7826086956522,2194.7233201581025,10.7024154589372,11.668599033816426,False,False
23103,24,160.5,1837.8260869565217,63.875,677.2445652173913,11.82962962962963,10.037037037037038,False,False
26080,92,78.6195652173913,491.1613712374582,105.72826086956522,2023.9143573817487,11.250241545893719,7.942995169082124,False,False
13007,63,115.41269841269842,1893.6011264720942,57.84126984126984,625.1679467485919,10.983774250440918,8.478659611992946,False,False
09022,31,63.74193548387097,520.5978494623656,114.96774193548387,1998.5655913978494,10.154121863799283,8.359856630824375,False,False
28049,51,49.411764705882355,460.68705882352947,102.88235294117646,2061.7458823529414,7.864052287581698,7.428322440087145,False,False
31088,49,85.20408163265306,873.124149659864,96.28571428571429,1650.5,7.158730158730159,8.092063492063492,False,False
29007,30,79.2,967.4068965517241,102.9,1556.3689655172416,7.296296296296295,9.859259259259261,False,False
19013,55,86.34545454545454,635.9340067340067,151.25454545454545,1890.4525252525254,9.080808080808083,11.896969696969695,False,False
26050,91,100.04395604395604,642.9980463980464,96.74725274725274,1886.0576312576313,10.135286935286935,6.646642246642248,False,False
24046,97,101.37113402061856,648.3399914089347,83.8659793814433,1884.1172680412371,11.086827033218785,5.539289805269187,False,False
27019,566,147.81448763250884,1603.1743738078112,77.00353356890459,933.3769786422341,12.392383195916764,7.209815469179426,False,False
03031,19,99.10526315789474,1347.9883040935672,89.94736842105263,1188.608187134503,12.208187134502923,12.088888888888885,False,False
23061,24,158.66666666666666,2063.2753623188405,48.333333333333336,479.2753623188406,9.977777777777778,8.281481481481482,False,False
09106,32,49.78125,245.46673387096774,128.0,2299.6129032258063,11.52222222222222,9.311111111111114,False,False
52050,53,75.32075471698113,244.72206095791,159.75471698113208,2300.4194484760524,13.934591194968554,9.231027253668763,False,False
07049,30,95.76666666666667,921.4954022988506,131.26666666666668,1630.3402298850576,9.125925925925925,12.28888888888889,False,False
21046,33,54.303030303030305,945.905303030303,96.9090909090909,1608.3352272727273,7.1037037037037045,7.639730639730639,False,False
01031,75,59.76,611.6172972972973,113.8,1948.4594594594594,9.525925925925925,9.37037037037037,False,False
15223,24,70.125,608.375,134.16666666666666,1953.7971014492755,11.829629629629629,14.511111111111111,False,False
28320,68,124.36764705882354,1547.549385425812,76.45588235294117,1018.0428007023705,12.918954248366013,8.016993464052288,False,False
11088,89,146.82022471910113,1543.9673135852913,82.71910112359551,1023.317926455567,13.036454431960049,5.348813982521848,False,False
12625,30,99.0,1032.4827586206898,96.4,1542.0413793103448,10.25925925925926,10.414814814814816,False,False
15136,17,55.588235294117645,759.5073529411765,156.52941176470588,1815.639705882353,11.619607843137254,11.630065359477122,False,False
21070,58,69.91379310344827,831.5538415003025,98.70689655172414,1746.3511796733214,7.327203065134102,9.973180076628354,False,False
27045,94,62.223404255319146,771.1861130176161,111.95744680851064,1808.9444063143446,8.886052009456264,10.06808510638298,False,False
19016,11,86.27272727272727,706.8181818181818,122.0909090909091,1882.490909090909,14.006060606060608,14.511111111111111,False,False
07157,12,80.16666666666667,412.33333333333337,166.5,2179.181818181818,13.585185185185187,9.866666666666667,False,False
01229,42,44.80952380952381,333.91405342624853,146.95238095238096,2266.144018583043,10.54074074074074,12.35873015873016,False,False
25049,17,21.823529411764707,71.27941176470588,182.8235294117647,2528.904411764706,9.352941176470587,9.181699346405228,False,False
01247,69,55.21739130434783,421.76086956521743,125.53623188405797,2185.9582267689684,9.513687600644124,11.934621578099842,False,False
07322,14,44.07142857142857,255.3021978021978,157.28571428571428,2352.989010989011,11.038095238095236,9.48253968253968,False,False
01217,24,32.833333333333336,130.7536231884058,142.08333333333334,2479.210144927536,12.659259259259258,10.903703703703703,False,False
12850,55,92.16363636363636,1037.1023569023569,100.18181818181819,1578.4848484848485,10.472727272727273,8.856565656565655,False,False
26070,18,58.111111111111114,334.6928104575164,120.44444444444444,2283.7908496732025,13.985185185185184,10.753086419753087,False,False
15163,12,47.083333333333336,173.53787878787878,195.08333333333334,2448.9924242424245,13.318518518518518,11.266666666666664,False,False
52010,40,95.875,695.4967948717949,150.3,1928.0615384615382,9.48888888888889,10.066666666666668,False,False
52049,30,101.16666666666667,1177.522988505747,89.86666666666666,1451.1540229885059,9.866666666666667,8.385185185185186,False,False
15301,19,65.36842105263158,553.2456140350878,176.68421052631578,2075.783625730994,9.869005847953215,11.622222222222222,False,False
21016,271,129.09225092250924,1689.2988656553232,64.98154981549816,941.7885472188054,12.499302993029929,8.057974579745798,False,False
31085,53,84.94339622641509,917.400580551524,84.13207547169812,1714.3091436865022,7.057442348008385,6.6234800838574435,False,False
31031,262,166.6030534351145,1828.2632856599691,55.38167938931298,807.6468661343629,10.434775233248514,4.6400170285227755,False,False
27220,52,74.0576923076923,676.8789592760181,139.94230769230768,1959.7809200603317,8.314529914529917,11.687179487179488,False,False
13037,261,115.60536398467433,1460.947509578544,83.93486590038314,1177.4611258473328,10.083695189442317,7.024010217113666,False,False
27217,17,50.8235294117647,590.5294117647059,192.11764705882354,2050.4852941176473,9.466666666666667,10.31503267973856,False,False
21067,25,110.6,1511.6666666666667,92.16,1130.2233333333334,11.200000000000001,7.666666666666668,False,False
05040,138,107.0,2050.992700729927,44.81159420289855,591.4386967100392,7.096940418679549,5.7915652879156525,False,False
15025,22,142.0909090909091,1302.753246753247,116.13636363636364,1340.9805194805194,12.490909090909092,10.600000000000003,False,False
07077,10,92.8,949.0666666666667,156.3,1701.788888888889,9.466666666666667,12.022222222222222,False,False
09109,45,51.71111111111111,432.3919191919192,126.95555555555555,2221.4525252525254,9.792592592592593,10.753086419753087,False,False
15319,23,38.95652173913044,199.77075098814228,159.6086956521739,2454.794466403162,8.770048309178744,10.656038647342992,False,False
13031,89,96.65168539325843,1163.2068437180797,94.85393258426966,1495.4216036772216,8.89263420724095,8.352808988764046,False,False
52042,28,63.67857142857143,315.70767195767195,133.21428571428572,2345.137566137566,13.380952380952383,11.336507936507937,False,False
21001,1176,124.10034013605443,1215.138859458677,82.88775510204081,1448.5235605731655,11.317611489040063,5.065154950869237,False,False
01235,71,46.08450704225352,528.1927565392355,169.77464788732394,2136.091348088531,5.74773082942097,10.287010954616589,False,False
13009,59,103.71186440677967,1779.10520163647,70.61016949152543,892.9316189362945,9.832391713747647,8.377024482109228,False,False
07199,13,110.23076923076923,1599.8589743589744,87.23076923076923,1072.8589743589744,11.092307692307694,10.37948717948718,False,False
48007,99,129.8080808080808,1886.1158524015666,59.14141414141414,790.1022469593897,11.941863075196407,7.766105499438832,False,False
19010,50,75.88,848.3118367346939,126.94,1829.3636734693875,10.17777777777778,11.600000000000001,False,False
23077,13,138.3846153846154,1668.423076923077,89.23076923076923,1010.0256410256411,12.114529914529914,8.670085470085471,False,False
27080,21,50.476190476190474,383.8619047619048,121.42857142857143,2295.8571428571427,11.495238095238093,10.24232804232804,False,False
15034,35,26.542857142857144,145.19663865546218,157.6,2536.4235294117643,7.428571428571429,8.447619047619048,False,False
26060,105,74.4095238095238,471.05183150183154,106.47619047619048,2213.3864468864467,10.242328042328042,7.370370370370371,False,False
28060,101,51.57425742574257,592.3869306930693,114.87128712871286,2096.153267326733,8.019361936193619,9.197359735973597,False,False
13061,90,88.7,1574.1449438202246,86.52222222222223,1114.769163545568,7.637037037037037,6.8962962962962955,False,False
64028,93,180.98924731182797,2547.3585787751285,23.483870967741936,141.73071528751754,10.18853046594982,4.782317801672639,False,False
15109,256,103.609375,718.6938725490196,123.12109375,1971.275474877451,10.439583333333337,10.005555555555558,False,False
15103,26,60.53846153846154,678.0984615384616,156.6153846153846,2012.2461538461537,10.85982905982906,11.259829059829059,False,False
13013,147,156.24489795918367,2024.8985183114344,58.925170068027214,667.3162799366322,10.544671201814062,8.655479969765684,False,False
21048,35,62.6,681.2470588235294,100.62857142857143,2012.0050420168066,7.885714285714286,9.568253968253966,False,False
60007,17,125.82352941176471,2375.654411764706,38.1764705882353,318.02941176470586,13.20392156862745,9.163398692810455,False,False
60001,134,99.41044776119404,1589.7776343844685,71.6044776119403,1107.2484008528786,8.609950248756219,5.583084577114428,False,False
31100,43,48.55813953488372,461.8239202657807,107.95348837209302,2243.3311184939093,11.915762273901809,8.788113695090438,False,False
29019,54,35.851851851851855,340.99650593990214,125.37037037037037,2364.9545772187284,6.841152263374486,9.572839506172837,False,False
07161,18,106.72222222222223,1069.1535947712418,125.66666666666667,1644.7058823529412,10.908641975308642,12.041975308641977,False,False
64023,98,187.53061224489795,2494.292867662529,27.428571428571427,220.88659793814432,9.58140589569161,6.298148148148147,False,False
48013,114,80.94736842105263,924.9706567303214,111.65789473684211,1793.1120167675829,7.542300194931774,9.869005847953217,False,False
07181,90,114.16666666666667,1000.4550561797753,137.13333333333333,1719.2629213483146,10.414814814814813,10.908641975308642,False,False
27074,44,38.06818181818182,340.53012684989426,145.0,2384.8837209302324,9.4989898989899,10.204040404040404,False,False
11037,29,147.79310344827587,2016.5985221674875,69.06896551724138,715.9236453201971,12.468199233716474,10.31264367816092,False,False
17022,13,116.46153846153847,2639.769230769231,14.461538461538462,96.76923076923077,9.803418803418804,4.97948717948718,False,False
05004,63,45.492063492063494,641.8023553507425,112.07936507936508,2095.3645673323094,5.3841269841269845,8.439506172839506,False,False
15064,50,77.4,700.1632653061224,164.5,2045.3163265306123,7.6000000000000005,10.733333333333333,False,False
27016,23,65.04347826086956,619.0434782608695,191.0,2129.181818181818,10.7024154589372,10.656038647342992,False,False
23094,27,150.55555555555554,2743.1025641025644,2.740740740740741,14.430199430199432,8.125925925925925,6.515032679738562,False,False
17026,37,117.16216216216216,2693.9174174174173,7.135135135135135,66.84234234234233,9.527327327327326,4.752861952861953,False,False
28220,154,105.46753246753246,2233.8976317799847,40.29220779220779,529.8813767931415,7.750072150072147,4.912418300653595,False,False
15277,24,80.04166666666667,528.9981884057971,150.41666666666666,2235.3840579710145,12.65925925925926,12.851851851851853,False,False
07043,11,95.9090909090909,750.6909090909091,132.8181818181818,2014.1636363636364,10.06868686868687,12.490909090909092,False,False
05078,24,56.041666666666664,853.9547101449276,101.33333333333333,1914.4057971014495,7.296296296296297,8.748148148148147,False,False
31010,64,54.84375,706.4513888888889,89.6875,2062.09126984127,9.650000000000002,6.138888888888889,False,False
11060,26,95.07692307692308,1846.2338461538463,42.76923076923077,923.6246153846154,6.986324786324786,6.586324786324786,False,False
31079,850,130.62470588235294,1462.4137587473153,73.73764705882353,1309.3833866832952,11.504575163398695,4.096732026143791,False,False
40010,112,91.02678571428571,1899.7560328185327,57.035714285714285,875.944658944659,6.533333333333335,5.044444444444445,False,False
11064,104,195.625,2481.2075242718447,29.451923076923077,297.25980209111276,10.767521367521368,4.286731391585761,False,False
31034,353,90.8158640226629,685.7074748905485,104.36260623229462,2094.101097733711,8.585520931696568,6.612023921938936,False,False
01241,50,36.0,308.44897959183675,147.7,2472.5408163265306,8.288888888888888,10.288888888888888,False,False
28300,80,158.0375,2119.302373417722,47.175,662.9563291139241,10.788888888888888,6.800000000000001,False,False
01140,19,94.94736842105263,1329.719298245614,88.57894736842105,1454.0350877192982,8.580116959064327,8.580116959064325,False,False
31049,167,149.5688622754491,1969.632277613448,55.790419161676645,814.14255825698,11.142115768463073,5.011177644710578,False,False
15307,21,64.0,403.5,171.33333333333334,2383.333333333333,12.433862433862434,9.505820105820105,False,False
01124,57,50.70175438596491,458.5701754385965,118.7719298245614,2329.000626566416,9.295516569200778,10.612475633528264,False,False
15016,29,79.10344827586206,557.3817733990147,163.72413793103448,2231.349753694581,9.659003831417623,9.32337164750958,False,False
11022,59,203.67796610169492,2330.532437171245,41.644067796610166,459.85388661601405,10.868926553672315,4.8425612052730695,False,False
07067,132,88.93181818181819,744.9342470506593,141.18939393939394,2045.925688179505,8.579797979797979,11.312457912457912,False,False
24021,69,56.36231884057971,350.8226768968457,125.1304347826087,2440.438618925831,11.123349436392916,8.868921095008053,False,False
29073,102,100.6470588235294,1412.1910308677925,87.94117647058823,1379.4618520675597,8.40305010893246,6.175599128540305,False,False
07307,30,122.53333333333333,845.4988505747126,126.5,1947.7758620689656,12.91851851851852,10.414814814814815,False,False
23049,20,136.2,1483.957894736842,75.3,1313.2736842105264,13.377777777777776,5.511111111111111,False,False
88160,23,39.17391304347826,260.5138339920949,122.69565217391305,2538.6758893280635,7.281159420289855,10.702415458937198,False,False
01289,17,64.58823529411765,661.6323529411765,133.7058823529412,2143.970588235294,9.464052287581701,13.377777777777778,False,False
09076,60,58.6,507.3627118644068,129.83333333333334,2302.310734463277,8.844444444444443,8.562962962962963,False,False
19025,26,51.88461538461539,248.10615384615386,173.53846153846155,2562.9784615384615,11.694017094017093,9.91282051282051,False,False
15007,17,69.88235294117646,373.1102941176471,145.7058823529412,2441.220588235294,11.326797385620914,11.048366013071895,False,False
88220,52,43.73076923076923,1609.1809954751134,36.32692307692308,1205.5969079939669,4.462131519274376,3.1165532879818594,False,False
01226,48,40.354166666666664,227.12721631205673,149.0,2587.744680851064,9.151851851851852,10.440740740740742,False,False
07031,16,38.875,260.78333333333336,173.75,2556.866666666667,11.366666666666665,8.944444444444445,False,False
52074,23,231.52173913043478,2629.4426877470355,26.91304347826087,188.7193675889328,14.446376811594202,6.791304347826087,False,False
15058,25,79.28,762.8766666666667,172.28,2067.3766666666666,7.133333333333334,11.622222222222222,False,False
21085,40,94.35,1876.746153846154,67.275,955.3839743589743,9.511111111111113,9.422222222222224,False,False
29064,64,109.40625,987.4513888888889,103.65625,1850.9910714285713,11.64166666666667,8.51666666666667,False,False
23118,54,168.90740740740742,2165.0667365478685,59.2962962962963,674.5897973445144,9.665843621399176,8.851028806584361,False,False
27119,18,28.444444444444443,104.26143790849673,176.27777777777777,2738.800653594771,8.125925925925925,9.365432098765432,False,False
15079,30,44.5,375.2241379310345,200.23333333333332,2472.5988505747127,7.17037037037037,10.88148148148148,False,False
15022,10,45.5,450.5,132.7,2398.2333333333336,10.999999999999998,11.155555555555555,False,False
52045,81,76.23456790123457,778.5817901234568,129.3827160493827,2072.114197530864,10.869410150891632,11.418106995884775,False,False
01043,138,67.48550724637681,561.5216862371734,113.07246376811594,2291.8049296519625,10.318196457326891,7.4354267310789055,False,False
15241,61,80.34426229508196,597.5295081967213,149.86885245901638,2258.8825136612018,9.704553734061932,9.775227686703095,False,False
19037,63,64.34920634920636,462.23092677931385,146.36507936507937,2396.590373783922,10.947795414462082,12.005996472663137,False,False
23067,300,161.7,1825.896321070234,60.946666666666665,1036.3315942028985,10.866666666666667,3.6740740740740736,False,False
01169,60,60.53333333333333,621.7785310734463,180.08333333333334,2245.704802259887,7.62962962962963,10.511111111111113,False,False
13046,92,111.21739130434783,2255.42474916388,56.22826086956522,617.255016722408,9.996135265700483,8.546859903381645,False,False
17040,12,125.91666666666667,2791.1742424242425,13.0,84.18181818181819,6.992592592592593,8.844444444444443,False,False
05016,49,104.71428571428571,1956.125,74.6734693877551,925.2244897959184,9.621315192743765,7.765079365079363,False,False
88410,10,20.8,158.4,108.9,2724.7666666666664,7.466666666666667,7.711111111111112,False,False
26030,34,57.588235294117645,428.37076648841355,131.1764705882353,2457.0588235294117,9.824836601307188,10.109803921568629,False,False
13023,56,81.71428571428571,1397.0805194805193,89.03571428571429,1492.725974025974,7.425396825396825,9.01269841269841,False,False
13014,51,121.94117647058823,1767.5364705882353,89.98039215686275,1124.2196078431373,10.172113289760349,8.421350762527235,False,False
01004,48,29.3125,242.81515957446808,150.33333333333334,2650.7801418439713,5.044444444444445,9.051851851851852,False,False
28260,88,94.5909090909091,1303.4399164054337,88.73863636363636,1590.4941222570535,10.347474747474747,6.545454545454545,False,False
07088,19,97.89473684210526,1216.877192982456,109.0,1684.2222222222222,11.00233918128655,11.941520467836257,False,False
46700,26,42.88461538461539,194.82615384615383,182.23076923076923,2707.3046153846158,10.405128205128204,9.912820512820511,False,False
44002,14,68.14285714285714,563.6703296703297,126.71428571428571,2338.9890109890107,10.93968253968254,13.11111111111111,False,False
07059,22,104.54545454545455,1104.1645021645022,58.54545454545455,1800.2597402597403,10.347474747474747,4.5206349206349214,False,False
11029,47,193.10638297872342,2512.705827937095,35.97872340425532,395.80388529139685,9.80047281323877,5.8709219858156025,False,False
05043,127,84.5984251968504,1802.2739657542809,80.19685039370079,1107.429196350456,5.678740157480315,6.259492563429572,False,False
64026,34,170.14705882352942,2601.644385026738,38.64705882352941,310.5383244206774,9.66143790849673,8.997385620915033,False,False
17011,36,111.16666666666667,2836.1428571428573,7.694444444444445,81.30396825396826,5.8691358024691365,4.103703703703703,False,False
12450,38,65.44736842105263,695.5512091038407,117.60526315789474,2222.569701280228,8.552046783625732,11.587134502923977,False,False
29025,33,63.45454545454545,389.8806818181818,138.12121212121212,2529.0473484848485,12.515151515151514,12.83973063973064,False,False
15328,77,60.81818181818182,493.0454545454545,163.01298701298703,2430.1971975393026,10.338528138528138,9.890620490620487,False,False
19028,22,39.59090909090909,367.2056277056277,152.45454545454547,2558.4502164502164,10.204040404040406,9.602020202020203,False,False
29058,83,63.54216867469879,500.76344401998233,137.3132530120482,2425.3397002644724,11.200803212851405,11.298259705488622,False,False
21049,94,106.51063829787235,2160.5321436742165,70.3936170212766,767.4670555936856,7.70401891252955,7.731914893617023,False,False
01037,72,73.86111111111111,1290.7691705790296,97.08333333333333,1642.838028169014,5.2518518518518515,8.748148148148148,False,False
27166,44,67.56818181818181,891.5533826638479,133.5,2042.8139534883721,7.1878787878787875,10.852525252525254,False,False
07334,17,46.94117647058823,304.55882352941177,193.76470588235293,2643.1911764705883,10.4078431372549,10.31503267973856,False,False
12075,237,74.24050632911393,685.5647929628835,130.85654008438817,2264.945433740971,9.506422878574778,10.84510079699953,False,False
17010,45,99.8,2805.2090909090907,10.555555555555555,147.0252525252525,6.649382716049383,1.5723577235772355,False,False
07217,29,66.75862068965517,710.832512315271,159.79310344827587,2248.8128078817736,11.701915708812262,10.089655172413794,False,False
17002,28,140.57142857142858,2738.920634920635,24.392857142857142,221.21031746031747,9.482539682539683,5.970370370370371,False,False
27211,18,35.44444444444444,177.67320261437908,188.0,2782.470588235294,9.153086419753086,11.116049382716048,False,False
29061,20,39.2,434.0631578947369,127.95,2527.8394736842106,5.355555555555556,12.2,False,False
23031,35,195.34285714285716,2770.7025210084034,35.457142857142856,194.6672268907563,10.692063492063491,9.717460317460317,False,False
21090,31,52.193548387096776,595.894623655914,111.83870967741936,2369.939784946236,10.82078853046595,10.210035842293905,False,False
12001,996,112.14257028112449,1005.6178442412868,98.67168674698796,1960.662956348005,10.566532797858098,6.390182954038375,False,False
15262,14,46.857142857142854,342.2857142857143,182.71428571428572,2630.065934065934,11.638095238095238,10.034920634920633,False,False
28280,78,56.61538461538461,1177.7722277722278,88.7051282051282,1797.4833499833499,4.610256410256411,6.326495726495726,False,False
52060,59,69.37288135593221,679.3758036236119,138.1864406779661,2297.7405026300407,10.260263653483994,11.013559322033899,False,False
29089,75,65.8,1170.4864864864862,95.48,1812.8745945945946,9.25925925925926,8.237037037037037,False,False
13028,155,118.36774193548388,1568.402848764139,89.2516129032258,1415.3193967323,10.223655913978494,7.286021505376343,False,False
19067,33,41.72727272727273,143.51704545454547,175.03030303030303,2840.967803030303,10.004040404040403,9.602020202020201,False,False
27124,33,45.39393939393939,368.9337121212121,192.93939393939394,2620.121212121212,6.3643097643097635,9.602020202020201,False,False
44020,34,84.1470588235294,797.8262032085562,97.3529411764706,2191.26559714795,9.445751633986928,8.167320261437908,False,False
29046,181,98.69060773480663,691.3593001841621,132.84530386740332,2300.520380601596,10.001718845917743,10.459545733578885,False,False
52005,229,94.87336244541484,749.9181031180572,156.2882096069869,2245.3814831839422,10.148083454633673,10.360698689956331,False,False
01268,45,61.17777777777778,516.4676767676767,140.95555555555555,2479.1343434343435,10.943209876543213,9.955555555555556,False,False
17034,52,122.9423076923077,2395.2711161387633,19.71153846153846,604.3269230769231,9.810256410256407,5.78970189701897,False,False
17043,49,122.48979591836735,2426.6301020408164,31.122448979591837,573.4430272108843,10.203174603174604,3.005442176870748,False,False
23125,29,161.51724137931035,2919.2586206896553,6.896551724137931,82.66748768472907,7.578544061302681,7.091228070175439,False,False
01190,29,14.344827586206897,42.80541871921182,132.17241379310346,2962.504926108374,8.03448275862069,10.935632183908046,False,False
64025,44,124.38636363636364,2445.3588794926004,41.13636363636363,565.2832980972516,9.977777777777776,5.828282828282829,False,False
11076,250,183.192,1982.36459437751,63.324,1029.6335582329316,10.555555555555554,5.841677822400714,False,False
15226,16,24.25,122.86666666666666,144.375,2889.85,7.455555555555555,7.922222222222223,False,False
23076,31,167.16129032258064,2347.006451612903,58.12903225806452,667.5827956989248,10.515412186379928,6.926164874551971,False,False
19055,67,75.41791044776119,708.8227046585255,133.5820895522388,2309.9439167797377,8.23648424543947,10.53101160862355,False,False
13052,30,138.76666666666668,2795.012643678161,31.5,224.39655172413794,8.866666666666665,8.125925925925925,False,False
28045,17,92.94117647058823,1441.4338235294117,88.29411764705883,1579.9705882352941,10.934640522875817,10.781699346405226,False,False
15316,15,30.533333333333335,124.6952380952381,199.6,2897.542857142857,8.93333333333333,11.62222222222222,False,False
31040,54,88.92592592592592,1131.6170510132774,83.07407407407408,1904.6736547868625,9.730041152263377,5.449382716049383,False,False
27193,80,45.7375,368.1200949367088,152.925,2670.2981012658224,8.488888888888887,9.955555555555556,False,False
46001,401,81.27680798004988,722.4356857855362,158.1720698254364,2318.6578179551125,8.69925187032419,9.793460792463286,False,False
01295,108,46.157407407407405,432.1151782623745,116.82407407407408,2609.2865178262377,6.889711934156379,8.590946502057612,False,False
15037,44,81.63636363636364,981.8646934460887,156.25,2059.8197674418607,6.95959595959596,10.482828282828283,False,False
25038,77,29.12987012987013,185.9302802460697,175.46753246753246,2857.962747778537,7.605772005772006,10.179220779220778,False,False
01035,323,128.77089783281733,1676.7858585081628,61.582043343653254,1367.1757014018422,10.488200894392847,4.086824905400757,False,False
07091,11,52.27272727272727,162.61818181818182,182.0,2884.2,15.533333333333331,9.939393939393941,False,True
09052,19,47.1578947368421,383.3625730994152,111.94736842105263,2663.941520467836,8.269005847953217,7.713450292397661,False,False
23055,36,178.55555555555554,2758.311111111111,40.638888888888886,293.1515873015873,9.153086419753086,7.871604938271604,False,False
15043,50,130.04,1243.3453061224488,135.44,1809.965714285714,11.844444444444445,11.333333333333336,False,False
21040,79,57.11392405063291,867.4355728659526,96.43037974683544,2186.530347289841,5.679887482419129,6.9431786216596345,False,False
29037,24,38.291666666666664,263.2590579710145,137.66666666666666,2793.1884057971015,8.281481481481482,13.118518518518519,False,False
23079,81,117.12345679012346,1754.8845679012345,82.27160493827161,1302.2753086419752,11.692455418381343,7.307818930041151,False,False
23037,80,204.6125,2527.911234177215,40.4875,535.0378164556962,12.2,6.837037037037039,False,False
29124,25,42.92,320.16,101.56,2748.9233333333336,10.599999999999998,8.177777777777777,False,False
13025,178,161.15168539325842,2420.649177934362,50.70786516853933,648.7051355297405,10.414731585518103,5.536079900124843,False,False
15292,127,165.53543307086613,1464.4094488188978,97.81102362204724,1613.2973378327708,10.747331583552056,7.4503937007874015,False,False
17060,22,108.0909090909091,2492.2770562770565,29.681818181818183,590.9891774891775,10.004040404040403,7.595959595959595,False,False
09055,48,37.479166666666664,171.10593971631207,137.08333333333334,2914.0354609929077,10.233333333333334,7.822222222222223,False,False
21073,32,69.75,1180.258064516129,95.03125,1905.257056451613,8.222222222222221,6.166666666666668,False,False
01206,47,53.680851063829785,462.308973172988,128.19148936170214,2623.63644773358,8.708747044917258,8.176832151300237,False,False
01139,30,28.566666666666666,250.87471264367815,177.2,2835.958620689655,3.9333333333333322,10.14074074074074,False,False
31103,56,63.892857142857146,892.5337662337663,102.57142857142857,2199.812987012987,9.184126984126983,7.4253968253968266,False,False
15334,37,26.486486486486488,301.3123123123123,140.54054054054055,2803.0885885885887,5.015615615615616,8.238438438438441,False,False
25070,30,7.233333333333333,27.77126436781609,99.03333333333333,3077.826436781609,3.459259259259259,6.044444444444444,False,False
19050,16,79.5,626.9333333333333,124.25,2478.866666666667,11.0,11.633333333333333,False,False
05065,24,70.91666666666667,1175.6449275362318,93.70833333333333,1930.215579710145,8.029629629629632,9.31111111111111,False,False
12875,62,82.58064516129032,1226.6737176097301,123.66129032258064,1879.7686409307246,8.449462365591398,11.94910394265233,False,False
07068,15,60.266666666666666,668.9238095238095,144.8,2438.6,12.57037037037037,12.57037037037037,False,False
09061,37,38.86486486486486,157.73123123123122,146.48648648648648,2949.867867867868,10.728528528528527,8.866066066066065,False,False
24094,37,45.7027027027027,391.54804804804803,113.16216216216216,2718.3063063063064,6.771171171171171,10.108108108108105,False,False
44009,60,105.06666666666666,1375.181920903955,107.58333333333333,1740.5183615819208,10.044444444444444,8.933333333333335,False,False
31073,37,60.86486486486486,559.8423423423424,115.08108108108108,2555.90990990991,9.94894894894895,9.085885885885885,False,False
27061,32,53.3125,349.7056451612903,169.28125,2767.3054435483873,11.0,10.927777777777777,False,False
01291,25,99.72,2845.043333333333,20.88,276.0266666666667,8.800000000000002,6.066666666666666,False,False
23019,60,107.48333333333333,1556.7624293785311,94.35,1567.2483050847457,10.066666666666666,9.296296296296298,False,False
28080,50,133.26,2145.992244897959,73.46,978.3759183673469,10.644444444444444,5.933333333333334,False,False
27064,12,28.25,149.29545454545453,186.16666666666666,2979.424242424242,8.222222222222221,10.333333333333334,False,False
09034,140,84.42857142857143,720.8941418293936,115.64285714285714,2410.2456320657757,8.558730158730159,8.06031746031746,False,False
46540,39,64.12820512820512,517.7989203778677,162.66666666666666,2614.59649122807,11.427350427350426,10.482621082621083,False,False
29079,99,67.0,465.14285714285717,142.14141414141415,2675.2042877757162,11.492929292929292,9.337373737373737,False,False
52001,1182,87.69373942470389,624.6360149633723,141.5896785109983,2517.949190582417,8.456739988719683,8.382139499905996,False,False
01172,30,32.166666666666664,195.24712643678163,148.86666666666667,2947.3609195402296,8.192592592592591,9.399999999999999,False,False
28055,62,156.48387096774192,2432.0571126388154,64.69354838709677,717.1996298254892,9.830107526881719,8.36487455197133,False,False
27145,31,41.774193548387096,276.3806451612903,179.4516129032258,2877.122580645161,9.74336917562724,10.488888888888889,False,False
13019,132,81.66666666666667,963.7811704834605,118.96212121212122,2194.4031343974093,7.356228956228956,9.123905723905722,False,False
07202,20,47.6,454.35789473684207,160.75,2704.407894736842,10.244444444444444,10.511111111111111,False,False
15218,40,83.125,543.650641025641,133.8,2619.2410256410258,10.066666666666668,9.48888888888889,False,False
07292,12,69.66666666666667,614.969696969697,157.91666666666666,2549.3560606060605,10.696296296296294,13.68148148148148,False,False
23123,19,95.3157894736842,1203.0058479532163,112.36842105263158,1961.9122807017545,13.341520467836254,12.208187134502923,False,False
07282,19,86.47368421052632,694.2631578947369,152.26315789473685,2473.7602339181285,9.163742690058477,12.02456140350877,False,False
01244,54,34.75925925925926,425.9598183088749,190.33333333333334,2743.735849056604,4.681481481481481,9.564609053497941,False,False
31106,513,104.85185185185185,1092.9780092592594,95.8615984405458,2078.7991669712474,9.793025774312323,6.094910114793155,False,False
15304,113,81.33628318584071,748.7073324905184,152.01769911504425,2423.1068268015174,8.847000983284168,10.048967551622418,False,False
01022,19,43.94736842105263,452.7192982456141,124.47368421052632,2729.374269005848,7.796491228070175,11.185964912280701,False,False
01073,22,97.0909090909091,1226.4675324675325,101.22727272727273,1959.5173160173158,7.971717171717169,8.57979797979798,False,False
09120,16,57.8125,326.4291666666667,119.5,2864.5333333333333,10.344444444444445,10.600000000000001,False,False
24054,48,75.22916666666667,1127.8399822695035,104.97916666666667,2066.1484929078015,10.44074074074074,8.58888888888889,False,False
31043,31,29.580645161290324,358.65161290322584,99.87096774193549,2838.382795698925,6.154121863799284,7.070967741935484,False,False
15244,31,71.38709677419355,496.97849462365593,160.3548387096774,2700.9032258064517,11.949103942652332,10.18853046594982,False,False
23044,20,172.3,2582.6421052631576,56.55,616.3657894736842,9.488888888888887,8.844444444444445,False,False
88625,10,67.6,2030.2666666666669,59.7,1170.4555555555555,7.933333333333333,9.133333333333333,False,False
31070,86,60.616279069767444,445.415731874145,134.52325581395348,2758.5347469220246,9.501808785529716,9.34625322997416,False,False
03058,34,143.8235294117647,2406.8770053475937,75.05882352941177,801.0267379679144,14.226143790849672,9.445751633986928,False,False
19043,20,78.4,762.6736842105263,128.4,2451.2000000000003,15.444444444444448,13.4,False,True
28040,154,136.25974025974025,1937.9974535268655,85.55844155844156,1287.947542653425,11.637229437229436,6.415295815295816,False,False
46865,34,34.294117647058826,285.97147950089123,159.02941176470588,2940.7566844919784,8.507189542483658,7.71111111111111,False,False
31028,88,65.85227272727273,633.828500522466,101.75,2598.603448275862,9.725252525252523,8.556577266922096,False,False
15100,38,153.44736842105263,1557.3890469416785,104.02631578947368,1675.8641536273115,12.024561403508773,8.260818713450293,False,False
12525,20,42.4,339.5157894736842,96.75,2902.092105263158,10.155555555555553,8.37777777777778,False,False
44001,400,90.865,683.1195739348371,124.855,2559.2470927318295,9.044444444444444,9.37777777777778,False,False
52046,22,69.77272727272727,1816.6601731601734,65.45454545454545,1436.5454545454545,5.206060606060605,6.416161616161617,False,False
19001,847,107.55962219598584,722.4736868547313,122.25974025974025,2531.005741303614,10.990266299357208,7.964906750722353,False,False
05037,35,45.8,984.1058823529411,99.02857142857142,2271.793277310924,4.2825396825396815,6.006349206349205,False,False
01133,165,71.54545454545455,491.27383592017736,125.06060606060606,2767.1792313377678,10.146127946127946,7.375084175084173,False,False
15247,1046,167.31453154875717,1740.412936957377,86.30305927342256,1521.5224212538994,10.814913957934989,4.581559379647334,False,False
23022,25,145.88,2848.61,43.36,422.24,10.488888888888887,8.466666666666667,False,False
01168,38,86.8157894736842,1803.0732574679942,86.89473684210526,1469.2859174964437,7.67485380116959,7.2748538011695905,False,False
28190,39,126.28205128205128,2096.260458839406,89.53846153846153,1176.412955465587,10.974928774928776,8.819373219373219,False,False
12750,55,60.18181818181818,858.4478114478114,128.0909090909091,2414.787878787879,7.187878787878789,9.260606060606062,False,False
01280,299,117.66220735785953,2356.41235886961,58.357859531772576,917.9621108392628,8.69550353028614,5.63002601263471,False,False
07070,11,24.09090909090909,123.4909090909091,136.1818181818182,3151.963636363636,6.163636363636363,12.379797979797981,False,False
13001,1090,121.95412844036697,1227.5222281193924,96.9045871559633,2049.632761307824,11.004485219164119,6.053618756371049,False,False
11061,102,130.55882352941177,1865.8133372160744,78.47058823529412,1412.96447291788,10.58954248366013,5.140740740740742,False,False
23091,22,179.4090909090909,2963.1103896103896,26.318181818181817,318.70346320346323,9.323232323232324,2.1735449735449732,False,False
15235,29,65.41379310344827,694.8226600985221,157.13793103448276,2589.6231527093596,9.769348659003832,10.935632183908046,False,False
01109,64,71.0,1302.6666666666667,81.15625,1982.1339285714287,8.86388888888889,6.413888888888888,False,False
01256,91,35.10989010989011,360.4989010989011,212.69230769230768,2927.9042735042735,4.364102564102565,10.401221001221,False,False
01250,91,40.40659340659341,474.8661782661783,147.41758241758242,2816.6236874236874,5.2505494505494505,8.936019536019536,False,False
17013,42,118.19047619047619,3066.792102206736,21.0,224.78048780487805,11.336507936507937,4.015718157181572,False,False
31097,119,81.63865546218487,979.7581541091013,87.57142857142857,2316.246973365617,7.420354808590105,6.4296918767507,False,False
26020,75,79.13333333333334,728.3873873873873,131.53333333333333,2575.36036036036,8.422222222222224,8.829629629629629,False,False
31013,20,36.75,352.5131578947368,109.3,2955.4842105263156,9.399999999999999,10.8,False,False
54001,150,83.77333333333333,1277.5724384787472,101.95333333333333,2033.7763310961968,8.251851851851853,8.977777777777776,False,False
15097,18,46.166666666666664,532.3823529411765,123.11111111111111,2782.4575163398695,9.51604938271605,11.829629629629629,False,False
15318,13,73.38461538461539,430.0897435897436,109.15384615384616,2884.807692307692,12.801709401709404,12.801709401709402,False,False
11070,28,137.85714285714286,2441.386243386243,73.03571428571429,879.9616402116402,10.77142857142857,9.184126984126983,False,False
07220,17,67.70588235294117,688.3455882352941,169.64705882352942,2633.2426470588234,11.326797385620914,11.622222222222222,False,False
11001,785,163.4343949044586,1632.4373358897699,84.67515923566879,1691.8828642922135,10.324557678697808,4.55244161358811,False,False
15142,86,83.62790697674419,681.4834473324214,137.2674418604651,2643.2805745554037,10.570542635658915,10.793798449612403,False,False
15061,36,60.97222222222222,841.5706349206349,188.80555555555554,2483.875396825397,8.34320987654321,11.004938271604939,False,False
29091,26,53.11538461538461,538.6661538461539,128.8846153846154,2787.706153846154,11.705982905982905,11.092307692307694,False,False
29031,29,99.06896551724138,1632.4950738916255,92.86206896551724,1698.3374384236454,10.312643678160919,9.279693486590038,False,False
27202,27,37.148148148148145,200.5925925925926,173.07407407407408,3130.840455840456,10.038683127572016,9.153086419753086,False,False
09007,92,57.73913043478261,479.843287147635,125.57608695652173,2852.137004300048,8.78840579710145,9.190338164251209,False,False
15214,20,38.5,299.5263157894737,161.5,3034.684210526316,8.91111111111111,10.133333333333333,False,False
07247,11,25.454545454545453,100.87272727272727,171.0,3234.2,11.757575757575756,11.62222222222222,False,False
26010,183,84.07650273224044,616.6644448447727,123.47540983606558,2719.8881282651773,8.788585306618096,7.483181542197936,False,False
07256,10,39.9,234.10000000000002,187.5,3106.0555555555557,11.088888888888887,9.466666666666663,False,False
23085,26,185.03846153846155,2503.9584615384615,48.03846153846154,838.3584615384616,9.912820512820511,9.271794871794873,False,False
28160,117,136.008547008547,2392.0947539050985,68.64102564102564,963.3010610079575,10.595061728395063,7.3661918328585,False,False
21060,42,63.04761904761905,1150.7781649245064,96.5952380952381,2210.637049941928,6.499470899470901,9.674074074074074,False,False
01070,213,86.75117370892019,902.5368500310036,135.43661971830986,2470.558463991496,7.1751695357329135,8.682942097026606,False,False
07346,14,58.57142857142857,379.03296703296706,166.92857142857142,2997.1483516483518,12.81269841269841,11.622222222222222,False,False
25051,36,41.22222222222222,692.0063492063492,131.5,2687.057142857143,7.725925925925925,11.313580246913581,False,False
07238,18,37.611111111111114,157.19281045751634,154.38888888888889,3222.839869281046,10.387654320987654,8.019753086419753,False,False
46640,29,52.93103448275862,372.63793103448273,140.06896551724137,3014.2093596059117,10.691954022988504,6.1256704980842915,False,False
01232,38,36.94736842105263,224.64580369843526,154.3684210526316,3163.4281650071125,9.364912280701752,8.29707602339181,False,False
15340,332,150.35542168674698,1545.0696684017034,108.62048192771084,1843.4506970480109,11.785006693440428,8.876037483266398,False,False
09085,53,42.20754716981132,515.0907111756168,130.24528301886792,2886.2271407837447,4.682599580712789,9.479664570230605,False,False
15298,33,34.54545454545455,463.1306818181818,125.3030303030303,2944.905303030303,6.694949494949494,8.183838383838383,False,False
23109,62,161.98387096774192,2973.786620835537,25.274193548387096,438.0383395029085,8.396415770609318,3.0536398467432955,False,False
19091,22,92.45454545454545,1310.6406926406926,108.81818181818181,2102.155844155844,9.46060606060606,9.349494949494947,False,False
05063,20,81.95,1893.8394736842104,68.1,1521.5684210526315,9.422222222222224,6.533333333333334,False,False
15211,18,82.61111111111111,955.6633986928105,157.05555555555554,2472.0555555555557,10.387654320987654,10.696296296296298,False,False
07079,283,125.14487632508833,1221.2094328747212,127.26148409893993,2215.5980502719094,11.998351001177856,9.844208873184137,False,False
21008,35,129.68571428571428,3052.5747899159664,38.77142857142857,385.41680672268905,11.088888888888887,8.215873015873015,False,False
25013,15,13.0,75.85714285714286,183.26666666666668,3365.352380952381,8.118518518518519,9.199999999999998,False,False
03037,117,131.25641025641025,1563.8474801061006,83.14529914529915,1878.9528440907752,11.54472934472934,7.1762583095916455,False,False
07319,11,65.0909090909091,381.09090909090907,168.45454545454547,3066.672727272727,11.492929292929293,9.602020202020203,False,False
24025,527,98.5370018975332,1071.6673544923917,110.20683111954459,2388.3278619923376,8.757663925785367,6.61977651275564,False,False
07058,12,20.833333333333332,44.33333333333333,152.16666666666666,3424.151515151515,9.148148148148145,10.333333333333332,False,False
15274,20,48.25,389.0394736842105,189.6,3080.568421052632,8.488888888888887,10.511111111111111,False,False
88170,11,98.72727272727273,2734.018181818182,47.72727272727273,736.0181818181818,10.606060606060606,6.163636363636365,False,False
15148,19,32.94736842105263,194.94152046783626,184.0,3281.0,8.380116959064326,9.319298245614034,False,False
01283,78,37.11538461538461,418.07742257742257,114.75641025641026,3060.8879453879454,7.063817663817663,6.475783475783476,False,False
23028,21,143.0952380952381,2118.190476190476,71.0,1366.1,10.278306878306879,5.026455026455027,False,False
12720,72,115.90277777777777,1684.427034428795,66.41666666666667,1803.7394366197184,10.54567901234568,7.049382716049383,False,False
27142,12,28.166666666666668,90.69696969696969,211.66666666666666,3403.5151515151515,9.674074074074074,10.133333333333331,False,False
19051,28,38.32142857142857,193.41137566137567,182.17857142857142,3303.4113756613756,10.146031746031746,10.828571428571427,False,False
17028,26,96.5,3048.74,22.423076923076923,453.13384615384615,7.116239316239316,2.933333333333333,False,False
25025,22,21.90909090909091,106.0865800865801,200.04545454545453,3397.378787878788,5.814141414141414,10.612121212121211,False,False
01094,46,29.565217391304348,229.76231884057972,172.5,3277.8555555555554,6.791304347826087,9.206763285024156,False,False
01019,111,33.990990990990994,291.1908271908272,140.3063063063063,3218.232596232596,4.727927927927928,7.797197197197197,False,False
17015,39,120.84615384615384,3244.080971659919,17.692307692307693,267.58704453441294,12.114529914529914,4.29281045751634,False,False
52027,20,94.7,1222.5368421052633,94.35,2297.2921052631577,9.88888888888889,10.911111111111111,False,False
15046,90,95.27777777777777,807.4163545568041,155.88888888888889,2712.549313358302,8.624691358024691,8.377777777777776,False,False
29127,17,41.1764705882353,224.65441176470588,135.05882352941177,3297.6838235294117,9.026143790849671,7.892810457516339,False,False
27196,22,44.68181818181818,557.1796536796537,156.22727272727272,2966.1839826839823,9.828282828282829,8.59191919191919,False,False
15198,26,49.65384615384615,465.2753846153846,145.5,3058.58,11.705982905982905,10.405128205128205,False,False
07277,286,123.62937062937063,1172.2060115323272,132.8986013986014,2355.284419089682,11.9014763014763,10.58041958041958,False,False
09004,59,37.83050847457627,402.52250146113386,159.61016949152543,3131.1729982466395,6.0802259887005645,9.738983050847459,False,False
19079,41,52.951219512195124,448.74756097560976,156.6829268292683,3094.7219512195124,8.474796747967481,9.996205962059621,False,False
15190,71,55.478873239436616,561.6531187122737,164.59154929577466,2991.502213279678,8.916431924882628,9.74428794992175,False,False
19049,137,73.53284671532846,514.1036925719193,136.3941605839416,3042.5640832975523,10.829359286293595,8.187185725871858,False,False
52048,24,59.625,1075.1141304347825,117.0,2485.0434782608695,7.562962962962961,11.466666666666667,False,False
07127,10,39.7,280.4555555555555,187.0,3282.6666666666665,10.333333333333332,9.888888888888888,False,False
05095,87,43.367816091954026,416.35151029136597,139.7816091954023,3147.5447741245653,9.446743295019157,7.758876117496805,False,False
27085,14,15.571428571428571,229.95604395604397,119.21428571428571,3336.9505494505497,4.815873015873016,6.93015873015873,False,False
11028,71,142.2112676056338,3488.569014084507,8.32394366197183,79.33641851106638,6.927386541471048,5.296969696969697,False,False
19074,27,40.77777777777778,253.64102564102566,170.07407407407408,3318.763532763533,8.283127572016461,9.153086419753086,False,False
12600,39,83.94871794871794,1204.5762483130904,113.02564102564102,2372.4993252361674,8.1002849002849,8.813105413105415,False,False
17014,18,130.72222222222223,3047.9771241830063,33.333333333333336,532.7058823529412,9.461728395061726,6.575163398692811,False,False
11006,55,225.6,3088.0592592592593,30.21818181818182,495.3218855218855,12.654545454545453,3.9127572016460896,False,False
19061,326,87.37423312883436,642.6779801793299,131.59202453987731,2941.66996696555,8.486843899113838,8.674301295160188,False,False
50070,18,127.44444444444444,3534.143790849673,10.777777777777779,56.18300653594771,8.839506172839503,4.409150326797385,False,False
15229,31,62.03225806451613,413.1655913978495,152.74193548387098,3177.9978494623656,9.798566308243728,9.47168458781362,False,False
01178,156,64.31410256410257,905.1200578990902,184.32692307692307,2686.1956575682384,5.180626780626781,10.909971509971509,False,False
15076,306,143.50653594771242,1613.136022715097,100.15686274509804,1980.0933461909353,11.684386347131445,6.097458242556282,False,False
26001,806,85.59801488833747,711.1375861165483,127.24813895781638,2890.504810196816,8.123947550034508,6.629831816928591,False,False
40001,242,39.33471074380165,456.9372963890127,115.23553719008264,3144.9359932786942,7.157392102846647,9.552433425160698,False,False
27163,12,58.583333333333336,415.17424242424244,196.33333333333334,3190.7878787878794,11.11111111111111,9.770370370370369,False,False
07253,27,84.22222222222223,823.4871794871796,160.37037037037038,2786.242165242165,8.130864197530862,9.976131687242797,False,False
15280,56,109.94642857142857,1222.997077922078,152.26785714285714,2386.817857142857,10.104761904761906,7.879365079365079,False,False
31022,339,131.58407079646017,1978.8886212494108,71.76401179941003,1639.4766891832924,10.774631268436579,3.6683710258931512,False,False
31055,164,165.4939024390244,2669.3435208738592,45.47560975609756,950.2754750860391,9.842276422764225,3.762306610407876,False,False
27082,655,82.33435114503817,671.5348273688634,160.28854961832062,2949.5267035506686,8.239016115351994,8.63223070398643,False,False
44017,14,44.92857142857143,358.22527472527474,113.35714285714286,3269.3241758241757,11.790476190476191,7.314285714285713,False,False
27094,22,21.90909090909091,197.13419913419915,143.04545454545453,3438.3311688311687,4.816161616161615,6.557575757575757,False,False
27091,397,81.3249370277078,684.0380886955195,143.21662468513853,2955.104470396662,9.508312342569269,7.332437727399944,False,False
15239,83,128.9879518072289,1522.5974140464295,108.73493975903614,2119.855715545107,10.96813922356091,7.269611780455154,False,False
23100,36,125.55555555555556,2521.853968253968,61.55555555555556,1121.0539682539684,10.696296296296296,6.841975308641976,False,False
19031,13,51.15384615384615,229.8076923076923,148.23076923076923,3417.192307692308,12.114529914529914,8.470085470085468,False,False
52055,31,78.6774193548387,931.5591397849462,130.6451612903226,2718.2365591397847,7.9698924731182785,10.815770609318996,False,False
27181,144,74.70833333333333,682.0961538461538,160.84027777777777,2967.869415306915,10.190123456790124,9.770370370370369,False,False
29085,80,68.0375,1274.4416139240507,98.7,2375.5544303797465,7.28888888888889,8.47777777777778,False,False
05027,24,65.83333333333333,1330.1449275362318,75.45833333333333,2323.73731884058,9.051851851851852,5.970370370370371,False,False
27175,26,34.23076923076923,513.1446153846153,126.3076923076923,3145.9815384615385,5.697435897435898,7.406837606837606,False,False
19034,179,73.4804469273743,654.194840248572,146.98882681564245,3005.59538007658,8.876846679081318,9.263438857852266,False,False
54007,33,55.63636363636363,710.5511363636364,106.15151515151516,2951.320075757576,8.5016835016835,11.833333333333336,False,False
19070,84,77.17857142857143,1043.0159208261618,133.22619047619048,2620.9482214572577,5.308994708994709,9.144973544973546,False,False
23010,25,160.12,3360.61,30.8,312.9166666666667,7.199999999999999,7.7555555555555555,False,False
05001,2517,128.7735399284863,1944.456644578393,65.9709972189114,1731.083021779404,10.790355060943297,3.4237060590001773,False,False
07241,15,24.8,272.6,163.4,3403.4,6.837037037037037,8.177777777777777,False,False
27157,12,38.75,256.20454545454544,223.5,3429.181818181818,9.207407407407407,14.970370370370372,False,False
05059,66,42.36363636363637,1005.9272727272727,98.16666666666667,2680.879487179487,3.9892255892255895,7.0383838383838375,False,False
23133,44,198.36363636363637,3440.5623678646934,38.11363636363637,249.12632135306555,13.260606060606058,7.983838383838383,False,False
01103,227,79.77973568281938,791.4733928501812,126.47136563876651,2899.798955206425,7.505922662750856,6.998335780714636,False,False
01211,67,45.059701492537314,417.93577566711895,218.0597014925373,3280.572139303483,8.540961857379767,11.345936981757877,False,False
31094,53,102.26415094339623,1919.0827285921625,69.05660377358491,1790.477503628447,9.060377358490566,3.4528301886792456,False,False
13016,43,109.4186046511628,1680.487264673311,92.69767441860465,2031.0730897009967,9.504909560723512,5.948837209302326,False,False
01082,141,75.18439716312056,739.7086119554206,169.70212765957447,2975.8392097264436,8.283530338849486,9.730969267139479,False,False
64018,51,163.8235294117647,3579.1482352941175,21.274509803921568,138.84313725490196,10.30457516339869,5.381699346405229,False,False
05072,24,126.625,2362.592391304348,74.41666666666667,1355.7318840579712,9.674074074074074,5.237037037037037,False,False
15118,37,103.72972972972973,1668.7027027027027,135.72972972972974,2058.313813813814,7.643243243243243,12.176576576576577,False,False
46520,40,57.275,598.3070512820512,141.9,3130.553846153846,8.311111111111114,7.7555555555555555,False,False
31082,132,147.5530303030303,2957.455181586861,46.43939393939394,780.324543141337,10.314478114478113,3.814588634435964,False,False
15205,11,38.27272727272727,526.0181818181818,105.54545454545455,3212.672727272727,8.981818181818179,9.337373737373737,False,False
01253,32,36.375,262.5,141.125,3487.5967741935483,6.761111111111111,9.977777777777778,False,False
25097,13,15.692307692307692,68.73076923076923,191.3846153846154,3682.0897435897436,5.892307692307692,12.04957264957265,False,False
29001,1366,102.43997071742314,904.3872363361381,129.1866764275256,2857.4676904842354,9.681210346510493,7.289799902391412,False,False
27130,52,62.57692307692308,843.974358974359,148.01923076923077,2936.2153092006033,9.95897435897436,8.203418803418803,False,False
27120,35,42.142857142857146,581.1848739495798,133.65714285714284,3206.7025210084034,8.549206349206347,10.83809523809524,False,False
15193,17,35.76470588235294,288.19117647058823,142.0,3515.75,9.026143790849671,10.315032679738561,False,False
27052,10,45.8,373.06666666666666,152.8,3436.6222222222223,13.866666666666665,10.600000000000001,False,False
15088,242,136.56198347107437,1659.6745653441242,110.33884297520662,2158.3411405644524,11.768411386593206,7.569696969696968,False,False
25061,269,64.97026022304833,538.3125450812851,157.43494423791822,3281.9631027021032,10.08104089219331,9.143907476249485,False,False
31091,106,84.78301886792453,1272.4953279424976,106.5,2550.0619047619048,7.08846960167715,7.89601677148847,False,False
23041,60,162.95,3667.234745762712,11.016666666666667,159.64378531073447,10.88148148148148,3.4444444444444446,False,False
27172,85,41.811764705882354,451.7974789915967,137.87058823529412,3378.542577030812,6.219607843137256,7.700653594771241,False,False
15232,29,59.89655172413793,871.0246305418719,138.6206896551724,2961.386699507389,8.269731800766282,9.323371647509582,False,False
27121,114,50.780701754385966,489.74794286601457,170.93859649122808,3342.925399782642,7.138791423001948,9.82027290448343,False,False
17006,53,119.71698113207547,3781.7068214804062,3.9245283018867925,51.917271407837454,4.7610062893081775,3.6222222222222222,False,False
23130,19,158.31578947368422,2667.672514619883,67.94736842105263,1167.9415204678362,9.283040935672512,5.509941520467836,False,False
24008,35,51.0,582.9411764705883,126.57142857142857,3261.7226890756306,8.796825396825398,8.298412698412697,False,False
17027,29,132.93103448275863,3742.2093596059117,12.482758620689655,105.68719211822659,8.114176245210727,6.234920634920635,False,False
24001,1324,94.22507552870091,1052.5811999187054,117.1012084592145,2799.808343209724,8.199865726753945,6.264786841221887,False,False
27025,34,39.470588235294116,763.4081996434937,106.47058823529412,3089.408199643494,5.739869281045753,6.375163398692811,False,False
15154,23,29.869565217391305,186.300395256917,225.56521739130434,3668.3478260869565,7.580676328502416,14.446376811594202,False,False
15208,14,35.142857142857146,143.67032967032966,195.85714285714286,3713.978021978022,10.301587301587299,11.62222222222222,False,False
27139,17,16.176470588235293,114.65441176470588,131.05882352941177,3755.5588235294117,5.545098039215685,8.159477124183006,False,False
15139,77,109.8961038961039,1271.9364319890635,130.80519480519482,2602.6852358168144,9.625974025974024,8.450505050505049,False,False
23038,37,180.51351351351352,2821.367867867868,58.54054054054054,1055.421921921922,9.82042042042042,6.905105105105105,False,False
15238,29,124.17241379310344,1658.21921182266,125.58620689655173,2221.1798029556653,12.455938697318008,10.92337164750958,False,False
07064,10,46.8,419.06666666666666,164.6,3469.1555555555556,11.244444444444444,8.444444444444445,False,False
23047,26,154.19230769230768,3864.561538461539,4.615384615384615,24.006153846153847,9.803418803418802,7.3506172839506165,False,False
25007,26,20.423076923076923,72.97384615384615,182.15384615384616,3815.6553846153843,7.3487179487179475,10.767521367521365,False,False
01214,392,63.75765306122449,812.3426522783027,189.19642857142858,3076.731138107417,6.064852607709751,10.658503401360544,False,False
52020,63,76.36507936507937,785.7194060419866,144.55555555555554,3105.7025089605736,10.586948853615521,8.836331569664901,False,False
24086,201,87.77611940298507,869.0046268656716,128.60696517412936,3023.299751243781,8.27827529021559,7.1137645107794345,False,False
01193,10,37.4,340.26666666666665,143.8,3564.6222222222223,12.088888888888889,12.911111111111111,False,False
27194,12,20.916666666666668,142.99242424242425,155.16666666666666,3767.9696969696965,8.955555555555556,10.133333333333333,False,False
25046,16,5.375,9.183333333333334,122.875,3904.7833333333333,6.992592592592593,8.122222222222222,False,False
28180,73,94.98630136986301,2370.041476407915,79.73972602739725,1552.6674277016743,6.033789954337899,4.582648401826484,False,False
25001,1860,40.89731182795699,302.7807351044324,164.80430107526882,3623.222574282624,8.067515390592314,9.053524492234171,False,False
23136,36,148.08333333333334,3322.8785714285714,50.416666666666664,612.9928571428571,7.204938271604939,8.227160493827162,False,False
27001,1523,77.40971766250821,751.4378030082753,150.9198949441891,3188.9541571505856,7.814649449186547,7.61359889107755,False,False
31025,67,132.73134328358208,2874.472184531886,60.208955223880594,1070.804161013116,8.799336650082918,5.587064676616915,False,False
25091,40,150.4,3238.0923076923077,25.1,716.9128205128205,8.844444444444443,4.806349206349206,False,False
15160,274,146.35766423357666,1685.087724927141,107.61313868613139,2284.963343226117,11.02368207623682,6.674939172749393,False,False
72002,12,36.916666666666664,376.62878787878793,122.75,3596.0227272727275,9.511111111111111,9.05185185185185,False,False
15127,15,66.53333333333333,565.2666666666667,148.26666666666668,3414.209523809524,8.933333333333332,10.140740740740739,False,False
01157,39,66.51282051282051,1057.8353576248314,166.10256410256412,2930.515519568151,4.137321937321938,10.600000000000001,False,False
25076,33,133.6060606060606,3534.683712121212,17.151515151515152,456.25757575757575,8.57979797979798,3.3587301587301592,False,False
01163,181,67.60220994475138,916.4075506445672,186.9060773480663,3085.907796193984,6.747943523634131,10.640024554941682,False,False
23025,35,122.74285714285715,2664.6672268907564,60.82857142857143,1342.5579831932773,10.701587301587303,4.152380952380952,False,False
25100,316,22.420886075949365,148.59372111713884,131.06645569620252,3860.500331525015,4.629982363315696,5.818002812939522,False,False
15094,367,94.44686648501363,868.5811855094474,137.19073569482288,3142.5864713151977,9.242991220102937,6.942052679382379,False,False
07301,11,60.81818181818182,665.3636363636364,163.36363636363637,3351.0545454545454,7.587878787878789,11.622222222222222,False,False
05097,50,56.84,1184.9534693877551,98.66,2835.78,9.37777777777778,9.822222222222225,False,False
11049,70,185.65714285714284,3326.4314699792963,43.885714285714286,695.1751552795031,10.034920634920635,4.168438003220611,False,False
01049,1043,83.43144774688399,941.7445763089272,138.21860019175455,3093.6354694398083,6.586001917545541,6.613231064237777,False,False
23001,907,193.76405733186328,2687.9840047119415,65.65270121278941,1348.4962482141598,10.250177630773,4.155310277164582,False,False
01046,19,27.157894736842106,195.69590643274853,132.05263157894737,3842.2748538011697,8.004678362573097,9.68538011695906,False,False
11053,24,152.45833333333334,3649.2155797101445,36.291666666666664,392.21557971014494,8.844444444444445,7.051851851851852,False,False
23043,37,141.24324324324326,2398.3003003003005,78.75675675675676,1649.966966966967,11.32912912912913,7.150617283950617,False,False
23142,115,176.6086956521739,3574.1876430205953,39.89565217391304,481.3574370709382,9.496618357487923,8.890821256038645,False,False
11027,16,182.8125,3469.4958333333334,50.8125,589.7625,9.866666666666665,11.0,False,False
15259,36,141.94444444444446,2280.853968253968,105.94444444444444,1785.768253968254,10.595061728395061,8.281481481481482,False,False
09133,44,51.93181818181818,624.6696617336152,127.27272727272727,3453.179704016913,7.303030303030304,7.963636363636362,False,False
15271,57,103.59649122807018,1233.3521303258146,143.05263157894737,2845.7650375939847,8.580116959064327,8.162183235867445,False,False
01039,23,19.304347826086957,158.76679841897234,130.69565217391303,3936.6758893280635,8.546859903381641,10.53526570048309,False,False
29115,17,51.705882352941174,407.84558823529414,130.76470588235293,3690.5661764705883,10.58954248366013,9.856209150326796,False,False
07190,22,47.5,345.5,151.0909090909091,3766.8484848484845,10.735353535353534,9.602020202020203,False,False
17007,30,115.36666666666666,3885.3436781609194,14.1,236.5758620689655,6.777777777777779,5.533333333333334,False,False
07001,404,142.84405940594058,1567.238649485296,117.8440594059406,2571.342867847579,12.728052805280527,8.183498349834984,False,False
07154,13,36.46153846153846,229.1025641025641,204.3846153846154,3917.25641025641,10.825641025641026,13.182905982905984,False,False
01218,289,60.94117647058823,689.25,182.52941176470588,3459.2361111111113,7.552172241445599,10.468819684736639,False,False
52043,174,105.85632183908046,2391.973456913162,91.05172413793103,1760.0262108829977,8.65236270753512,8.385185185185186,False,False
23007,20,174.75,3325.1447368421054,65.2,828.2736842105263,8.355555555555554,10.044444444444446,False,False
31001,5158,132.25397440868554,1530.5397117557925,85.89511438542071,2649.1794176619183,10.917987161259747,2.982921890482961,False,False
07249,20,30.6,249.09473684210528,162.85,3942.871052631579,4.955555555555556,9.866666666666665,False,False
29040,122,68.78688524590164,802.8798265817641,106.06557377049181,3397.020457932529,8.910018214936247,6.22841530054645,False,False
27187,16,27.25,292.06666666666666,168.5,3914.9333333333334,5.696296296296296,8.077777777777778,False,False
25058,10,15.6,34.04444444444445,222.5,4174.722222222223,9.866666666666665,14.333333333333334,False,False
07271,20,36.4,363.7263157894737,141.85,3852.4500000000003,7.377777777777778,12.266666666666666,False,False
15070,15,29.8,200.6,164.73333333333332,4018.0666666666666,8.93333333333333,7.637037037037034,False,False
09037,30,38.7,240.0793103448276,130.3,3987.044827586207,9.333333333333332,10.696296296296293,False,False
31052,38,58.078947368421055,1278.939544807966,91.10526315789474,2958.9075391180654,5.738011695906432,5.217543859649123,False,False
01166,197,73.93908629441624,822.965658344556,144.0507614213198,3418.568838702994,6.621883812746757,7.167851099830794,False,False
29004,15,33.0,376.7142857142857,122.46666666666667,3868.838095238095,10.066666666666665,8.318518518518516,False,False
27075,18,22.666666666666668,191.52941176470588,102.55555555555556,4054.8496732026147,6.688888888888888,5.449382716049383,False,False
15166,25,34.36,429.1566666666667,149.08,3837.9933333333333,6.933333333333334,8.066666666666666,False,False
23016,92,141.58695652173913,3502.6626851409455,17.73913043478261,768.1290014333492,5.527536231884057,3.3492063492063493,False,False
01151,737,74.9932157394844,923.1752256504042,147.89823609226593,3351.580662645272,6.352299110508066,6.65771144278607,False,False
28100,74,126.64864864864865,2858.094039244724,71.89189189189189,1421.631988152536,8.926726726726729,6.609741248097413,False,False
27160,408,80.00245098039215,952.3366033145446,154.8799019607843,3329.1624451992097,7.091067538126363,8.312418300653594,False,False
31016,47,62.42553191489362,980.7715078630898,102.40425531914893,3302.463459759482,5.072340425531915,10.695652173913045,False,False
01127,58,57.793103448275865,1599.7459165154264,83.3103448275862,2684.884452510587,6.764750957854406,5.986206896551725,False,False
28020,37,124.4054054054054,3412.858858858859,58.810810810810814,887.490990990991,8.238438438438441,8.434567901234567,False,False
25052,22,43.31818181818182,1308.8939393939395,125.54545454545455,2998.4502164502164,5.561616161616162,8.591919191919189,False,False
15181,11,41.72727272727273,388.01818181818186,179.36363636363637,3922.8545454545456,6.83030303030303,11.62222222222222,False,False
27040,11,19.727272727272727,184.8181818181818,116.18181818181819,4130.363636363637,8.846464646464645,6.979797979797978,False,False
15169,289,139.14532871972318,1613.4163062283737,119.06574394463668,2717.7144127258744,11.742945021145712,6.316570549788543,False,False
23004,25,92.88,1583.2766666666666,112.8,2752.0,10.066666666666668,10.555555555555557,False,False
07215,17,32.0,399.0,131.52941176470588,3940.764705882353,9.648366013071895,8.844444444444441,False,False
11046,48,163.89583333333334,3874.265514184397,28.458333333333332,469.1471631205674,7.455555555555557,6.474747474747474,False,False
27034,15,42.733333333333334,891.2095238095237,169.2,3454.3142857142857,10.414814814814813,11.62222222222222,False,False
23080,30,202.86666666666667,4189.36091954023,11.233333333333333,166.87471264367815,11.644444444444444,5.237037037037037,False,False
46680,86,46.96511627906977,879.3281805745554,176.45348837209303,3497.615458276334,9.39328165374677,9.555038759689921,False,False
23064,25,138.92,3145.7433333333333,54.52,1234.0933333333332,9.31111111111111,3.999999999999999,False,False
25040,18,19.88888888888889,48.45751633986929,197.33333333333334,4331.529411764706,8.646913580246913,10.903703703703702,False,False
29112,24,29.083333333333332,342.42753623188406,99.33333333333333,4037.797101449275,6.992592592592593,9.414814814814815,False,False
01121,711,50.164556962025316,656.8672490640042,177.8227848101266,3730.205170262079,4.777402719174871,10.153242694170963,False,False
25088,16,9.625,23.05,198.75,4366.733333333334,9.055555555555557,9.200000000000001,False,False
17038,43,124.25581395348837,4379.956810631229,2.116279069767442,16.200442967884825,5.714211886304909,6.328395061728395,False,False
07073,23,26.608695652173914,260.97628458498025,129.0,4138.727272727273,7.434782608695652,6.958454106280195,False,False
88330,111,29.09009009009009,581.2463554463556,58.21621621621622,3825.0437346437343,2.8606060606060613,3.3393939393939394,False,False
52080,47,83.87234042553192,1812.3746530989824,98.53191489361703,2598.8196114708603,8.628841607565011,6.958454106280193,False,False
03001,3434,109.25393127548048,1460.0566769378913,90.17239370995924,2954.191652468309,8.789671908367303,3.5932699152268177,False,False
15115,73,67.68493150684931,1211.7465753424658,134.12328767123287,3224.192922374429,7.618569254185693,7.593911719939118,False,False
27037,16,16.5625,115.19583333333334,128.625,4352.383333333333,7.455555555555555,6.533333333333334,False,False
27190,10,28.0,366.44444444444446,115.8,4104.177777777778,8.844444444444441,6.622222222222224,False,False
72006,93,98.7741935483871,3978.4375876577838,17.21505376344086,499.8445535296867,4.058781362007168,2.0624338624338616,False,False
11040,53,153.26415094339623,3948.7365747460085,33.41509433962264,536.1320754716982,7.429350104821801,5.242767295597485,False,False
29043,24,47.291666666666664,1080.215579710145,141.125,3422.2010869565215,6.274074074074074,9.770370370370369,False,False
01142,135,65.42962962962963,957.6349364289663,174.11111111111111,3546.5771144278606,6.106995884773664,9.646913580246911,False,False
15250,64,141.484375,2174.2537202380954,114.59375,2350.276785714286,11.019444444444444,7.566666666666667,False,False
28042,36,122.25,3736.307142857143,57.25,805.6214285714286,7.25432098765432,7.296296296296297,False,False
01262,95,27.25263157894737,346.91422172452405,153.6421052631579,4200.785442329227,4.932387706855793,7.91578947368421,False,False
28120,43,135.97674418604652,3167.928017718715,73.69767441860465,1413.7397563676634,11.398966408268734,5.370542635658915,False,False
19052,17,40.705882352941174,241.97058823529412,182.88235294117646,4344.360294117647,13.185620915032679,9.0078431372549,False,False
09079,40,33.6,267.4769230769231,144.15,4323.412820512821,6.066666666666666,7.28888888888889,False,False
15031,199,110.11557788944724,1362.9512207502157,155.79899497487438,3230.030099994924,9.408821887213847,8.143271915131212,False,False
52044,28,123.57142857142857,3158.1798941798943,90.96428571428571,1446.1097883597884,7.326984126984128,6.593650793650793,False,False
44010,129,147.86046511627907,2616.2928779069766,82.32558139534883,2000.9712936046512,9.331782945736434,5.715073212747631,False,False
31112,32,32.40625,419.8618951612903,93.5625,4201.028225806452,5.811111111111112,5.116666666666666,False,False
07097,13,40.0,345.0,179.07692307692307,4277.910256410257,9.116239316239316,10.133333333333333,False,False
07251,11,70.54545454545455,1532.6727272727271,116.54545454545455,3103.072727272727,9.208080808080808,7.09090909090909,False,False
40005,120,71.175,1304.296848739496,113.69166666666666,3357.9797619047617,9.051851851851852,7.296296296296297,False,False
11016,81,214.37037037037038,4019.736111111111,30.765432098765434,644.9067901234569,10.629355281207134,3.8697965571205017,False,False
09130,147,102.18367346938776,1486.0276768241545,120.40816326530613,3179.5719876991893,8.914285714285716,7.389417989417989,False,False
17016,23,78.21739130434783,1551.2687747035575,109.47826086956522,3134.3517786561265,6.435748792270531,10.479227053140097,False,False
88490,11,10.909090909090908,114.6909090909091,77.36363636363636,4586.454545454545,7.317171717171716,6.533333333333334,False,False
25028,48,38.5625,251.44281914893617,173.25,4462.404255319149,8.951851851851849,7.455555555555557,False,False
11067,31,163.7741935483871,3133.1806451612906,55.61290322580645,1584.9784946236557,8.899641577060933,5.942652329749104,False,False
07008,45,39.111111111111114,577.8282828282828,156.73333333333332,4153.109090909091,5.056565656565656,8.16543209876543,False,False
27136,28,32.285714285714285,288.65608465608466,174.64285714285714,4457.126984126984,9.507936507936506,9.806349206349205,False,False
09013,37,31.243243243243242,225.63363363363362,132.56756756756758,4520.641141141141,6.72972972972973,6.996396396396396,False,False
23112,38,170.10526315789474,4725.50213371266,3.1578947368421053,25.32574679943101,9.867836257309941,3.5534391534391525,False,False
25054,246,37.796747967479675,248.66872407499588,152.40650406504065,4505.6626514020245,7.557181571815718,6.485636856368563,False,False
27046,19,33.473684210526315,315.48538011695905,144.26315789473685,4457.7602339181285,7.382456140350878,7.830409356725146,False,False
15256,40,72.6,1123.0666666666666,177.375,3658.4455128205127,5.044444444444443,9.488888888888889,False,False
25094,43,24.511627906976745,255.4462901439646,171.25581395348837,4569.004429678848,4.915245478036175,8.521447028423772,False,False
46840,18,31.38888888888889,243.89869281045753,138.0,4604.705882352941,8.646913580246913,6.997530864197531,False,False
01184,13,153.3846153846154,4779.923076923077,10.076923076923077,79.57692307692308,8.77948717948718,7.0888888888888895,False,False
11094,67,251.13432835820896,4795.542288557213,14.940298507462687,93.75395748530077,13.999336650082917,4.25079365079365,False,False
07176,27,34.03703703703704,509.2678062678063,142.59259259259258,4387.481481481482,5.193415637860083,7.353909465020575,False,False
27169,84,122.47619047619048,3451.4090648307515,80.02380952380952,1449.6861732644866,11.035978835978836,5.215873015873016,False,False
11019,68,194.36764705882354,3754.5643107989463,43.61764705882353,1148.1202809482002,8.681045751633985,5.293200663349918,False,False
23124,40,186.05,4533.074358974359,27.675,381.0967948717949,9.4,5.133333333333333,False,False
27205,22,25.454545454545453,240.35497835497839,127.54545454545455,4676.640692640693,5.5636363636363635,4.816161616161616,False,False
09001,1013,102.28923988153998,1473.7571667141392,127.10957551826259,3452.4296809461193,8.05247340133816,6.143950861028846,False,False
31064,382,145.9607329842932,2179.6073779390144,80.38743455497382,2756.0804716164407,9.948691099476438,3.4007582385535153,False,False
11031,65,165.13846153846154,4134.371153846154,39.66153846153846,803.4149038461538,8.545299145299145,4.401410934744268,False,False
27022,16,40.375,534.3833333333333,142.25,4412.333333333333,7.555555555555555,7.811111111111111,False,False
88685,13,32.38461538461539,288.0897435897436,130.0,4661.833333333333,6.5658119658119665,9.977777777777778,False,False
52041,37,162.13513513513513,3213.12012012012,72.05405405405405,1738.7747747747749,9.398798798798799,6.374174174174175,False,False
11005,73,217.1095890410959,4713.015601217656,18.328767123287673,255.33485540334854,14.04931506849315,4.034343434343435,False,False
23139,521,146.2936660268714,4499.523209803632,16.75815738963532,478.9837073674886,6.579487179487178,1.6111111111111107,False,False
05031,68,90.6470588235294,3145.754170324846,76.05882352941177,1832.8323090430201,5.884967320261438,5.576470588235294,False,False
27208,13,34.69230769230769,388.39743589743586,152.23076923076923,4598.858974358975,10.625641025641023,8.89059829059829,False,False
72008,26,35.03846153846154,842.4384615384614,117.23076923076923,4148.1046153846155,5.276923076923077,8.249572649572649,False,False
27071,43,19.53488372093023,158.3499446290144,178.37209302325581,4835.667774086379,3.676485788113694,9.038242894056845,False,False
23052,45,200.77777777777777,4109.313131313132,56.17777777777778,888.649494949495,10.14074074074074,3.728395061728395,False,False
25064,145,69.47586206896551,1321.778927203065,136.09655172413792,3710.879501915709,5.571647509578544,6.104980842911877,False,False
46830,24,29.541666666666668,338.606884057971,164.625,4696.070652173913,6.637037037037039,7.822222222222223,False,False
88190,16,94.6875,2919.0291666666667,69.8125,2118.9625,6.800000000000001,4.633333333333334,False,False
26090,21,59.19047619047619,994.4619047619047,126.76190476190476,4047.5904761904762,7.503703703703703,9.22010582010582,False,False
44016,22,91.81818181818181,3097.3939393939395,69.36363636363636,1963.4805194805197,6.092929292929293,7.500529100529101,False,False
29109,42,46.285714285714285,568.2578397212543,147.66666666666666,4494.569105691057,8.185185185185185,9.184126984126983,False,False
23040,25,184.56,4892.256666666667,14.48,176.76,8.533333333333333,6.781642512077294,False,False
27118,14,23.571428571428573,116.1098901098901,153.78571428571428,4955.104395604396,9.184126984126983,8.9015873015873,False,False
52028,13,51.38461538461539,443.5897435897436,159.53846153846155,4633.9358974358975,10.405128205128202,11.622222222222222,False,False
09103,125,97.456,2037.556516129032,107.864,3063.8442580645165,7.111111111111111,6.222222222222223,False,False
29118,17,33.470588235294116,320.6397058823529,151.58823529411765,4781.007352941177,10.233333333333333,10.600000000000001,False,False
07124,12,16.5,69.36363636363636,155.41666666666666,5056.446969696969,9.466666666666667,8.28148148148148,False,False
11007,122,159.0655737704918,4791.218805039967,12.737704918032787,344.22815336675245,7.8677595628415276,1.7151927437641727,False,False
01130,17,78.58823529411765,1666.8823529411764,111.88235294117646,3481.985294117647,6.209150326797386,7.700653594771243,False,False
25022,55,73.38181818181818,2145.240404040404,68.92727272727272,3026.698316498316,5.886868686868687,4.510239651416122,False,False
11013,83,157.24096385542168,3340.3558624742877,71.06024096385542,1837.642668233911,9.480321285140564,6.684337349397591,False,False
11091,60,168.35,5188.06186440678,4.233333333333333,36.96158192090395,7.9185185185185185,3.6187134502923968,False,False
27133,18,33.77777777777778,286.41830065359477,173.88888888888889,4950.4575163398695,8.019753086419753,8.019753086419753,False,False
23039,27,199.40740740740742,5081.71225071225,9.74074074074074,159.1994301994302,12.350617283950617,9.985185185185186,False,False
11097,45,188.62222222222223,4988.6949494949495,25.511111111111113,266.02828282828284,12.385185185185186,6.150617283950616,False,False
23082,30,160.1,4814.713793103449,40.7,448.148275862069,7.3703703703703685,9.214814814814813,False,False
46560,27,25.62962962962963,332.08831908831905,145.7037037037037,4936.062678062678,6.992592592592592,6.018930041152263,False,False
11052,75,164.44,3575.2227027027025,63.29333333333334,1704.5884684684684,9.54814814814815,3.518518518518518,False,False
27097,15,26.133333333333333,212.69523809523807,179.4,5069.828571428572,7.37037037037037,9.118518518518517,False,False
27079,15,24.066666666666666,264.35238095238094,134.6,5023.542857142857,12.355555555555554,7.829629629629628,False,False
11085,29,125.27586206896552,3996.2783251231526,52.689655172413794,1316.0788177339903,7.104214559386974,5.779310344827587,False,False
25019,28,16.285714285714285,95.47089947089947,165.57142857142858,5235.661375661375,6.463492063492063,6.860317460317459,False,False
44007,38,135.02631578947367,3477.7560455192033,73.39473684210526,1862.1913229018494,8.297076023391813,5.591812865497077,False,False
88815,349,14.071633237822349,290.26784243981166,56.39541547277937,5064.314461680335,2.6615605897159296,1.7601532567049807,False,False
07226,35,61.4,1072.6588235294118,146.22857142857143,4291.299159663866,8.61904761904762,9.717460317460315,False,False
15072,62,117.70967741935483,1913.4553146483343,128.80645161290323,3487.5684822845055,9.579928315412186,6.385663082437276,False,False
27007,15,32.4,356.54285714285714,118.8,5072.457142857143,9.6,8.659259259259256,False,False
11004,43,210.11627906976744,5310.43853820598,9.604651162790697,156.72093023255815,12.12093023255814,4.677777777777778,False,False
11043,61,129.0327868852459,5342.698907103825,9.0,142.43333333333334,5.82367941712204,4.02020202020202,False,False
23115,81,176.40740740740742,5011.2444444444445,27.48148148148148,491.6527777777778,9.25761316872428,5.924216524216525,False,False
88590,80,50.4,978.4962025316455,108.35,4542.432911392405,3.6555555555555563,3.9444444444444438,False,False
15175,34,123.05882352941177,2505.329768270945,133.73529411764707,3028.5641711229946,9.9359477124183,7.513725490196078,False,False
07037,12,47.833333333333336,616.8787878787879,134.41666666666666,4936.810606060606,14.777777777777779,7.666666666666668,False,False
46800,10,47.2,482.1777777777778,156.9,5096.322222222222,13.31111111111111,9.466666666666667,False,False
25037,45,48.422222222222224,1685.5676767676769,90.71111111111111,3895.7101010101014,6.837037037037038,7.1037037037037045,False,False
25031,30,22.0,373.86206896551727,176.4,5222.593103448276,7.177777777777779,10.12567049808429,False,False
23088,31,151.96774193548387,5569.9655913978495,3.161290322580645,30.873118279569894,6.681003584229391,7.455555555555555,False,False
25085,72,18.23611111111111,193.3660015649452,142.09722222222223,5514.70872456964,5.2031746031746025,7.3012345679012345,False,False
11034,33,265.6363636363636,5663.238636363636,6.0606060606060606,45.80871212121212,11.492929292929292,5.25128205128205,False,False
11073,24,159.29166666666666,4700.65036231884,35.5,1049.391304347826,9.674074074074074,7.747826086956522,False,False
11055,82,164.32926829268294,4833.334688346883,27.317073170731707,1009.6266184884072,8.099186991869917,3.1323943661971834,False,False
11086,22,189.9090909090909,5791.515151515152,12.727272727272727,66.3982683982684,9.22020202020202,4.662626262626263,False,False
23098,42,214.57142857142858,5761.6655052264805,11.19047619047619,152.98722415795586,14.607407407407411,6.837037037037038,False,False
01001,5329,79.15912929255019,1274.7227962387233,153.74085194220305,4688.124458808593,4.761194527861194,5.81277704801818,False,False
07142,13,39.53846153846154,446.7692307692308,146.23076923076923,5519.358974358974,9.382905982905982,9.912820512820511,False,False
11082,80,171.575,5094.196835443038,37.65,885.5974683544304,8.933333333333332,5.097435897435897,False,False
25004,87,31.689655172413794,507.44907778668806,147.83908045977012,5480.159850307405,7.951421188630491,8.55708812260536,False,False
15055,355,101.17464788732394,1565.0428582796212,163.37464788732393,4426.353592742898,8.096087636932706,8.402503912363068,False,False
07112,12,63.0,1284.5454545454545,88.58333333333333,4719.537878787879,11.170370370370371,11.822222222222221,False,False
25079,31,25.0,287.8666666666667,139.51612903225808,5727.658064516129,3.1598566308243727,6.187813620071685,False,False
05044,43,64.6046511627907,1678.62569213732,123.83720930232558,4343.282392026578,8.553488372093025,6.242377260981913,False,False
23127,29,174.9655172413793,5794.177339901477,21.379310344827587,288.243842364532,9.115708812260536,7.822222222222221,False,False
88305,112,77.85714285714286,2401.240669240669,85.15178571428571,3736.3461229086224,6.207936507936509,2.465079365079365,False,False
16001,17164,130.24434863668142,2450.32204170703,112.63359356793288,3706.195809004762,8.274543618426161,3.7478028949480833,False,False
23073,46,157.82608695652175,4581.880193236715,65.28260869565217,1662.6516908212561,9.206763285024154,6.9037037037037035,False,False
27148,14,19.928571428571427,133.76373626373626,142.64285714285714,6125.631868131868,6.107936507936508,7.523809523809523,False,False
25010,28,27.5,220.33333333333334,163.5,6056.259259259259,8.447619047619048,10.034920634920631,False,False
11079,18,102.5,4852.5,40.22222222222222,1435.4771241830065,6.992592592592593,6.696732026143791,False,False
27058,37,52.37837837837838,979.9084084084084,167.78378378378378,5335.785285285285,8.88048048048048,8.018618618618616,False,False
27043,19,32.73684210526316,163.42690058479533,160.05263157894737,6262.497076023392,10.755555555555553,10.387654320987654,False,False
27055,14,25.071428571428573,128.84065934065933,201.21428571428572,6327.719780219781,8.615873015873014,12.060317460317457,False,False
11025,145,156.91724137931035,4972.284770114942,53.19310344827586,1621.0874521072797,7.637547892720306,4.827737226277374,False,False
88380,81,113.06172839506173,4985.608641975309,64.06172839506173,1635.4086419753087,4.219753086419753,2.877366255144033,False,False
07052,12,23.0,166.72727272727272,149.25,6513.113636363636,8.222222222222221,8.333333333333334,False,False
11087,62,150.29032258064515,4653.979904812269,60.5,2103.532786885246,8.396415770609318,2.9481481481481477,False,False
25082,16,19.625,177.05,124.0,6662.666666666667,9.211111111111109,6.322222222222222,False,False
88350,20,30.35,549.3973684210526,101.55,6418.049999999999,4.4,2.822222222222222,False,False
25073,34,17.529411764705884,102.31729055258467,158.73529411764707,6934.503565062389,8.883501683501684,10.133333333333333,False,False
88435,22,73.0909090909091,3202.5627705627703,66.22727272727273,3858.755411255411,4.434343434343436,4.83030303030303,False,False
25034,22,17.0,122.47619047619048,130.6818181818182,7294.417748917749,5.814141414141414,7.581818181818182,False,False
88680,18,90.0,4172.588235294118,80.0,3315.0588235294117,8.693827160493829,9.928395061728395,False,False
88155,56,99.10714285714286,3322.242857142857,84.23214285714286,4349.126948051948,5.428571428571429,3.9111111111111105,False,False
88655,87,29.919540229885058,392.4004276931302,100.20689655172414,7324.165998396151,4.325925925925926,2.725925925925925,False,False
88465,74,66.97297297297297,1996.081451314328,94.28378378378379,5742.918363569049,3.9409436834094373,5.4198198198198195,False,False
11058,95,165.86315789473684,6206.949160134379,44.67368421052632,1558.9455767077266,7.411695906432748,4.052014652014652,False,False
88670,28,30.392857142857142,504.54365079365084,91.64285714285714,7290.8306878306885,8.955555555555554,4.707936507936507,False,False
46320,33,31.757575757575758,1708.876893939394,127.39393939393939,6265.558712121212,5.083501683501684,4.344107744107743,False,False
19046,25,93.6,4153.833333333333,116.88,4165.193333333334,6.48888888888889,8.73333333333333,False,False
88760,21,107.47619047619048,4308.961904761904,106.61904761904762,4011.447619047619,4.2899470899470895,4.611640211640211,False,False
24070,37,143.32432432432432,5777.66966966967,55.83783783783784,2802.584084084084,6.02042042042042,3.288888888888888,False,False
11010,61,142.4262295081967,4713.981967213114,70.75409836065573,4123.921857923497,7.979234972677593,4.762477231329689,False,False
27049,10,21.4,137.60000000000002,187.4,9165.599999999999,8.93333333333333,9.888888888888888,False,False
24062,40,119.575,5729.173717948718,77.075,3737.353205128205,5.511111111111112,8.255218855218853,False,False
27088,13,29.53846153846154,1197.7692307692307,162.53846153846155,8323.76923076923,3.0034188034188034,11.603418803418803,False,False
88215,10,14.6,614.2666666666668,49.1,9093.21111111111,7.864197530864197,7.2444444444444445,False,False
88355,696,96.1853448275862,4450.577108657901,94.00287356321839,5843.3755312991,3.3448441247002396,1.123617123617123,False,False
88120,54,146.2962962962963,7869.608665269043,73.27777777777777,3086.2044025157234,5.40082304526749,3.5012345679012347,False,False
88250,219,73.00456621004567,2130.3073185036237,122.99543378995433,9223.059612081604,4.245357686453577,1.936174530695079,False,False
88495,47,93.7872340425532,8161.9537465309895,87.29787234042553,5468.822386679001,3.6364066193853435,4.796690307328606,False,False
88165,72,160.44444444444446,9929.208137715179,118.94444444444444,5860.701095461658,4.933333333333333,4.832098765432097,False,False
88360,987,41.6838905775076,1646.4273568561687,182.209726443769,20072.819053373365,2.1178094591536545,3.80893842170438,False,False
88285,27,48.925925925925924,1260.6096866096866,165.85185185185185,21772.97720797721,4.990946502057614,5.907818930041152,False,False
