Departamento,Cod_Dep,Cod_Mun,Mesa,Archivo,Blanco_Puro_Pct,Diagnostico
AMAZONAS,60,001,2,E14_PRE_60_001_002_00_03_002_6948_Mesa_2.pdf,0.0,🟢 ESCANEO REAL
AMAZONAS,60,001,3,E14_PRE_60_001_001_00_01_003_6947_Mesa_3.pdf,0.0,🟢 ESCANEO REAL
AMAZONAS,60,001,3,E14_PRE_60_001_002_00_01_003_6948_Mesa_3.pdf,0.0,🟢 ESCANEO REAL
AMAZONAS,60,001,12,E14_PRE_60_001_001_00_01_012_6947_Mesa_12.pdf,0.0,🟢 ESCANEO REAL
AMAZONAS,60,001,11,E14_PRE_60_001_002_00_02_011_6949_Mesa_11.pdf,0.0,🟢 ESCANEO REAL
AMAZONAS,60,001,12,E14_PRE_60_001_002_00_02_012_6949_Mesa_12.pdf,0.0,🟢 ESCANEO REAL
AMAZONAS,60,001,7,E14_PRE_60_001_002_00_01_007_6948_Mesa_7.pdf,0.0,🟢 ESCANEO REAL
AMAZONAS,60,001,10,E14_PRE_60_001_002_00_02_010_6949_Mesa_10.pdf,0.0,🟢 ESCANEO REAL
AMAZONAS,60,001,2,E14_PRE_60_001_001_00_02_002_6947_Mesa_2.pdf,0.0,🟢 ESCANEO REAL
AMAZONAS,60,001,17,E14_PRE_60_001_002_00_03_017_6948_Mesa_17.pdf,0.0,🟢 ESCANEO REAL
AMAZONAS,60,001,26,E14_PRE_60_001_001_00_01_026_6947_Mesa_26.pdf,0.0,🟢 ESCANEO REAL
AMAZONAS,60,017,1,E14_PRE_60_017_000_00_00_001_3085_Mesa_1.pdf,0.0,🟢 ESCANEO REAL
AMAZONAS,60,001,1,E14_PRE_60_001_099_00_75_001_6949_Mesa_1.pdf,0.0,🟢 ESCANEO REAL
AMAZONAS,60,007,1,E14_PRE_60_007_099_00_22_001_3090_Mesa_1.pdf,0.0,🟢 ESCANEO REAL
AMAZONAS,60,001,19,E14_PRE_60_001_002_00_02_019_6949_Mesa_19.pdf,0.0,🟢 ESCANEO REAL
AMAZONAS,60,001,10,E14_PRE_60_001_001_00_02_010_6947_Mesa_10.pdf,0.0,🟢 ESCANEO REAL
AMAZONAS,60,001,2,E14_PRE_60_001_002_00_01_002_6948_Mesa_2.pdf,0.01,🟢 ESCANEO REAL
AMAZONAS,60,001,9,E14_PRE_60_001_002_00_01_009_6948_Mesa_9.pdf,0.0,🟢 ESCANEO REAL
AMAZONAS,60,001,6,E14_PRE_60_001_002_00_01_006_6948_Mesa_6.pdf,0.0,🟢 ESCANEO REAL
AMAZONAS,60,040,1,E14_PRE_60_040_000_00_00_001_3085_Mesa_1.pdf,0.0,🟢 ESCANEO REAL
AMAZONAS,60,001,5,E14_PRE_60_001_002_00_03_005_6948_Mesa_5.pdf,0.0,🟢 ESCANEO REAL
AMAZONAS,60,013,2,E14_PRE_60_013_000_00_00_002_3085_Mesa_2.pdf,0.0,🟢 ESCANEO REAL
AMAZONAS,60,001,21,E14_PRE_60_001_002_00_03_021_6948_Mesa_21.pdf,0.0,🟢 ESCANEO REAL
AMAZONAS,60,001,11,E14_PRE_60_001_001_00_02_011_6947_Mesa_11.pdf,0.0,🟢 ESCANEO REAL
AMAZONAS,60,001,11,E14_PRE_60_001_002_00_01_011_6948_Mesa_11.pdf,0.0,🟢 ESCANEO REAL
AMAZONAS,60,007,1,E14_PRE_60_007_099_00_20_001_3090_Mesa_1.pdf,0.0,🟢 ESCANEO REAL
AMAZONAS,60,001,21,E14_PRE_60_001_001_00_01_021_6947_Mesa_21.pdf,0.0,🟢 ESCANEO REAL
AMAZONAS,60,001,29,E14_PRE_60_001_002_00_02_029_6949_Mesa_29.pdf,0.0,🟢 ESCANEO REAL
AMAZONAS,60,001,4,E14_PRE_60_001_002_00_03_004_6948_Mesa_4.pdf,0.0,🟢 ESCANEO REAL
AMAZONAS,60,001,25,E14_PRE_60_001_001_00_01_025_6947_Mesa_25.pdf,0.0,🟢 ESCANEO REAL
AMAZONAS,60,016,1,E14_PRE_60_016_000_00_00_001_3085_Mesa_1.pdf,0.0,🟢 ESCANEO REAL
AMAZONAS,60,001,1,E14_PRE_60_001_001_00_03_001_6948_Mesa_1.pdf,0.0,🟢 ESCANEO REAL
AMAZONAS,60,001,2,E14_PRE_60_001_001_00_03_002_6948_Mesa_2.pdf,0.0,🟢 ESCANEO REAL
AMAZONAS,60,001,14,E14_PRE_60_001_002_00_02_014_6949_Mesa_14.pdf,0.0,🟢 ESCANEO REAL
AMAZONAS,60,001,14,E14_PRE_60_001_002_00_03_014_6948_Mesa_14.pdf,0.0,🟢 ESCANEO REAL
AMAZONAS,60,001,16,E14_PRE_60_001_002_00_03_016_6948_Mesa_16.pdf,0.0,🟢 ESCANEO REAL
AMAZONAS,60,001,18,E14_PRE_60_001_002_00_03_018_6948_Mesa_18.pdf,0.0,🟢 ESCANEO REAL
AMAZONAS,60,001,17,E14_PRE_60_001_002_00_01_017_6948_Mesa_17.pdf,0.0,🟢 ESCANEO REAL
AMAZONAS,60,001,1,E14_PRE_60_001_099_00_76_001_6949_Mesa_1.pdf,0.0,🟢 ESCANEO REAL
AMAZONAS,60,001,11,E14_PRE_60_001_001_00_01_011_6947_Mesa_11.pdf,0.0,🟢 ESCANEO REAL
AMAZONAS,60,007,10,E14_PRE_60_007_000_00_00_010_3090_Mesa_10.pdf,0.0,🟢 ESCANEO REAL
AMAZONAS,60,001,27,E14_PRE_60_001_002_00_02_027_6949_Mesa_27.pdf,0.0,🟢 ESCANEO REAL
AMAZONAS,60,001,1,E14_PRE_60_001_099_00_74_001_6949_Mesa_1.pdf,0.0,🟢 ESCANEO REAL
AMAZONAS,60,001,7,E14_PRE_60_001_001_00_02_007_6947_Mesa_7.pdf,0.0,🟢 ESCANEO REAL
AMAZONAS,60,001,23,E14_PRE_60_001_002_00_02_023_6949_Mesa_23.pdf,0.0,🟢 ESCANEO REAL
AMAZONAS,60,001,2,E14_PRE_60_001_099_00_73_002_6949_Mesa_2.pdf,0.0,🟢 ESCANEO REAL
AMAZONAS,60,001,3,E14_PRE_60_001_001_00_02_003_6947_Mesa_3.pdf,0.0,🟢 ESCANEO REAL
AMAZONAS,60,001,2,E14_PRE_60_001_001_00_01_002_6947_Mesa_2.pdf,0.0,🟢 ESCANEO REAL
AMAZONAS,60,001,3,E14_PRE_60_001_099_00_75_003_6949_Mesa_3.pdf,0.0,🟢 ESCANEO REAL
AMAZONAS,60,001,24,E14_PRE_60_001_001_00_01_024_6947_Mesa_24.pdf,0.0,🟢 ESCANEO REAL
AMAZONAS,60,001,10,E14_PRE_60_001_002_00_01_010_6948_Mesa_10.pdf,0.0,🟢 ESCANEO REAL
AMAZONAS,60,007,9,E14_PRE_60_007_000_00_00_009_3090_Mesa_9.pdf,0.0,🟢 ESCANEO REAL
AMAZONAS,60,001,1,E14_PRE_60_001_001_00_01_001_6947_Mesa_1.pdf,0.0,🟢 ESCANEO REAL
AMAZONAS,60,001,6,E14_PRE_60_001_002_00_03_006_6948_Mesa_6.pdf,0.0,🟢 ESCANEO REAL
AMAZONAS,60,010,1,E14_PRE_60_010_000_00_00_001_3085_Mesa_1.pdf,0.0,🟢 ESCANEO REAL
AMAZONAS,60,021,2,E14_PRE_60_021_000_00_00_002_3085_Mesa_2.pdf,0.0,🟢 ESCANEO REAL
AMAZONAS,60,001,4,E14_PRE_60_001_099_00_70_004_6949_Mesa_4.pdf,0.0,🟢 ESCANEO REAL
AMAZONAS,60,022,1,E14_PRE_60_022_099_00_01_001_3085_Mesa_1.pdf,0.0,🟢 ESCANEO REAL
AMAZONAS,60,001,15,E14_PRE_60_001_002_00_02_015_6949_Mesa_15.pdf,0.0,🟢 ESCANEO REAL
AMAZONAS,60,001,7,E14_PRE_60_001_002_00_03_007_6948_Mesa_7.pdf,0.0,🟢 ESCANEO REAL
AMAZONAS,60,001,2,E14_PRE_60_001_099_00_75_002_6949_Mesa_2.pdf,0.0,🟢 ESCANEO REAL
AMAZONAS,60,007,7,E14_PRE_60_007_000_00_00_007_3090_Mesa_7.pdf,0.0,🟢 ESCANEO REAL
AMAZONAS,60,001,23,E14_PRE_60_001_001_00_01_023_6947_Mesa_23.pdf,0.0,🟢 ESCANEO REAL
AMAZONAS,60,001,20,E14_PRE_60_001_001_00_01_020_6947_Mesa_20.pdf,0.0,🟢 ESCANEO REAL
AMAZONAS,60,001,13,E14_PRE_60_001_001_00_01_013_6947_Mesa_13.pdf,0.0,🟢 ESCANEO REAL
AMAZONAS,60,001,12,E14_PRE_60_001_002_00_01_012_6948_Mesa_12.pdf,0.0,🟢 ESCANEO REAL
AMAZONAS,60,022,4,E14_PRE_60_022_000_00_00_004_3085_Mesa_4.pdf,0.0,🟢 ESCANEO REAL
AMAZONAS,60,007,3,E14_PRE_60_007_000_00_00_003_3090_Mesa_3.pdf,0.0,🟢 ESCANEO REAL
AMAZONAS,60,001,1,E14_PRE_60_001_098_00_01_001_6949_Mesa_1.pdf,0.0,🟢 ESCANEO REAL
AMAZONAS,60,001,22,E14_PRE_60_001_001_00_01_022_6947_Mesa_22.pdf,0.0,🟢 ESCANEO REAL
AMAZONAS,60,001,7,E14_PRE_60_001_002_00_02_007_6949_Mesa_7.pdf,0.0,🟢 ESCANEO REAL
AMAZONAS,60,001,9,E14_PRE_60_001_001_00_01_009_6947_Mesa_9.pdf,0.0,🟢 ESCANEO REAL
AMAZONAS,60,001,1,E14_PRE_60_001_002_00_02_001_6949_Mesa_1.pdf,0.01,🟢 ESCANEO REAL
AMAZONAS,60,001,8,E14_PRE_60_001_002_00_01_008_6948_Mesa_8.pdf,0.0,🟢 ESCANEO REAL
AMAZONAS,60,007,1,E14_PRE_60_007_000_00_00_001_3090_Mesa_1.pdf,0.0,🟢 ESCANEO REAL
AMAZONAS,60,001,17,E14_PRE_60_001_001_00_01_017_6947_Mesa_17.pdf,0.0,🟢 ESCANEO REAL
AMAZONAS,60,016,3,E14_PRE_60_016_000_00_00_003_3085_Mesa_3.pdf,0.0,🟢 ESCANEO REAL
AMAZONAS,60,001,1,E14_PRE_60_001_099_00_70_001_6949_Mesa_1.pdf,0.0,🟢 ESCANEO REAL
AMAZONAS,60,007,4,E14_PRE_60_007_000_00_00_004_3090_Mesa_4.pdf,0.0,🟢 ESCANEO REAL
AMAZONAS,60,001,10,E14_PRE_60_001_001_00_01_010_6947_Mesa_10.pdf,0.0,🟢 ESCANEO REAL
AMAZONAS,60,001,8,E14_PRE_60_001_001_00_01_008_6947_Mesa_8.pdf,0.0,🟢 ESCANEO REAL
AMAZONAS,60,013,4,E14_PRE_60_013_000_00_00_004_3085_Mesa_4.pdf,0.0,🟢 ESCANEO REAL
AMAZONAS,60,001,1,E14_PRE_60_001_099_00_72_001_6949_Mesa_1.pdf,0.0,🟢 ESCANEO REAL
AMAZONAS,60,001,26,E14_PRE_60_001_002_00_02_026_6949_Mesa_26.pdf,0.0,🟢 ESCANEO REAL
AMAZONAS,60,016,4,E14_PRE_60_016_000_00_00_004_3085_Mesa_4.pdf,0.0,🟢 ESCANEO REAL
AMAZONAS,60,001,1,E14_PRE_60_001_099_00_73_001_6949_Mesa_1.pdf,0.0,🟢 ESCANEO REAL
AMAZONAS,60,022,1,E14_PRE_60_022_000_00_00_001_3085_Mesa_1.pdf,0.0,🟢 ESCANEO REAL
AMAZONAS,60,001,1,E14_PRE_60_001_001_00_02_001_6947_Mesa_1.pdf,0.0,🟢 ESCANEO REAL
AMAZONAS,60,001,24,E14_PRE_60_001_002_00_03_024_6948_Mesa_24.pdf,0.0,🟢 ESCANEO REAL
AMAZONAS,60,001,10,E14_PRE_60_001_002_00_03_010_6948_Mesa_10.pdf,0.0,🟢 ESCANEO REAL
AMAZONAS,60,001,22,E14_PRE_60_001_002_00_03_022_6948_Mesa_22.pdf,0.0,🟢 ESCANEO REAL
AMAZONAS,60,001,3,E14_PRE_60_001_001_00_03_003_6948_Mesa_3.pdf,0.0,🟢 ESCANEO REAL
AMAZONAS,60,007,12,E14_PRE_60_007_000_00_00_012_3090_Mesa_12.pdf,0.0,🟢 ESCANEO REAL
AMAZONAS,60,001,1,E14_PRE_60_001_099_00_77_001_6949_Mesa_1.pdf,0.0,🟢 ESCANEO REAL
AMAZONAS,60,001,5,E14_PRE_60_001_002_00_01_005_6948_Mesa_5.pdf,0.0,🟢 ESCANEO REAL
AMAZONAS,60,001,19,E14_PRE_60_001_001_00_01_019_6947_Mesa_19.pdf,0.0,🟢 ESCANEO REAL
AMAZONAS,60,007,5,E14_PRE_60_007_000_00_00_005_3090_Mesa_5.pdf,0.0,🟢 ESCANEO REAL
AMAZONAS,60,001,5,E14_PRE_60_001_001_00_01_005_6947_Mesa_5.pdf,0.0,🟢 ESCANEO REAL
AMAZONAS,60,001,9,E14_PRE_60_001_002_00_03_009_6948_Mesa_9.pdf,0.0,🟢 ESCANEO REAL
AMAZONAS,60,001,11,E14_PRE_60_001_002_00_03_011_6948_Mesa_11.pdf,0.0,🟢 ESCANEO REAL
ANTIOQUIA,01,001,24,E14_PRE_01_001_099_18_10_024_5098_Mesa_24.pdf,0.0,🟢 ESCANEO REAL
ANTIOQUIA,01,001,1,E14_PRE_01_001_019_10_02_001_5069_Mesa_1.pdf,0.0,🟢 ESCANEO REAL
ANTIOQUIA,01,291,5,E14_PRE_01_291_000_00_00_005_2119_Mesa_5.pdf,0.0,🟢 ESCANEO REAL
ANTIOQUIA,01,259,10,E14_PRE_01_259_002_00_01_010_5258_Mesa_10.pdf,0.0,🟢 ESCANEO REAL
ANTIOQUIA,01,109,9,E14_PRE_01_109_000_00_01_009_5166_Mesa_9.pdf,0.0,🟢 ESCANEO REAL
ANTIOQUIA,01,001,5,E14_PRE_01_001_032_16_03_005_5040_Mesa_5.pdf,0.0,🟢 ESCANEO REAL
ANTIOQUIA,01,121,7,E14_PRE_01_121_001_00_01_007_5171_Mesa_7.pdf,0.0,🟢 ESCANEO REAL
ANTIOQUIA,01,151,29,E14_PRE_01_151_003_02_02_029_5198_Mesa_29.pdf,0.0,🟢 ESCANEO REAL
ANTIOQUIA,01,166,5,E14_PRE_01_166_002_00_02_005_5212_Mesa_5.pdf,0.0,🟢 ESCANEO REAL
ANTIOQUIA,01,301,10,E14_PRE_01_301_000_00_01_010_5274_Mesa_10.pdf,0.0,🟢 ESCANEO REAL
ANTIOQUIA,01,035,8,E14_PRE_01_035_001_01_02_008_5109_Mesa_8.pdf,0.01,🟢 ESCANEO REAL
ANTIOQUIA,01,001,30,E14_PRE_01_001_027_14_01_030_5073_Mesa_30.pdf,0.0,🟢 ESCANEO REAL
ANTIOQUIA,01,282,15,E14_PRE_01_282_000_00_00_015_2114_Mesa_15.pdf,0.0,🟢 ESCANEO REAL
ANTIOQUIA,01,082,13,E14_PRE_01_082_001_00_02_013_5150_Mesa_13.pdf,0.0,🟢 ESCANEO REAL
ANTIOQUIA,01,001,7,E14_PRE_01_001_031_16_07_007_5039_Mesa_7.pdf,0.0,🟢 ESCANEO REAL
ANTIOQUIA,01,106,10,E14_PRE_01_106_003_00_01_010_5165_Mesa_10.pdf,0.0,🟢 ESCANEO REAL
ANTIOQUIA,01,001,6,E14_PRE_01_001_010_05_05_006_5057_Mesa_6.pdf,0.0,🟢 ESCANEO REAL
ANTIOQUIA,01,148,10,E14_PRE_01_148_000_00_00_010_2057_Mesa_10.pdf,0.0,🟢 ESCANEO REAL
ANTIOQUIA,01,205,10,E14_PRE_01_205_001_00_01_010_5226_Mesa_10.pdf,0.0,🟢 ESCANEO REAL
ANTIOQUIA,01,088,1,E14_PRE_01_088_002_00_03_001_5155_Mesa_1.pdf,0.0,🟢 ESCANEO REAL
ANTIOQUIA,01,187,5,E14_PRE_01_187_000_00_00_005_2073_Mesa_5.pdf,0.0,🟢 ESCANEO REAL
ANTIOQUIA,01,049,36,E14_PRE_01_049_002_02_01_036_5122_Mesa_36.pdf,0.0,🟢 ESCANEO REAL
ANTIOQUIA,01,001,13,E14_PRE_01_001_014_07_04_013_5096_Mesa_13.pdf,0.0,🟢 ESCANEO REAL
ANTIOQUIA,01,082,21,E14_PRE_01_082_002_00_02_021_5152_Mesa_21.pdf,0.0,🟢 ESCANEO REAL
ANTIOQUIA,01,001,1,E14_PRE_01_001_001_01_04_001_5003_Mesa_1.pdf,0.0,🟢 ESCANEO REAL
ANTIOQUIA,01,001,20,E14_PRE_01_001_006_03_02_020_5010_Mesa_20.pdf,0.0,🟢 ESCANEO REAL
ANTIOQUIA,01,218,12,E14_PRE_01_218_003_00_01_012_5244_Mesa_12.pdf,0.0,🟢 ESCANEO REAL
ANTIOQUIA,01,001,6,E14_PRE_01_001_011_06_05_006_5055_Mesa_6.pdf,0.0,🟢 ESCANEO REAL
ANTIOQUIA,01,166,9,E14_PRE_01_166_002_00_01_009_5214_Mesa_9.pdf,0.0,🟢 ESCANEO REAL
ANTIOQUIA,01,145,23,E14_PRE_01_145_000_00_00_023_2056_Mesa_23.pdf,0.0,🟢 ESCANEO REAL
ANTIOQUIA,01,301,5,E14_PRE_01_301_000_00_01_005_5274_Mesa_5.pdf,0.0,🟢 ESCANEO REAL
ANTIOQUIA,01,163,1,E14_PRE_01_163_002_00_01_001_5210_Mesa_1.pdf,0.0,🟢 ESCANEO REAL
ANTIOQUIA,01,231,2,E14_PRE_01_231_099_00_86_002_5246_Mesa_2.pdf,0.0,🟢 ESCANEO REAL
ANTIOQUIA,01,001,12,E14_PRE_01_001_023_12_04_012_5030_Mesa_12.pdf,0.0,🟢 ESCANEO REAL
ANTIOQUIA,01,028,20,E14_PRE_01_028_000_00_00_020_2009_Mesa_20.pdf,0.0,🟢 ESCANEO REAL
ANTIOQUIA,01,035,10,E14_PRE_01_035_004_04_05_010_5112_Mesa_10.pdf,0.07,🟢 ESCANEO REAL
ANTIOQUIA,01,035,20,E14_PRE_01_035_003_03_02_020_5112_Mesa_20.pdf,0.02,🟢 ESCANEO REAL
ANTIOQUIA,01,001,7,E14_PRE_01_001_019_10_04_007_5068_Mesa_7.pdf,0.0,🟢 ESCANEO REAL
ANTIOQUIA,01,001,12,E14_PRE_01_001_002_01_05_012_5016_Mesa_12.pdf,0.08,🟢 ESCANEO REAL
ANTIOQUIA,01,001,19,E14_PRE_01_001_029_15_06_019_5062_Mesa_19.pdf,0.0,🟢 ESCANEO REAL
ANTIOQUIA,01,163,3,E14_PRE_01_163_099_01_47_003_5211_Mesa_3.pdf,0.0,🟢 ESCANEO REAL
ANTIOQUIA,01,001,28,E14_PRE_01_001_030_16_01_028_5043_Mesa_28.pdf,0.0,🟢 ESCANEO REAL
ANTIOQUIA,01,001,8,E14_PRE_01_001_099_18_A2_008_5099_Mesa_8.pdf,0.0,🟢 ESCANEO REAL
ANTIOQUIA,01,058,1,E14_PRE_01_058_098_00_01_001_5140_Mesa_1.pdf,0.02,🟢 ESCANEO REAL
ANTIOQUIA,01,001,17,E14_PRE_01_001_099_18_10_017_5098_Mesa_17.pdf,0.0,🟢 ESCANEO REAL
ANTIOQUIA,01,218,28,E14_PRE_01_218_001_00_03_028_5241_Mesa_28.pdf,0.02,🟢 ESCANEO REAL
ANTIOQUIA,01,088,3,E14_PRE_01_088_002_00_08_003_5156_Mesa_3.pdf,0.0,🟢 ESCANEO REAL
ANTIOQUIA,01,196,18,E14_PRE_01_196_000_00_01_018_2078_Mesa_18.pdf,0.0,🟢 ESCANEO REAL
ANTIOQUIA,01,256,2,E14_PRE_01_256_001_00_03_002_5255_Mesa_2.pdf,0.0,🟢 ESCANEO REAL
ANTIOQUIA,01,178,21,E14_PRE_01_178_003_00_01_021_5220_Mesa_21.pdf,0.0,🟢 ESCANEO REAL
ANTIOQUIA,01,237,5,E14_PRE_01_237_001_00_01_005_5249_Mesa_5.pdf,0.0,🟢 ESCANEO REAL
ANTIOQUIA,01,088,22,E14_PRE_01_088_002_00_04_022_5156_Mesa_22.pdf,0.0,🟢 ESCANEO REAL
ANTIOQUIA,01,001,15,E14_PRE_01_001_019_10_05_015_5065_Mesa_15.pdf,0.0,🟢 ESCANEO REAL
ANTIOQUIA,01,001,29,E14_PRE_01_001_007_04_04_029_5077_Mesa_29.pdf,0.0,🟢 ESCANEO REAL
ANTIOQUIA,01,001,2,E14_PRE_01_001_001_01_03_002_5003_Mesa_2.pdf,0.0,🟢 ESCANEO REAL
ANTIOQUIA,01,178,13,E14_PRE_01_178_001_00_01_013_5218_Mesa_13.pdf,0.0,🟢 ESCANEO REAL
ANTIOQUIA,01,220,15,E14_PRE_01_220_000_00_00_015_2088_Mesa_15.pdf,0.0,🟢 ESCANEO REAL
ANTIOQUIA,01,001,19,E14_PRE_01_001_023_12_04_019_5030_Mesa_19.pdf,0.0,🟢 ESCANEO REAL
ANTIOQUIA,01,214,12,E14_PRE_01_214_004_04_02_012_5238_Mesa_12.pdf,1.11,🔴 DEEPFAKE SINTÉTICO
ANTIOQUIA,01,001,8,E14_PRE_01_001_030_16_04_008_5037_Mesa_8.pdf,0.0,🟢 ESCANEO REAL
ANTIOQUIA,01,280,3,E14_PRE_01_280_002_00_02_003_5265_Mesa_3.pdf,0.0,🟢 ESCANEO REAL
ANTIOQUIA,01,001,1,E14_PRE_01_001_016_08_05_001_5083_Mesa_1.pdf,0.0,🟢 ESCANEO REAL
ANTIOQUIA,01,211,7,E14_PRE_01_211_099_00_70_007_5231_Mesa_7.pdf,0.0,🟢 ESCANEO REAL
ANTIOQUIA,01,001,18,E14_PRE_01_001_029_15_03_018_5072_Mesa_18.pdf,0.0,🟢 ESCANEO REAL
ANTIOQUIA,01,001,14,E14_PRE_01_001_021_11_01_014_5026_Mesa_14.pdf,0.0,🟢 ESCANEO REAL
ANTIOQUIA,01,247,2,E14_PRE_01_247_001_00_01_002_5251_Mesa_2.pdf,0.0,🟢 ESCANEO REAL
ANTIOQUIA,01,151,44,E14_PRE_01_151_002_01_01_044_5193_Mesa_44.pdf,0.03,🟢 ESCANEO REAL
ANTIOQUIA,01,115,10,E14_PRE_01_115_000_00_00_010_2044_Mesa_10.pdf,0.0,🟢 ESCANEO REAL
ANTIOQUIA,01,035,3,E14_PRE_01_035_001_01_03_003_5109_Mesa_3.pdf,0.01,🟢 ESCANEO REAL
ANTIOQUIA,01,205,1,E14_PRE_01_205_001_00_02_001_5227_Mesa_1.pdf,0.0,🟢 ESCANEO REAL
ANTIOQUIA,01,211,8,E14_PRE_01_211_000_00_02_008_5231_Mesa_8.pdf,0.0,🟢 ESCANEO REAL
ANTIOQUIA,01,001,11,E14_PRE_01_001_007_04_04_011_5077_Mesa_11.pdf,0.0,🟢 ESCANEO REAL
ANTIOQUIA,01,256,5,E14_PRE_01_256_001_00_01_005_5255_Mesa_5.pdf,0.0,🟢 ESCANEO REAL
ANTIOQUIA,01,295,2,E14_PRE_01_295_002_00_01_002_5272_Mesa_2.pdf,0.0,🟢 ESCANEO REAL
ANTIOQUIA,01,151,16,E14_PRE_01_151_004_03_02_016_5197_Mesa_16.pdf,0.04,🟢 ESCANEO REAL
ANTIOQUIA,01,178,4,E14_PRE_01_178_002_00_02_004_5220_Mesa_4.pdf,0.0,🟢 ESCANEO REAL
ANTIOQUIA,01,172,10,E14_PRE_01_172_000_00_00_010_2068_Mesa_10.pdf,1.12,🔴 DEEPFAKE SINTÉTICO
ANTIOQUIA,01,103,4,E14_PRE_01_103_001_00_02_004_5159_Mesa_4.pdf,0.0,🟢 ESCANEO REAL
ANTIOQUIA,01,121,14,E14_PRE_01_121_007_00_02_014_5181_Mesa_14.pdf,0.0,🟢 ESCANEO REAL
ANTIOQUIA,01,151,9,E14_PRE_01_151_090_00_02_009_5204_Mesa_9.pdf,0.0,🟢 ESCANEO REAL
ANTIOQUIA,01,049,13,E14_PRE_01_049_010_10_02_013_5137_Mesa_13.pdf,0.0,🟢 ESCANEO REAL
ANTIOQUIA,01,166,11,E14_PRE_01_166_002_00_01_011_5214_Mesa_11.pdf,0.0,🟢 ESCANEO REAL
ANTIOQUIA,01,080,15,E14_PRE_01_080_001_00_01_015_5147_Mesa_15.pdf,0.02,🟢 ESCANEO REAL
ANTIOQUIA,01,001,45,E14_PRE_01_001_027_14_01_045_5073_Mesa_45.pdf,0.0,🟢 ESCANEO REAL
ANTIOQUIA,01,062,1,E14_PRE_01_062_099_00_50_001_2024_Mesa_1.pdf,0.0,🟢 ESCANEO REAL
ANTIOQUIA,01,112,42,E14_PRE_01_112_000_00_00_042_2043_Mesa_42.pdf,0.0,🟢 ESCANEO REAL
ANTIOQUIA,01,214,18,E14_PRE_01_214_003_02_01_018_5236_Mesa_18.pdf,0.0,🟢 ESCANEO REAL
ANTIOQUIA,01,001,16,E14_PRE_01_001_019_10_01_016_5089_Mesa_16.pdf,0.0,🟢 ESCANEO REAL
ANTIOQUIA,01,001,16,E14_PRE_01_001_028_14_01_016_5070_Mesa_16.pdf,0.0,🟢 ESCANEO REAL
ANTIOQUIA,01,192,8,E14_PRE_01_192_099_00_10_008_5224_Mesa_8.pdf,0.0,🟢 ESCANEO REAL
ANTIOQUIA,01,082,5,E14_PRE_01_082_099_07_40_005_5151_Mesa_5.pdf,0.0,🟢 ESCANEO REAL
ANTIOQUIA,01,103,4,E14_PRE_01_103_003_00_03_004_5161_Mesa_4.pdf,0.0,🟢 ESCANEO REAL
ANTIOQUIA,01,151,29,E14_PRE_01_151_006_04_01_029_5204_Mesa_29.pdf,0.0,🟢 ESCANEO REAL
ANTIOQUIA,01,187,2,E14_PRE_01_187_000_00_00_002_2073_Mesa_2.pdf,0.01,🟢 ESCANEO REAL
ANTIOQUIA,01,214,14,E14_PRE_01_214_002_01_01_014_5233_Mesa_14.pdf,0.0,🟢 ESCANEO REAL
ANTIOQUIA,01,205,9,E14_PRE_01_205_002_00_03_009_5227_Mesa_9.pdf,0.0,🟢 ESCANEO REAL
ANTIOQUIA,01,001,2,E14_PRE_01_001_032_16_02_002_5035_Mesa_2.pdf,0.0,🟢 ESCANEO REAL
ANTIOQUIA,01,121,1,E14_PRE_01_121_099_00_01_001_5180_Mesa_1.pdf,9.25,🔴 DEEPFAKE SINTÉTICO
ANTIOQUIA,01,214,6,E14_PRE_01_214_004_04_02_006_5238_Mesa_6.pdf,1.12,🔴 DEEPFAKE SINTÉTICO
ARAUCA,40,001,4,E14_PRE_40_001_001_01_03_004_6812_Mesa_4.pdf,0.0,🟢 ESCANEO REAL
ARAUCA,40,020,3,E14_PRE_40_020_000_00_00_003_2994_Mesa_3.pdf,6.79,🔴 DEEPFAKE SINTÉTICO
ARAUCA,40,025,4,E14_PRE_40_025_002_00_02_004_6824_Mesa_4.pdf,24.34,🔴 DEEPFAKE SINTÉTICO
ANTIOQUIA,01,001,25,E14_PRE_01_001_026_13_01_025_5019_Mesa_25.pdf,0.0,🟢 ESCANEO REAL
ARAUCA,40,001,7,E14_PRE_40_001_003_03_04_007_6815_Mesa_7.pdf,0.0,🟢 ESCANEO REAL
ARAUCA,40,025,11,E14_PRE_40_025_002_00_01_011_6824_Mesa_11.pdf,30.38,🔴 DEEPFAKE SINTÉTICO
ARAUCA,40,005,9,E14_PRE_40_005_001_00_03_009_6817_Mesa_9.pdf,29.34,🔴 DEEPFAKE SINTÉTICO
ARAUCA,40,005,3,E14_PRE_40_005_002_00_01_003_6817_Mesa_3.pdf,39.89,🔴 DEEPFAKE SINTÉTICO
ARAUCA,40,001,4,E14_PRE_40_001_001_02_04_004_6812_Mesa_4.pdf,0.0,🟢 ESCANEO REAL
ARAUCA,40,017,4,E14_PRE_40_017_000_00_02_004_2993_Mesa_4.pdf,3.63,🔴 DEEPFAKE SINTÉTICO
ARAUCA,40,025,14,E14_PRE_40_025_001_00_02_014_6822_Mesa_14.pdf,9.17,🔴 DEEPFAKE SINTÉTICO
ARAUCA,40,005,1,E14_PRE_40_005_001_00_03_001_6817_Mesa_1.pdf,26.0,🔴 DEEPFAKE SINTÉTICO
ARAUCA,40,001,29,E14_PRE_40_001_001_01_01_029_6811_Mesa_29.pdf,0.0,🟢 ESCANEO REAL
ARAUCA,40,001,18,E14_PRE_40_001_001_02_02_018_6811_Mesa_18.pdf,0.0,🟢 ESCANEO REAL
ARAUCA,40,010,4,E14_PRE_40_010_099_00_06_004_6821_Mesa_4.pdf,25.36,🔴 DEEPFAKE SINTÉTICO
ARAUCA,40,010,5,E14_PRE_40_010_001_00_01_005_6819_Mesa_5.pdf,21.54,🔴 DEEPFAKE SINTÉTICO
ARAUCA,40,010,3,E14_PRE_40_010_099_00_16_003_6821_Mesa_3.pdf,26.72,🔴 DEEPFAKE SINTÉTICO
ARAUCA,40,010,11,E14_PRE_40_010_001_00_02_011_6819_Mesa_11.pdf,26.04,🔴 DEEPFAKE SINTÉTICO
ARAUCA,40,001,3,E14_PRE_40_001_002_04_01_003_6813_Mesa_3.pdf,0.0,🟢 ESCANEO REAL
ARAUCA,40,025,14,E14_PRE_40_025_001_00_03_014_6823_Mesa_14.pdf,6.03,🔴 DEEPFAKE SINTÉTICO
ARAUCA,40,010,6,E14_PRE_40_010_002_00_01_006_6820_Mesa_6.pdf,8.68,🔴 DEEPFAKE SINTÉTICO
ARAUCA,40,010,13,E14_PRE_40_010_002_00_02_013_6820_Mesa_13.pdf,7.88,🔴 DEEPFAKE SINTÉTICO
ARAUCA,40,010,10,E14_PRE_40_010_002_00_01_010_6820_Mesa_10.pdf,18.81,🔴 DEEPFAKE SINTÉTICO
ARAUCA,40,005,13,E14_PRE_40_005_001_00_01_013_6816_Mesa_13.pdf,25.93,🔴 DEEPFAKE SINTÉTICO
ARAUCA,40,001,3,E14_PRE_40_001_002_05_03_003_6813_Mesa_3.pdf,0.0,🟢 ESCANEO REAL
ARAUCA,40,001,19,E14_PRE_40_001_002_05_03_019_6813_Mesa_19.pdf,0.0,🟢 ESCANEO REAL
ARAUCA,40,001,36,E14_PRE_40_001_002_04_02_036_6812_Mesa_36.pdf,0.0,🟢 ESCANEO REAL
ARAUCA,40,025,14,E14_PRE_40_025_001_00_01_014_6822_Mesa_14.pdf,18.13,🔴 DEEPFAKE SINTÉTICO
ARAUCA,40,001,14,E14_PRE_40_001_001_01_01_014_6811_Mesa_14.pdf,0.0,🟢 ESCANEO REAL
ARAUCA,40,020,12,E14_PRE_40_020_000_00_00_012_2994_Mesa_12.pdf,2.73,🔴 DEEPFAKE SINTÉTICO
ARAUCA,40,025,19,E14_PRE_40_025_001_00_02_019_6822_Mesa_19.pdf,7.76,🔴 DEEPFAKE SINTÉTICO
ARAUCA,40,025,15,E14_PRE_40_025_002_00_02_015_6824_Mesa_15.pdf,28.5,🔴 DEEPFAKE SINTÉTICO
ARAUCA,40,001,1,E14_PRE_40_001_002_05_05_001_6815_Mesa_1.pdf,0.0,🟢 ESCANEO REAL
ARAUCA,40,015,3,E14_PRE_40_015_000_00_00_003_2992_Mesa_3.pdf,0.0,🟢 ESCANEO REAL
ARAUCA,40,025,25,E14_PRE_40_025_001_00_02_025_6822_Mesa_25.pdf,7.39,🔴 DEEPFAKE SINTÉTICO
ARAUCA,40,025,6,E14_PRE_40_025_002_00_01_006_6824_Mesa_6.pdf,30.03,🔴 DEEPFAKE SINTÉTICO
ARAUCA,40,015,11,E14_PRE_40_015_000_00_00_011_2992_Mesa_11.pdf,0.0,🟢 ESCANEO REAL
ARAUCA,40,001,19,E14_PRE_40_001_001_01_01_019_6811_Mesa_19.pdf,0.0,🟢 ESCANEO REAL
ARAUCA,40,025,1,E14_PRE_40_025_002_00_01_001_6824_Mesa_1.pdf,29.53,🔴 DEEPFAKE SINTÉTICO
ARAUCA,40,010,8,E14_PRE_40_010_099_00_45_008_6821_Mesa_8.pdf,10.41,🔴 DEEPFAKE SINTÉTICO
ARAUCA,40,001,1,E14_PRE_40_001_002_05_03_001_6813_Mesa_1.pdf,0.0,🟢 ESCANEO REAL
ARAUCA,40,005,3,E14_PRE_40_005_099_00_71_003_6818_Mesa_3.pdf,10.48,🔴 DEEPFAKE SINTÉTICO
ARAUCA,40,005,1,E14_PRE_40_005_099_00_70_001_6818_Mesa_1.pdf,11.05,🔴 DEEPFAKE SINTÉTICO
ARAUCA,40,025,4,E14_PRE_40_025_001_00_04_004_6823_Mesa_4.pdf,5.3,🔴 DEEPFAKE SINTÉTICO
ARAUCA,40,010,14,E14_PRE_40_010_001_00_02_014_6819_Mesa_14.pdf,41.39,🔴 DEEPFAKE SINTÉTICO
ARAUCA,40,025,13,E14_PRE_40_025_001_00_01_013_6822_Mesa_13.pdf,19.23,🔴 DEEPFAKE SINTÉTICO
ARAUCA,40,005,12,E14_PRE_40_005_002_00_02_012_6817_Mesa_12.pdf,27.03,🔴 DEEPFAKE SINTÉTICO
ARAUCA,40,010,4,E14_PRE_40_010_099_00_02_004_6820_Mesa_4.pdf,9.48,🔴 DEEPFAKE SINTÉTICO
ARAUCA,40,005,7,E14_PRE_40_005_099_00_60_007_6818_Mesa_7.pdf,9.24,🔴 DEEPFAKE SINTÉTICO
ARAUCA,40,025,9,E14_PRE_40_025_099_00_60_009_6823_Mesa_9.pdf,6.45,🔴 DEEPFAKE SINTÉTICO
ARAUCA,40,001,26,E14_PRE_40_001_002_04_02_026_6812_Mesa_26.pdf,0.0,🟢 ESCANEO REAL
ARAUCA,40,001,8,E14_PRE_40_001_003_03_02_008_6815_Mesa_8.pdf,0.0,🟢 ESCANEO REAL
ARAUCA,40,025,2,E14_PRE_40_025_002_00_01_002_6824_Mesa_2.pdf,28.94,🔴 DEEPFAKE SINTÉTICO
ARAUCA,40,001,4,E14_PRE_40_001_002_04_02_004_6812_Mesa_4.pdf,0.01,🟢 ESCANEO REAL
ARAUCA,40,017,13,E14_PRE_40_017_000_00_02_013_2993_Mesa_13.pdf,5.78,🔴 DEEPFAKE SINTÉTICO
ARAUCA,40,001,13,E14_PRE_40_001_002_05_03_013_6813_Mesa_13.pdf,0.0,🟢 ESCANEO REAL
ARAUCA,40,025,14,E14_PRE_40_025_002_00_02_014_6824_Mesa_14.pdf,30.06,🔴 DEEPFAKE SINTÉTICO
ARAUCA,40,025,7,E14_PRE_40_025_002_00_01_007_6824_Mesa_7.pdf,28.23,🔴 DEEPFAKE SINTÉTICO
ARAUCA,40,005,2,E14_PRE_40_005_002_00_03_002_6818_Mesa_2.pdf,11.1,🔴 DEEPFAKE SINTÉTICO
ARAUCA,40,005,5,E14_PRE_40_005_001_00_02_005_6816_Mesa_5.pdf,29.44,🔴 DEEPFAKE SINTÉTICO
ARAUCA,40,010,3,E14_PRE_40_010_002_00_02_003_6820_Mesa_3.pdf,23.79,🔴 DEEPFAKE SINTÉTICO
ARAUCA,40,001,11,E14_PRE_40_001_003_03_02_011_6815_Mesa_11.pdf,0.0,🟢 ESCANEO REAL
ARAUCA,40,010,6,E14_PRE_40_010_099_00_45_006_6821_Mesa_6.pdf,9.32,🔴 DEEPFAKE SINTÉTICO
ARAUCA,40,020,10,E14_PRE_40_020_000_00_00_010_2994_Mesa_10.pdf,5.82,🔴 DEEPFAKE SINTÉTICO
ARAUCA,40,005,6,E14_PRE_40_005_099_00_60_006_6818_Mesa_6.pdf,10.04,🔴 DEEPFAKE SINTÉTICO
ARAUCA,40,017,7,E14_PRE_40_017_000_00_02_007_2993_Mesa_7.pdf,4.49,🔴 DEEPFAKE SINTÉTICO
ARAUCA,40,001,24,E14_PRE_40_001_003_03_03_024_6814_Mesa_24.pdf,0.0,🟢 ESCANEO REAL
ARAUCA,40,005,1,E14_PRE_40_005_002_00_01_001_6817_Mesa_1.pdf,38.32,🔴 DEEPFAKE SINTÉTICO
ARAUCA,40,001,8,E14_PRE_40_001_003_03_04_008_6815_Mesa_8.pdf,0.0,🟢 ESCANEO REAL
ARAUCA,40,025,3,E14_PRE_40_025_002_00_01_003_6824_Mesa_3.pdf,25.4,🔴 DEEPFAKE SINTÉTICO
ARAUCA,40,005,15,E14_PRE_40_005_002_00_01_015_6817_Mesa_15.pdf,20.43,🔴 DEEPFAKE SINTÉTICO
ARAUCA,40,001,3,E14_PRE_40_001_002_04_02_003_6812_Mesa_3.pdf,0.0,🟢 ESCANEO REAL
ARAUCA,40,001,3,E14_PRE_40_001_001_02_02_003_6811_Mesa_3.pdf,0.0,🟢 ESCANEO REAL
ARAUCA,40,005,7,E14_PRE_40_005_001_00_01_007_6816_Mesa_7.pdf,31.48,🔴 DEEPFAKE SINTÉTICO
ARAUCA,40,001,22,E14_PRE_40_001_001_01_01_022_6811_Mesa_22.pdf,0.0,🟢 ESCANEO REAL
ARAUCA,40,010,12,E14_PRE_40_010_002_00_01_012_6820_Mesa_12.pdf,39.67,🔴 DEEPFAKE SINTÉTICO
ARAUCA,40,001,9,E14_PRE_40_001_003_03_04_009_6815_Mesa_9.pdf,0.0,🟢 ESCANEO REAL
ARAUCA,40,025,4,E14_PRE_40_025_099_00_60_004_6823_Mesa_4.pdf,12.88,🔴 DEEPFAKE SINTÉTICO
ARAUCA,40,010,6,E14_PRE_40_010_099_00_02_006_6820_Mesa_6.pdf,10.02,🔴 DEEPFAKE SINTÉTICO
ARAUCA,40,025,17,E14_PRE_40_025_002_00_02_017_6824_Mesa_17.pdf,28.77,🔴 DEEPFAKE SINTÉTICO
ARAUCA,40,005,5,E14_PRE_40_005_001_00_03_005_6817_Mesa_5.pdf,27.94,🔴 DEEPFAKE SINTÉTICO
ARAUCA,40,017,11,E14_PRE_40_017_000_00_01_011_2993_Mesa_11.pdf,3.87,🔴 DEEPFAKE SINTÉTICO
ARAUCA,40,025,8,E14_PRE_40_025_001_00_04_008_6823_Mesa_8.pdf,6.66,🔴 DEEPFAKE SINTÉTICO
ARAUCA,40,005,9,E14_PRE_40_005_001_00_01_009_6816_Mesa_9.pdf,26.43,🔴 DEEPFAKE SINTÉTICO
ARAUCA,40,025,17,E14_PRE_40_025_001_00_01_017_6822_Mesa_17.pdf,19.15,🔴 DEEPFAKE SINTÉTICO
ARAUCA,40,001,24,E14_PRE_40_001_002_04_02_024_6812_Mesa_24.pdf,0.0,🟢 ESCANEO REAL
ARAUCA,40,001,11,E14_PRE_40_001_003_03_01_011_6814_Mesa_11.pdf,0.0,🟢 ESCANEO REAL
ARAUCA,40,025,7,E14_PRE_40_025_001_00_03_007_6823_Mesa_7.pdf,5.84,🔴 DEEPFAKE SINTÉTICO
ARAUCA,40,001,1,E14_PRE_40_001_002_04_02_001_6812_Mesa_1.pdf,0.0,🟢 ESCANEO REAL
ARAUCA,40,001,11,E14_PRE_40_001_001_01_01_011_6811_Mesa_11.pdf,0.0,🟢 ESCANEO REAL
ARAUCA,40,010,13,E14_PRE_40_010_001_00_02_013_6819_Mesa_13.pdf,37.31,🔴 DEEPFAKE SINTÉTICO
ARAUCA,40,001,3,E14_PRE_40_001_003_03_02_003_6815_Mesa_3.pdf,0.0,🟢 ESCANEO REAL
ARAUCA,40,025,8,E14_PRE_40_025_002_00_01_008_6824_Mesa_8.pdf,31.64,🔴 DEEPFAKE SINTÉTICO
ARAUCA,40,020,2,E14_PRE_40_020_000_00_00_002_2994_Mesa_2.pdf,5.33,🔴 DEEPFAKE SINTÉTICO
ARAUCA,40,025,12,E14_PRE_40_025_002_00_02_012_6824_Mesa_12.pdf,27.34,🔴 DEEPFAKE SINTÉTICO
ARAUCA,40,001,8,E14_PRE_40_001_003_03_01_008_6814_Mesa_8.pdf,0.0,🟢 ESCANEO REAL
ARAUCA,40,005,13,E14_PRE_40_005_001_00_02_013_6816_Mesa_13.pdf,39.14,🔴 DEEPFAKE SINTÉTICO
ARAUCA,40,010,3,E14_PRE_40_010_099_00_45_003_6821_Mesa_3.pdf,10.95,🔴 DEEPFAKE SINTÉTICO
ATLANTICO,03,052,15,E14_PRE_03_052_012_00_01_015_5394_Mesa_15.pdf,5.64,🔴 DEEPFAKE SINTÉTICO
ARAUCA,40,017,12,E14_PRE_40_017_000_00_02_012_2993_Mesa_12.pdf,2.94,🔴 DEEPFAKE SINTÉTICO
ARAUCA,40,001,5,E14_PRE_40_001_003_03_01_005_6814_Mesa_5.pdf,0.0,🟢 ESCANEO REAL
ATLANTICO,03,001,4,E14_PRE_03_001_034_04_03_004_5331_Mesa_4.pdf,0.0,🟢 ESCANEO REAL
ARAUCA,40,005,8,E14_PRE_40_005_001_00_01_008_6816_Mesa_8.pdf,28.68,🔴 DEEPFAKE SINTÉTICO
ATLANTICO,03,010,30,E14_PRE_03_010_000_00_00_030_2129_Mesa_30.pdf,4.41,🔴 DEEPFAKE SINTÉTICO
ATLANTICO,03,001,16,E14_PRE_03_001_017_02_01_016_5301_Mesa_16.pdf,0.0,🟢 ESCANEO REAL
ATLANTICO,03,001,12,E14_PRE_03_001_024_03_01_012_5312_Mesa_12.pdf,0.0,🟢 ESCANEO REAL
ATLANTICO,03,022,11,E14_PRE_03_022_001_00_03_011_5354_Mesa_11.pdf,20.35,🔴 DEEPFAKE SINTÉTICO
ATLANTICO,03,001,8,E14_PRE_03_001_033_04_01_008_5328_Mesa_8.pdf,0.0,🟢 ESCANEO REAL
ATLANTICO,03,001,11,E14_PRE_03_001_020_02_04_011_5308_Mesa_11.pdf,0.0,🟢 ESCANEO REAL
ATLANTICO,03,028,8,E14_PRE_03_028_002_00_02_008_5360_Mesa_8.pdf,8.21,🔴 DEEPFAKE SINTÉTICO
ATLANTICO,03,001,1,E14_PRE_03_001_028_03_04_001_5321_Mesa_1.pdf,0.0,🟢 ESCANEO REAL
ATLANTICO,03,001,18,E14_PRE_03_001_005_01_03_018_5285_Mesa_18.pdf,0.0,🟢 ESCANEO REAL
ATLANTICO,03,001,12,E14_PRE_03_001_025_03_02_012_5315_Mesa_12.pdf,0.0,🟢 ESCANEO REAL
ATLANTICO,03,001,34,E14_PRE_03_001_017_02_03_034_5302_Mesa_34.pdf,0.0,🟢 ESCANEO REAL
ATLANTICO,03,001,25,E14_PRE_03_001_014_01_01_025_5296_Mesa_25.pdf,0.0,🟢 ESCANEO REAL
ATLANTICO,03,049,4,E14_PRE_03_049_001_00_02_004_5375_Mesa_4.pdf,0.29,🟢 ESCANEO REAL
ATLANTICO,03,001,2,E14_PRE_03_001_032_04_02_002_5327_Mesa_2.pdf,0.0,🟢 ESCANEO REAL
ATLANTICO,03,001,19,E14_PRE_03_001_005_01_02_019_5285_Mesa_19.pdf,0.0,🟢 ESCANEO REAL
ATLANTICO,03,004,4,E14_PRE_03_004_001_00_04_004_5344_Mesa_4.pdf,1.79,🔴 DEEPFAKE SINTÉTICO
ATLANTICO,03,040,44,E14_PRE_03_040_000_00_00_044_5367_Mesa_44.pdf,28.46,🔴 DEEPFAKE SINTÉTICO
ATLANTICO,03,052,7,E14_PRE_03_052_010_00_02_007_5389_Mesa_7.pdf,0.0,🟢 ESCANEO REAL
ATLANTICO,03,034,24,E14_PRE_03_034_000_00_01_024_2137_Mesa_24.pdf,0.49,🟢 ESCANEO REAL
ATLANTICO,03,046,22,E14_PRE_03_046_001_00_01_022_5371_Mesa_22.pdf,4.84,🔴 DEEPFAKE SINTÉTICO
ATLANTICO,03,052,4,E14_PRE_03_052_006_00_01_004_5391_Mesa_4.pdf,0.0,🟢 ESCANEO REAL
ATLANTICO,03,001,2,E14_PRE_03_001_024_03_04_002_5314_Mesa_2.pdf,0.0,🟢 ESCANEO REAL
ATLANTICO,03,001,21,E14_PRE_03_001_004_01_01_021_5281_Mesa_21.pdf,0.0,🟢 ESCANEO REAL
ATLANTICO,03,001,4,E14_PRE_03_001_005_01_02_004_5285_Mesa_4.pdf,0.0,🟢 ESCANEO REAL
ATLANTICO,03,001,22,E14_PRE_03_001_031_04_02_022_5325_Mesa_22.pdf,63.92,🔴 DEEPFAKE SINTÉTICO
ATLANTICO,03,001,11,E14_PRE_03_001_037_05_03_011_5339_Mesa_11.pdf,0.0,🟢 ESCANEO REAL
ATLANTICO,03,013,5,E14_PRE_03_013_003_00_02_005_5350_Mesa_5.pdf,0.0,🟢 ESCANEO REAL
ATLANTICO,03,001,21,E14_PRE_03_001_011_01_02_021_5292_Mesa_21.pdf,0.0,🟢 ESCANEO REAL
ATLANTICO,03,001,2,E14_PRE_03_001_033_04_06_002_5328_Mesa_2.pdf,0.0,🟢 ESCANEO REAL
ATLANTICO,03,022,9,E14_PRE_03_022_002_00_02_009_5355_Mesa_9.pdf,28.26,🔴 DEEPFAKE SINTÉTICO
ATLANTICO,03,001,16,E14_PRE_03_001_024_03_04_016_5314_Mesa_16.pdf,0.0,🟢 ESCANEO REAL
ATLANTICO,03,052,5,E14_PRE_03_052_013_00_01_005_5387_Mesa_5.pdf,0.0,🟢 ESCANEO REAL
ATLANTICO,03,001,18,E14_PRE_03_001_038_05_03_018_5341_Mesa_18.pdf,0.0,🟢 ESCANEO REAL
ATLANTICO,03,001,10,E14_PRE_03_001_030_04_03_010_5323_Mesa_10.pdf,0.0,🟢 ESCANEO REAL
ATLANTICO,03,001,1,E14_PRE_03_001_001_01_02_001_5276_Mesa_1.pdf,0.0,🟢 ESCANEO REAL
ATLANTICO,03,001,1,E14_PRE_03_001_021_03_03_001_5310_Mesa_1.pdf,0.0,🟢 ESCANEO REAL
ATLANTICO,03,055,33,E14_PRE_03_055_000_00_00_033_2146_Mesa_33.pdf,49.44,🔴 DEEPFAKE SINTÉTICO
ATLANTICO,03,001,16,E14_PRE_03_001_031_04_02_016_5325_Mesa_16.pdf,0.0,🟢 ESCANEO REAL
ATLANTICO,03,001,4,E14_PRE_03_001_014_01_03_004_5297_Mesa_4.pdf,0.0,🟢 ESCANEO REAL
ATLANTICO,03,001,18,E14_PRE_03_001_032_04_02_018_5327_Mesa_18.pdf,0.0,🟢 ESCANEO REAL
ATLANTICO,03,049,3,E14_PRE_03_049_002_00_02_003_5376_Mesa_3.pdf,4.24,🔴 DEEPFAKE SINTÉTICO
ATLANTICO,03,052,2,E14_PRE_03_052_003_00_03_002_5385_Mesa_2.pdf,0.0,🟢 ESCANEO REAL
ATLANTICO,03,001,51,E14_PRE_03_001_019_02_01_051_5305_Mesa_51.pdf,0.0,🟢 ESCANEO REAL
ATLANTICO,03,001,8,E14_PRE_03_001_003_01_01_008_5280_Mesa_8.pdf,0.0,🟢 ESCANEO REAL
ATLANTICO,03,001,24,E14_PRE_03_001_038_05_04_024_5341_Mesa_24.pdf,0.0,🟢 ESCANEO REAL
ATLANTICO,03,052,7,E14_PRE_03_052_001_00_01_007_5377_Mesa_7.pdf,0.0,🟢 ESCANEO REAL
ATLANTICO,03,052,5,E14_PRE_03_052_004_00_01_005_5388_Mesa_5.pdf,0.0,🟢 ESCANEO REAL
ATLANTICO,03,001,3,E14_PRE_03_001_038_05_02_003_5340_Mesa_3.pdf,0.0,🟢 ESCANEO REAL
ATLANTICO,03,001,9,E14_PRE_03_001_034_04_03_009_5331_Mesa_9.pdf,0.0,🟢 ESCANEO REAL
ATLANTICO,03,001,2,E14_PRE_03_001_038_05_05_002_5340_Mesa_2.pdf,0.0,🟢 ESCANEO REAL
ATLANTICO,03,052,13,E14_PRE_03_052_007_00_04_013_5393_Mesa_13.pdf,0.0,🟢 ESCANEO REAL
ATLANTICO,03,046,4,E14_PRE_03_046_099_00_13_004_5370_Mesa_4.pdf,12.49,🔴 DEEPFAKE SINTÉTICO
ATLANTICO,03,001,38,E14_PRE_03_001_035_04_02_038_5332_Mesa_38.pdf,0.0,🟢 ESCANEO REAL
ATLANTICO,03,001,1,E14_PRE_03_001_033_04_01_001_5328_Mesa_1.pdf,0.0,🟢 ESCANEO REAL
ATLANTICO,03,013,20,E14_PRE_03_013_002_00_01_020_5349_Mesa_20.pdf,31.04,🔴 DEEPFAKE SINTÉTICO
ATLANTICO,03,052,6,E14_PRE_03_052_010_00_04_006_5380_Mesa_6.pdf,0.0,🟢 ESCANEO REAL
ATLANTICO,03,001,14,E14_PRE_03_001_034_04_01_014_5330_Mesa_14.pdf,0.0,🟢 ESCANEO REAL
ATLANTICO,03,052,13,E14_PRE_03_052_001_00_04_013_5380_Mesa_13.pdf,0.0,🟢 ESCANEO REAL
ATLANTICO,03,001,11,E14_PRE_03_001_025_03_02_011_5315_Mesa_11.pdf,0.0,🟢 ESCANEO REAL
ATLANTICO,03,052,1,E14_PRE_03_052_008_00_02_001_5395_Mesa_1.pdf,32.76,🔴 DEEPFAKE SINTÉTICO
ATLANTICO,03,052,9,E14_PRE_03_052_010_00_01_009_5395_Mesa_9.pdf,32.34,🔴 DEEPFAKE SINTÉTICO
ATLANTICO,03,013,14,E14_PRE_03_013_003_00_02_014_5350_Mesa_14.pdf,0.0,🟢 ESCANEO REAL
ATLANTICO,03,010,7,E14_PRE_03_010_099_00_05_007_2129_Mesa_7.pdf,4.45,🔴 DEEPFAKE SINTÉTICO
ATLANTICO,03,001,11,E14_PRE_03_001_010_01_02_011_5291_Mesa_11.pdf,0.0,🟢 ESCANEO REAL
ATLANTICO,03,052,2,E14_PRE_03_052_005_00_04_002_5392_Mesa_2.pdf,7.05,🔴 DEEPFAKE SINTÉTICO
ATLANTICO,03,040,6,E14_PRE_03_040_000_00_00_006_5366_Mesa_6.pdf,35.85,🔴 DEEPFAKE SINTÉTICO
ATLANTICO,03,013,3,E14_PRE_03_013_001_00_01_003_5348_Mesa_3.pdf,1.6,🔴 DEEPFAKE SINTÉTICO
ATLANTICO,03,052,15,E14_PRE_03_052_001_00_01_015_5377_Mesa_15.pdf,0.0,🟢 ESCANEO REAL
ATLANTICO,03,001,23,E14_PRE_03_001_015_02_01_023_5298_Mesa_23.pdf,0.0,🟢 ESCANEO REAL
ATLANTICO,03,001,20,E14_PRE_03_001_020_02_02_020_5307_Mesa_20.pdf,0.0,🟢 ESCANEO REAL
ATLANTICO,03,047,34,E14_PRE_03_047_000_00_00_034_2143_Mesa_34.pdf,36.63,🔴 DEEPFAKE SINTÉTICO
ATLANTICO,03,046,1,E14_PRE_03_046_001_00_04_001_5372_Mesa_1.pdf,8.82,🔴 DEEPFAKE SINTÉTICO
ATLANTICO,03,001,21,E14_PRE_03_001_013_01_01_021_5295_Mesa_21.pdf,0.0,🟢 ESCANEO REAL
ATLANTICO,03,013,3,E14_PRE_03_013_003_00_02_003_5350_Mesa_3.pdf,0.0,🟢 ESCANEO REAL
ATLANTICO,03,052,43,E14_PRE_03_052_012_00_01_043_5394_Mesa_43.pdf,9.44,🔴 DEEPFAKE SINTÉTICO
ATLANTICO,03,001,13,E14_PRE_03_001_019_02_02_013_5304_Mesa_13.pdf,0.0,🟢 ESCANEO REAL
ATLANTICO,03,052,2,E14_PRE_03_052_010_00_01_002_5395_Mesa_2.pdf,28.17,🔴 DEEPFAKE SINTÉTICO
ATLANTICO,03,052,4,E14_PRE_03_052_007_00_04_004_5393_Mesa_4.pdf,0.0,🟢 ESCANEO REAL
ATLANTICO,03,001,18,E14_PRE_03_001_024_03_01_018_5312_Mesa_18.pdf,0.0,🟢 ESCANEO REAL
ATLANTICO,03,001,8,E14_PRE_03_001_034_04_04_008_5330_Mesa_8.pdf,0.0,🟢 ESCANEO REAL
ATLANTICO,03,001,5,E14_PRE_03_001_017_02_03_005_5302_Mesa_5.pdf,0.0,🟢 ESCANEO REAL
ATLANTICO,03,001,12,E14_PRE_03_001_023_03_01_012_5311_Mesa_12.pdf,0.0,🟢 ESCANEO REAL
ATLANTICO,03,001,1,E14_PRE_03_001_015_02_01_001_5298_Mesa_1.pdf,0.0,🟢 ESCANEO REAL
ATLANTICO,03,001,12,E14_PRE_03_001_004_01_01_012_5281_Mesa_12.pdf,0.0,🟢 ESCANEO REAL
ATLANTICO,03,001,23,E14_PRE_03_001_034_04_01_023_5330_Mesa_23.pdf,0.0,🟢 ESCANEO REAL
ATLANTICO,03,001,5,E14_PRE_03_001_003_01_02_005_5281_Mesa_5.pdf,0.0,🟢 ESCANEO REAL
ATLANTICO,03,055,3,E14_PRE_03_055_000_00_00_003_2146_Mesa_3.pdf,46.36,🔴 DEEPFAKE SINTÉTICO
ATLANTICO,03,001,5,E14_PRE_03_001_024_03_02_005_5313_Mesa_5.pdf,0.0,🟢 ESCANEO REAL
ATLANTICO,03,001,31,E14_PRE_03_001_017_02_03_031_5302_Mesa_31.pdf,0.0,🟢 ESCANEO REAL
ATLANTICO,03,047,23,E14_PRE_03_047_000_00_00_023_2143_Mesa_23.pdf,36.48,🔴 DEEPFAKE SINTÉTICO
ATLANTICO,03,052,12,E14_PRE_03_052_001_00_01_012_5377_Mesa_12.pdf,0.0,🟢 ESCANEO REAL
ATLANTICO,03,004,15,E14_PRE_03_004_001_00_02_015_5343_Mesa_15.pdf,0.08,🟢 ESCANEO REAL
ATLANTICO,03,022,5,E14_PRE_03_022_001_00_01_005_5353_Mesa_5.pdf,26.69,🔴 DEEPFAKE SINTÉTICO
ATLANTICO,03,043,13,E14_PRE_03_043_001_00_02_013_5368_Mesa_13.pdf,7.03,🔴 DEEPFAKE SINTÉTICO
BOGOTA D.C.,16,001,8,E14_PRE_16_001_019_19_66_008_6107_Mesa_8.pdf,0.0,🟢 ESCANEO REAL
ATLANTICO,03,001,1,E14_PRE_03_001_006_01_02_001_5286_Mesa_1.pdf,0.0,🟢 ESCANEO REAL
BOGOTA D.C.,16,001,26,E14_PRE_16_001_004_04_09_026_5882_Mesa_26.pdf,0.0,🟢 ESCANEO REAL
ATLANTICO,03,052,18,E14_PRE_03_052_002_00_01_018_5381_Mesa_18.pdf,0.0,🟢 ESCANEO REAL
BOGOTA D.C.,16,001,39,E14_PRE_16_001_019_19_20_039_6100_Mesa_39.pdf,0.0,🟢 ESCANEO REAL
ATLANTICO,03,001,5,E14_PRE_03_001_025_03_03_005_5315_Mesa_5.pdf,0.0,🟢 ESCANEO REAL
ATLANTICO,03,031,2,E14_PRE_03_031_099_00_09_002_2136_Mesa_2.pdf,3.4,🔴 DEEPFAKE SINTÉTICO
BOGOTA D.C.,16,001,16,E14_PRE_16_001_003_03_11_016_5876_Mesa_16.pdf,0.0,🟢 ESCANEO REAL
BOGOTA D.C.,16,001,9,E14_PRE_16_001_005_05_42_009_5903_Mesa_9.pdf,0.0,🟢 ESCANEO REAL
BOGOTA D.C.,16,001,16,E14_PRE_16_001_001_01_15_016_5857_Mesa_16.pdf,0.0,🟢 ESCANEO REAL
BOGOTA D.C.,16,001,28,E14_PRE_16_001_007_07_05_028_5914_Mesa_28.pdf,0.0,🟢 ESCANEO REAL
BOGOTA D.C.,16,001,9,E14_PRE_16_001_016_16_02_009_6070_Mesa_9.pdf,0.0,🟢 ESCANEO REAL
BOGOTA D.C.,16,001,4,E14_PRE_16_001_004_04_50_004_5891_Mesa_4.pdf,0.0,🟢 ESCANEO REAL
BOGOTA D.C.,16,001,33,E14_PRE_16_001_008_08_02_033_5960_Mesa_33.pdf,0.0,🟢 ESCANEO REAL
BOGOTA D.C.,16,001,5,E14_PRE_16_001_008_08_70_005_5951_Mesa_5.pdf,0.0,🟢 ESCANEO REAL
BOGOTA D.C.,16,001,11,E14_PRE_16_001_008_08_40_011_5938_Mesa_11.pdf,0.0,🟢 ESCANEO REAL
BOGOTA D.C.,16,001,3,E14_PRE_16_001_004_04_46_003_5879_Mesa_3.pdf,0.0,🟢 ESCANEO REAL
BOGOTA D.C.,16,001,6,E14_PRE_16_001_004_04_09_006_5882_Mesa_6.pdf,0.0,🟢 ESCANEO REAL
BOGOTA D.C.,16,001,18,E14_PRE_16_001_016_16_05_018_6071_Mesa_18.pdf,0.0,🟢 ESCANEO REAL
BOGOTA D.C.,16,001,3,E14_PRE_16_001_004_04_17_003_5887_Mesa_3.pdf,0.0,🟢 ESCANEO REAL
BOGOTA D.C.,16,001,29,E14_PRE_16_001_007_07_01_029_5912_Mesa_29.pdf,0.0,🟢 ESCANEO REAL
BOGOTA D.C.,16,001,3,E14_PRE_16_001_019_19_06_003_6110_Mesa_3.pdf,0.0,🟢 ESCANEO REAL
BOGOTA D.C.,16,001,22,E14_PRE_16_001_006_06_02_022_5905_Mesa_22.pdf,0.0,🟢 ESCANEO REAL
BOGOTA D.C.,16,001,4,E14_PRE_16_001_010_10_68_004_5994_Mesa_4.pdf,0.0,🟢 ESCANEO REAL
BOGOTA D.C.,16,001,4,E14_PRE_16_001_009_09_03_004_5970_Mesa_4.pdf,0.0,🟢 ESCANEO REAL
BOGOTA D.C.,16,001,9,E14_PRE_16_001_012_12_16_009_6046_Mesa_9.pdf,0.0,🟢 ESCANEO REAL
BOGOTA D.C.,16,001,4,E14_PRE_16_001_010_10_33_004_5997_Mesa_4.pdf,0.0,🟢 ESCANEO REAL
BOGOTA D.C.,16,001,3,E14_PRE_16_001_019_19_27_003_6115_Mesa_3.pdf,0.01,🟢 ESCANEO REAL
BOGOTA D.C.,16,001,7,E14_PRE_16_001_013_13_02_007_6054_Mesa_7.pdf,0.0,🟢 ESCANEO REAL
BOGOTA D.C.,16,001,23,E14_PRE_16_001_019_19_24_023_6101_Mesa_23.pdf,0.0,🟢 ESCANEO REAL
BOGOTA D.C.,16,001,13,E14_PRE_16_001_012_12_08_013_6048_Mesa_13.pdf,0.0,🟢 ESCANEO REAL
BOGOTA D.C.,16,001,29,E14_PRE_16_001_010_10_11_029_5998_Mesa_29.pdf,0.0,🟢 ESCANEO REAL
BOGOTA D.C.,16,001,3,E14_PRE_16_001_010_10_25_003_5988_Mesa_3.pdf,0.0,🟢 ESCANEO REAL
BOGOTA D.C.,16,001,24,E14_PRE_16_001_010_10_03_024_5983_Mesa_24.pdf,0.01,🟢 ESCANEO REAL
BOGOTA D.C.,16,001,13,E14_PRE_16_001_016_16_24_013_6077_Mesa_13.pdf,0.0,🟢 ESCANEO REAL
BOGOTA D.C.,16,001,42,E14_PRE_16_001_019_19_15_042_6099_Mesa_42.pdf,0.0,🟢 ESCANEO REAL
BOGOTA D.C.,16,001,18,E14_PRE_16_001_001_01_28_018_5861_Mesa_18.pdf,0.0,🟢 ESCANEO REAL
BOGOTA D.C.,16,001,19,E14_PRE_16_001_012_12_10_019_6049_Mesa_19.pdf,0.0,🟢 ESCANEO REAL
BOGOTA D.C.,16,001,9,E14_PRE_16_001_008_08_04_009_5966_Mesa_9.pdf,0.0,🟢 ESCANEO REAL
BOGOTA D.C.,16,001,25,E14_PRE_16_001_012_12_10_025_6049_Mesa_25.pdf,0.0,🟢 ESCANEO REAL
BOGOTA D.C.,16,001,19,E14_PRE_16_001_009_09_18_019_5979_Mesa_19.pdf,0.0,🟢 ESCANEO REAL
BOGOTA D.C.,16,001,6,E14_PRE_16_001_018_18_08_006_6086_Mesa_6.pdf,0.0,🟢 ESCANEO REAL
BOGOTA D.C.,16,001,8,E14_PRE_16_001_004_04_17_008_5887_Mesa_8.pdf,0.01,🟢 ESCANEO REAL
BOGOTA D.C.,16,001,1,E14_PRE_16_001_016_16_50_001_6073_Mesa_1.pdf,0.0,🟢 ESCANEO REAL
BOGOTA D.C.,16,001,8,E14_PRE_16_001_019_19_48_008_6112_Mesa_8.pdf,0.0,🟢 ESCANEO REAL
BOGOTA D.C.,16,001,28,E14_PRE_16_001_007_07_60_028_5934_Mesa_28.pdf,0.0,🟢 ESCANEO REAL
BOGOTA D.C.,16,001,20,E14_PRE_16_001_005_05_22_020_5901_Mesa_20.pdf,0.02,🟢 ESCANEO REAL
BOGOTA D.C.,16,001,9,E14_PRE_16_001_007_07_04_009_5913_Mesa_9.pdf,0.0,🟢 ESCANEO REAL
BOGOTA D.C.,16,001,25,E14_PRE_16_001_001_01_12_025_5855_Mesa_25.pdf,0.0,🟢 ESCANEO REAL
BOGOTA D.C.,16,001,5,E14_PRE_16_001_016_16_14_005_6074_Mesa_5.pdf,0.0,🟢 ESCANEO REAL
BOGOTA D.C.,16,001,20,E14_PRE_16_001_016_16_13_020_6073_Mesa_20.pdf,0.0,🟢 ESCANEO REAL
BOGOTA D.C.,16,001,4,E14_PRE_16_001_010_10_22_004_5987_Mesa_4.pdf,0.0,🟢 ESCANEO REAL
BOGOTA D.C.,16,001,19,E14_PRE_16_001_004_04_22_019_5881_Mesa_19.pdf,0.05,🟢 ESCANEO REAL
BOGOTA D.C.,16,001,9,E14_PRE_16_001_001_01_39_009_5981_Mesa_9.pdf,0.0,🟢 ESCANEO REAL
BOGOTA D.C.,16,001,16,E14_PRE_16_001_011_11_30_016_6029_Mesa_16.pdf,0.0,🟢 ESCANEO REAL
BOGOTA D.C.,16,001,30,E14_PRE_16_001_001_01_02_030_5846_Mesa_30.pdf,0.0,🟢 ESCANEO REAL
BOGOTA D.C.,16,001,11,E14_PRE_16_001_010_10_10_011_5997_Mesa_11.pdf,0.0,🟢 ESCANEO REAL
BOGOTA D.C.,16,001,13,E14_PRE_16_001_014_14_09_013_6063_Mesa_13.pdf,0.0,🟢 ESCANEO REAL
BOGOTA D.C.,16,001,1,E14_PRE_16_001_019_19_37_001_6114_Mesa_1.pdf,0.0,🟢 ESCANEO REAL
BOGOTA D.C.,16,001,24,E14_PRE_16_001_007_07_29_024_5930_Mesa_24.pdf,0.01,🟢 ESCANEO REAL
BOGOTA D.C.,16,001,8,E14_PRE_16_001_006_06_09_008_5910_Mesa_8.pdf,0.0,🟢 ESCANEO REAL
BOGOTA D.C.,16,001,12,E14_PRE_16_001_010_10_32_012_6001_Mesa_12.pdf,0.0,🟢 ESCANEO REAL
BOGOTA D.C.,16,001,2,E14_PRE_16_001_007_07_60_002_5934_Mesa_2.pdf,0.0,🟢 ESCANEO REAL
BOGOTA D.C.,16,001,2,E14_PRE_16_001_002_02_37_002_5872_Mesa_2.pdf,0.03,🟢 ESCANEO REAL
BOGOTA D.C.,16,001,1,E14_PRE_16_001_018_18_64_001_6091_Mesa_1.pdf,0.0,🟢 ESCANEO REAL
BOGOTA D.C.,16,001,9,E14_PRE_16_001_009_09_19_009_5973_Mesa_9.pdf,0.0,🟢 ESCANEO REAL
BOGOTA D.C.,16,001,1,E14_PRE_16_001_011_11_65_001_6030_Mesa_1.pdf,0.0,🟢 ESCANEO REAL
BOGOTA D.C.,16,001,7,E14_PRE_16_001_012_12_05_007_6047_Mesa_7.pdf,0.0,🟢 ESCANEO REAL
BOGOTA D.C.,16,001,11,E14_PRE_16_001_007_07_46_011_5922_Mesa_11.pdf,0.0,🟢 ESCANEO REAL
BOGOTA D.C.,16,001,6,E14_PRE_16_001_008_08_80_006_5954_Mesa_6.pdf,0.0,🟢 ESCANEO REAL
BOGOTA D.C.,16,001,9,E14_PRE_16_001_013_13_11_009_6056_Mesa_9.pdf,0.0,🟢 ESCANEO REAL
BOGOTA D.C.,16,001,3,E14_PRE_16_001_018_18_23_003_6092_Mesa_3.pdf,0.0,🟢 ESCANEO REAL
BOGOTA D.C.,16,001,22,E14_PRE_16_001_011_11_15_022_6023_Mesa_22.pdf,0.0,🟢 ESCANEO REAL
BOGOTA D.C.,16,001,16,E14_PRE_16_001_004_04_13_016_5886_Mesa_16.pdf,0.0,🟢 ESCANEO REAL
BOGOTA D.C.,16,001,6,E14_PRE_16_001_011_11_52_006_6035_Mesa_6.pdf,0.0,🟢 ESCANEO REAL
BOGOTA D.C.,16,001,17,E14_PRE_16_001_011_11_35_017_6036_Mesa_17.pdf,0.0,🟢 ESCANEO REAL
BOGOTA D.C.,16,001,9,E14_PRE_16_001_008_08_21_009_5945_Mesa_9.pdf,0.0,🟢 ESCANEO REAL
BOGOTA D.C.,16,001,3,E14_PRE_16_001_001_01_16_003_5858_Mesa_3.pdf,0.0,🟢 ESCANEO REAL
BOGOTA D.C.,16,001,2,E14_PRE_16_001_011_11_67_002_6039_Mesa_2.pdf,0.0,🟢 ESCANEO REAL
BOGOTA D.C.,16,001,17,E14_PRE_16_001_002_02_02_017_5866_Mesa_17.pdf,0.0,🟢 ESCANEO REAL
BOGOTA D.C.,16,001,3,E14_PRE_16_001_008_08_21_003_5945_Mesa_3.pdf,0.0,🟢 ESCANEO REAL
BOGOTA D.C.,16,001,12,E14_PRE_16_001_016_16_13_012_6073_Mesa_12.pdf,0.0,🟢 ESCANEO REAL
BOGOTA D.C.,16,001,29,E14_PRE_16_001_007_07_09_029_5917_Mesa_29.pdf,0.03,🟢 ESCANEO REAL
BOGOTA D.C.,16,001,15,E14_PRE_16_001_007_07_30_015_5931_Mesa_15.pdf,0.0,🟢 ESCANEO REAL
BOGOTA D.C.,16,001,29,E14_PRE_16_001_011_11_35_029_6036_Mesa_29.pdf,0.0,🟢 ESCANEO REAL
BOGOTA D.C.,16,001,9,E14_PRE_16_001_004_04_25_009_5890_Mesa_9.pdf,0.01,🟢 ESCANEO REAL
BOGOTA D.C.,16,001,10,E14_PRE_16_001_011_11_B5_010_6045_Mesa_10.pdf,0.0,🟢 ESCANEO REAL
BOGOTA D.C.,16,001,5,E14_PRE_16_001_007_07_39_005_5920_Mesa_5.pdf,0.0,🟢 ESCANEO REAL
BOGOTA D.C.,16,001,7,E14_PRE_16_001_011_11_03_007_6038_Mesa_7.pdf,0.0,🟢 ESCANEO REAL
BOGOTA D.C.,16,001,14,E14_PRE_16_001_007_07_42_014_5930_Mesa_14.pdf,0.0,🟢 ESCANEO REAL
BOGOTA D.C.,16,001,28,E14_PRE_16_001_010_10_58_028_6008_Mesa_28.pdf,0.01,🟢 ESCANEO REAL
BOGOTA D.C.,16,001,12,E14_PRE_16_001_010_10_26_012_5989_Mesa_12.pdf,0.0,🟢 ESCANEO REAL
BOGOTA D.C.,16,001,15,E14_PRE_16_001_004_04_21_015_5889_Mesa_15.pdf,0.0,🟢 ESCANEO REAL
BOGOTA D.C.,16,001,29,E14_PRE_16_001_010_10_58_029_6008_Mesa_29.pdf,0.0,🟢 ESCANEO REAL
BOGOTA D.C.,16,001,15,E14_PRE_16_001_008_08_A7_015_5955_Mesa_15.pdf,0.0,🟢 ESCANEO REAL
BOGOTA D.C.,16,001,22,E14_PRE_16_001_011_11_50_022_6044_Mesa_22.pdf,0.0,🟢 ESCANEO REAL
BOGOTA D.C.,16,001,15,E14_PRE_16_001_007_07_28_015_5929_Mesa_15.pdf,0.0,🟢 ESCANEO REAL
BOGOTA D.C.,16,001,18,E14_PRE_16_001_019_19_20_018_6100_Mesa_18.pdf,0.0,🟢 ESCANEO REAL
BOGOTA D.C.,16,001,6,E14_PRE_16_001_015_15_11_006_6069_Mesa_6.pdf,0.0,🟢 ESCANEO REAL
BOGOTA D.C.,16,001,9,E14_PRE_16_001_013_13_12_009_6060_Mesa_9.pdf,0.0,🟢 ESCANEO REAL
BOLIVAR,05,022,1,E14_PRE_05_022_001_00_05_001_5454_Mesa_1.pdf,5.81,🔴 DEEPFAKE SINTÉTICO
BOGOTA D.C.,16,001,29,E14_PRE_16_001_008_08_10_029_5940_Mesa_29.pdf,0.02,🟢 ESCANEO REAL
BOLIVAR,05,001,3,E14_PRE_05_001_020_03_01_003_5439_Mesa_3.pdf,0.0,🟢 ESCANEO REAL
BOGOTA D.C.,16,001,2,E14_PRE_16_001_010_10_01_002_5982_Mesa_2.pdf,0.0,🟢 ESCANEO REAL
BOGOTA D.C.,16,001,3,E14_PRE_16_001_011_11_22_003_6043_Mesa_3.pdf,0.0,🟢 ESCANEO REAL
BOGOTA D.C.,16,001,7,E14_PRE_16_001_008_08_31_007_5955_Mesa_7.pdf,0.0,🟢 ESCANEO REAL
BOLIVAR,05,007,6,E14_PRE_05_007_002_03_02_006_5448_Mesa_6.pdf,27.19,🔴 DEEPFAKE SINTÉTICO
BOLIVAR,05,001,33,E14_PRE_05_001_021_03_01_033_5442_Mesa_33.pdf,0.0,🟢 ESCANEO REAL
BOLIVAR,05,001,5,E14_PRE_05_001_003_01_02_005_5400_Mesa_5.pdf,0.0,🟢 ESCANEO REAL
BOLIVAR,05,118,6,E14_PRE_05_118_002_03_05_006_5483_Mesa_6.pdf,0.0,🟢 ESCANEO REAL
BOLIVAR,05,001,19,E14_PRE_05_001_022_03_07_019_5436_Mesa_19.pdf,0.0,🟢 ESCANEO REAL
BOLIVAR,05,001,24,E14_PRE_05_001_019_03_02_024_5437_Mesa_24.pdf,0.0,🟢 ESCANEO REAL
BOLIVAR,05,001,13,E14_PRE_05_001_011_02_03_013_5418_Mesa_13.pdf,0.0,🟢 ESCANEO REAL
BOLIVAR,05,001,26,E14_PRE_05_001_018_03_01_026_5434_Mesa_26.pdf,0.0,🟢 ESCANEO REAL
BOLIVAR,05,070,12,E14_PRE_05_070_000_00_00_012_2176_Mesa_12.pdf,0.0,🟢 ESCANEO REAL
BOLIVAR,05,001,10,E14_PRE_05_001_022_03_07_010_5436_Mesa_10.pdf,0.0,🟢 ESCANEO REAL
BOLIVAR,05,001,18,E14_PRE_05_001_001_01_05_018_5396_Mesa_18.pdf,0.0,🟢 ESCANEO REAL
BOLIVAR,05,001,9,E14_PRE_05_001_005_01_03_009_5404_Mesa_9.pdf,0.0,🟢 ESCANEO REAL
BOLIVAR,05,028,1,E14_PRE_05_028_099_27_52_001_5461_Mesa_1.pdf,26.56,🔴 DEEPFAKE SINTÉTICO
BOLIVAR,05,022,28,E14_PRE_05_022_002_00_02_028_5455_Mesa_28.pdf,8.6,🔴 DEEPFAKE SINTÉTICO
BOLIVAR,05,028,3,E14_PRE_05_028_099_22_43_003_5461_Mesa_3.pdf,27.58,🔴 DEEPFAKE SINTÉTICO
BOLIVAR,05,097,1,E14_PRE_05_097_099_00_49_001_2187_Mesa_1.pdf,11.55,🔴 DEEPFAKE SINTÉTICO
BOLIVAR,05,031,9,E14_PRE_05_031_000_00_02_009_5463_Mesa_9.pdf,16.88,🔴 DEEPFAKE SINTÉTICO
BOLIVAR,05,001,5,E14_PRE_05_001_016_03_04_005_5431_Mesa_5.pdf,0.0,🟢 ESCANEO REAL
BOLIVAR,05,001,25,E14_PRE_05_001_011_02_01_025_5418_Mesa_25.pdf,0.0,🟢 ESCANEO REAL
BOLIVAR,05,022,11,E14_PRE_05_022_001_00_02_011_5453_Mesa_11.pdf,10.81,🔴 DEEPFAKE SINTÉTICO
BOLIVAR,05,001,10,E14_PRE_05_001_021_03_02_010_5443_Mesa_10.pdf,0.0,🟢 ESCANEO REAL
BOLIVAR,05,031,1,E14_PRE_05_031_099_00_05_001_5464_Mesa_1.pdf,12.92,🔴 DEEPFAKE SINTÉTICO
BOLIVAR,05,001,12,E14_PRE_05_001_021_03_02_012_5443_Mesa_12.pdf,0.0,🟢 ESCANEO REAL
BOLIVAR,05,022,8,E14_PRE_05_022_001_00_03_008_5453_Mesa_8.pdf,16.42,🔴 DEEPFAKE SINTÉTICO
BOLIVAR,05,028,19,E14_PRE_05_028_002_03_05_019_5460_Mesa_19.pdf,2.98,🔴 DEEPFAKE SINTÉTICO
BOLIVAR,05,001,13,E14_PRE_05_001_020_03_05_013_5438_Mesa_13.pdf,0.0,🟢 ESCANEO REAL
BOLIVAR,05,001,8,E14_PRE_05_001_018_03_06_008_5435_Mesa_8.pdf,0.0,🟢 ESCANEO REAL
BOLIVAR,05,001,2,E14_PRE_05_001_099_01_21_002_5406_Mesa_2.pdf,0.0,🟢 ESCANEO REAL
BOLIVAR,05,084,25,E14_PRE_05_084_000_00_00_025_5477_Mesa_25.pdf,0.0,🟢 ESCANEO REAL
BOLIVAR,05,001,18,E14_PRE_05_001_013_02_04_018_5425_Mesa_18.pdf,0.0,🟢 ESCANEO REAL
BOLIVAR,05,028,12,E14_PRE_05_028_099_10_17_012_5459_Mesa_12.pdf,0.34,🟢 ESCANEO REAL
BOLIVAR,05,001,4,E14_PRE_05_001_099_02_33_004_5430_Mesa_4.pdf,0.0,🟢 ESCANEO REAL
BOLIVAR,05,001,28,E14_PRE_05_001_021_03_01_028_5442_Mesa_28.pdf,0.0,🟢 ESCANEO REAL
BOLIVAR,05,028,2,E14_PRE_05_028_002_04_02_002_5459_Mesa_2.pdf,4.27,🔴 DEEPFAKE SINTÉTICO
BOLIVAR,05,018,13,E14_PRE_05_018_000_00_00_013_2160_Mesa_13.pdf,0.0,🟢 ESCANEO REAL
BOLIVAR,05,028,1,E14_PRE_05_028_099_10_17_001_5459_Mesa_1.pdf,0.29,🟢 ESCANEO REAL
BOLIVAR,05,001,18,E14_PRE_05_001_006_01_02_018_5407_Mesa_18.pdf,0.0,🟢 ESCANEO REAL
BOLIVAR,05,091,8,E14_PRE_05_091_000_00_00_008_2184_Mesa_8.pdf,0.0,🟢 ESCANEO REAL
BOLIVAR,05,073,3,E14_PRE_05_073_099_00_12_003_2178_Mesa_3.pdf,0.02,🟢 ESCANEO REAL
BOLIVAR,05,001,17,E14_PRE_05_001_012_02_02_017_5420_Mesa_17.pdf,0.0,🟢 ESCANEO REAL
BOLIVAR,05,079,5,E14_PRE_05_079_099_00_06_005_5475_Mesa_5.pdf,2.27,🔴 DEEPFAKE SINTÉTICO
BOLIVAR,05,001,15,E14_PRE_05_001_014_02_04_015_5428_Mesa_15.pdf,0.0,🟢 ESCANEO REAL
BOLIVAR,05,041,2,E14_PRE_05_041_099_00_40_002_2169_Mesa_2.pdf,0.0,🟢 ESCANEO REAL
BOLIVAR,05,001,4,E14_PRE_05_001_099_02_35_004_5416_Mesa_4.pdf,0.0,🟢 ESCANEO REAL
BOLIVAR,05,001,10,E14_PRE_05_001_013_02_05_010_5426_Mesa_10.pdf,0.0,🟢 ESCANEO REAL
BOLIVAR,05,001,5,E14_PRE_05_001_099_02_72_005_5415_Mesa_5.pdf,0.0,🟢 ESCANEO REAL
BOLIVAR,05,001,10,E14_PRE_05_001_099_01_17_010_5401_Mesa_10.pdf,0.0,🟢 ESCANEO REAL
BOLIVAR,05,091,3,E14_PRE_05_091_099_00_13_003_2184_Mesa_3.pdf,0.0,🟢 ESCANEO REAL
BOLIVAR,05,009,11,E14_PRE_05_009_000_00_00_011_2154_Mesa_11.pdf,0.0,🟢 ESCANEO REAL
BOLIVAR,05,084,31,E14_PRE_05_084_000_00_00_031_5477_Mesa_31.pdf,0.0,🟢 ESCANEO REAL
BOLIVAR,05,082,2,E14_PRE_05_082_099_00_29_002_2182_Mesa_2.pdf,0.0,🟢 ESCANEO REAL
BOLIVAR,05,118,3,E14_PRE_05_118_001_06_03_003_5483_Mesa_3.pdf,0.0,🟢 ESCANEO REAL
BOLIVAR,05,072,12,E14_PRE_05_072_000_00_00_012_2177_Mesa_12.pdf,0.0,🟢 ESCANEO REAL
BOLIVAR,05,001,4,E14_PRE_05_001_006_01_03_004_5407_Mesa_4.pdf,0.0,🟢 ESCANEO REAL
BOLIVAR,05,028,4,E14_PRE_05_028_099_11_19_004_5460_Mesa_4.pdf,0.56,🟢 ESCANEO REAL
BOLIVAR,05,001,10,E14_PRE_05_001_013_02_06_010_5424_Mesa_10.pdf,0.0,🟢 ESCANEO REAL
BOLIVAR,05,001,21,E14_PRE_05_001_004_01_04_021_5402_Mesa_21.pdf,0.0,🟢 ESCANEO REAL
BOLIVAR,05,001,9,E14_PRE_05_001_004_01_04_009_5402_Mesa_9.pdf,0.0,🟢 ESCANEO REAL
BOLIVAR,05,072,4,E14_PRE_05_072_099_00_20_004_2177_Mesa_4.pdf,0.0,🟢 ESCANEO REAL
BOLIVAR,05,031,6,E14_PRE_05_031_000_00_01_006_5463_Mesa_6.pdf,14.18,🔴 DEEPFAKE SINTÉTICO
BOLIVAR,05,028,11,E14_PRE_05_028_099_10_17_011_5459_Mesa_11.pdf,0.22,🟢 ESCANEO REAL
BOLIVAR,05,014,12,E14_PRE_05_014_000_00_00_012_2157_Mesa_12.pdf,0.04,🟢 ESCANEO REAL
BOLIVAR,05,001,15,E14_PRE_05_001_099_02_34_015_5415_Mesa_15.pdf,0.0,🟢 ESCANEO REAL
BOLIVAR,05,044,1,E14_PRE_05_044_099_00_13_001_2171_Mesa_1.pdf,0.0,🟢 ESCANEO REAL
BOLIVAR,05,006,12,E14_PRE_05_006_000_00_00_012_2152_Mesa_12.pdf,0.0,🟢 ESCANEO REAL
BOLIVAR,05,009,1,E14_PRE_05_009_099_00_21_001_2154_Mesa_1.pdf,0.0,🟢 ESCANEO REAL
BOLIVAR,05,118,9,E14_PRE_05_118_090_00_01_009_5484_Mesa_9.pdf,1.52,🔴 DEEPFAKE SINTÉTICO
BOLIVAR,05,091,9,E14_PRE_05_091_000_00_00_009_2184_Mesa_9.pdf,0.0,🟢 ESCANEO REAL
BOLIVAR,05,001,23,E14_PRE_05_001_007_01_01_023_5409_Mesa_23.pdf,0.0,🟢 ESCANEO REAL
BOLIVAR,05,001,20,E14_PRE_05_001_022_03_04_020_5444_Mesa_20.pdf,0.0,🟢 ESCANEO REAL
BOLIVAR,05,001,6,E14_PRE_05_001_008_01_02_006_5412_Mesa_6.pdf,0.0,🟢 ESCANEO REAL
BOLIVAR,05,001,4,E14_PRE_05_001_021_03_03_004_5442_Mesa_4.pdf,0.0,🟢 ESCANEO REAL
BOLIVAR,05,001,23,E14_PRE_05_001_013_02_01_023_5423_Mesa_23.pdf,0.0,🟢 ESCANEO REAL
BOLIVAR,05,001,6,E14_PRE_05_001_013_02_02_006_5424_Mesa_6.pdf,0.01,🟢 ESCANEO REAL
BOLIVAR,05,095,1,E14_PRE_05_095_099_00_25_001_5480_Mesa_1.pdf,0.0,🟢 ESCANEO REAL
BOLIVAR,05,022,10,E14_PRE_05_022_001_00_03_010_5453_Mesa_10.pdf,15.91,🔴 DEEPFAKE SINTÉTICO
BOLIVAR,05,037,2,E14_PRE_05_037_099_00_22_002_2167_Mesa_2.pdf,0.0,🟢 ESCANEO REAL
BOLIVAR,05,094,5,E14_PRE_05_094_000_00_00_005_2185_Mesa_5.pdf,0.0,🟢 ESCANEO REAL
BOLIVAR,05,084,50,E14_PRE_05_084_000_00_00_050_5478_Mesa_50.pdf,0.42,🟢 ESCANEO REAL
BOLIVAR,05,005,6,E14_PRE_05_005_000_00_00_006_2151_Mesa_6.pdf,0.0,🟢 ESCANEO REAL
BOLIVAR,05,001,6,E14_PRE_05_001_013_02_01_006_5423_Mesa_6.pdf,0.0,🟢 ESCANEO REAL
BOLIVAR,05,001,15,E14_PRE_05_001_005_01_03_015_5404_Mesa_15.pdf,0.0,🟢 ESCANEO REAL
BOLIVAR,05,001,37,E14_PRE_05_001_014_02_01_037_5426_Mesa_37.pdf,0.0,🟢 ESCANEO REAL
BOLIVAR,05,079,9,E14_PRE_05_079_001_00_01_009_5475_Mesa_9.pdf,2.18,🔴 DEEPFAKE SINTÉTICO
BOLIVAR,05,118,5,E14_PRE_05_118_001_05_04_005_5483_Mesa_5.pdf,0.0,🟢 ESCANEO REAL
BOLIVAR,05,001,20,E14_PRE_05_001_006_01_02_020_5407_Mesa_20.pdf,0.0,🟢 ESCANEO REAL
BOLIVAR,05,001,23,E14_PRE_05_001_012_02_01_023_5420_Mesa_23.pdf,0.0,🟢 ESCANEO REAL
BOLIVAR,05,031,2,E14_PRE_05_031_099_00_15_002_5464_Mesa_2.pdf,17.13,🔴 DEEPFAKE SINTÉTICO
BOLIVAR,05,028,3,E14_PRE_05_028_001_02_04_003_5458_Mesa_3.pdf,2.67,🔴 DEEPFAKE SINTÉTICO
BOLIVAR,05,082,15,E14_PRE_05_082_000_00_00_015_2182_Mesa_15.pdf,0.0,🟢 ESCANEO REAL
BOLIVAR,05,040,7,E14_PRE_05_040_002_00_01_007_5465_Mesa_7.pdf,6.36,🔴 DEEPFAKE SINTÉTICO
BOLIVAR,05,031,13,E14_PRE_05_031_000_00_02_013_5463_Mesa_13.pdf,18.59,🔴 DEEPFAKE SINTÉTICO
BOLIVAR,05,001,13,E14_PRE_05_001_022_03_02_013_5441_Mesa_13.pdf,0.05,🟢 ESCANEO REAL
BOLIVAR,05,001,3,E14_PRE_05_001_099_02_74_003_5430_Mesa_3.pdf,0.0,🟢 ESCANEO REAL
BOLIVAR,05,001,1,E14_PRE_05_001_099_01_03_001_5433_Mesa_1.pdf,0.0,🟢 ESCANEO REAL
BOLIVAR,05,001,20,E14_PRE_05_001_001_01_04_020_5397_Mesa_20.pdf,0.0,🟢 ESCANEO REAL
BOLIVAR,05,118,3,E14_PRE_05_118_002_02_02_003_5484_Mesa_3.pdf,1.7,🔴 DEEPFAKE SINTÉTICO
BOLIVAR,05,001,14,E14_PRE_05_001_010_02_01_014_5416_Mesa_14.pdf,0.0,🟢 ESCANEO REAL
BOYACA,07,001,1,E14_PRE_07_001_002_00_01_001_5487_Mesa_1.pdf,0.0,🟢 ESCANEO REAL
BOYACA,07,277,13,E14_PRE_07_277_002_00_04_013_5511_Mesa_13.pdf,0.22,🟢 ESCANEO REAL
BOYACA,07,251,2,E14_PRE_07_251_000_00_00_002_2283_Mesa_2.pdf,0.0,🟢 ESCANEO REAL
BOYACA,07,337,6,E14_PRE_07_337_000_00_00_006_2315_Mesa_6.pdf,0.0,🟢 ESCANEO REAL
BOYACA,07,067,7,E14_PRE_07_067_001_00_03_007_5493_Mesa_7.pdf,0.0,🟢 ESCANEO REAL
BOYACA,07,166,4,E14_PRE_07_166_000_00_00_004_2254_Mesa_4.pdf,0.0,🟢 ESCANEO REAL
BOYACA,07,001,4,E14_PRE_07_001_001_00_02_004_5492_Mesa_4.pdf,0.0,🟢 ESCANEO REAL
BOYACA,07,163,15,E14_PRE_07_163_000_00_00_015_2253_Mesa_15.pdf,0.0,🟢 ESCANEO REAL
BOYACA,07,094,9,E14_PRE_07_094_000_00_00_009_2231_Mesa_9.pdf,0.0,🟢 ESCANEO REAL
BOYACA,07,277,6,E14_PRE_07_277_001_00_03_006_5510_Mesa_6.pdf,9.82,🔴 DEEPFAKE SINTÉTICO
BOYACA,07,313,23,E14_PRE_07_313_000_00_00_023_2306_Mesa_23.pdf,0.0,🟢 ESCANEO REAL
BOYACA,07,154,7,E14_PRE_07_154_000_00_00_007_2249_Mesa_7.pdf,0.0,🟢 ESCANEO REAL
BOYACA,07,148,6,E14_PRE_07_148_000_00_00_006_2247_Mesa_6.pdf,0.0,🟢 ESCANEO REAL
BOYACA,07,265,1,E14_PRE_07_265_000_00_01_001_2288_Mesa_1.pdf,0.0,🟢 ESCANEO REAL
BOYACA,07,214,18,E14_PRE_07_214_001_00_01_018_5504_Mesa_18.pdf,0.0,🟢 ESCANEO REAL
BOYACA,07,176,12,E14_PRE_07_176_000_00_00_012_2257_Mesa_12.pdf,0.0,🟢 ESCANEO REAL
BOYACA,07,001,1,E14_PRE_07_001_001_00_05_001_5486_Mesa_1.pdf,0.0,🟢 ESCANEO REAL
BOYACA,07,328,8,E14_PRE_07_328_000_00_00_008_2312_Mesa_8.pdf,0.0,🟢 ESCANEO REAL
BOYACA,07,008,11,E14_PRE_07_008_000_00_02_011_2197_Mesa_11.pdf,0.0,🟢 ESCANEO REAL
BOYACA,07,019,1,E14_PRE_07_019_000_00_00_001_2201_Mesa_1.pdf,0.0,🟢 ESCANEO REAL
BOYACA,07,166,7,E14_PRE_07_166_099_00_01_007_2254_Mesa_7.pdf,0.0,🟢 ESCANEO REAL
BOYACA,07,220,2,E14_PRE_07_220_000_00_00_002_2271_Mesa_2.pdf,0.0,🟢 ESCANEO REAL
BOYACA,07,106,24,E14_PRE_07_106_000_00_00_024_2235_Mesa_24.pdf,0.0,🟢 ESCANEO REAL
BOYACA,07,181,1,E14_PRE_07_181_099_00_15_001_5502_Mesa_1.pdf,0.0,🟢 ESCANEO REAL
BOYACA,07,079,27,E14_PRE_07_079_002_03_01_027_5498_Mesa_27.pdf,0.0,🟢 ESCANEO REAL
BOYACA,07,259,4,E14_PRE_07_259_000_00_00_004_2286_Mesa_4.pdf,0.0,🟢 ESCANEO REAL
BOYACA,07,079,5,E14_PRE_07_079_001_01_02_005_5496_Mesa_5.pdf,0.0,🟢 ESCANEO REAL
BOYACA,07,280,6,E14_PRE_07_280_000_00_00_006_2293_Mesa_6.pdf,0.0,🟢 ESCANEO REAL
BOYACA,07,151,15,E14_PRE_07_151_000_00_00_015_2248_Mesa_15.pdf,0.0,🟢 ESCANEO REAL
BOYACA,07,271,1,E14_PRE_07_271_099_00_20_001_2290_Mesa_1.pdf,0.0,🟢 ESCANEO REAL
BOYACA,07,058,5,E14_PRE_07_058_000_00_00_005_2214_Mesa_5.pdf,0.0,🟢 ESCANEO REAL
BOYACA,07,001,4,E14_PRE_07_001_002_00_04_004_5492_Mesa_4.pdf,0.0,🟢 ESCANEO REAL
BOYACA,07,169,13,E14_PRE_07_169_000_00_00_013_2255_Mesa_13.pdf,0.0,🟢 ESCANEO REAL
BOYACA,07,082,2,E14_PRE_07_082_000_00_00_002_2227_Mesa_2.pdf,0.67,🟢 ESCANEO REAL
BOYACA,07,277,10,E14_PRE_07_277_002_00_01_010_5509_Mesa_10.pdf,1.08,🔴 DEEPFAKE SINTÉTICO
BOYACA,07,214,19,E14_PRE_07_214_001_00_01_019_5504_Mesa_19.pdf,0.0,🟢 ESCANEO REAL
BOYACA,07,337,15,E14_PRE_07_337_000_00_00_015_2315_Mesa_15.pdf,0.0,🟢 ESCANEO REAL
BOYACA,07,059,2,E14_PRE_07_059_099_00_03_002_2215_Mesa_2.pdf,0.0,🟢 ESCANEO REAL
BOYACA,07,173,5,E14_PRE_07_173_000_00_00_005_2256_Mesa_5.pdf,0.0,🟢 ESCANEO REAL
BOYACA,07,277,21,E14_PRE_07_277_001_00_04_021_5512_Mesa_21.pdf,0.0,🟢 ESCANEO REAL
BOYACA,07,304,15,E14_PRE_07_304_000_00_00_015_2302_Mesa_15.pdf,0.0,🟢 ESCANEO REAL
BOYACA,07,166,5,E14_PRE_07_166_099_00_01_005_2254_Mesa_5.pdf,0.0,🟢 ESCANEO REAL
BOYACA,07,277,15,E14_PRE_07_277_001_00_02_015_5509_Mesa_15.pdf,6.19,🔴 DEEPFAKE SINTÉTICO
BOYACA,07,346,4,E14_PRE_07_346_000_00_00_004_2317_Mesa_4.pdf,0.0,🟢 ESCANEO REAL
BOYACA,07,214,14,E14_PRE_07_214_002_00_01_014_5505_Mesa_14.pdf,0.0,🟢 ESCANEO REAL
BOYACA,07,268,10,E14_PRE_07_268_000_00_00_010_2289_Mesa_10.pdf,0.0,🟢 ESCANEO REAL
BOYACA,07,022,1,E14_PRE_07_022_000_00_00_001_2202_Mesa_1.pdf,0.0,🟢 ESCANEO REAL
BOYACA,07,079,3,E14_PRE_07_079_001_01_01_003_5496_Mesa_3.pdf,0.0,🟢 ESCANEO REAL
BOYACA,07,214,18,E14_PRE_07_214_002_00_01_018_5505_Mesa_18.pdf,0.0,🟢 ESCANEO REAL
BOYACA,07,079,4,E14_PRE_07_079_002_05_03_004_5500_Mesa_4.pdf,0.0,🟢 ESCANEO REAL
BOYACA,07,028,4,E14_PRE_07_028_000_00_00_004_2204_Mesa_4.pdf,0.0,🟢 ESCANEO REAL
BOYACA,07,079,14,E14_PRE_07_079_002_05_03_014_5500_Mesa_14.pdf,0.0,🟢 ESCANEO REAL
BOYACA,07,304,18,E14_PRE_07_304_000_00_00_018_2302_Mesa_18.pdf,0.0,🟢 ESCANEO REAL
BOYACA,07,250,21,E14_PRE_07_250_000_00_00_021_2282_Mesa_21.pdf,0.0,🟢 ESCANEO REAL
BOYACA,07,277,9,E14_PRE_07_277_002_00_02_009_5508_Mesa_9.pdf,2.68,🔴 DEEPFAKE SINTÉTICO
BOYACA,07,160,48,E14_PRE_07_160_000_00_00_048_2251_Mesa_48.pdf,0.0,🟢 ESCANEO REAL
BOYACA,07,079,26,E14_PRE_07_079_002_05_03_026_5500_Mesa_26.pdf,0.0,🟢 ESCANEO REAL
BOYACA,07,109,1,E14_PRE_07_109_000_00_00_001_2236_Mesa_1.pdf,0.0,🟢 ESCANEO REAL
BOYACA,07,289,13,E14_PRE_07_289_000_00_00_013_2298_Mesa_13.pdf,0.04,🟢 ESCANEO REAL
BOYACA,07,082,1,E14_PRE_07_082_099_00_12_001_2227_Mesa_1.pdf,0.0,🟢 ESCANEO REAL
BOYACA,07,215,1,E14_PRE_07_215_099_00_51_001_2269_Mesa_1.pdf,0.0,🟢 ESCANEO REAL
BOYACA,07,249,5,E14_PRE_07_249_000_00_00_005_2281_Mesa_5.pdf,0.0,🟢 ESCANEO REAL
BOYACA,07,067,4,E14_PRE_07_067_002_00_04_004_5494_Mesa_4.pdf,0.0,🟢 ESCANEO REAL
BOYACA,07,028,6,E14_PRE_07_028_000_00_00_006_2204_Mesa_6.pdf,0.0,🟢 ESCANEO REAL
BOYACA,07,214,9,E14_PRE_07_214_002_00_01_009_5505_Mesa_9.pdf,0.0,🟢 ESCANEO REAL
BOYACA,07,068,10,E14_PRE_07_068_000_00_00_010_2220_Mesa_10.pdf,0.0,🟢 ESCANEO REAL
BOYACA,07,001,5,E14_PRE_07_001_003_00_01_005_5489_Mesa_5.pdf,0.0,🟢 ESCANEO REAL
BOYACA,07,079,23,E14_PRE_07_079_002_03_01_023_5498_Mesa_23.pdf,0.0,🟢 ESCANEO REAL
BOYACA,07,067,8,E14_PRE_07_067_002_00_05_008_5493_Mesa_8.pdf,0.03,🟢 ESCANEO REAL
BOYACA,07,277,25,E14_PRE_07_277_002_00_02_025_5508_Mesa_25.pdf,0.16,🟢 ESCANEO REAL
BOYACA,07,160,27,E14_PRE_07_160_000_00_00_027_2251_Mesa_27.pdf,0.0,🟢 ESCANEO REAL
BOYACA,07,001,10,E14_PRE_07_001_001_00_02_010_5492_Mesa_10.pdf,0.01,🟢 ESCANEO REAL
BOYACA,07,079,3,E14_PRE_07_079_099_13_70_003_5501_Mesa_3.pdf,0.0,🟢 ESCANEO REAL
BOYACA,07,277,6,E14_PRE_07_277_002_00_02_006_5508_Mesa_6.pdf,3.2,🔴 DEEPFAKE SINTÉTICO
BOYACA,07,259,3,E14_PRE_07_259_000_00_00_003_2286_Mesa_3.pdf,0.0,🟢 ESCANEO REAL
BOYACA,07,001,6,E14_PRE_07_001_002_00_06_006_5491_Mesa_6.pdf,0.0,🟢 ESCANEO REAL
BOYACA,07,079,8,E14_PRE_07_079_001_01_02_008_5496_Mesa_8.pdf,0.0,🟢 ESCANEO REAL
BOYACA,07,166,8,E14_PRE_07_166_000_00_00_008_2254_Mesa_8.pdf,0.01,🟢 ESCANEO REAL
BOYACA,07,205,2,E14_PRE_07_205_000_00_00_002_2267_Mesa_2.pdf,0.0,🟢 ESCANEO REAL
BOYACA,07,001,15,E14_PRE_07_001_003_00_06_015_5490_Mesa_15.pdf,0.0,🟢 ESCANEO REAL
BOYACA,07,217,4,E14_PRE_07_217_000_00_00_004_2270_Mesa_4.pdf,0.0,🟢 ESCANEO REAL
BOYACA,07,001,5,E14_PRE_07_001_003_00_04_005_5490_Mesa_5.pdf,0.0,🟢 ESCANEO REAL
BOYACA,07,337,1,E14_PRE_07_337_000_00_00_001_2315_Mesa_1.pdf,0.0,🟢 ESCANEO REAL
BOYACA,07,181,3,E14_PRE_07_181_099_01_01_003_5502_Mesa_3.pdf,0.0,🟢 ESCANEO REAL
BOYACA,07,001,6,E14_PRE_07_001_001_00_04_006_5486_Mesa_6.pdf,0.0,🟢 ESCANEO REAL
BOYACA,07,079,7,E14_PRE_07_079_001_01_05_007_5497_Mesa_7.pdf,0.0,🟢 ESCANEO REAL
BOYACA,07,235,26,E14_PRE_07_235_000_00_00_026_2275_Mesa_26.pdf,0.0,🟢 ESCANEO REAL
BOYACA,07,277,28,E14_PRE_07_277_002_00_01_028_5509_Mesa_28.pdf,2.79,🔴 DEEPFAKE SINTÉTICO
BOYACA,07,010,14,E14_PRE_07_010_000_00_00_014_2198_Mesa_14.pdf,0.0,🟢 ESCANEO REAL
BOYACA,07,082,7,E14_PRE_07_082_000_00_00_007_2227_Mesa_7.pdf,0.0,🟢 ESCANEO REAL
BOYACA,07,301,2,E14_PRE_07_301_000_00_00_002_2301_Mesa_2.pdf,0.0,🟢 ESCANEO REAL
BOYACA,07,079,16,E14_PRE_07_079_002_04_02_016_5499_Mesa_16.pdf,0.0,🟢 ESCANEO REAL
BOYACA,07,151,4,E14_PRE_07_151_000_00_00_004_2248_Mesa_4.pdf,0.0,🟢 ESCANEO REAL
BOYACA,07,277,11,E14_PRE_07_277_002_00_02_011_5508_Mesa_11.pdf,0.96,🟢 ESCANEO REAL
BOYACA,07,271,4,E14_PRE_07_271_000_00_00_004_2290_Mesa_4.pdf,0.0,🟢 ESCANEO REAL
BOYACA,07,277,5,E14_PRE_07_277_001_00_04_005_5512_Mesa_5.pdf,0.0,🟢 ESCANEO REAL
BOYACA,07,304,2,E14_PRE_07_304_000_00_00_002_2302_Mesa_2.pdf,0.0,🟢 ESCANEO REAL
BOYACA,07,007,2,E14_PRE_07_007_000_00_00_002_2196_Mesa_2.pdf,0.0,🟢 ESCANEO REAL
CALDAS,09,085,1,E14_PRE_09_085_099_00_11_001_2335_Mesa_1.pdf,0.0,🟢 ESCANEO REAL
BOYACA,07,202,6,E14_PRE_07_202_000_00_00_006_2266_Mesa_6.pdf,0.0,🟢 ESCANEO REAL
BOYACA,07,013,18,E14_PRE_07_013_000_00_00_018_2199_Mesa_18.pdf,0.0,🟢 ESCANEO REAL
CALDAS,09,049,11,E14_PRE_09_049_001_00_03_011_5540_Mesa_11.pdf,0.01,🟢 ESCANEO REAL
CALDAS,09,001,14,E14_PRE_09_001_003_03_04_014_5519_Mesa_14.pdf,0.0,🟢 ESCANEO REAL
CALDAS,09,001,11,E14_PRE_09_001_010_09_05_011_5528_Mesa_11.pdf,0.0,🟢 ESCANEO REAL
CALDAS,09,001,4,E14_PRE_09_001_004_03_03_004_5520_Mesa_4.pdf,0.0,🟢 ESCANEO REAL
CALDAS,09,001,4,E14_PRE_09_001_011_10_04_004_5530_Mesa_4.pdf,0.0,🟢 ESCANEO REAL
CALDAS,09,001,2,E14_PRE_09_001_003_03_01_002_5518_Mesa_2.pdf,0.0,🟢 ESCANEO REAL
CALDAS,09,001,10,E14_PRE_09_001_011_10_01_010_5529_Mesa_10.pdf,0.0,🟢 ESCANEO REAL
CALDAS,09,079,1,E14_PRE_09_079_099_01_01_001_2333_Mesa_1.pdf,0.0,🟢 ESCANEO REAL
CALDAS,09,052,1,E14_PRE_09_052_099_00_06_001_2326_Mesa_1.pdf,0.0,🟢 ESCANEO REAL
CALDAS,09,103,5,E14_PRE_09_103_002_00_02_005_5546_Mesa_5.pdf,0.0,🟢 ESCANEO REAL
CALDAS,09,037,12,E14_PRE_09_037_000_00_00_012_2324_Mesa_12.pdf,14.12,🔴 DEEPFAKE SINTÉTICO
CALDAS,09,106,1,E14_PRE_09_106_099_00_04_001_2337_Mesa_1.pdf,0.0,🟢 ESCANEO REAL
CALDAS,09,001,14,E14_PRE_09_001_008_07_01_014_5525_Mesa_14.pdf,0.0,🟢 ESCANEO REAL
CALDAS,09,109,31,E14_PRE_09_109_000_00_00_031_2338_Mesa_31.pdf,0.0,🟢 ESCANEO REAL
CALDAS,09,058,1,E14_PRE_09_058_099_00_03_001_2328_Mesa_1.pdf,0.0,🟢 ESCANEO REAL
CALDAS,09,052,1,E14_PRE_09_052_099_00_01_001_2326_Mesa_1.pdf,0.0,🟢 ESCANEO REAL
CALDAS,09,109,4,E14_PRE_09_109_000_00_00_004_2338_Mesa_4.pdf,0.0,🟢 ESCANEO REAL
CALDAS,09,013,12,E14_PRE_09_013_000_00_01_012_2321_Mesa_12.pdf,0.01,🟢 ESCANEO REAL
CALDAS,09,001,12,E14_PRE_09_001_007_06_02_012_5524_Mesa_12.pdf,0.0,🟢 ESCANEO REAL
CALDAS,09,001,8,E14_PRE_09_001_099_16_05_008_5517_Mesa_8.pdf,0.0,🟢 ESCANEO REAL
CALDAS,09,049,16,E14_PRE_09_049_001_00_03_016_5540_Mesa_16.pdf,0.0,🟢 ESCANEO REAL
CALDAS,09,133,14,E14_PRE_09_133_000_00_02_014_2344_Mesa_14.pdf,0.03,🟢 ESCANEO REAL
CALDAS,09,001,15,E14_PRE_09_001_001_01_01_015_5513_Mesa_15.pdf,0.0,🟢 ESCANEO REAL
CALDAS,09,001,4,E14_PRE_09_001_001_01_03_004_5514_Mesa_4.pdf,0.0,🟢 ESCANEO REAL
CALDAS,09,076,9,E14_PRE_09_076_001_00_01_009_5543_Mesa_9.pdf,0.0,🟢 ESCANEO REAL
CALDAS,09,052,4,E14_PRE_09_052_000_00_00_004_2326_Mesa_4.pdf,0.0,🟢 ESCANEO REAL
CALDAS,09,001,8,E14_PRE_09_001_004_03_04_008_5520_Mesa_8.pdf,0.0,🟢 ESCANEO REAL
CALDAS,09,103,7,E14_PRE_09_103_001_00_01_007_5545_Mesa_7.pdf,0.0,🟢 ESCANEO REAL
CALDAS,09,001,7,E14_PRE_09_001_003_03_03_007_5518_Mesa_7.pdf,0.0,🟢 ESCANEO REAL
CALDAS,09,001,16,E14_PRE_09_001_004_03_02_016_5520_Mesa_16.pdf,0.0,🟢 ESCANEO REAL
CALDAS,09,130,17,E14_PRE_09_130_001_00_03_017_5550_Mesa_17.pdf,0.0,🟢 ESCANEO REAL
CALDAS,09,034,7,E14_PRE_09_034_001_00_04_007_5537_Mesa_7.pdf,0.0,🟢 ESCANEO REAL
CALDAS,09,004,17,E14_PRE_09_004_000_00_02_017_5532_Mesa_17.pdf,0.01,🟢 ESCANEO REAL
CALDAS,09,001,8,E14_PRE_09_001_011_10_01_008_5529_Mesa_8.pdf,0.0,🟢 ESCANEO REAL
CALDAS,09,049,21,E14_PRE_09_049_002_00_02_021_5542_Mesa_21.pdf,0.0,🟢 ESCANEO REAL
CALDAS,09,058,1,E14_PRE_09_058_099_01_05_001_2328_Mesa_1.pdf,0.05,🟢 ESCANEO REAL
CALDAS,09,001,3,E14_PRE_09_001_007_06_04_003_5524_Mesa_3.pdf,0.0,🟢 ESCANEO REAL
CALDAS,09,037,2,E14_PRE_09_037_099_06_07_002_2324_Mesa_2.pdf,0.01,🟢 ESCANEO REAL
CALDAS,09,049,1,E14_PRE_09_049_099_00_04_001_5542_Mesa_1.pdf,0.0,🟢 ESCANEO REAL
CALDAS,09,124,5,E14_PRE_09_124_002_00_02_005_5549_Mesa_5.pdf,0.0,🟢 ESCANEO REAL
CALDAS,09,103,6,E14_PRE_09_103_099_00_01_006_5546_Mesa_6.pdf,0.01,🟢 ESCANEO REAL
CALDAS,09,013,3,E14_PRE_09_013_000_00_01_003_2321_Mesa_3.pdf,0.0,🟢 ESCANEO REAL
CALDAS,09,049,6,E14_PRE_09_049_002_00_01_006_5541_Mesa_6.pdf,0.0,🟢 ESCANEO REAL
CALDAS,09,133,7,E14_PRE_09_133_000_00_02_007_2344_Mesa_7.pdf,0.02,🟢 ESCANEO REAL
CALDAS,09,001,1,E14_PRE_09_001_099_15_14_001_5517_Mesa_1.pdf,0.0,🟢 ESCANEO REAL
CALDAS,09,034,10,E14_PRE_09_034_002_00_01_010_5537_Mesa_10.pdf,0.0,🟢 ESCANEO REAL
CALDAS,09,055,11,E14_PRE_09_055_000_00_00_011_2327_Mesa_11.pdf,0.0,🟢 ESCANEO REAL
CALDAS,09,001,1,E14_PRE_09_001_001_01_05_001_5513_Mesa_1.pdf,0.0,🟢 ESCANEO REAL
CALDAS,09,001,16,E14_PRE_09_001_013_12_01_016_5514_Mesa_16.pdf,0.0,🟢 ESCANEO REAL
CALDAS,09,133,1,E14_PRE_09_133_099_00_03_001_2344_Mesa_1.pdf,0.03,🟢 ESCANEO REAL
CALDAS,09,082,12,E14_PRE_09_082_000_00_01_012_2334_Mesa_12.pdf,0.0,🟢 ESCANEO REAL
CALDAS,09,001,15,E14_PRE_09_001_002_02_02_015_5516_Mesa_15.pdf,0.0,🟢 ESCANEO REAL
CALDAS,09,022,7,E14_PRE_09_022_000_00_00_007_2322_Mesa_7.pdf,0.0,🟢 ESCANEO REAL
CALDAS,09,001,9,E14_PRE_09_001_008_07_01_009_5525_Mesa_9.pdf,0.0,🟢 ESCANEO REAL
CALDAS,09,133,19,E14_PRE_09_133_000_00_01_019_2344_Mesa_19.pdf,0.02,🟢 ESCANEO REAL
CALDAS,09,001,1,E14_PRE_09_001_010_09_04_001_5528_Mesa_1.pdf,0.02,🟢 ESCANEO REAL
CALDAS,09,001,17,E14_PRE_09_001_005_04_02_017_5521_Mesa_17.pdf,0.0,🟢 ESCANEO REAL
CALDAS,09,007,2,E14_PRE_09_007_099_00_01_002_5534_Mesa_2.pdf,0.02,🟢 ESCANEO REAL
CALDAS,09,076,22,E14_PRE_09_076_002_00_01_022_5544_Mesa_22.pdf,0.0,🟢 ESCANEO REAL
CALDAS,09,007,2,E14_PRE_09_007_002_00_03_002_5535_Mesa_2.pdf,0.0,🟢 ESCANEO REAL
CALDAS,09,124,1,E14_PRE_09_124_002_00_03_001_5549_Mesa_1.pdf,0.0,🟢 ESCANEO REAL
CALDAS,09,001,1,E14_PRE_09_001_002_02_03_001_5516_Mesa_1.pdf,0.0,🟢 ESCANEO REAL
CALDAS,09,049,23,E14_PRE_09_049_001_00_01_023_5539_Mesa_23.pdf,0.0,🟢 ESCANEO REAL
CALDAS,09,034,4,E14_PRE_09_034_002_00_02_004_5538_Mesa_4.pdf,0.0,🟢 ESCANEO REAL
CALDAS,09,001,4,E14_PRE_09_001_011_10_05_004_5530_Mesa_4.pdf,0.11,🟢 ESCANEO REAL
CALDAS,09,001,15,E14_PRE_09_001_005_04_02_015_5521_Mesa_15.pdf,0.0,🟢 ESCANEO REAL
CALDAS,09,085,2,E14_PRE_09_085_099_00_08_002_2335_Mesa_2.pdf,0.0,🟢 ESCANEO REAL
CALDAS,09,022,1,E14_PRE_09_022_099_00_05_001_2322_Mesa_1.pdf,0.0,🟢 ESCANEO REAL
CALDAS,09,001,7,E14_PRE_09_001_010_09_04_007_5528_Mesa_7.pdf,0.0,🟢 ESCANEO REAL
CALDAS,09,001,3,E14_PRE_09_001_010_09_04_003_5528_Mesa_3.pdf,0.0,🟢 ESCANEO REAL
CALDAS,09,001,12,E14_PRE_09_001_005_04_03_012_5522_Mesa_12.pdf,0.0,🟢 ESCANEO REAL
CALDAS,09,124,3,E14_PRE_09_124_001_00_01_003_5548_Mesa_3.pdf,0.0,🟢 ESCANEO REAL
CALDAS,09,034,1,E14_PRE_09_034_099_00_01_001_5538_Mesa_1.pdf,0.0,🟢 ESCANEO REAL
CALDAS,09,001,5,E14_PRE_09_001_007_06_03_005_5524_Mesa_5.pdf,0.0,🟢 ESCANEO REAL
CALDAS,09,082,17,E14_PRE_09_082_000_00_01_017_2334_Mesa_17.pdf,0.2,🟢 ESCANEO REAL
CALDAS,09,001,7,E14_PRE_09_001_009_08_04_007_5526_Mesa_7.pdf,0.0,🟢 ESCANEO REAL
CALDAS,09,001,21,E14_PRE_09_001_005_04_02_021_5521_Mesa_21.pdf,0.01,🟢 ESCANEO REAL
CALDAS,09,076,1,E14_PRE_09_076_002_00_01_001_5544_Mesa_1.pdf,0.0,🟢 ESCANEO REAL
CALDAS,09,034,18,E14_PRE_09_034_001_00_01_018_5536_Mesa_18.pdf,0.03,🟢 ESCANEO REAL
CALDAS,09,103,16,E14_PRE_09_103_002_00_02_016_5546_Mesa_16.pdf,0.0,🟢 ESCANEO REAL
CALDAS,09,001,9,E14_PRE_09_001_001_01_03_009_5514_Mesa_9.pdf,0.01,🟢 ESCANEO REAL
CALDAS,09,049,26,E14_PRE_09_049_001_00_01_026_5539_Mesa_26.pdf,0.0,🟢 ESCANEO REAL
CALDAS,09,001,18,E14_PRE_09_001_009_08_06_018_5527_Mesa_18.pdf,0.3,🟢 ESCANEO REAL
CALDAS,09,022,20,E14_PRE_09_022_000_00_00_020_2322_Mesa_20.pdf,0.0,🟢 ESCANEO REAL
CALDAS,09,001,8,E14_PRE_09_001_004_03_02_008_5520_Mesa_8.pdf,0.0,🟢 ESCANEO REAL
CALDAS,09,001,17,E14_PRE_09_001_004_03_02_017_5520_Mesa_17.pdf,0.0,🟢 ESCANEO REAL
CALDAS,09,076,6,E14_PRE_09_076_001_00_01_006_5543_Mesa_6.pdf,0.0,🟢 ESCANEO REAL
CALDAS,09,103,1,E14_PRE_09_103_099_00_13_001_5547_Mesa_1.pdf,0.24,🟢 ESCANEO REAL
CALDAS,09,115,1,E14_PRE_09_115_099_00_10_001_2339_Mesa_1.pdf,0.0,🟢 ESCANEO REAL
CALDAS,09,034,9,E14_PRE_09_034_002_00_03_009_5538_Mesa_9.pdf,0.0,🟢 ESCANEO REAL
CALDAS,09,106,11,E14_PRE_09_106_000_00_00_011_2337_Mesa_11.pdf,0.0,🟢 ESCANEO REAL
CALDAS,09,103,10,E14_PRE_09_103_002_00_02_010_5546_Mesa_10.pdf,0.0,🟢 ESCANEO REAL
CALDAS,09,007,1,E14_PRE_09_007_002_00_04_001_5535_Mesa_1.pdf,0.0,🟢 ESCANEO REAL
CALDAS,09,001,10,E14_PRE_09_001_011_10_03_010_5529_Mesa_10.pdf,0.0,🟢 ESCANEO REAL
CALDAS,09,124,10,E14_PRE_09_124_002_00_02_010_5549_Mesa_10.pdf,0.0,🟢 ESCANEO REAL
CALDAS,09,001,13,E14_PRE_09_001_008_07_02_013_5525_Mesa_13.pdf,0.0,🟢 ESCANEO REAL
CALDAS,09,130,1,E14_PRE_09_130_001_00_03_001_5550_Mesa_1.pdf,0.0,🟢 ESCANEO REAL
CAQUETA,44,010,11,E14_PRE_44_010_001_00_01_011_6837_Mesa_11.pdf,0.0,🟢 ESCANEO REAL
CALDAS,09,001,5,E14_PRE_09_001_009_08_05_005_5526_Mesa_5.pdf,0.0,🟢 ESCANEO REAL
CALDAS,09,001,1,E14_PRE_09_001_006_05_05_001_5523_Mesa_1.pdf,0.0,🟢 ESCANEO REAL
CAQUETA,44,022,16,E14_PRE_44_022_000_00_00_016_3009_Mesa_16.pdf,0.0,🟢 ESCANEO REAL
CAQUETA,44,020,2,E14_PRE_44_020_099_00_80_002_3008_Mesa_2.pdf,0.0,🟢 ESCANEO REAL
CAQUETA,44,007,20,E14_PRE_44_007_000_00_00_020_3002_Mesa_20.pdf,0.0,🟢 ESCANEO REAL
CAQUETA,44,001,3,E14_PRE_44_001_004_04_06_003_6828_Mesa_3.pdf,0.0,🟢 ESCANEO REAL
CAQUETA,44,001,3,E14_PRE_44_001_003_03_02_003_6830_Mesa_3.pdf,0.0,🟢 ESCANEO REAL
CAQUETA,44,001,1,E14_PRE_44_001_002_02_05_001_6831_Mesa_1.pdf,0.0,🟢 ESCANEO REAL
CAQUETA,44,001,1,E14_PRE_44_001_001_01_03_001_6829_Mesa_1.pdf,0.0,🟢 ESCANEO REAL
CAQUETA,44,003,4,E14_PRE_44_003_099_00_84_004_6834_Mesa_4.pdf,0.0,🟢 ESCANEO REAL
CAQUETA,44,009,12,E14_PRE_44_009_000_00_02_012_6835_Mesa_12.pdf,0.0,🟢 ESCANEO REAL
CAQUETA,44,010,3,E14_PRE_44_010_001_00_01_003_6837_Mesa_3.pdf,0.04,🟢 ESCANEO REAL
CAQUETA,44,009,17,E14_PRE_44_009_000_00_01_017_6836_Mesa_17.pdf,0.0,🟢 ESCANEO REAL
CAQUETA,44,001,8,E14_PRE_44_001_002_02_01_008_6826_Mesa_8.pdf,0.0,🟢 ESCANEO REAL
CAQUETA,44,010,6,E14_PRE_44_010_002_00_01_006_6838_Mesa_6.pdf,0.0,🟢 ESCANEO REAL
CAQUETA,44,040,1,E14_PRE_44_040_099_00_58_001_3011_Mesa_1.pdf,0.02,🟢 ESCANEO REAL
CAQUETA,44,022,1,E14_PRE_44_022_099_00_45_001_3009_Mesa_1.pdf,0.0,🟢 ESCANEO REAL
CAQUETA,44,001,11,E14_PRE_44_001_002_02_04_011_6830_Mesa_11.pdf,0.0,🟢 ESCANEO REAL
CAQUETA,44,012,14,E14_PRE_44_012_000_00_00_014_3005_Mesa_14.pdf,0.0,🟢 ESCANEO REAL
CAQUETA,44,002,6,E14_PRE_44_002_000_00_00_006_2997_Mesa_6.pdf,0.37,🟢 ESCANEO REAL
CAQUETA,44,001,14,E14_PRE_44_001_001_01_07_014_6827_Mesa_14.pdf,0.0,🟢 ESCANEO REAL
CAQUETA,44,003,11,E14_PRE_44_003_000_00_00_011_6833_Mesa_11.pdf,0.0,🟢 ESCANEO REAL
CAQUETA,44,010,1,E14_PRE_44_010_099_00_05_001_6839_Mesa_1.pdf,0.0,🟢 ESCANEO REAL
CAQUETA,44,001,19,E14_PRE_44_001_001_01_01_019_6826_Mesa_19.pdf,0.0,🟢 ESCANEO REAL
CAQUETA,44,001,8,E14_PRE_44_001_001_01_07_008_6827_Mesa_8.pdf,0.0,🟢 ESCANEO REAL
CAQUETA,44,001,18,E14_PRE_44_001_003_03_03_018_6828_Mesa_18.pdf,0.0,🟢 ESCANEO REAL
CAQUETA,44,022,2,E14_PRE_44_022_099_00_50_002_3009_Mesa_2.pdf,0.0,🟢 ESCANEO REAL
CAQUETA,44,012,17,E14_PRE_44_012_000_00_00_017_3005_Mesa_17.pdf,0.0,🟢 ESCANEO REAL
CAQUETA,44,001,2,E14_PRE_44_001_001_01_08_002_6826_Mesa_2.pdf,0.0,🟢 ESCANEO REAL
CAQUETA,44,005,1,E14_PRE_44_005_099_00_03_001_3000_Mesa_1.pdf,0.0,🟢 ESCANEO REAL
CAQUETA,44,020,1,E14_PRE_44_020_099_00_50_001_3008_Mesa_1.pdf,0.0,🟢 ESCANEO REAL
CAQUETA,44,001,7,E14_PRE_44_001_003_03_01_007_6831_Mesa_7.pdf,0.0,🟢 ESCANEO REAL
CAQUETA,44,001,2,E14_PRE_44_001_099_07_08_002_6832_Mesa_2.pdf,0.03,🟢 ESCANEO REAL
CAQUETA,44,010,5,E14_PRE_44_010_002_00_02_005_6838_Mesa_5.pdf,0.0,🟢 ESCANEO REAL
CAQUETA,44,001,17,E14_PRE_44_001_002_02_03_017_6825_Mesa_17.pdf,0.0,🟢 ESCANEO REAL
CAQUETA,44,001,7,E14_PRE_44_001_003_03_03_007_6828_Mesa_7.pdf,0.0,🟢 ESCANEO REAL
CAQUETA,44,001,5,E14_PRE_44_001_004_04_05_005_6825_Mesa_5.pdf,0.0,🟢 ESCANEO REAL
CAQUETA,44,001,7,E14_PRE_44_001_090_00_01_007_6832_Mesa_7.pdf,0.0,🟢 ESCANEO REAL
CAQUETA,44,001,4,E14_PRE_44_001_002_02_05_004_6831_Mesa_4.pdf,0.0,🟢 ESCANEO REAL
CAQUETA,44,001,6,E14_PRE_44_001_004_04_05_006_6825_Mesa_6.pdf,0.83,🟢 ESCANEO REAL
CAQUETA,44,001,4,E14_PRE_44_001_001_01_07_004_6827_Mesa_4.pdf,0.0,🟢 ESCANEO REAL
CAQUETA,44,001,6,E14_PRE_44_001_090_00_01_006_6832_Mesa_6.pdf,62.24,🔴 DEEPFAKE SINTÉTICO
CAQUETA,44,001,18,E14_PRE_44_001_002_02_01_018_6826_Mesa_18.pdf,0.0,🟢 ESCANEO REAL
CAQUETA,44,009,1,E14_PRE_44_009_099_04_30_001_6835_Mesa_1.pdf,0.0,🟢 ESCANEO REAL
CAQUETA,44,005,39,E14_PRE_44_005_000_00_00_039_3000_Mesa_39.pdf,0.0,🟢 ESCANEO REAL
CAQUETA,44,020,5,E14_PRE_44_020_000_00_01_005_3008_Mesa_5.pdf,0.0,🟢 ESCANEO REAL
CAQUETA,44,010,10,E14_PRE_44_010_001_00_02_010_6837_Mesa_10.pdf,0.0,🟢 ESCANEO REAL
CAQUETA,44,010,5,E14_PRE_44_010_002_00_03_005_6838_Mesa_5.pdf,0.0,🟢 ESCANEO REAL
CAQUETA,44,001,2,E14_PRE_44_001_002_02_05_002_6831_Mesa_2.pdf,0.0,🟢 ESCANEO REAL
CAQUETA,44,003,40,E14_PRE_44_003_000_00_00_040_6834_Mesa_40.pdf,0.0,🟢 ESCANEO REAL
CAQUETA,44,003,37,E14_PRE_44_003_000_00_00_037_6833_Mesa_37.pdf,0.0,🟢 ESCANEO REAL
CAQUETA,44,001,1,E14_PRE_44_001_004_04_08_001_6829_Mesa_1.pdf,0.0,🟢 ESCANEO REAL
CAQUETA,44,009,24,E14_PRE_44_009_000_00_01_024_6836_Mesa_24.pdf,0.0,🟢 ESCANEO REAL
CAQUETA,44,001,1,E14_PRE_44_001_002_02_06_001_6830_Mesa_1.pdf,0.0,🟢 ESCANEO REAL
CAQUETA,44,003,28,E14_PRE_44_003_000_00_00_028_6833_Mesa_28.pdf,0.0,🟢 ESCANEO REAL
CAQUETA,44,003,49,E14_PRE_44_003_000_00_00_049_6834_Mesa_49.pdf,0.0,🟢 ESCANEO REAL
CAQUETA,44,024,1,E14_PRE_44_024_099_00_01_001_3010_Mesa_1.pdf,0.0,🟢 ESCANEO REAL
CAQUETA,44,003,5,E14_PRE_44_003_099_00_75_005_6834_Mesa_5.pdf,0.0,🟢 ESCANEO REAL
CAQUETA,44,001,14,E14_PRE_44_001_001_01_03_014_6829_Mesa_14.pdf,0.0,🟢 ESCANEO REAL
CAQUETA,44,009,5,E14_PRE_44_009_000_00_01_005_6836_Mesa_5.pdf,0.36,🟢 ESCANEO REAL
CAQUETA,44,003,3,E14_PRE_44_003_099_00_80_003_6834_Mesa_3.pdf,0.0,🟢 ESCANEO REAL
CAQUETA,44,003,2,E14_PRE_44_003_099_00_75_002_6834_Mesa_2.pdf,0.0,🟢 ESCANEO REAL
CAQUETA,44,020,10,E14_PRE_44_020_000_00_01_010_3008_Mesa_10.pdf,0.0,🟢 ESCANEO REAL
CAQUETA,44,001,5,E14_PRE_44_001_001_01_04_005_6827_Mesa_5.pdf,0.0,🟢 ESCANEO REAL
CAQUETA,44,001,12,E14_PRE_44_001_002_02_03_012_6825_Mesa_12.pdf,0.0,🟢 ESCANEO REAL
CAQUETA,44,009,8,E14_PRE_44_009_000_00_01_008_6836_Mesa_8.pdf,0.0,🟢 ESCANEO REAL
CAQUETA,44,006,27,E14_PRE_44_006_000_00_00_027_3001_Mesa_27.pdf,0.0,🟢 ESCANEO REAL
CAQUETA,44,010,1,E14_PRE_44_010_002_00_02_001_6838_Mesa_1.pdf,0.0,🟢 ESCANEO REAL
CAQUETA,44,010,5,E14_PRE_44_010_002_00_01_005_6838_Mesa_5.pdf,0.0,🟢 ESCANEO REAL
CAQUETA,44,012,11,E14_PRE_44_012_000_00_00_011_3005_Mesa_11.pdf,0.0,🟢 ESCANEO REAL
CAQUETA,44,001,23,E14_PRE_44_001_002_02_03_023_6825_Mesa_23.pdf,0.0,🟢 ESCANEO REAL
CAQUETA,44,007,7,E14_PRE_44_007_000_00_00_007_3002_Mesa_7.pdf,0.0,🟢 ESCANEO REAL
CAQUETA,44,006,23,E14_PRE_44_006_000_00_00_023_3001_Mesa_23.pdf,0.0,🟢 ESCANEO REAL
CAQUETA,44,040,3,E14_PRE_44_040_000_00_00_003_3011_Mesa_3.pdf,0.0,🟢 ESCANEO REAL
CAQUETA,44,009,2,E14_PRE_44_009_099_03_28_002_6835_Mesa_2.pdf,0.0,🟢 ESCANEO REAL
CAQUETA,44,001,3,E14_PRE_44_001_001_01_08_003_6826_Mesa_3.pdf,0.0,🟢 ESCANEO REAL
CAQUETA,44,002,2,E14_PRE_44_002_099_00_25_002_2997_Mesa_2.pdf,0.07,🟢 ESCANEO REAL
CAQUETA,44,001,12,E14_PRE_44_001_001_01_07_012_6827_Mesa_12.pdf,0.0,🟢 ESCANEO REAL
CAQUETA,44,001,16,E14_PRE_44_001_002_02_01_016_6826_Mesa_16.pdf,0.0,🟢 ESCANEO REAL
CAQUETA,44,020,2,E14_PRE_44_020_000_00_01_002_3008_Mesa_2.pdf,0.0,🟢 ESCANEO REAL
CAQUETA,44,010,1,E14_PRE_44_010_099_00_88_001_6839_Mesa_1.pdf,0.0,🟢 ESCANEO REAL
CAQUETA,44,040,12,E14_PRE_44_040_000_00_00_012_3011_Mesa_12.pdf,0.0,🟢 ESCANEO REAL
CAQUETA,44,001,1,E14_PRE_44_001_099_08_67_001_6832_Mesa_1.pdf,0.04,🟢 ESCANEO REAL
CAQUETA,44,009,1,E14_PRE_44_009_099_06_60_001_6835_Mesa_1.pdf,0.0,🟢 ESCANEO REAL
CAQUETA,44,022,5,E14_PRE_44_022_000_00_00_005_3009_Mesa_5.pdf,0.0,🟢 ESCANEO REAL
CAQUETA,44,022,17,E14_PRE_44_022_000_00_00_017_3009_Mesa_17.pdf,0.0,🟢 ESCANEO REAL
CAQUETA,44,020,5,E14_PRE_44_020_099_00_80_005_3008_Mesa_5.pdf,0.0,🟢 ESCANEO REAL
CAQUETA,44,009,13,E14_PRE_44_009_000_00_02_013_6835_Mesa_13.pdf,0.0,🟢 ESCANEO REAL
CAQUETA,44,001,8,E14_PRE_44_001_002_02_03_008_6825_Mesa_8.pdf,0.0,🟢 ESCANEO REAL
CAQUETA,44,010,7,E14_PRE_44_010_001_00_03_007_6838_Mesa_7.pdf,0.0,🟢 ESCANEO REAL
CAQUETA,44,009,2,E14_PRE_44_009_099_06_60_002_6835_Mesa_2.pdf,0.0,🟢 ESCANEO REAL
CAQUETA,44,001,2,E14_PRE_44_001_004_04_03_002_6831_Mesa_2.pdf,0.0,🟢 ESCANEO REAL
CAQUETA,44,017,6,E14_PRE_44_017_000_00_00_006_3007_Mesa_6.pdf,0.0,🟢 ESCANEO REAL
CAQUETA,44,006,18,E14_PRE_44_006_000_00_00_018_3001_Mesa_18.pdf,0.0,🟢 ESCANEO REAL
CAQUETA,44,006,13,E14_PRE_44_006_000_00_00_013_3001_Mesa_13.pdf,0.0,🟢 ESCANEO REAL
CAQUETA,44,003,48,E14_PRE_44_003_000_00_00_048_6834_Mesa_48.pdf,0.0,🟢 ESCANEO REAL
CAQUETA,44,016,8,E14_PRE_44_016_099_00_25_008_3006_Mesa_8.pdf,0.01,🟢 ESCANEO REAL
CAQUETA,44,016,7,E14_PRE_44_016_099_00_25_007_3006_Mesa_7.pdf,64.72,🔴 DEEPFAKE SINTÉTICO
CAQUETA,44,009,2,E14_PRE_44_009_099_05_40_002_6835_Mesa_2.pdf,0.0,🟢 ESCANEO REAL
CAQUETA,44,006,19,E14_PRE_44_006_000_00_00_019_3001_Mesa_19.pdf,0.0,🟢 ESCANEO REAL
CASANARE,46,001,12,E14_PRE_46_001_004_05_01_012_6845_Mesa_12.pdf,0.0,🟢 ESCANEO REAL
CAQUETA,44,001,10,E14_PRE_44_001_003_03_01_010_6831_Mesa_10.pdf,0.04,🟢 ESCANEO REAL
CASANARE,46,880,12,E14_PRE_46_880_002_00_01_012_6854_Mesa_12.pdf,0.0,🟢 ESCANEO REAL
CASANARE,46,001,5,E14_PRE_46_001_002_02_03_005_6842_Mesa_5.pdf,0.0,🟢 ESCANEO REAL
CASANARE,46,001,21,E14_PRE_46_001_003_03_01_021_6843_Mesa_21.pdf,0.0,🟢 ESCANEO REAL
CASANARE,46,850,14,E14_PRE_46_850_000_00_02_014_6853_Mesa_14.pdf,0.0,🟢 ESCANEO REAL
CASANARE,46,001,24,E14_PRE_46_001_004_05_02_024_6846_Mesa_24.pdf,0.0,🟢 ESCANEO REAL
CASANARE,46,850,4,E14_PRE_46_850_000_00_01_004_6852_Mesa_4.pdf,0.0,🟢 ESCANEO REAL
CASANARE,46,320,7,E14_PRE_46_320_000_00_00_007_3015_Mesa_7.pdf,0.94,🟢 ESCANEO REAL
CASANARE,46,540,3,E14_PRE_46_540_000_00_00_003_3018_Mesa_3.pdf,0.0,🟢 ESCANEO REAL
CASANARE,46,880,20,E14_PRE_46_880_001_00_01_020_6855_Mesa_20.pdf,0.0,🟢 ESCANEO REAL
CASANARE,46,865,1,E14_PRE_46_865_099_00_70_001_3029_Mesa_1.pdf,0.0,🟢 ESCANEO REAL
CASANARE,46,001,25,E14_PRE_46_001_003_04_04_025_6844_Mesa_25.pdf,0.0,🟢 ESCANEO REAL
CASANARE,46,540,33,E14_PRE_46_540_000_00_00_033_3018_Mesa_33.pdf,0.0,🟢 ESCANEO REAL
CASANARE,46,850,16,E14_PRE_46_850_000_00_01_016_6852_Mesa_16.pdf,0.0,🟢 ESCANEO REAL
CASANARE,46,520,1,E14_PRE_46_520_099_00_80_001_3017_Mesa_1.pdf,0.0,🟢 ESCANEO REAL
CASANARE,46,850,19,E14_PRE_46_850_000_00_02_019_6853_Mesa_19.pdf,0.0,🟢 ESCANEO REAL
CASANARE,46,680,9,E14_PRE_46_680_001_00_01_009_6850_Mesa_9.pdf,0.0,🟢 ESCANEO REAL
CASANARE,46,880,12,E14_PRE_46_880_001_00_02_012_6855_Mesa_12.pdf,0.0,🟢 ESCANEO REAL
CASANARE,46,001,5,E14_PRE_46_001_099_12_20_005_6847_Mesa_5.pdf,0.0,🟢 ESCANEO REAL
CASANARE,46,540,21,E14_PRE_46_540_000_00_00_021_3018_Mesa_21.pdf,0.0,🟢 ESCANEO REAL
CASANARE,46,001,13,E14_PRE_46_001_003_04_03_013_6844_Mesa_13.pdf,0.0,🟢 ESCANEO REAL
CASANARE,46,540,32,E14_PRE_46_540_000_00_00_032_3018_Mesa_32.pdf,0.0,🟢 ESCANEO REAL
CASANARE,46,700,16,E14_PRE_46_700_000_00_00_016_3022_Mesa_16.pdf,0.0,🟢 ESCANEO REAL
CASANARE,46,001,1,E14_PRE_46_001_002_02_02_001_6841_Mesa_1.pdf,0.0,🟢 ESCANEO REAL
CASANARE,46,680,9,E14_PRE_46_680_002_00_02_009_6851_Mesa_9.pdf,0.0,🟢 ESCANEO REAL
CASANARE,46,001,9,E14_PRE_46_001_001_01_03_009_6840_Mesa_9.pdf,0.0,🟢 ESCANEO REAL
CASANARE,46,001,13,E14_PRE_46_001_002_02_02_013_6841_Mesa_13.pdf,0.0,🟢 ESCANEO REAL
CASANARE,46,850,2,E14_PRE_46_850_099_00_32_002_6852_Mesa_2.pdf,0.0,🟢 ESCANEO REAL
CASANARE,46,560,1,E14_PRE_46_560_099_00_30_001_3019_Mesa_1.pdf,0.03,🟢 ESCANEO REAL
CASANARE,46,850,19,E14_PRE_46_850_000_00_01_019_6852_Mesa_19.pdf,0.0,🟢 ESCANEO REAL
CASANARE,46,001,18,E14_PRE_46_001_004_05_01_018_6845_Mesa_18.pdf,0.0,🟢 ESCANEO REAL
CASANARE,46,001,34,E14_PRE_46_001_003_03_01_034_6843_Mesa_34.pdf,0.0,🟢 ESCANEO REAL
CASANARE,46,001,1,E14_PRE_46_001_099_12_20_001_6847_Mesa_1.pdf,0.0,🟢 ESCANEO REAL
CASANARE,46,040,15,E14_PRE_46_040_002_00_01_015_6849_Mesa_15.pdf,0.0,🟢 ESCANEO REAL
CASANARE,46,001,9,E14_PRE_46_001_003_03_01_009_6843_Mesa_9.pdf,0.0,🟢 ESCANEO REAL
CASANARE,46,830,3,E14_PRE_46_830_000_00_00_003_3026_Mesa_3.pdf,0.0,🟢 ESCANEO REAL
CASANARE,46,001,1,E14_PRE_46_001_002_03_05_001_6842_Mesa_1.pdf,0.0,🟢 ESCANEO REAL
CASANARE,46,520,8,E14_PRE_46_520_000_00_01_008_3017_Mesa_8.pdf,0.01,🟢 ESCANEO REAL
CASANARE,46,850,23,E14_PRE_46_850_000_00_01_023_6852_Mesa_23.pdf,0.0,🟢 ESCANEO REAL
CASANARE,46,520,1,E14_PRE_46_520_000_00_02_001_3017_Mesa_1.pdf,0.0,🟢 ESCANEO REAL
CASANARE,46,001,6,E14_PRE_46_001_003_04_03_006_6844_Mesa_6.pdf,0.0,🟢 ESCANEO REAL
CASANARE,46,800,1,E14_PRE_46_800_000_00_00_001_3024_Mesa_1.pdf,0.0,🟢 ESCANEO REAL
CASANARE,46,001,3,E14_PRE_46_001_004_05_01_003_6845_Mesa_3.pdf,0.0,🟢 ESCANEO REAL
CASANARE,46,680,3,E14_PRE_46_680_099_00_55_003_6851_Mesa_3.pdf,0.0,🟢 ESCANEO REAL
CASANARE,46,680,12,E14_PRE_46_680_001_00_01_012_6850_Mesa_12.pdf,0.0,🟢 ESCANEO REAL
CASANARE,46,850,11,E14_PRE_46_850_000_00_02_011_6853_Mesa_11.pdf,0.0,🟢 ESCANEO REAL
CASANARE,46,040,2,E14_PRE_46_040_099_00_50_002_6849_Mesa_2.pdf,0.0,🟢 ESCANEO REAL
CASANARE,46,040,3,E14_PRE_46_040_002_00_02_003_6849_Mesa_3.pdf,0.0,🟢 ESCANEO REAL
CASANARE,46,320,5,E14_PRE_46_320_000_00_00_005_3015_Mesa_5.pdf,0.02,🟢 ESCANEO REAL
CASANARE,46,850,12,E14_PRE_46_850_000_00_01_012_6852_Mesa_12.pdf,0.0,🟢 ESCANEO REAL
CASANARE,46,001,1,E14_PRE_46_001_001_01_05_001_6841_Mesa_1.pdf,0.0,🟢 ESCANEO REAL
CASANARE,46,040,10,E14_PRE_46_040_001_00_01_010_6848_Mesa_10.pdf,0.33,🟢 ESCANEO REAL
CASANARE,46,001,9,E14_PRE_46_001_003_04_05_009_6843_Mesa_9.pdf,0.0,🟢 ESCANEO REAL
CASANARE,46,001,21,E14_PRE_46_001_002_02_03_021_6842_Mesa_21.pdf,0.0,🟢 ESCANEO REAL
CASANARE,46,840,5,E14_PRE_46_840_000_00_00_005_3027_Mesa_5.pdf,0.0,🟢 ESCANEO REAL
CASANARE,46,800,3,E14_PRE_46_800_000_00_00_003_3024_Mesa_3.pdf,0.0,🟢 ESCANEO REAL
CASANARE,46,040,9,E14_PRE_46_040_001_00_02_009_6848_Mesa_9.pdf,0.0,🟢 ESCANEO REAL
CASANARE,46,880,7,E14_PRE_46_880_001_00_01_007_6855_Mesa_7.pdf,0.0,🟢 ESCANEO REAL
CASANARE,46,001,3,E14_PRE_46_001_003_04_03_003_6844_Mesa_3.pdf,0.0,🟢 ESCANEO REAL
CASANARE,46,880,28,E14_PRE_46_880_001_00_01_028_6855_Mesa_28.pdf,0.4,🟢 ESCANEO REAL
CASANARE,46,001,16,E14_PRE_46_001_003_03_01_016_6843_Mesa_16.pdf,0.0,🟢 ESCANEO REAL
CASANARE,46,840,1,E14_PRE_46_840_099_00_84_001_3027_Mesa_1.pdf,0.0,🟢 ESCANEO REAL
CASANARE,46,680,16,E14_PRE_46_680_002_00_02_016_6851_Mesa_16.pdf,0.0,🟢 ESCANEO REAL
CASANARE,46,001,8,E14_PRE_46_001_099_12_20_008_6847_Mesa_8.pdf,0.0,🟢 ESCANEO REAL
CASANARE,46,880,3,E14_PRE_46_880_001_00_01_003_6855_Mesa_3.pdf,0.0,🟢 ESCANEO REAL
CASANARE,46,640,1,E14_PRE_46_640_099_00_35_001_3020_Mesa_1.pdf,0.0,🟢 ESCANEO REAL
CASANARE,46,001,29,E14_PRE_46_001_004_05_02_029_6846_Mesa_29.pdf,0.0,🟢 ESCANEO REAL
CASANARE,46,001,14,E14_PRE_46_001_003_03_02_014_6842_Mesa_14.pdf,0.0,🟢 ESCANEO REAL
CASANARE,46,830,1,E14_PRE_46_830_099_00_90_001_3026_Mesa_1.pdf,0.0,🟢 ESCANEO REAL
CASANARE,46,001,27,E14_PRE_46_001_003_03_01_027_6843_Mesa_27.pdf,0.0,🟢 ESCANEO REAL
CASANARE,46,001,10,E14_PRE_46_001_001_01_02_010_6840_Mesa_10.pdf,0.0,🟢 ESCANEO REAL
CASANARE,46,880,22,E14_PRE_46_880_001_00_01_022_6855_Mesa_22.pdf,0.0,🟢 ESCANEO REAL
CASANARE,46,001,12,E14_PRE_46_001_001_01_03_012_6840_Mesa_12.pdf,0.02,🟢 ESCANEO REAL
CASANARE,46,001,11,E14_PRE_46_001_001_01_02_011_6840_Mesa_11.pdf,0.01,🟢 ESCANEO REAL
CASANARE,46,001,8,E14_PRE_46_001_003_03_02_008_6842_Mesa_8.pdf,0.0,🟢 ESCANEO REAL
CASANARE,46,700,17,E14_PRE_46_700_000_00_00_017_3022_Mesa_17.pdf,0.0,🟢 ESCANEO REAL
CASANARE,46,540,13,E14_PRE_46_540_000_00_00_013_3018_Mesa_13.pdf,0.0,🟢 ESCANEO REAL
CASANARE,46,520,1,E14_PRE_46_520_099_00_25_001_3017_Mesa_1.pdf,0.0,🟢 ESCANEO REAL
CASANARE,46,001,9,E14_PRE_46_001_099_12_20_009_6847_Mesa_9.pdf,0.0,🟢 ESCANEO REAL
CASANARE,46,001,19,E14_PRE_46_001_002_02_03_019_6842_Mesa_19.pdf,0.0,🟢 ESCANEO REAL
CASANARE,46,001,1,E14_PRE_46_001_099_09_08_001_6846_Mesa_1.pdf,0.0,🟢 ESCANEO REAL
CASANARE,46,880,3,E14_PRE_46_880_002_00_02_003_6854_Mesa_3.pdf,0.0,🟢 ESCANEO REAL
CASANARE,46,001,23,E14_PRE_46_001_002_02_01_023_6841_Mesa_23.pdf,0.0,🟢 ESCANEO REAL
CASANARE,46,700,18,E14_PRE_46_700_000_00_00_018_3022_Mesa_18.pdf,0.0,🟢 ESCANEO REAL
CASANARE,46,040,6,E14_PRE_46_040_002_00_01_006_6849_Mesa_6.pdf,0.0,🟢 ESCANEO REAL
CASANARE,46,865,3,E14_PRE_46_865_000_00_01_003_3029_Mesa_3.pdf,0.0,🟢 ESCANEO REAL
CASANARE,46,040,9,E14_PRE_46_040_002_00_01_009_6849_Mesa_9.pdf,0.0,🟢 ESCANEO REAL
CASANARE,46,001,3,E14_PRE_46_001_002_02_03_003_6842_Mesa_3.pdf,0.0,🟢 ESCANEO REAL
CASANARE,46,001,10,E14_PRE_46_001_004_06_03_010_6845_Mesa_10.pdf,0.0,🟢 ESCANEO REAL
CASANARE,46,001,16,E14_PRE_46_001_004_05_01_016_6845_Mesa_16.pdf,0.0,🟢 ESCANEO REAL
CASANARE,46,640,5,E14_PRE_46_640_099_00_25_005_3020_Mesa_5.pdf,0.0,🟢 ESCANEO REAL
CASANARE,46,520,4,E14_PRE_46_520_000_00_01_004_3017_Mesa_4.pdf,0.0,🟢 ESCANEO REAL
CASANARE,46,880,2,E14_PRE_46_880_002_00_02_002_6854_Mesa_2.pdf,0.0,🟢 ESCANEO REAL
CASANARE,46,001,5,E14_PRE_46_001_004_06_04_005_6844_Mesa_5.pdf,0.0,🟢 ESCANEO REAL
CASANARE,46,001,1,E14_PRE_46_001_003_03_02_001_6842_Mesa_1.pdf,0.0,🟢 ESCANEO REAL
CASANARE,46,001,1,E14_PRE_46_001_099_15_50_001_6847_Mesa_1.pdf,0.0,🟢 ESCANEO REAL
CASANARE,46,320,1,E14_PRE_46_320_099_00_80_001_3015_Mesa_1.pdf,0.0,🟢 ESCANEO REAL
CASANARE,46,850,1,E14_PRE_46_850_099_00_35_001_6853_Mesa_1.pdf,0.0,🟢 ESCANEO REAL
CAUCA,11,001,8,E14_PRE_11_001_001_03_05_008_5555_Mesa_8.pdf,62.97,🔴 DEEPFAKE SINTÉTICO
CASANARE,46,640,1,E14_PRE_46_640_099_00_03_001_3020_Mesa_1.pdf,0.0,🟢 ESCANEO REAL
CASANARE,46,001,7,E14_PRE_46_001_003_03_01_007_6843_Mesa_7.pdf,0.0,🟢 ESCANEO REAL
CAUCA,11,001,22,E14_PRE_11_001_003_04_01_022_5559_Mesa_22.pdf,0.0,🟢 ESCANEO REAL
CAUCA,11,034,12,E14_PRE_11_034_000_00_00_012_2360_Mesa_12.pdf,0.0,🟢 ESCANEO REAL
CAUCA,11,001,3,E14_PRE_11_001_007_08_03_003_5563_Mesa_3.pdf,0.02,🟢 ESCANEO REAL
CAUCA,11,001,1,E14_PRE_11_001_004_04_02_001_5561_Mesa_1.pdf,0.0,🟢 ESCANEO REAL
CAUCA,11,001,2,E14_PRE_11_001_006_07_01_002_5564_Mesa_2.pdf,0.0,🟢 ESCANEO REAL
CAUCA,11,001,10,E14_PRE_11_001_002_02_04_010_5554_Mesa_10.pdf,0.0,🟢 ESCANEO REAL
CAUCA,11,007,1,E14_PRE_11_007_099_00_76_001_5572_Mesa_1.pdf,0.05,🟢 ESCANEO REAL
CAUCA,11,022,13,E14_PRE_11_022_000_00_00_013_2354_Mesa_13.pdf,0.0,🟢 ESCANEO REAL
CAUCA,11,001,1,E14_PRE_11_001_099_13_09_001_5554_Mesa_1.pdf,0.0,🟢 ESCANEO REAL
CAUCA,11,001,31,E14_PRE_11_001_002_02_02_031_5556_Mesa_31.pdf,0.0,🟢 ESCANEO REAL
CAUCA,11,006,18,E14_PRE_11_006_000_00_00_018_2348_Mesa_18.pdf,0.0,🟢 ESCANEO REAL
CAUCA,11,016,9,E14_PRE_11_016_099_00_25_009_5577_Mesa_9.pdf,0.01,🟢 ESCANEO REAL
CAUCA,11,001,3,E14_PRE_11_001_004_04_01_003_5559_Mesa_3.pdf,0.0,🟢 ESCANEO REAL
CAUCA,11,064,4,E14_PRE_11_064_002_00_01_004_5601_Mesa_4.pdf,0.16,🟢 ESCANEO REAL
CAUCA,11,087,22,E14_PRE_11_087_000_00_00_022_5609_Mesa_22.pdf,0.0,🟢 ESCANEO REAL
CAUCA,11,001,8,E14_PRE_11_001_099_22_37_008_5559_Mesa_8.pdf,0.0,🟢 ESCANEO REAL
CAUCA,11,001,3,E14_PRE_11_001_007_09_08_003_5565_Mesa_3.pdf,0.0,🟢 ESCANEO REAL
CAUCA,11,064,1,E14_PRE_11_064_099_00_07_001_5601_Mesa_1.pdf,0.0,🟢 ESCANEO REAL
CAUCA,11,085,3,E14_PRE_11_085_099_00_60_003_2379_Mesa_3.pdf,0.0,🟢 ESCANEO REAL
CAUCA,11,087,2,E14_PRE_11_087_099_00_30_002_5610_Mesa_2.pdf,0.0,🟢 ESCANEO REAL
CAUCA,11,005,3,E14_PRE_11_005_099_00_06_003_5569_Mesa_3.pdf,0.01,🟢 ESCANEO REAL
CAUCA,11,001,1,E14_PRE_11_001_099_11_04_001_5557_Mesa_1.pdf,0.0,🟢 ESCANEO REAL
CAUCA,11,001,7,E14_PRE_11_001_004_04_02_007_5561_Mesa_7.pdf,0.0,🟢 ESCANEO REAL
CAUCA,11,091,1,E14_PRE_11_091_000_00_00_001_5613_Mesa_1.pdf,0.0,🟢 ESCANEO REAL
CAUCA,11,006,2,E14_PRE_11_006_099_00_06_002_2348_Mesa_2.pdf,0.0,🟢 ESCANEO REAL
CAUCA,11,088,1,E14_PRE_11_088_002_00_01_001_5612_Mesa_1.pdf,0.0,🟢 ESCANEO REAL
CAUCA,11,061,5,E14_PRE_11_061_000_00_03_005_5599_Mesa_5.pdf,0.04,🟢 ESCANEO REAL
CAUCA,11,046,1,E14_PRE_11_046_099_00_07_001_2364_Mesa_1.pdf,0.0,🟢 ESCANEO REAL
CAUCA,11,010,1,E14_PRE_11_010_099_00_75_001_5573_Mesa_1.pdf,0.0,🟢 ESCANEO REAL
CAUCA,11,001,8,E14_PRE_11_001_007_08_03_008_5563_Mesa_8.pdf,0.0,🟢 ESCANEO REAL
CAUCA,11,025,2,E14_PRE_11_025_099_00_21_002_5581_Mesa_2.pdf,0.0,🟢 ESCANEO REAL
CAUCA,11,061,2,E14_PRE_11_061_099_00_09_002_5598_Mesa_2.pdf,0.0,🟢 ESCANEO REAL
CAUCA,11,025,5,E14_PRE_11_025_000_00_00_005_5581_Mesa_5.pdf,0.03,🟢 ESCANEO REAL
CAUCA,11,088,3,E14_PRE_11_088_001_00_01_003_5611_Mesa_3.pdf,0.0,🟢 ESCANEO REAL
CAUCA,11,019,1,E14_PRE_11_019_099_00_76_001_5579_Mesa_1.pdf,0.0,🟢 ESCANEO REAL
CAUCA,11,005,1,E14_PRE_11_005_099_00_03_001_5568_Mesa_1.pdf,0.0,🟢 ESCANEO REAL
CAUCA,11,040,1,E14_PRE_11_040_000_00_00_001_2362_Mesa_1.pdf,0.0,🟢 ESCANEO REAL
CAUCA,11,001,12,E14_PRE_11_001_001_03_03_012_5555_Mesa_12.pdf,0.03,🟢 ESCANEO REAL
CAUCA,11,006,2,E14_PRE_11_006_099_00_08_002_2348_Mesa_2.pdf,0.0,🟢 ESCANEO REAL
CAUCA,11,088,1,E14_PRE_11_088_099_00_24_001_5612_Mesa_1.pdf,0.01,🟢 ESCANEO REAL
CAUCA,11,001,5,E14_PRE_11_001_006_07_02_005_5564_Mesa_5.pdf,0.0,🟢 ESCANEO REAL
CAUCA,11,004,6,E14_PRE_11_004_000_00_00_006_2346_Mesa_6.pdf,0.0,🟢 ESCANEO REAL
CAUCA,11,028,17,E14_PRE_11_028_000_00_00_017_5585_Mesa_17.pdf,0.0,🟢 ESCANEO REAL
CAUCA,11,049,3,E14_PRE_11_049_000_00_01_003_5590_Mesa_3.pdf,63.08,🔴 DEEPFAKE SINTÉTICO
CAUCA,11,004,2,E14_PRE_11_004_099_00_15_002_2346_Mesa_2.pdf,0.0,🟢 ESCANEO REAL
CAUCA,11,061,2,E14_PRE_11_061_099_00_72_002_5598_Mesa_2.pdf,0.0,🟢 ESCANEO REAL
CAUCA,11,028,1,E14_PRE_11_028_099_00_19_001_5584_Mesa_1.pdf,0.0,🟢 ESCANEO REAL
CAUCA,11,086,6,E14_PRE_11_086_000_00_00_006_2380_Mesa_6.pdf,0.0,🟢 ESCANEO REAL
CAUCA,11,073,3,E14_PRE_11_073_000_00_00_003_2375_Mesa_3.pdf,0.0,🟢 ESCANEO REAL
CAUCA,11,001,10,E14_PRE_11_001_005_05_01_010_5562_Mesa_10.pdf,0.0,🟢 ESCANEO REAL
CAUCA,11,001,14,E14_PRE_11_001_007_09_06_014_5566_Mesa_14.pdf,0.0,🟢 ESCANEO REAL
CAUCA,11,001,16,E14_PRE_11_001_003_04_01_016_5559_Mesa_16.pdf,0.0,🟢 ESCANEO REAL
CAUCA,11,013,5,E14_PRE_11_013_099_00_03_005_5576_Mesa_5.pdf,0.03,🟢 ESCANEO REAL
CAUCA,11,049,37,E14_PRE_11_049_000_00_01_037_5591_Mesa_37.pdf,0.33,🟢 ESCANEO REAL
CAUCA,11,001,30,E14_PRE_11_001_005_06_02_030_5562_Mesa_30.pdf,0.0,🟢 ESCANEO REAL
CAUCA,11,031,2,E14_PRE_11_031_099_00_09_002_5587_Mesa_2.pdf,0.02,🟢 ESCANEO REAL
CAUCA,11,061,15,E14_PRE_11_061_000_00_01_015_5598_Mesa_15.pdf,0.0,🟢 ESCANEO REAL
CAUCA,11,027,3,E14_PRE_11_027_000_00_00_003_2356_Mesa_3.pdf,0.0,🟢 ESCANEO REAL
CAUCA,11,073,1,E14_PRE_11_073_099_00_09_001_2375_Mesa_1.pdf,0.0,🟢 ESCANEO REAL
CAUCA,11,046,8,E14_PRE_11_046_000_00_00_008_2364_Mesa_8.pdf,0.0,🟢 ESCANEO REAL
CAUCA,11,001,1,E14_PRE_11_001_006_07_04_001_5564_Mesa_1.pdf,0.0,🟢 ESCANEO REAL
CAUCA,11,073,4,E14_PRE_11_073_099_00_01_004_2375_Mesa_4.pdf,0.0,🟢 ESCANEO REAL
CAUCA,11,001,11,E14_PRE_11_001_001_03_04_011_5555_Mesa_11.pdf,59.56,🔴 DEEPFAKE SINTÉTICO
CAUCA,11,067,3,E14_PRE_11_067_000_00_00_003_2373_Mesa_3.pdf,0.0,🟢 ESCANEO REAL
CAUCA,11,005,15,E14_PRE_11_005_099_00_06_015_5569_Mesa_15.pdf,0.01,🟢 ESCANEO REAL
CAUCA,11,016,12,E14_PRE_11_016_000_00_00_012_5577_Mesa_12.pdf,0.0,🟢 ESCANEO REAL
CAUCA,11,022,2,E14_PRE_11_022_099_00_23_002_2354_Mesa_2.pdf,0.0,🟢 ESCANEO REAL
CAUCA,11,019,7,E14_PRE_11_019_000_00_01_007_5579_Mesa_7.pdf,0.0,🟢 ESCANEO REAL
CAUCA,11,076,8,E14_PRE_11_076_099_00_21_008_5603_Mesa_8.pdf,0.0,🟢 ESCANEO REAL
CAUCA,11,013,3,E14_PRE_11_013_099_00_15_003_5575_Mesa_3.pdf,0.4,🟢 ESCANEO REAL
CAUCA,11,052,2,E14_PRE_11_052_099_00_23_002_5593_Mesa_2.pdf,0.0,🟢 ESCANEO REAL
CAUCA,11,005,1,E14_PRE_11_005_099_00_29_001_5569_Mesa_1.pdf,0.0,🟢 ESCANEO REAL
CAUCA,11,088,1,E14_PRE_11_088_099_00_23_001_5612_Mesa_1.pdf,0.0,🟢 ESCANEO REAL
CAUCA,11,076,11,E14_PRE_11_076_099_00_23_011_5604_Mesa_11.pdf,0.0,🟢 ESCANEO REAL
CAUCA,11,061,1,E14_PRE_11_061_099_00_48_001_5599_Mesa_1.pdf,0.0,🟢 ESCANEO REAL
CAUCA,11,025,1,E14_PRE_11_025_099_00_17_001_5581_Mesa_1.pdf,0.0,🟢 ESCANEO REAL
CAUCA,11,001,26,E14_PRE_11_001_002_02_01_026_5557_Mesa_26.pdf,0.0,🟢 ESCANEO REAL
CAUCA,11,019,2,E14_PRE_11_019_099_00_18_002_5580_Mesa_2.pdf,0.0,🟢 ESCANEO REAL
CAUCA,11,076,8,E14_PRE_11_076_099_00_23_008_5604_Mesa_8.pdf,0.0,🟢 ESCANEO REAL
CAUCA,11,019,2,E14_PRE_11_019_099_00_03_002_5580_Mesa_2.pdf,0.0,🟢 ESCANEO REAL
CAUCA,11,064,2,E14_PRE_11_064_099_00_13_002_5601_Mesa_2.pdf,0.04,🟢 ESCANEO REAL
CAUCA,11,088,2,E14_PRE_11_088_002_00_02_002_5612_Mesa_2.pdf,0.0,🟢 ESCANEO REAL
CAUCA,11,052,2,E14_PRE_11_052_000_00_01_002_5592_Mesa_2.pdf,0.0,🟢 ESCANEO REAL
CAUCA,11,013,7,E14_PRE_11_013_099_00_11_007_5576_Mesa_7.pdf,0.0,🟢 ESCANEO REAL
CAUCA,11,087,5,E14_PRE_11_087_099_00_10_005_5610_Mesa_5.pdf,0.0,🟢 ESCANEO REAL
CAUCA,11,040,3,E14_PRE_11_040_099_00_01_003_2362_Mesa_3.pdf,0.0,🟢 ESCANEO REAL
CAUCA,11,025,1,E14_PRE_11_025_099_00_41_001_5582_Mesa_1.pdf,0.0,🟢 ESCANEO REAL
CAUCA,11,001,26,E14_PRE_11_001_005_06_02_026_5562_Mesa_26.pdf,0.0,🟢 ESCANEO REAL
CAUCA,11,046,10,E14_PRE_11_046_000_00_00_010_2364_Mesa_10.pdf,0.0,🟢 ESCANEO REAL
CAUCA,11,079,1,E14_PRE_11_079_099_00_13_001_2377_Mesa_1.pdf,0.0,🟢 ESCANEO REAL
CAUCA,11,088,8,E14_PRE_11_088_002_00_01_008_5612_Mesa_8.pdf,0.31,🟢 ESCANEO REAL
CAUCA,11,087,3,E14_PRE_11_087_099_00_20_003_5610_Mesa_3.pdf,0.0,🟢 ESCANEO REAL
CAUCA,11,001,12,E14_PRE_11_001_004_04_03_012_5561_Mesa_12.pdf,0.0,🟢 ESCANEO REAL
CAUCA,11,001,7,E14_PRE_11_001_003_04_03_007_5560_Mesa_7.pdf,0.0,🟢 ESCANEO REAL
CAUCA,11,022,1,E14_PRE_11_022_099_00_13_001_2354_Mesa_1.pdf,0.0,🟢 ESCANEO REAL
CESAR,12,150,9,E14_PRE_12_150_090_00_01_009_5642_Mesa_9.pdf,15.12,🔴 DEEPFAKE SINTÉTICO
CAUCA,11,027,1,E14_PRE_11_027_000_00_00_001_2356_Mesa_1.pdf,0.0,🟢 ESCANEO REAL
CAUCA,11,022,31,E14_PRE_11_022_000_00_00_031_2354_Mesa_31.pdf,0.0,🟢 ESCANEO REAL
CAUCA,11,001,19,E14_PRE_11_001_090_00_01_019_5553_Mesa_19.pdf,0.0,🟢 ESCANEO REAL
CAUCA,11,034,9,E14_PRE_11_034_000_00_00_009_2360_Mesa_9.pdf,0.0,🟢 ESCANEO REAL
CESAR,12,001,29,E14_PRE_12_001_004_04_01_029_5625_Mesa_29.pdf,0.0,🟢 ESCANEO REAL
CESAR,12,180,15,E14_PRE_12_180_000_00_00_015_2391_Mesa_15.pdf,0.01,🟢 ESCANEO REAL
CESAR,12,375,4,E14_PRE_12_375_099_00_60_004_5651_Mesa_4.pdf,0.0,🟢 ESCANEO REAL
CESAR,12,650,39,E14_PRE_12_650_000_00_00_039_2403_Mesa_39.pdf,0.01,🟢 ESCANEO REAL
CESAR,12,001,6,E14_PRE_12_001_001_01_07_006_5618_Mesa_6.pdf,0.0,🟢 ESCANEO REAL
CESAR,12,001,31,E14_PRE_12_001_003_03_01_031_5624_Mesa_31.pdf,0.0,🟢 ESCANEO REAL
CESAR,12,001,4,E14_PRE_12_001_099_16_50_004_5634_Mesa_4.pdf,0.0,🟢 ESCANEO REAL
CESAR,12,001,8,E14_PRE_12_001_005_05_02_008_5630_Mesa_8.pdf,0.0,🟢 ESCANEO REAL
CESAR,12,075,5,E14_PRE_12_075_001_00_04_005_5638_Mesa_5.pdf,25.82,🔴 DEEPFAKE SINTÉTICO
CESAR,12,650,16,E14_PRE_12_650_000_00_00_016_2403_Mesa_16.pdf,0.0,🟢 ESCANEO REAL
CESAR,12,200,15,E14_PRE_12_200_002_00_01_015_5645_Mesa_15.pdf,32.03,🔴 DEEPFAKE SINTÉTICO
CESAR,12,720,1,E14_PRE_12_720_099_00_56_001_5659_Mesa_1.pdf,21.0,🔴 DEEPFAKE SINTÉTICO
CESAR,12,001,6,E14_PRE_12_001_003_03_01_006_5624_Mesa_6.pdf,0.0,🟢 ESCANEO REAL
CESAR,12,001,9,E14_PRE_12_001_002_02_02_009_5621_Mesa_9.pdf,0.0,🟢 ESCANEO REAL
CESAR,12,001,26,E14_PRE_12_001_005_05_07_026_5628_Mesa_26.pdf,0.0,🟢 ESCANEO REAL
CESAR,12,150,15,E14_PRE_12_150_001_00_02_015_5641_Mesa_15.pdf,7.13,🔴 DEEPFAKE SINTÉTICO
CESAR,12,410,12,E14_PRE_12_410_002_00_01_012_5653_Mesa_12.pdf,2.64,🔴 DEEPFAKE SINTÉTICO
CESAR,12,825,4,E14_PRE_12_825_099_00_85_004_5663_Mesa_4.pdf,50.97,🔴 DEEPFAKE SINTÉTICO
CESAR,12,001,18,E14_PRE_12_001_003_03_01_018_5624_Mesa_18.pdf,0.0,🟢 ESCANEO REAL
CESAR,12,170,1,E14_PRE_12_170_099_00_75_001_2390_Mesa_1.pdf,0.0,🟢 ESCANEO REAL
CESAR,12,650,11,E14_PRE_12_650_000_00_00_011_2403_Mesa_11.pdf,0.0,🟢 ESCANEO REAL
CESAR,12,075,1,E14_PRE_12_075_099_00_23_001_5640_Mesa_1.pdf,41.72,🔴 DEEPFAKE SINTÉTICO
CESAR,12,608,18,E14_PRE_12_608_001_00_01_018_5656_Mesa_18.pdf,0.01,🟢 ESCANEO REAL
CESAR,12,720,32,E14_PRE_12_720_000_00_00_032_5658_Mesa_32.pdf,6.28,🔴 DEEPFAKE SINTÉTICO
CESAR,12,001,5,E14_PRE_12_001_099_30_95_005_5635_Mesa_5.pdf,0.0,🟢 ESCANEO REAL
CESAR,12,001,11,E14_PRE_12_001_005_05_07_011_5628_Mesa_11.pdf,0.0,🟢 ESCANEO REAL
CESAR,12,850,11,E14_PRE_12_850_000_00_00_011_2409_Mesa_11.pdf,0.0,🟢 ESCANEO REAL
CESAR,12,225,11,E14_PRE_12_225_001_00_01_011_5646_Mesa_11.pdf,5.35,🔴 DEEPFAKE SINTÉTICO
CESAR,12,410,7,E14_PRE_12_410_001_00_02_007_5652_Mesa_7.pdf,6.92,🔴 DEEPFAKE SINTÉTICO
CESAR,12,200,18,E14_PRE_12_200_002_00_01_018_5645_Mesa_18.pdf,30.38,🔴 DEEPFAKE SINTÉTICO
CESAR,12,525,6,E14_PRE_12_525_000_00_00_006_2399_Mesa_6.pdf,0.0,🟢 ESCANEO REAL
CESAR,12,170,3,E14_PRE_12_170_099_00_10_003_2390_Mesa_3.pdf,0.0,🟢 ESCANEO REAL
CESAR,12,001,9,E14_PRE_12_001_005_05_03_009_5631_Mesa_9.pdf,0.0,🟢 ESCANEO REAL
CESAR,12,375,5,E14_PRE_12_375_099_00_80_005_5651_Mesa_5.pdf,0.0,🟢 ESCANEO REAL
CESAR,12,200,1,E14_PRE_12_200_002_00_02_001_5645_Mesa_1.pdf,33.41,🔴 DEEPFAKE SINTÉTICO
CESAR,12,001,1,E14_PRE_12_001_003_03_04_001_5622_Mesa_1.pdf,0.0,🟢 ESCANEO REAL
CESAR,12,001,8,E14_PRE_12_001_005_05_04_008_5631_Mesa_8.pdf,0.0,🟢 ESCANEO REAL
CESAR,12,001,1,E14_PRE_12_001_099_00_99_001_5635_Mesa_1.pdf,0.0,🟢 ESCANEO REAL
CESAR,12,001,39,E14_PRE_12_001_004_04_01_039_5625_Mesa_39.pdf,0.0,🟢 ESCANEO REAL
CESAR,12,001,21,E14_PRE_12_001_005_05_02_021_5630_Mesa_21.pdf,0.0,🟢 ESCANEO REAL
CESAR,12,225,7,E14_PRE_12_225_001_00_01_007_5646_Mesa_7.pdf,6.3,🔴 DEEPFAKE SINTÉTICO
CESAR,12,001,31,E14_PRE_12_001_005_05_04_031_5631_Mesa_31.pdf,0.0,🟢 ESCANEO REAL
CESAR,12,001,24,E14_PRE_12_001_001_01_01_024_5617_Mesa_24.pdf,0.0,🟢 ESCANEO REAL
CESAR,12,225,8,E14_PRE_12_225_002_00_01_008_5647_Mesa_8.pdf,10.17,🔴 DEEPFAKE SINTÉTICO
CESAR,12,001,5,E14_PRE_12_001_001_01_05_005_5618_Mesa_5.pdf,0.0,🟢 ESCANEO REAL
CESAR,12,001,2,E14_PRE_12_001_099_16_50_002_5634_Mesa_2.pdf,0.0,🟢 ESCANEO REAL
CESAR,12,825,1,E14_PRE_12_825_099_00_40_001_5663_Mesa_1.pdf,10.77,🔴 DEEPFAKE SINTÉTICO
CESAR,12,415,36,E14_PRE_12_415_099_00_12_036_5655_Mesa_36.pdf,8.27,🔴 DEEPFAKE SINTÉTICO
CESAR,12,001,3,E14_PRE_12_001_006_06_03_003_5632_Mesa_3.pdf,0.0,🟢 ESCANEO REAL
CESAR,12,900,5,E14_PRE_12_900_000_00_00_005_2411_Mesa_5.pdf,0.0,🟢 ESCANEO REAL
CESAR,12,225,24,E14_PRE_12_225_001_00_01_024_5646_Mesa_24.pdf,5.74,🔴 DEEPFAKE SINTÉTICO
CESAR,12,625,16,E14_PRE_12_625_000_00_00_016_2402_Mesa_16.pdf,0.0,🟢 ESCANEO REAL
CESAR,12,300,15,E14_PRE_12_300_000_00_00_015_5648_Mesa_15.pdf,6.83,🔴 DEEPFAKE SINTÉTICO
CESAR,12,720,7,E14_PRE_12_720_000_00_00_007_5658_Mesa_7.pdf,8.83,🔴 DEEPFAKE SINTÉTICO
CESAR,12,001,5,E14_PRE_12_001_099_09_15_005_5634_Mesa_5.pdf,0.0,🟢 ESCANEO REAL
CESAR,12,415,2,E14_PRE_12_415_000_00_00_002_5654_Mesa_2.pdf,8.07,🔴 DEEPFAKE SINTÉTICO
CESAR,12,608,18,E14_PRE_12_608_002_00_01_018_5657_Mesa_18.pdf,2.3,🔴 DEEPFAKE SINTÉTICO
CESAR,12,001,52,E14_PRE_12_001_004_04_02_052_5626_Mesa_52.pdf,0.0,🟢 ESCANEO REAL
CESAR,12,075,15,E14_PRE_12_075_002_00_01_015_5638_Mesa_15.pdf,28.68,🔴 DEEPFAKE SINTÉTICO
CESAR,12,225,17,E14_PRE_12_225_001_00_01_017_5646_Mesa_17.pdf,6.82,🔴 DEEPFAKE SINTÉTICO
CESAR,12,800,2,E14_PRE_12_800_099_00_12_002_5661_Mesa_2.pdf,0.0,🟢 ESCANEO REAL
CESAR,12,001,9,E14_PRE_12_001_003_03_04_009_5622_Mesa_9.pdf,0.0,🟢 ESCANEO REAL
CESAR,12,001,20,E14_PRE_12_001_002_02_04_020_5619_Mesa_20.pdf,0.0,🟢 ESCANEO REAL
CESAR,12,001,6,E14_PRE_12_001_090_00_01_006_5632_Mesa_6.pdf,0.0,🟢 ESCANEO REAL
CESAR,12,170,18,E14_PRE_12_170_000_00_00_018_2390_Mesa_18.pdf,0.0,🟢 ESCANEO REAL
CESAR,12,150,21,E14_PRE_12_150_002_00_02_021_5643_Mesa_21.pdf,27.15,🔴 DEEPFAKE SINTÉTICO
CESAR,12,450,2,E14_PRE_12_450_099_00_20_002_2398_Mesa_2.pdf,0.0,🟢 ESCANEO REAL
CESAR,12,150,19,E14_PRE_12_150_001_00_01_019_5641_Mesa_19.pdf,11.47,🔴 DEEPFAKE SINTÉTICO
CESAR,12,001,2,E14_PRE_12_001_099_30_95_002_5635_Mesa_2.pdf,0.0,🟢 ESCANEO REAL
CESAR,12,001,6,E14_PRE_12_001_001_01_04_006_5619_Mesa_6.pdf,0.0,🟢 ESCANEO REAL
CESAR,12,001,1,E14_PRE_12_001_099_11_30_001_5634_Mesa_1.pdf,0.0,🟢 ESCANEO REAL
CESAR,12,075,14,E14_PRE_12_075_002_00_03_014_5637_Mesa_14.pdf,15.16,🔴 DEEPFAKE SINTÉTICO
CESAR,12,075,1,E14_PRE_12_075_002_00_05_001_5639_Mesa_1.pdf,5.87,🔴 DEEPFAKE SINTÉTICO
CESAR,12,001,2,E14_PRE_12_001_002_02_05_002_5619_Mesa_2.pdf,0.0,🟢 ESCANEO REAL
CESAR,12,001,2,E14_PRE_12_001_005_05_08_002_5632_Mesa_2.pdf,0.0,🟢 ESCANEO REAL
CESAR,12,001,16,E14_PRE_12_001_001_01_06_016_5618_Mesa_16.pdf,0.0,🟢 ESCANEO REAL
CESAR,12,300,6,E14_PRE_12_300_000_00_00_006_5648_Mesa_6.pdf,6.74,🔴 DEEPFAKE SINTÉTICO
CESAR,12,600,1,E14_PRE_12_600_099_00_55_001_2400_Mesa_1.pdf,0.0,🟢 ESCANEO REAL
CESAR,12,300,1,E14_PRE_12_300_099_00_42_001_5649_Mesa_1.pdf,25.98,🔴 DEEPFAKE SINTÉTICO
CESAR,12,415,24,E14_PRE_12_415_099_00_12_024_5655_Mesa_24.pdf,5.95,🔴 DEEPFAKE SINTÉTICO
CESAR,12,001,14,E14_PRE_12_001_004_04_05_014_5628_Mesa_14.pdf,0.0,🟢 ESCANEO REAL
CESAR,12,075,5,E14_PRE_12_075_090_00_01_005_5640_Mesa_5.pdf,14.73,🔴 DEEPFAKE SINTÉTICO
CESAR,12,650,29,E14_PRE_12_650_000_00_00_029_2403_Mesa_29.pdf,0.0,🟢 ESCANEO REAL
CESAR,12,001,4,E14_PRE_12_001_004_04_04_004_5627_Mesa_4.pdf,0.0,🟢 ESCANEO REAL
CESAR,12,625,1,E14_PRE_12_625_099_00_65_001_2402_Mesa_1.pdf,0.0,🟢 ESCANEO REAL
CESAR,12,001,2,E14_PRE_12_001_005_05_03_002_5631_Mesa_2.pdf,0.0,🟢 ESCANEO REAL
CESAR,12,225,2,E14_PRE_12_225_001_00_03_002_5646_Mesa_2.pdf,5.66,🔴 DEEPFAKE SINTÉTICO
CESAR,12,800,2,E14_PRE_12_800_000_00_00_002_5660_Mesa_2.pdf,0.0,🟢 ESCANEO REAL
CESAR,12,001,1,E14_PRE_12_001_001_01_01_001_5617_Mesa_1.pdf,0.0,🟢 ESCANEO REAL
CESAR,12,700,4,E14_PRE_12_700_000_00_00_004_2404_Mesa_4.pdf,0.0,🟢 ESCANEO REAL
CESAR,12,001,16,E14_PRE_12_001_001_01_04_016_5619_Mesa_16.pdf,0.0,🟢 ESCANEO REAL
CESAR,12,225,2,E14_PRE_12_225_001_00_01_002_5646_Mesa_2.pdf,5.76,🔴 DEEPFAKE SINTÉTICO
CESAR,12,001,27,E14_PRE_12_001_002_02_02_027_5621_Mesa_27.pdf,0.0,🟢 ESCANEO REAL
CESAR,12,001,3,E14_PRE_12_001_001_01_02_003_5617_Mesa_3.pdf,0.0,🟢 ESCANEO REAL
CESAR,12,750,3,E14_PRE_12_750_099_00_30_003_2406_Mesa_3.pdf,0.0,🟢 ESCANEO REAL
CESAR,12,800,48,E14_PRE_12_800_000_00_00_048_5661_Mesa_48.pdf,0.0,🟢 ESCANEO REAL
CESAR,12,415,32,E14_PRE_12_415_099_00_12_032_5655_Mesa_32.pdf,6.53,🔴 DEEPFAKE SINTÉTICO
CHOCO,17,019,1,E14_PRE_17_019_099_00_28_001_6129_Mesa_1.pdf,0.0,🟢 ESCANEO REAL
CESAR,12,001,9,E14_PRE_12_001_001_01_06_009_5618_Mesa_9.pdf,0.0,🟢 ESCANEO REAL
CHOCO,17,019,14,E14_PRE_17_019_000_00_00_014_6128_Mesa_14.pdf,0.0,🟢 ESCANEO REAL
CHOCO,17,002,2,E14_PRE_17_002_099_00_60_002_2560_Mesa_2.pdf,0.0,🟢 ESCANEO REAL
CESAR,12,001,2,E14_PRE_12_001_003_03_07_002_5625_Mesa_2.pdf,0.0,🟢 ESCANEO REAL
CHOCO,17,013,2,E14_PRE_17_013_000_00_00_002_2568_Mesa_2.pdf,0.0,🟢 ESCANEO REAL
CHOCO,17,001,16,E14_PRE_17_001_001_02_02_016_6123_Mesa_16.pdf,0.0,🟢 ESCANEO REAL
CHOCO,17,028,9,E14_PRE_17_028_000_00_00_009_2578_Mesa_9.pdf,0.12,🟢 ESCANEO REAL
CHOCO,17,019,1,E14_PRE_17_019_099_00_41_001_6129_Mesa_1.pdf,0.0,🟢 ESCANEO REAL
CHOCO,17,028,5,E14_PRE_17_028_000_00_00_005_2578_Mesa_5.pdf,0.0,🟢 ESCANEO REAL
CHOCO,17,011,1,E14_PRE_17_011_099_00_10_001_2566_Mesa_1.pdf,0.0,🟢 ESCANEO REAL
CHOCO,17,031,8,E14_PRE_17_031_000_00_00_008_2579_Mesa_8.pdf,0.0,🟢 ESCANEO REAL
CHOCO,17,001,9,E14_PRE_17_001_001_02_03_009_6122_Mesa_9.pdf,0.0,🟢 ESCANEO REAL
CHOCO,17,001,1,E14_PRE_17_001_001_01_06_001_6123_Mesa_1.pdf,0.0,🟢 ESCANEO REAL
CHOCO,17,001,1,E14_PRE_17_001_090_00_01_001_6126_Mesa_1.pdf,0.0,🟢 ESCANEO REAL
CHOCO,17,060,1,E14_PRE_17_060_000_00_00_001_2588_Mesa_1.pdf,0.0,🟢 ESCANEO REAL
CHOCO,17,013,9,E14_PRE_17_013_000_00_00_009_2568_Mesa_9.pdf,0.0,🟢 ESCANEO REAL
CHOCO,17,038,1,E14_PRE_17_038_099_00_91_001_2584_Mesa_1.pdf,0.0,🟢 ESCANEO REAL
CHOCO,17,027,2,E14_PRE_17_027_099_00_03_002_2577_Mesa_2.pdf,0.0,🟢 ESCANEO REAL
CHOCO,17,048,3,E14_PRE_17_048_000_00_00_003_2587_Mesa_3.pdf,0.0,🟢 ESCANEO REAL
CHOCO,17,016,5,E14_PRE_17_016_000_00_00_005_2571_Mesa_5.pdf,0.0,🟢 ESCANEO REAL
CHOCO,17,011,5,E14_PRE_17_011_000_00_00_005_2566_Mesa_5.pdf,0.0,🟢 ESCANEO REAL
CHOCO,17,019,8,E14_PRE_17_019_000_00_00_008_6128_Mesa_8.pdf,0.0,🟢 ESCANEO REAL
CHOCO,17,001,11,E14_PRE_17_001_003_05_02_011_6125_Mesa_11.pdf,0.0,🟢 ESCANEO REAL
CHOCO,17,011,1,E14_PRE_17_011_099_00_01_001_2566_Mesa_1.pdf,0.0,🟢 ESCANEO REAL
CHOCO,17,022,1,E14_PRE_17_022_099_00_19_001_2574_Mesa_1.pdf,0.0,🟢 ESCANEO REAL
CHOCO,17,027,1,E14_PRE_17_027_099_00_07_001_2577_Mesa_1.pdf,0.0,🟢 ESCANEO REAL
CHOCO,17,019,12,E14_PRE_17_019_000_00_00_012_6128_Mesa_12.pdf,0.0,🟢 ESCANEO REAL
CHOCO,17,001,15,E14_PRE_17_001_002_03_01_015_6124_Mesa_15.pdf,0.0,🟢 ESCANEO REAL
CHOCO,17,060,8,E14_PRE_17_060_000_00_00_008_2588_Mesa_8.pdf,0.0,🟢 ESCANEO REAL
CHOCO,17,001,24,E14_PRE_17_001_001_02_03_024_6122_Mesa_24.pdf,0.0,🟢 ESCANEO REAL
CHOCO,17,001,3,E14_PRE_17_001_003_05_02_003_6125_Mesa_3.pdf,0.0,🟢 ESCANEO REAL
CHOCO,17,015,1,E14_PRE_17_015_099_00_15_001_2570_Mesa_1.pdf,0.0,🟢 ESCANEO REAL
CHOCO,17,001,37,E14_PRE_17_001_003_05_02_037_6125_Mesa_37.pdf,0.0,🟢 ESCANEO REAL
CHOCO,17,034,1,E14_PRE_17_034_099_00_62_001_2581_Mesa_1.pdf,0.0,🟢 ESCANEO REAL
CHOCO,17,013,1,E14_PRE_17_013_099_00_05_001_2568_Mesa_1.pdf,0.0,🟢 ESCANEO REAL
CHOCO,17,048,1,E14_PRE_17_048_099_00_24_001_2587_Mesa_1.pdf,0.0,🟢 ESCANEO REAL
CHOCO,17,001,6,E14_PRE_17_001_002_03_02_006_6126_Mesa_6.pdf,0.0,🟢 ESCANEO REAL
CHOCO,17,026,1,E14_PRE_17_026_099_00_30_001_2576_Mesa_1.pdf,0.0,🟢 ESCANEO REAL
CHOCO,17,082,10,E14_PRE_17_082_000_00_00_010_2589_Mesa_10.pdf,0.0,🟢 ESCANEO REAL
CHOCO,17,034,1,E14_PRE_17_034_099_00_22_001_2581_Mesa_1.pdf,0.0,🟢 ESCANEO REAL
CHOCO,17,007,2,E14_PRE_17_007_000_00_00_002_2563_Mesa_2.pdf,0.0,🟢 ESCANEO REAL
CHOCO,17,034,1,E14_PRE_17_034_099_00_25_001_2581_Mesa_1.pdf,0.0,🟢 ESCANEO REAL
CHOCO,17,004,18,E14_PRE_17_004_000_00_00_018_2561_Mesa_18.pdf,0.0,🟢 ESCANEO REAL
CHOCO,17,001,19,E14_PRE_17_001_002_03_01_019_6124_Mesa_19.pdf,0.0,🟢 ESCANEO REAL
CHOCO,17,002,2,E14_PRE_17_002_000_00_00_002_2560_Mesa_2.pdf,0.0,🟢 ESCANEO REAL
CHOCO,17,008,1,E14_PRE_17_008_000_00_00_001_2564_Mesa_1.pdf,0.0,🟢 ESCANEO REAL
CHOCO,17,019,47,E14_PRE_17_019_000_00_00_047_6129_Mesa_47.pdf,0.0,🟢 ESCANEO REAL
CHOCO,17,025,1,E14_PRE_17_025_099_00_80_001_2575_Mesa_1.pdf,0.0,🟢 ESCANEO REAL
CHOCO,17,006,2,E14_PRE_17_006_099_00_03_002_2562_Mesa_2.pdf,0.0,🟢 ESCANEO REAL
CHOCO,17,006,3,E14_PRE_17_006_000_00_00_003_2562_Mesa_3.pdf,0.0,🟢 ESCANEO REAL
CHOCO,17,028,1,E14_PRE_17_028_099_00_03_001_2578_Mesa_1.pdf,0.0,🟢 ESCANEO REAL
CHOCO,17,013,6,E14_PRE_17_013_000_00_00_006_2568_Mesa_6.pdf,0.0,🟢 ESCANEO REAL
CHOCO,17,001,12,E14_PRE_17_001_002_03_03_012_6124_Mesa_12.pdf,0.0,🟢 ESCANEO REAL
CHOCO,17,037,1,E14_PRE_17_037_099_00_23_001_2583_Mesa_1.pdf,0.0,🟢 ESCANEO REAL
CHOCO,17,006,1,E14_PRE_17_006_099_00_10_001_2562_Mesa_1.pdf,0.0,🟢 ESCANEO REAL
CHOCO,17,019,26,E14_PRE_17_019_000_00_00_026_6128_Mesa_26.pdf,0.0,🟢 ESCANEO REAL
CHOCO,17,014,1,E14_PRE_17_014_099_00_35_001_2569_Mesa_1.pdf,0.0,🟢 ESCANEO REAL
CHOCO,17,012,4,E14_PRE_17_012_000_00_00_004_2567_Mesa_4.pdf,0.0,🟢 ESCANEO REAL
CHOCO,17,028,7,E14_PRE_17_028_000_00_00_007_2578_Mesa_7.pdf,0.0,🟢 ESCANEO REAL
CHOCO,17,019,1,E14_PRE_17_019_098_00_01_001_6129_Mesa_1.pdf,0.03,🟢 ESCANEO REAL
CHOCO,17,001,8,E14_PRE_17_001_003_04_01_008_6126_Mesa_8.pdf,0.0,🟢 ESCANEO REAL
CHOCO,17,035,1,E14_PRE_17_035_099_00_53_001_2582_Mesa_1.pdf,0.0,🟢 ESCANEO REAL
CHOCO,17,010,2,E14_PRE_17_010_099_00_90_002_2565_Mesa_2.pdf,0.0,🟢 ESCANEO REAL
CHOCO,17,010,11,E14_PRE_17_010_000_00_00_011_2565_Mesa_11.pdf,0.0,🟢 ESCANEO REAL
CHOCO,17,011,1,E14_PRE_17_011_099_00_40_001_2566_Mesa_1.pdf,0.0,🟢 ESCANEO REAL
CHOCO,17,027,3,E14_PRE_17_027_099_00_09_003_2577_Mesa_3.pdf,0.0,🟢 ESCANEO REAL
CHOCO,17,032,1,E14_PRE_17_032_099_00_01_001_2580_Mesa_1.pdf,0.0,🟢 ESCANEO REAL
CHOCO,17,001,14,E14_PRE_17_001_003_05_02_014_6125_Mesa_14.pdf,0.0,🟢 ESCANEO REAL
CHOCO,17,014,1,E14_PRE_17_014_000_00_00_001_2569_Mesa_1.pdf,0.0,🟢 ESCANEO REAL
CHOCO,17,001,1,E14_PRE_17_001_001_01_01_001_6122_Mesa_1.pdf,0.0,🟢 ESCANEO REAL
CHOCO,17,001,18,E14_PRE_17_001_002_03_01_018_6124_Mesa_18.pdf,0.0,🟢 ESCANEO REAL
CHOCO,17,028,1,E14_PRE_17_028_099_00_16_001_2578_Mesa_1.pdf,0.0,🟢 ESCANEO REAL
CHOCO,17,002,1,E14_PRE_17_002_099_00_55_001_2560_Mesa_1.pdf,0.0,🟢 ESCANEO REAL
CHOCO,17,027,2,E14_PRE_17_027_099_00_05_002_2577_Mesa_2.pdf,0.0,🟢 ESCANEO REAL
CHOCO,17,001,1,E14_PRE_17_001_002_03_01_001_6124_Mesa_1.pdf,0.0,🟢 ESCANEO REAL
CHOCO,17,028,1,E14_PRE_17_028_099_00_09_001_2578_Mesa_1.pdf,0.0,🟢 ESCANEO REAL
CHOCO,17,001,23,E14_PRE_17_001_002_03_02_023_6126_Mesa_23.pdf,0.0,🟢 ESCANEO REAL
CHOCO,17,019,1,E14_PRE_17_019_099_00_37_001_6129_Mesa_1.pdf,0.0,🟢 ESCANEO REAL
CHOCO,17,026,1,E14_PRE_17_026_099_00_16_001_2576_Mesa_1.pdf,0.0,🟢 ESCANEO REAL
CHOCO,17,027,1,E14_PRE_17_027_099_00_17_001_2577_Mesa_1.pdf,0.0,🟢 ESCANEO REAL
CHOCO,17,038,4,E14_PRE_17_038_000_00_00_004_2584_Mesa_4.pdf,0.0,🟢 ESCANEO REAL
CHOCO,17,001,3,E14_PRE_17_001_003_06_06_003_6125_Mesa_3.pdf,0.0,🟢 ESCANEO REAL
CHOCO,17,037,2,E14_PRE_17_037_099_00_03_002_2583_Mesa_2.pdf,0.0,🟢 ESCANEO REAL
CHOCO,17,011,1,E14_PRE_17_011_099_00_17_001_2566_Mesa_1.pdf,0.0,🟢 ESCANEO REAL
CHOCO,17,001,25,E14_PRE_17_001_003_05_02_025_6125_Mesa_25.pdf,0.0,🟢 ESCANEO REAL
CHOCO,17,016,6,E14_PRE_17_016_000_00_00_006_2571_Mesa_6.pdf,0.0,🟢 ESCANEO REAL
CHOCO,17,006,2,E14_PRE_17_006_000_00_00_002_2562_Mesa_2.pdf,0.0,🟢 ESCANEO REAL
CHOCO,17,001,18,E14_PRE_17_001_003_05_02_018_6125_Mesa_18.pdf,0.0,🟢 ESCANEO REAL
CHOCO,17,001,1,E14_PRE_17_001_099_25_31_001_6127_Mesa_1.pdf,0.0,🟢 ESCANEO REAL
CHOCO,17,002,2,E14_PRE_17_002_099_00_45_002_2560_Mesa_2.pdf,0.0,🟢 ESCANEO REAL
CHOCO,17,015,1,E14_PRE_17_015_099_00_50_001_2570_Mesa_1.pdf,0.0,🟢 ESCANEO REAL
CHOCO,17,010,1,E14_PRE_17_010_000_00_00_001_2565_Mesa_1.pdf,0.0,🟢 ESCANEO REAL
CHOCO,17,001,18,E14_PRE_17_001_001_02_03_018_6122_Mesa_18.pdf,0.0,🟢 ESCANEO REAL
CHOCO,17,006,1,E14_PRE_17_006_099_00_27_001_2562_Mesa_1.pdf,0.0,🟢 ESCANEO REAL
CHOCO,17,060,3,E14_PRE_17_060_000_00_00_003_2588_Mesa_3.pdf,0.0,🟢 ESCANEO REAL
CHOCO,17,032,1,E14_PRE_17_032_099_00_11_001_2580_Mesa_1.pdf,0.0,🟢 ESCANEO REAL
CHOCO,17,013,1,E14_PRE_17_013_099_00_09_001_2568_Mesa_1.pdf,0.0,🟢 ESCANEO REAL
CHOCO,17,026,9,E14_PRE_17_026_000_00_00_009_2576_Mesa_9.pdf,0.0,🟢 ESCANEO REAL
CHOCO,17,015,2,E14_PRE_17_015_099_00_98_002_2570_Mesa_2.pdf,0.0,🟢 ESCANEO REAL
CHOCO,17,012,1,E14_PRE_17_012_099_00_28_001_2567_Mesa_1.pdf,0.0,🟢 ESCANEO REAL
CORDOBA,13,032,2,E14_PRE_13_032_099_00_75_002_5721_Mesa_2.pdf,0.0,🟢 ESCANEO REAL
CORDOBA,13,001,19,E14_PRE_13_001_003_04_01_019_5671_Mesa_19.pdf,0.0,🟢 ESCANEO REAL
CORDOBA,13,031,2,E14_PRE_13_031_099_00_06_002_5719_Mesa_2.pdf,0.01,🟢 ESCANEO REAL
CHOCO,17,017,2,E14_PRE_17_017_099_00_15_002_2572_Mesa_2.pdf,0.0,🟢 ESCANEO REAL
CORDOBA,13,004,12,E14_PRE_13_004_002_00_01_012_5688_Mesa_12.pdf,0.0,🟢 ESCANEO REAL
CORDOBA,13,022,7,E14_PRE_13_022_099_00_09_007_5706_Mesa_7.pdf,0.0,🟢 ESCANEO REAL
CORDOBA,13,001,20,E14_PRE_13_001_001_01_02_020_5666_Mesa_20.pdf,0.0,🟢 ESCANEO REAL
CORDOBA,13,001,8,E14_PRE_13_001_005_06_01_008_5677_Mesa_8.pdf,0.0,🟢 ESCANEO REAL
CORDOBA,13,007,4,E14_PRE_13_007_099_00_30_004_5691_Mesa_4.pdf,0.0,🟢 ESCANEO REAL
CORDOBA,13,001,7,E14_PRE_13_001_002_03_04_007_5668_Mesa_7.pdf,0.0,🟢 ESCANEO REAL
CORDOBA,13,010,24,E14_PRE_13_010_001_00_01_024_5692_Mesa_24.pdf,0.0,🟢 ESCANEO REAL
CORDOBA,13,001,10,E14_PRE_13_001_007_09_01_010_5681_Mesa_10.pdf,0.0,🟢 ESCANEO REAL
CORDOBA,13,007,8,E14_PRE_13_007_000_00_01_008_5690_Mesa_8.pdf,0.0,🟢 ESCANEO REAL
CORDOBA,13,001,4,E14_PRE_13_001_099_00_57_004_5686_Mesa_4.pdf,0.0,🟢 ESCANEO REAL
CORDOBA,13,001,18,E14_PRE_13_001_001_01_01_018_5666_Mesa_18.pdf,0.0,🟢 ESCANEO REAL
CORDOBA,13,043,1,E14_PRE_13_043_099_00_13_001_5731_Mesa_1.pdf,0.0,🟢 ESCANEO REAL
CORDOBA,13,037,7,E14_PRE_13_037_002_00_02_007_5725_Mesa_7.pdf,0.0,🟢 ESCANEO REAL
CORDOBA,13,001,13,E14_PRE_13_001_003_04_07_013_5674_Mesa_13.pdf,0.0,🟢 ESCANEO REAL
CORDOBA,13,025,4,E14_PRE_13_025_002_00_02_004_5710_Mesa_4.pdf,0.0,🟢 ESCANEO REAL
CORDOBA,13,001,2,E14_PRE_13_001_099_30_39_002_5685_Mesa_2.pdf,0.0,🟢 ESCANEO REAL
CORDOBA,13,001,3,E14_PRE_13_001_005_06_01_003_5677_Mesa_3.pdf,0.0,🟢 ESCANEO REAL
CORDOBA,13,010,4,E14_PRE_13_010_001_00_01_004_5692_Mesa_4.pdf,0.01,🟢 ESCANEO REAL
CORDOBA,13,013,1,E14_PRE_13_013_001_00_01_001_5697_Mesa_1.pdf,0.0,🟢 ESCANEO REAL
CORDOBA,13,049,2,E14_PRE_13_049_099_00_16_002_5736_Mesa_2.pdf,0.0,🟢 ESCANEO REAL
CORDOBA,13,001,13,E14_PRE_13_001_006_08_04_013_5679_Mesa_13.pdf,0.03,🟢 ESCANEO REAL
CORDOBA,13,001,2,E14_PRE_13_001_002_03_06_002_5669_Mesa_2.pdf,0.0,🟢 ESCANEO REAL
CORDOBA,13,049,2,E14_PRE_13_049_099_00_01_002_5736_Mesa_2.pdf,0.0,🟢 ESCANEO REAL
CORDOBA,13,001,12,E14_PRE_13_001_002_03_06_012_5669_Mesa_12.pdf,0.0,🟢 ESCANEO REAL
CORDOBA,13,001,2,E14_PRE_13_001_003_04_09_002_5673_Mesa_2.pdf,0.0,🟢 ESCANEO REAL
CORDOBA,13,014,7,E14_PRE_13_014_000_00_00_007_2418_Mesa_7.pdf,0.0,🟢 ESCANEO REAL
CORDOBA,13,022,2,E14_PRE_13_022_099_00_04_002_5705_Mesa_2.pdf,0.0,🟢 ESCANEO REAL
CORDOBA,13,001,8,E14_PRE_13_001_001_01_01_008_5666_Mesa_8.pdf,0.0,🟢 ESCANEO REAL
CORDOBA,13,001,5,E14_PRE_13_001_006_08_03_005_5680_Mesa_5.pdf,0.0,🟢 ESCANEO REAL
CORDOBA,13,033,1,E14_PRE_13_033_099_00_36_001_5722_Mesa_1.pdf,0.0,🟢 ESCANEO REAL
CORDOBA,13,049,15,E14_PRE_13_049_000_00_02_015_5735_Mesa_15.pdf,0.0,🟢 ESCANEO REAL
CORDOBA,13,022,9,E14_PRE_13_022_002_00_05_009_5705_Mesa_9.pdf,0.0,🟢 ESCANEO REAL
CORDOBA,13,001,7,E14_PRE_13_001_002_03_05_007_5670_Mesa_7.pdf,0.0,🟢 ESCANEO REAL
CORDOBA,13,022,1,E14_PRE_13_022_001_00_02_001_5703_Mesa_1.pdf,0.0,🟢 ESCANEO REAL
CORDOBA,13,022,4,E14_PRE_13_022_099_00_28_004_5708_Mesa_4.pdf,0.0,🟢 ESCANEO REAL
CORDOBA,13,023,2,E14_PRE_13_023_099_00_86_002_2423_Mesa_2.pdf,0.0,🟢 ESCANEO REAL
CORDOBA,13,032,19,E14_PRE_13_032_000_00_01_019_5720_Mesa_19.pdf,0.0,🟢 ESCANEO REAL
CORDOBA,13,001,9,E14_PRE_13_001_006_08_08_009_5676_Mesa_9.pdf,0.0,🟢 ESCANEO REAL
CORDOBA,13,001,1,E14_PRE_13_001_099_25_32_001_5684_Mesa_1.pdf,0.0,🟢 ESCANEO REAL
CORDOBA,13,019,10,E14_PRE_13_019_002_00_01_010_5701_Mesa_10.pdf,0.01,🟢 ESCANEO REAL
CORDOBA,13,031,25,E14_PRE_13_031_000_00_01_025_5718_Mesa_25.pdf,0.0,🟢 ESCANEO REAL
CORDOBA,13,001,6,E14_PRE_13_001_001_02_05_006_5668_Mesa_6.pdf,0.0,🟢 ESCANEO REAL
CORDOBA,13,037,8,E14_PRE_13_037_001_00_04_008_5724_Mesa_8.pdf,0.0,🟢 ESCANEO REAL
CORDOBA,13,001,1,E14_PRE_13_001_099_31_40_001_5686_Mesa_1.pdf,0.0,🟢 ESCANEO REAL
CORDOBA,13,009,1,E14_PRE_13_009_000_00_00_001_2415_Mesa_1.pdf,0.0,🟢 ESCANEO REAL
CORDOBA,13,001,24,E14_PRE_13_001_003_04_02_024_5671_Mesa_24.pdf,0.0,🟢 ESCANEO REAL
CORDOBA,13,032,14,E14_PRE_13_032_000_00_02_014_5720_Mesa_14.pdf,0.0,🟢 ESCANEO REAL
CORDOBA,13,033,4,E14_PRE_13_033_099_00_90_004_5723_Mesa_4.pdf,0.0,🟢 ESCANEO REAL
CORDOBA,13,013,14,E14_PRE_13_013_002_00_02_014_5698_Mesa_14.pdf,0.0,🟢 ESCANEO REAL
CORDOBA,13,028,2,E14_PRE_13_028_099_00_11_002_5717_Mesa_2.pdf,0.0,🟢 ESCANEO REAL
CORDOBA,13,007,12,E14_PRE_13_007_000_00_01_012_5690_Mesa_12.pdf,0.0,🟢 ESCANEO REAL
CORDOBA,13,061,14,E14_PRE_13_061_000_00_01_014_5747_Mesa_14.pdf,0.0,🟢 ESCANEO REAL
CORDOBA,13,001,9,E14_PRE_13_001_099_37_53_009_5686_Mesa_9.pdf,0.0,🟢 ESCANEO REAL
CORDOBA,13,037,1,E14_PRE_13_037_099_00_36_001_5728_Mesa_1.pdf,0.0,🟢 ESCANEO REAL
CORDOBA,13,055,4,E14_PRE_13_055_099_00_05_004_5738_Mesa_4.pdf,0.0,🟢 ESCANEO REAL
CORDOBA,13,037,3,E14_PRE_13_037_099_00_33_003_5727_Mesa_3.pdf,0.0,🟢 ESCANEO REAL
CORDOBA,13,028,15,E14_PRE_13_028_001_00_01_015_5716_Mesa_15.pdf,0.05,🟢 ESCANEO REAL
CORDOBA,13,001,26,E14_PRE_13_001_003_04_02_026_5671_Mesa_26.pdf,0.0,🟢 ESCANEO REAL
CORDOBA,13,013,2,E14_PRE_13_013_099_00_07_002_5699_Mesa_2.pdf,0.0,🟢 ESCANEO REAL
CORDOBA,13,010,12,E14_PRE_13_010_001_00_02_012_5692_Mesa_12.pdf,0.0,🟢 ESCANEO REAL
CORDOBA,13,028,3,E14_PRE_13_028_002_00_02_003_5715_Mesa_3.pdf,0.0,🟢 ESCANEO REAL
CORDOBA,13,001,18,E14_PRE_13_001_007_09_01_018_5681_Mesa_18.pdf,0.0,🟢 ESCANEO REAL
CORDOBA,13,001,18,E14_PRE_13_001_004_05_02_018_5675_Mesa_18.pdf,0.0,🟢 ESCANEO REAL
CORDOBA,13,004,11,E14_PRE_13_004_002_00_02_011_5688_Mesa_11.pdf,0.0,🟢 ESCANEO REAL
CORDOBA,13,001,12,E14_PRE_13_001_002_03_03_012_5670_Mesa_12.pdf,0.02,🟢 ESCANEO REAL
CORDOBA,13,028,3,E14_PRE_13_028_099_00_13_003_5717_Mesa_3.pdf,0.0,🟢 ESCANEO REAL
CORDOBA,13,032,9,E14_PRE_13_032_000_00_02_009_5720_Mesa_9.pdf,0.0,🟢 ESCANEO REAL
CORDOBA,13,016,3,E14_PRE_13_016_099_00_01_003_2419_Mesa_3.pdf,0.0,🟢 ESCANEO REAL
CORDOBA,13,058,5,E14_PRE_13_058_099_00_12_005_5743_Mesa_5.pdf,64.8,🔴 DEEPFAKE SINTÉTICO
CORDOBA,13,013,9,E14_PRE_13_013_001_00_01_009_5697_Mesa_9.pdf,0.02,🟢 ESCANEO REAL
CORDOBA,13,010,18,E14_PRE_13_010_002_00_01_018_5693_Mesa_18.pdf,0.0,🟢 ESCANEO REAL
CORDOBA,13,037,1,E14_PRE_13_037_099_00_21_001_5727_Mesa_1.pdf,0.0,🟢 ESCANEO REAL
CORDOBA,13,001,7,E14_PRE_13_001_006_07_01_007_5680_Mesa_7.pdf,0.0,🟢 ESCANEO REAL
CORDOBA,13,025,4,E14_PRE_13_025_099_00_10_004_5712_Mesa_4.pdf,0.0,🟢 ESCANEO REAL
CORDOBA,13,004,15,E14_PRE_13_004_001_00_02_015_5687_Mesa_15.pdf,0.0,🟢 ESCANEO REAL
CORDOBA,13,043,13,E14_PRE_13_043_000_00_01_013_5731_Mesa_13.pdf,0.0,🟢 ESCANEO REAL
CORDOBA,13,007,3,E14_PRE_13_007_099_00_28_003_5691_Mesa_3.pdf,0.0,🟢 ESCANEO REAL
CORDOBA,13,028,1,E14_PRE_13_028_099_00_13_001_5717_Mesa_1.pdf,0.0,🟢 ESCANEO REAL
CORDOBA,13,019,2,E14_PRE_13_019_099_00_19_002_5702_Mesa_2.pdf,0.0,🟢 ESCANEO REAL
CORDOBA,13,010,1,E14_PRE_13_010_099_00_21_001_5696_Mesa_1.pdf,0.09,🟢 ESCANEO REAL
CORDOBA,13,061,1,E14_PRE_13_061_099_00_06_001_5748_Mesa_1.pdf,0.0,🟢 ESCANEO REAL
CORDOBA,13,022,8,E14_PRE_13_022_002_00_03_008_5704_Mesa_8.pdf,0.01,🟢 ESCANEO REAL
CORDOBA,13,027,3,E14_PRE_13_027_099_00_16_003_5714_Mesa_3.pdf,0.01,🟢 ESCANEO REAL
CORDOBA,13,007,10,E14_PRE_13_007_000_00_01_010_5690_Mesa_10.pdf,0.0,🟢 ESCANEO REAL
CORDOBA,13,058,4,E14_PRE_13_058_099_00_13_004_5741_Mesa_4.pdf,0.0,🟢 ESCANEO REAL
CORDOBA,13,034,32,E14_PRE_13_034_000_00_00_032_2431_Mesa_32.pdf,0.0,🟢 ESCANEO REAL
CORDOBA,13,001,5,E14_PRE_13_001_002_03_03_005_5670_Mesa_5.pdf,0.0,🟢 ESCANEO REAL
CORDOBA,13,001,1,E14_PRE_13_001_099_24_31_001_5685_Mesa_1.pdf,0.0,🟢 ESCANEO REAL
CORDOBA,13,014,2,E14_PRE_13_014_099_00_25_002_2418_Mesa_2.pdf,0.0,🟢 ESCANEO REAL
CORDOBA,13,001,10,E14_PRE_13_001_005_06_05_010_5678_Mesa_10.pdf,0.0,🟢 ESCANEO REAL
CORDOBA,13,004,27,E14_PRE_13_004_001_00_02_027_5687_Mesa_27.pdf,0.0,🟢 ESCANEO REAL
CORDOBA,13,010,13,E14_PRE_13_010_001_00_01_013_5692_Mesa_13.pdf,0.02,🟢 ESCANEO REAL
CORDOBA,13,016,1,E14_PRE_13_016_000_00_00_001_2419_Mesa_1.pdf,0.0,🟢 ESCANEO REAL
CORDOBA,13,037,9,E14_PRE_13_037_099_00_29_009_5727_Mesa_9.pdf,0.0,🟢 ESCANEO REAL
CORDOBA,13,022,5,E14_PRE_13_022_099_00_13_005_5706_Mesa_5.pdf,0.42,🟢 ESCANEO REAL
CUNDINAMARCA,15,109,4,E14_PRE_15_109_003_05_09_004_5786_Mesa_4.pdf,0.0,🟢 ESCANEO REAL
CORDOBA,13,028,14,E14_PRE_13_028_002_00_02_014_5715_Mesa_14.pdf,0.04,🟢 ESCANEO REAL
CUNDINAMARCA,15,076,7,E14_PRE_15_076_001_00_01_007_5766_Mesa_7.pdf,0.0,🟢 ESCANEO REAL
CORDOBA,13,049,7,E14_PRE_13_049_000_00_01_007_5735_Mesa_7.pdf,0.93,🟢 ESCANEO REAL
CUNDINAMARCA,15,256,16,E14_PRE_15_256_000_00_01_016_2529_Mesa_16.pdf,0.0,🟢 ESCANEO REAL
CUNDINAMARCA,15,247,20,E14_PRE_15_247_004_04_04_020_5824_Mesa_20.pdf,0.0,🟢 ESCANEO REAL
CUNDINAMARCA,15,007,15,E14_PRE_15_007_000_00_00_015_2443_Mesa_15.pdf,0.0,🟢 ESCANEO REAL
CUNDINAMARCA,15,076,9,E14_PRE_15_076_002_00_05_009_5771_Mesa_9.pdf,0.0,🟢 ESCANEO REAL
CUNDINAMARCA,15,160,9,E14_PRE_15_160_002_00_04_009_5798_Mesa_9.pdf,0.0,🟢 ESCANEO REAL
CUNDINAMARCA,15,238,21,E14_PRE_15_238_000_00_01_021_2523_Mesa_21.pdf,0.01,🟢 ESCANEO REAL
CUNDINAMARCA,15,037,6,E14_PRE_15_037_000_00_01_006_2454_Mesa_6.pdf,0.0,🟢 ESCANEO REAL
CUNDINAMARCA,15,328,17,E14_PRE_15_328_002_00_01_017_5838_Mesa_17.pdf,0.0,🟢 ESCANEO REAL
CUNDINAMARCA,15,328,8,E14_PRE_15_328_001_00_02_008_5837_Mesa_8.pdf,0.0,🟢 ESCANEO REAL
CUNDINAMARCA,15,328,14,E14_PRE_15_328_002_00_01_014_5838_Mesa_14.pdf,0.0,🟢 ESCANEO REAL
CUNDINAMARCA,15,097,5,E14_PRE_15_097_000_00_00_005_2473_Mesa_5.pdf,0.0,🟢 ESCANEO REAL
CUNDINAMARCA,15,218,11,E14_PRE_15_218_000_00_02_011_2516_Mesa_11.pdf,0.0,🟢 ESCANEO REAL
CUNDINAMARCA,15,076,5,E14_PRE_15_076_001_00_04_005_5766_Mesa_5.pdf,0.0,🟢 ESCANEO REAL
CUNDINAMARCA,15,292,16,E14_PRE_15_292_001_00_01_016_5832_Mesa_16.pdf,0.0,🟢 ESCANEO REAL
CUNDINAMARCA,15,139,4,E14_PRE_15_139_002_00_02_004_5791_Mesa_4.pdf,0.0,🟢 ESCANEO REAL
CUNDINAMARCA,15,337,1,E14_PRE_15_337_099_00_01_001_2556_Mesa_1.pdf,0.0,🟢 ESCANEO REAL
CUNDINAMARCA,15,169,4,E14_PRE_15_169_001_00_05_004_5801_Mesa_4.pdf,0.0,🟢 ESCANEO REAL
CUNDINAMARCA,15,151,14,E14_PRE_15_151_000_00_00_014_2493_Mesa_14.pdf,0.0,🟢 ESCANEO REAL
CUNDINAMARCA,15,072,1,E14_PRE_15_072_002_00_01_001_5765_Mesa_1.pdf,0.0,🟢 ESCANEO REAL
CUNDINAMARCA,15,247,19,E14_PRE_15_247_003_08_07_019_5821_Mesa_19.pdf,0.0,🟢 ESCANEO REAL
CUNDINAMARCA,15,097,3,E14_PRE_15_097_099_00_07_003_2473_Mesa_3.pdf,0.0,🟢 ESCANEO REAL
CUNDINAMARCA,15,076,9,E14_PRE_15_076_002_00_01_009_5769_Mesa_9.pdf,0.0,🟢 ESCANEO REAL
CUNDINAMARCA,15,055,12,E14_PRE_15_055_002_00_10_012_5761_Mesa_12.pdf,0.0,🟢 ESCANEO REAL
CUNDINAMARCA,15,088,8,E14_PRE_15_088_001_00_06_008_5773_Mesa_8.pdf,0.0,🟢 ESCANEO REAL
CUNDINAMARCA,15,070,1,E14_PRE_15_070_099_00_01_001_2465_Mesa_1.pdf,0.0,🟢 ESCANEO REAL
CUNDINAMARCA,15,247,23,E14_PRE_15_247_005_05_05_023_5825_Mesa_23.pdf,0.0,🟢 ESCANEO REAL
CUNDINAMARCA,15,031,1,E14_PRE_15_031_002_00_03_001_5751_Mesa_1.pdf,0.0,🟢 ESCANEO REAL
CUNDINAMARCA,15,109,5,E14_PRE_15_109_001_01_03_005_5784_Mesa_5.pdf,0.0,🟢 ESCANEO REAL
CUNDINAMARCA,15,247,21,E14_PRE_15_247_001_01_02_021_5810_Mesa_21.pdf,0.0,🟢 ESCANEO REAL
CUNDINAMARCA,15,292,1,E14_PRE_15_292_002_00_01_001_5832_Mesa_1.pdf,0.0,🟢 ESCANEO REAL
CUNDINAMARCA,15,247,38,E14_PRE_15_247_003_08_10_038_5822_Mesa_38.pdf,0.08,🟢 ESCANEO REAL
CUNDINAMARCA,15,340,1,E14_PRE_15_340_002_05_07_001_5844_Mesa_1.pdf,0.0,🟢 ESCANEO REAL
CUNDINAMARCA,15,196,5,E14_PRE_15_196_000_00_00_005_2507_Mesa_5.pdf,0.0,🟢 ESCANEO REAL
CUNDINAMARCA,15,030,25,E14_PRE_15_030_000_00_00_025_2451_Mesa_25.pdf,0.0,🟢 ESCANEO REAL
CUNDINAMARCA,15,061,14,E14_PRE_15_061_000_00_01_014_2462_Mesa_14.pdf,0.0,🟢 ESCANEO REAL
CUNDINAMARCA,15,247,2,E14_PRE_15_247_002_02_10_002_5817_Mesa_2.pdf,0.0,🟢 ESCANEO REAL
CUNDINAMARCA,15,076,2,E14_PRE_15_076_001_00_10_002_5766_Mesa_2.pdf,0.0,🟢 ESCANEO REAL
CUNDINAMARCA,15,325,15,E14_PRE_15_325_000_00_01_015_2552_Mesa_15.pdf,0.0,🟢 ESCANEO REAL
CUNDINAMARCA,15,094,4,E14_PRE_15_094_001_01_01_004_5777_Mesa_4.pdf,0.0,🟢 ESCANEO REAL
CUNDINAMARCA,15,055,2,E14_PRE_15_055_001_00_02_002_5757_Mesa_2.pdf,0.0,🟢 ESCANEO REAL
CUNDINAMARCA,15,247,8,E14_PRE_15_247_001_01_05_008_5812_Mesa_8.pdf,0.0,🟢 ESCANEO REAL
CUNDINAMARCA,15,076,1,E14_PRE_15_076_001_00_10_001_5766_Mesa_1.pdf,0.0,🟢 ESCANEO REAL
CUNDINAMARCA,15,247,28,E14_PRE_15_247_002_02_03_028_5815_Mesa_28.pdf,0.0,🟢 ESCANEO REAL
CUNDINAMARCA,15,076,13,E14_PRE_15_076_001_00_06_013_5767_Mesa_13.pdf,0.0,🟢 ESCANEO REAL
CUNDINAMARCA,15,169,10,E14_PRE_15_169_002_00_02_010_5804_Mesa_10.pdf,0.0,🟢 ESCANEO REAL
CUNDINAMARCA,15,094,11,E14_PRE_15_094_001_02_06_011_5778_Mesa_11.pdf,0.0,🟢 ESCANEO REAL
CUNDINAMARCA,15,184,14,E14_PRE_15_184_000_00_00_014_2504_Mesa_14.pdf,0.0,🟢 ESCANEO REAL
CUNDINAMARCA,15,031,2,E14_PRE_15_031_001_00_01_002_5749_Mesa_2.pdf,0.0,🟢 ESCANEO REAL
CUNDINAMARCA,15,280,4,E14_PRE_15_280_000_00_02_004_2537_Mesa_4.pdf,0.0,🟢 ESCANEO REAL
CUNDINAMARCA,15,247,12,E14_PRE_15_247_001_01_01_012_5810_Mesa_12.pdf,0.03,🟢 ESCANEO REAL
CUNDINAMARCA,15,058,24,E14_PRE_15_058_000_00_00_024_2461_Mesa_24.pdf,0.0,🟢 ESCANEO REAL
CUNDINAMARCA,15,169,23,E14_PRE_15_169_002_00_03_023_5801_Mesa_23.pdf,0.0,🟢 ESCANEO REAL
CUNDINAMARCA,15,229,18,E14_PRE_15_229_000_00_00_018_2520_Mesa_18.pdf,0.0,🟢 ESCANEO REAL
CUNDINAMARCA,15,239,12,E14_PRE_15_239_001_00_02_012_5808_Mesa_12.pdf,0.0,🟢 ESCANEO REAL
CUNDINAMARCA,15,115,33,E14_PRE_15_115_000_00_01_033_5789_Mesa_33.pdf,0.0,🟢 ESCANEO REAL
CUNDINAMARCA,15,139,1,E14_PRE_15_139_001_00_02_001_5791_Mesa_1.pdf,0.0,🟢 ESCANEO REAL
CUNDINAMARCA,15,218,15,E14_PRE_15_218_000_00_01_015_2516_Mesa_15.pdf,0.0,🟢 ESCANEO REAL
CUNDINAMARCA,15,067,4,E14_PRE_15_067_099_00_09_004_5763_Mesa_4.pdf,0.0,🟢 ESCANEO REAL
CUNDINAMARCA,15,055,24,E14_PRE_15_055_002_00_01_024_5758_Mesa_24.pdf,0.0,🟢 ESCANEO REAL
CUNDINAMARCA,15,094,12,E14_PRE_15_094_002_05_06_012_5781_Mesa_12.pdf,0.0,🟢 ESCANEO REAL
CUNDINAMARCA,15,247,8,E14_PRE_15_247_002_02_03_008_5815_Mesa_8.pdf,0.0,🟢 ESCANEO REAL
CUNDINAMARCA,15,304,4,E14_PRE_15_304_002_00_01_004_5835_Mesa_4.pdf,0.0,🟢 ESCANEO REAL
CUNDINAMARCA,15,250,1,E14_PRE_15_250_000_00_01_001_5829_Mesa_1.pdf,0.0,🟢 ESCANEO REAL
CUNDINAMARCA,15,274,4,E14_PRE_15_274_000_00_02_004_2535_Mesa_4.pdf,0.0,🟢 ESCANEO REAL
CUNDINAMARCA,15,004,17,E14_PRE_15_004_000_00_01_017_2442_Mesa_17.pdf,0.0,🟢 ESCANEO REAL
CUNDINAMARCA,15,088,7,E14_PRE_15_088_002_00_02_007_5776_Mesa_7.pdf,0.0,🟢 ESCANEO REAL
CUNDINAMARCA,15,094,18,E14_PRE_15_094_001_01_02_018_5777_Mesa_18.pdf,0.0,🟢 ESCANEO REAL
CUNDINAMARCA,15,055,15,E14_PRE_15_055_001_00_04_015_5755_Mesa_15.pdf,0.0,🟢 ESCANEO REAL
CUNDINAMARCA,15,067,22,E14_PRE_15_067_000_00_01_022_5762_Mesa_22.pdf,0.0,🟢 ESCANEO REAL
CUNDINAMARCA,15,160,3,E14_PRE_15_160_001_00_09_003_5795_Mesa_3.pdf,0.0,🟢 ESCANEO REAL
CUNDINAMARCA,15,247,5,E14_PRE_15_247_006_06_03_005_5828_Mesa_5.pdf,0.0,🟢 ESCANEO REAL
CUNDINAMARCA,15,199,15,E14_PRE_15_199_000_00_00_015_2509_Mesa_15.pdf,0.0,🟢 ESCANEO REAL
CUNDINAMARCA,15,076,3,E14_PRE_15_076_001_00_07_003_5768_Mesa_3.pdf,0.01,🟢 ESCANEO REAL
CUNDINAMARCA,15,046,5,E14_PRE_15_046_001_00_02_005_5754_Mesa_5.pdf,0.0,🟢 ESCANEO REAL
CUNDINAMARCA,15,220,5,E14_PRE_15_220_099_00_01_005_2517_Mesa_5.pdf,0.0,🟢 ESCANEO REAL
CUNDINAMARCA,15,211,3,E14_PRE_15_211_000_00_00_003_2513_Mesa_3.pdf,0.0,🟢 ESCANEO REAL
CUNDINAMARCA,15,118,8,E14_PRE_15_118_000_00_00_008_2480_Mesa_8.pdf,0.0,🟢 ESCANEO REAL
CUNDINAMARCA,15,088,2,E14_PRE_15_088_001_00_07_002_5776_Mesa_2.pdf,0.0,🟢 ESCANEO REAL
CUNDINAMARCA,15,022,1,E14_PRE_15_022_000_00_00_001_2448_Mesa_1.pdf,0.0,🟢 ESCANEO REAL
CUNDINAMARCA,15,163,7,E14_PRE_15_163_000_00_00_007_2497_Mesa_7.pdf,0.0,🟢 ESCANEO REAL
CUNDINAMARCA,15,340,3,E14_PRE_15_340_002_05_07_003_5844_Mesa_3.pdf,0.0,🟢 ESCANEO REAL
CUNDINAMARCA,15,211,2,E14_PRE_15_211_099_00_50_002_2513_Mesa_2.pdf,0.0,🟢 ESCANEO REAL
CUNDINAMARCA,15,331,2,E14_PRE_15_331_099_00_03_002_2554_Mesa_2.pdf,0.0,🟢 ESCANEO REAL
CUNDINAMARCA,15,043,7,E14_PRE_15_043_000_00_02_007_2456_Mesa_7.pdf,0.0,🟢 ESCANEO REAL
CUNDINAMARCA,15,247,2,E14_PRE_15_247_005_05_04_002_5826_Mesa_2.pdf,0.0,🟢 ESCANEO REAL
CUNDINAMARCA,15,239,1,E14_PRE_15_239_001_00_03_001_5808_Mesa_1.pdf,0.0,🟢 ESCANEO REAL
CUNDINAMARCA,15,076,17,E14_PRE_15_076_002_00_06_017_5771_Mesa_17.pdf,0.0,🟢 ESCANEO REAL
CUNDINAMARCA,15,184,8,E14_PRE_15_184_000_00_00_008_2504_Mesa_8.pdf,0.0,🟢 ESCANEO REAL
CUNDINAMARCA,15,088,3,E14_PRE_15_088_002_00_04_003_5776_Mesa_3.pdf,0.0,🟢 ESCANEO REAL
CUNDINAMARCA,15,169,7,E14_PRE_15_169_001_00_04_007_5803_Mesa_7.pdf,0.0,🟢 ESCANEO REAL
CUNDINAMARCA,15,235,1,E14_PRE_15_235_099_00_50_001_2522_Mesa_1.pdf,0.0,🟢 ESCANEO REAL
CUNDINAMARCA,15,013,12,E14_PRE_15_013_000_00_00_012_2445_Mesa_12.pdf,0.0,🟢 ESCANEO REAL
CUNDINAMARCA,15,016,12,E14_PRE_15_016_000_00_01_012_2446_Mesa_12.pdf,0.0,🟢 ESCANEO REAL
CUNDINAMARCA,15,094,3,E14_PRE_15_094_001_01_04_003_5777_Mesa_3.pdf,0.0,🟢 ESCANEO REAL
CUNDINAMARCA,15,067,15,E14_PRE_15_067_000_00_01_015_5762_Mesa_15.pdf,0.01,🟢 ESCANEO REAL
CUNDINAMARCA,15,340,4,E14_PRE_15_340_001_01_01_004_5839_Mesa_4.pdf,0.0,🟢 ESCANEO REAL
CUNDINAMARCA,15,250,2,E14_PRE_15_250_000_00_03_002_5829_Mesa_2.pdf,0.0,🟢 ESCANEO REAL
CUNDINAMARCA,15,340,3,E14_PRE_15_340_001_03_10_003_5842_Mesa_3.pdf,0.0,🟢 ESCANEO REAL
GUAINIA,50,001,1,E14_PRE_50_001_002_00_01_001_6899_Mesa_1.pdf,0.0,🟢 ESCANEO REAL
GUAINIA,50,001,20,E14_PRE_50_001_002_00_02_020_6899_Mesa_20.pdf,0.0,🟢 ESCANEO REAL
GUAINIA,50,070,9,E14_PRE_50_070_000_00_00_009_3048_Mesa_9.pdf,0.0,🟢 ESCANEO REAL
GUAINIA,50,070,1,E14_PRE_50_070_000_00_00_001_3048_Mesa_1.pdf,0.0,🟢 ESCANEO REAL
GUAINIA,50,001,3,E14_PRE_50_001_001_00_02_003_6898_Mesa_3.pdf,0.0,🟢 ESCANEO REAL
GUAINIA,50,001,21,E14_PRE_50_001_002_00_02_021_6899_Mesa_21.pdf,0.0,🟢 ESCANEO REAL
GUAINIA,50,001,4,E14_PRE_50_001_001_00_02_004_6898_Mesa_4.pdf,0.0,🟢 ESCANEO REAL
GUAINIA,50,070,1,E14_PRE_50_070_099_00_20_001_3048_Mesa_1.pdf,0.0,🟢 ESCANEO REAL
GUAINIA,50,001,16,E14_PRE_50_001_002_00_02_016_6899_Mesa_16.pdf,0.0,🟢 ESCANEO REAL
GUAINIA,50,001,2,E14_PRE_50_001_002_00_02_002_6899_Mesa_2.pdf,0.0,🟢 ESCANEO REAL
GUAINIA,50,001,9,E14_PRE_50_001_001_00_02_009_6898_Mesa_9.pdf,0.0,🟢 ESCANEO REAL
GUAINIA,50,078,1,E14_PRE_50_078_000_00_00_001_3047_Mesa_1.pdf,0.0,🟢 ESCANEO REAL
GUAINIA,50,090,2,E14_PRE_50_090_099_00_50_002_3047_Mesa_2.pdf,0.02,🟢 ESCANEO REAL
GUAINIA,50,001,6,E14_PRE_50_001_002_00_01_006_6899_Mesa_6.pdf,0.0,🟢 ESCANEO REAL
GUAINIA,50,070,10,E14_PRE_50_070_000_00_00_010_3048_Mesa_10.pdf,0.0,🟢 ESCANEO REAL
GUAINIA,50,001,17,E14_PRE_50_001_002_00_02_017_6899_Mesa_17.pdf,0.0,🟢 ESCANEO REAL
GUAINIA,50,001,19,E14_PRE_50_001_002_00_02_019_6899_Mesa_19.pdf,0.0,🟢 ESCANEO REAL
GUAINIA,50,001,17,E14_PRE_50_001_002_00_01_017_6899_Mesa_17.pdf,0.0,🟢 ESCANEO REAL
GUAINIA,50,001,11,E14_PRE_50_001_002_00_01_011_6899_Mesa_11.pdf,0.0,🟢 ESCANEO REAL
GUAINIA,50,001,4,E14_PRE_50_001_002_00_01_004_6899_Mesa_4.pdf,0.0,🟢 ESCANEO REAL
GUAINIA,50,001,12,E14_PRE_50_001_001_00_02_012_6898_Mesa_12.pdf,0.0,🟢 ESCANEO REAL
GUAINIA,50,001,7,E14_PRE_50_001_002_00_01_007_6899_Mesa_7.pdf,0.0,🟢 ESCANEO REAL
GUAINIA,50,073,1,E14_PRE_50_073_000_00_00_001_3047_Mesa_1.pdf,0.0,🟢 ESCANEO REAL
GUAINIA,50,001,17,E14_PRE_50_001_001_00_01_017_6898_Mesa_17.pdf,0.0,🟢 ESCANEO REAL
GUAINIA,50,001,4,E14_PRE_50_001_002_00_02_004_6899_Mesa_4.pdf,0.0,🟢 ESCANEO REAL
GUAINIA,50,001,9,E14_PRE_50_001_002_00_02_009_6899_Mesa_9.pdf,0.0,🟢 ESCANEO REAL
GUAINIA,50,001,14,E14_PRE_50_001_001_00_01_014_6898_Mesa_14.pdf,0.0,🟢 ESCANEO REAL
GUAINIA,50,001,13,E14_PRE_50_001_002_00_01_013_6899_Mesa_13.pdf,0.0,🟢 ESCANEO REAL
GUAINIA,50,001,14,E14_PRE_50_001_002_00_02_014_6899_Mesa_14.pdf,0.0,🟢 ESCANEO REAL
GUAINIA,50,001,10,E14_PRE_50_001_002_00_02_010_6899_Mesa_10.pdf,0.0,🟢 ESCANEO REAL
GUAINIA,50,001,1,E14_PRE_50_001_099_00_08_001_6898_Mesa_1.pdf,0.0,🟢 ESCANEO REAL
GUAINIA,50,001,8,E14_PRE_50_001_002_00_01_008_6899_Mesa_8.pdf,0.0,🟢 ESCANEO REAL
GUAINIA,50,001,5,E14_PRE_50_001_001_00_02_005_6898_Mesa_5.pdf,0.0,🟢 ESCANEO REAL
GUAINIA,50,001,2,E14_PRE_50_001_001_00_01_002_6898_Mesa_2.pdf,0.0,🟢 ESCANEO REAL
GUAINIA,50,090,2,E14_PRE_50_090_000_00_00_002_3047_Mesa_2.pdf,0.03,🟢 ESCANEO REAL
GUAINIA,50,001,10,E14_PRE_50_001_002_00_01_010_6899_Mesa_10.pdf,0.0,🟢 ESCANEO REAL
GUAINIA,50,070,8,E14_PRE_50_070_000_00_00_008_3048_Mesa_8.pdf,0.0,🟢 ESCANEO REAL
GUAINIA,50,001,3,E14_PRE_50_001_002_00_02_003_6899_Mesa_3.pdf,0.0,🟢 ESCANEO REAL
GUAINIA,50,001,8,E14_PRE_50_001_001_00_02_008_6898_Mesa_8.pdf,0.0,🟢 ESCANEO REAL
GUAINIA,50,001,16,E14_PRE_50_001_001_00_02_016_6898_Mesa_16.pdf,0.0,🟢 ESCANEO REAL
GUAINIA,50,001,1,E14_PRE_50_001_098_00_01_001_6898_Mesa_1.pdf,0.0,🟢 ESCANEO REAL
GUAINIA,50,001,8,E14_PRE_50_001_001_00_01_008_6898_Mesa_8.pdf,0.02,🟢 ESCANEO REAL
GUAINIA,50,070,4,E14_PRE_50_070_000_00_00_004_3048_Mesa_4.pdf,0.0,🟢 ESCANEO REAL
GUAINIA,50,001,12,E14_PRE_50_001_001_00_01_012_6898_Mesa_12.pdf,0.01,🟢 ESCANEO REAL
GUAINIA,50,070,1,E14_PRE_50_070_099_00_10_001_3048_Mesa_1.pdf,0.0,🟢 ESCANEO REAL
GUAINIA,50,087,1,E14_PRE_50_087_000_00_00_001_3047_Mesa_1.pdf,0.0,🟢 ESCANEO REAL
GUAINIA,50,001,18,E14_PRE_50_001_001_00_01_018_6898_Mesa_18.pdf,0.0,🟢 ESCANEO REAL
GUAINIA,50,001,1,E14_PRE_50_001_001_00_01_001_6898_Mesa_1.pdf,0.0,🟢 ESCANEO REAL
GUAINIA,50,001,20,E14_PRE_50_001_001_00_01_020_6898_Mesa_20.pdf,0.0,🟢 ESCANEO REAL
GUAINIA,50,001,9,E14_PRE_50_001_001_00_01_009_6898_Mesa_9.pdf,0.0,🟢 ESCANEO REAL
GUAINIA,50,001,8,E14_PRE_50_001_002_00_02_008_6899_Mesa_8.pdf,0.0,🟢 ESCANEO REAL
GUAINIA,50,001,3,E14_PRE_50_001_001_00_01_003_6898_Mesa_3.pdf,0.0,🟢 ESCANEO REAL
GUAINIA,50,001,12,E14_PRE_50_001_002_00_02_012_6899_Mesa_12.pdf,0.0,🟢 ESCANEO REAL
GUAINIA,50,001,9,E14_PRE_50_001_002_00_01_009_6899_Mesa_9.pdf,0.0,🟢 ESCANEO REAL
GUAINIA,50,090,1,E14_PRE_50_090_000_00_00_001_3047_Mesa_1.pdf,0.0,🟢 ESCANEO REAL
GUAINIA,50,001,19,E14_PRE_50_001_002_00_01_019_6899_Mesa_19.pdf,0.0,🟢 ESCANEO REAL
GUAINIA,50,001,1,E14_PRE_50_001_002_00_02_001_6899_Mesa_1.pdf,0.0,🟢 ESCANEO REAL
GUAINIA,50,001,3,E14_PRE_50_001_002_00_01_003_6899_Mesa_3.pdf,0.0,🟢 ESCANEO REAL
GUAINIA,50,001,5,E14_PRE_50_001_002_00_01_005_6899_Mesa_5.pdf,0.0,🟢 ESCANEO REAL
GUAINIA,50,092,2,E14_PRE_50_092_000_00_00_002_3047_Mesa_2.pdf,0.0,🟢 ESCANEO REAL
GUAINIA,50,001,1,E14_PRE_50_001_099_00_15_001_6898_Mesa_1.pdf,0.0,🟢 ESCANEO REAL
GUAINIA,50,001,1,E14_PRE_50_001_001_00_02_001_6898_Mesa_1.pdf,0.0,🟢 ESCANEO REAL
GUAINIA,50,001,11,E14_PRE_50_001_001_00_02_011_6898_Mesa_11.pdf,0.0,🟢 ESCANEO REAL
GUAINIA,50,001,15,E14_PRE_50_001_001_00_01_015_6898_Mesa_15.pdf,0.0,🟢 ESCANEO REAL
GUAINIA,50,070,1,E14_PRE_50_070_099_00_03_001_3048_Mesa_1.pdf,0.0,🟢 ESCANEO REAL
GUAINIA,50,070,2,E14_PRE_50_070_099_00_05_002_3048_Mesa_2.pdf,0.0,🟢 ESCANEO REAL
GUAINIA,50,070,2,E14_PRE_50_070_000_00_00_002_3048_Mesa_2.pdf,0.0,🟢 ESCANEO REAL
GUAINIA,50,001,13,E14_PRE_50_001_001_00_02_013_6898_Mesa_13.pdf,0.0,🟢 ESCANEO REAL
GUAINIA,50,001,22,E14_PRE_50_001_002_00_02_022_6899_Mesa_22.pdf,0.0,🟢 ESCANEO REAL
GUAINIA,50,087,2,E14_PRE_50_087_000_00_00_002_3047_Mesa_2.pdf,0.01,🟢 ESCANEO REAL
GUAINIA,50,001,17,E14_PRE_50_001_001_00_02_017_6898_Mesa_17.pdf,0.0,🟢 ESCANEO REAL
GUAINIA,50,001,7,E14_PRE_50_001_001_00_01_007_6898_Mesa_7.pdf,0.02,🟢 ESCANEO REAL
GUAINIA,50,001,11,E14_PRE_50_001_001_00_01_011_6898_Mesa_11.pdf,0.0,🟢 ESCANEO REAL
GUAINIA,50,087,1,E14_PRE_50_087_099_00_80_001_3047_Mesa_1.pdf,0.0,🟢 ESCANEO REAL
GUAINIA,50,001,15,E14_PRE_50_001_002_00_01_015_6899_Mesa_15.pdf,0.0,🟢 ESCANEO REAL
GUAINIA,50,001,15,E14_PRE_50_001_001_00_02_015_6898_Mesa_15.pdf,0.0,🟢 ESCANEO REAL
GUAINIA,50,001,10,E14_PRE_50_001_001_00_02_010_6898_Mesa_10.pdf,0.0,🟢 ESCANEO REAL
GUAINIA,50,001,19,E14_PRE_50_001_001_00_01_019_6898_Mesa_19.pdf,0.0,🟢 ESCANEO REAL
GUAINIA,50,001,4,E14_PRE_50_001_001_00_01_004_6898_Mesa_4.pdf,0.0,🟢 ESCANEO REAL
GUAINIA,50,001,10,E14_PRE_50_001_001_00_01_010_6898_Mesa_10.pdf,0.0,🟢 ESCANEO REAL
GUAINIA,50,092,1,E14_PRE_50_092_000_00_00_001_3047_Mesa_1.pdf,0.01,🟢 ESCANEO REAL
GUAINIA,50,001,18,E14_PRE_50_001_002_00_02_018_6899_Mesa_18.pdf,0.0,🟢 ESCANEO REAL
GUAINIA,50,001,5,E14_PRE_50_001_002_00_02_005_6899_Mesa_5.pdf,0.0,🟢 ESCANEO REAL
GUAINIA,50,092,3,E14_PRE_50_092_000_00_00_003_3047_Mesa_3.pdf,0.01,🟢 ESCANEO REAL
GUAINIA,50,070,1,E14_PRE_50_070_099_00_05_001_3048_Mesa_1.pdf,0.0,🟢 ESCANEO REAL
GUAINIA,50,070,7,E14_PRE_50_070_000_00_00_007_3048_Mesa_7.pdf,0.0,🟢 ESCANEO REAL
GUAINIA,50,001,14,E14_PRE_50_001_001_00_02_014_6898_Mesa_14.pdf,0.0,🟢 ESCANEO REAL
GUAINIA,50,001,6,E14_PRE_50_001_002_00_02_006_6899_Mesa_6.pdf,0.0,🟢 ESCANEO REAL
GUAINIA,50,001,13,E14_PRE_50_001_001_00_01_013_6898_Mesa_13.pdf,0.0,🟢 ESCANEO REAL
GUAINIA,50,070,11,E14_PRE_50_070_000_00_00_011_3048_Mesa_11.pdf,0.0,🟢 ESCANEO REAL
GUAINIA,50,001,6,E14_PRE_50_001_001_00_01_006_6898_Mesa_6.pdf,0.01,🟢 ESCANEO REAL
GUAINIA,50,083,1,E14_PRE_50_083_000_00_00_001_3047_Mesa_1.pdf,0.0,🟢 ESCANEO REAL
GUAINIA,50,001,13,E14_PRE_50_001_002_00_02_013_6899_Mesa_13.pdf,0.0,🟢 ESCANEO REAL
GUAINIA,50,001,20,E14_PRE_50_001_002_00_01_020_6899_Mesa_20.pdf,0.0,🟢 ESCANEO REAL
GUAINIA,50,001,1,E14_PRE_50_001_099_00_25_001_6898_Mesa_1.pdf,0.0,🟢 ESCANEO REAL
GUAINIA,50,001,5,E14_PRE_50_001_001_00_01_005_6898_Mesa_5.pdf,0.0,🟢 ESCANEO REAL
GUAINIA,50,001,2,E14_PRE_50_001_002_00_01_002_6899_Mesa_2.pdf,0.0,🟢 ESCANEO REAL
GUAINIA,50,001,15,E14_PRE_50_001_002_00_02_015_6899_Mesa_15.pdf,0.0,🟢 ESCANEO REAL
GUAINIA,50,001,16,E14_PRE_50_001_002_00_01_016_6899_Mesa_16.pdf,0.0,🟢 ESCANEO REAL
GUAVIARE,54,001,2,E14_PRE_54_001_099_00_26_002_6943_Mesa_2.pdf,0.0,🟢 ESCANEO REAL
GUAINIA,50,090,1,E14_PRE_50_090_099_00_50_001_3047_Mesa_1.pdf,0.0,🟢 ESCANEO REAL
GUAVIARE,54,001,15,E14_PRE_54_001_001_00_02_015_6941_Mesa_15.pdf,0.0,🟢 ESCANEO REAL
GUAVIARE,54,001,3,E14_PRE_54_001_002_00_04_003_6942_Mesa_3.pdf,0.0,🟢 ESCANEO REAL
GUAVIARE,54,007,2,E14_PRE_54_007_099_00_05_002_3091_Mesa_2.pdf,0.0,🟢 ESCANEO REAL
GUAVIARE,54,001,1,E14_PRE_54_001_001_00_03_001_6941_Mesa_1.pdf,0.0,🟢 ESCANEO REAL
GUAVIARE,54,007,2,E14_PRE_54_007_099_00_30_002_3091_Mesa_2.pdf,0.0,🟢 ESCANEO REAL
GUAVIARE,54,001,4,E14_PRE_54_001_001_00_04_004_6941_Mesa_4.pdf,0.0,🟢 ESCANEO REAL
GUAVIARE,54,001,8,E14_PRE_54_001_001_00_03_008_6941_Mesa_8.pdf,0.0,🟢 ESCANEO REAL
GUAVIARE,54,007,3,E14_PRE_54_007_099_00_20_003_3091_Mesa_3.pdf,0.0,🟢 ESCANEO REAL
GUAVIARE,54,001,11,E14_PRE_54_001_001_00_02_011_6941_Mesa_11.pdf,0.0,🟢 ESCANEO REAL
GUAVIARE,54,001,17,E14_PRE_54_001_001_00_02_017_6941_Mesa_17.pdf,0.0,🟢 ESCANEO REAL
GUAVIARE,54,007,7,E14_PRE_54_007_000_00_00_007_3091_Mesa_7.pdf,0.0,🟢 ESCANEO REAL
GUAVIARE,54,001,2,E14_PRE_54_001_099_01_05_002_6943_Mesa_2.pdf,0.0,🟢 ESCANEO REAL
GUAVIARE,54,001,1,E14_PRE_54_001_002_00_06_001_6942_Mesa_1.pdf,0.0,🟢 ESCANEO REAL
GUAVIARE,54,007,1,E14_PRE_54_007_099_00_05_001_3091_Mesa_1.pdf,0.0,🟢 ESCANEO REAL
GUAVIARE,54,001,13,E14_PRE_54_001_002_00_02_013_6942_Mesa_13.pdf,0.02,🟢 ESCANEO REAL
GUAVIARE,54,001,3,E14_PRE_54_001_001_00_03_003_6941_Mesa_3.pdf,0.0,🟢 ESCANEO REAL
GUAVIARE,54,001,8,E14_PRE_54_001_099_00_20_008_6943_Mesa_8.pdf,0.0,🟢 ESCANEO REAL
GUAVIARE,54,001,2,E14_PRE_54_001_001_00_06_002_6941_Mesa_2.pdf,0.0,🟢 ESCANEO REAL
GUAVIARE,54,001,5,E14_PRE_54_001_002_00_02_005_6942_Mesa_5.pdf,0.0,🟢 ESCANEO REAL
GUAVIARE,54,001,10,E14_PRE_54_001_001_00_01_010_6941_Mesa_10.pdf,0.0,🟢 ESCANEO REAL
GUAVIARE,54,001,2,E14_PRE_54_001_099_00_22_002_6943_Mesa_2.pdf,0.0,🟢 ESCANEO REAL
GUAVIARE,54,001,5,E14_PRE_54_001_001_00_03_005_6941_Mesa_5.pdf,0.0,🟢 ESCANEO REAL
GUAVIARE,54,007,1,E14_PRE_54_007_000_00_00_001_3091_Mesa_1.pdf,0.0,🟢 ESCANEO REAL
GUAVIARE,54,003,5,E14_PRE_54_003_000_00_01_005_3084_Mesa_5.pdf,0.0,🟢 ESCANEO REAL
GUAVIARE,54,001,7,E14_PRE_54_001_001_00_02_007_6941_Mesa_7.pdf,0.0,🟢 ESCANEO REAL
GUAVIARE,54,001,1,E14_PRE_54_001_002_00_01_001_6942_Mesa_1.pdf,0.0,🟢 ESCANEO REAL
GUAVIARE,54,007,3,E14_PRE_54_007_099_00_17_003_3091_Mesa_3.pdf,0.0,🟢 ESCANEO REAL
GUAVIARE,54,001,3,E14_PRE_54_001_001_00_04_003_6941_Mesa_3.pdf,0.0,🟢 ESCANEO REAL
GUAVIARE,54,003,1,E14_PRE_54_003_099_00_10_001_3084_Mesa_1.pdf,0.0,🟢 ESCANEO REAL
GUAVIARE,54,001,5,E14_PRE_54_001_001_00_01_005_6941_Mesa_5.pdf,0.0,🟢 ESCANEO REAL
GUAVIARE,54,007,10,E14_PRE_54_007_000_00_00_010_3091_Mesa_10.pdf,0.0,🟢 ESCANEO REAL
GUAVIARE,54,001,6,E14_PRE_54_001_002_00_01_006_6942_Mesa_6.pdf,0.0,🟢 ESCANEO REAL
GUAVIARE,54,001,2,E14_PRE_54_001_002_00_05_002_6942_Mesa_2.pdf,0.0,🟢 ESCANEO REAL
GUAVIARE,54,001,12,E14_PRE_54_001_002_00_01_012_6942_Mesa_12.pdf,0.0,🟢 ESCANEO REAL
GUAVIARE,54,001,1,E14_PRE_54_001_099_01_08_001_6943_Mesa_1.pdf,0.0,🟢 ESCANEO REAL
GUAVIARE,54,012,3,E14_PRE_54_012_000_00_00_003_3086_Mesa_3.pdf,0.0,🟢 ESCANEO REAL
GUAVIARE,54,007,6,E14_PRE_54_007_000_00_00_006_3091_Mesa_6.pdf,0.0,🟢 ESCANEO REAL
GUAVIARE,54,001,4,E14_PRE_54_001_099_02_10_004_6943_Mesa_4.pdf,0.0,🟢 ESCANEO REAL
GUAVIARE,54,001,5,E14_PRE_54_001_099_00_20_005_6943_Mesa_5.pdf,0.0,🟢 ESCANEO REAL
GUAVIARE,54,001,7,E14_PRE_54_001_001_00_01_007_6941_Mesa_7.pdf,0.0,🟢 ESCANEO REAL
GUAVIARE,54,007,4,E14_PRE_54_007_099_00_20_004_3091_Mesa_4.pdf,0.0,🟢 ESCANEO REAL
GUAVIARE,54,001,5,E14_PRE_54_001_099_02_10_005_6943_Mesa_5.pdf,0.0,🟢 ESCANEO REAL
GUAVIARE,54,001,6,E14_PRE_54_001_002_00_03_006_6942_Mesa_6.pdf,0.01,🟢 ESCANEO REAL
GUAVIARE,54,001,14,E14_PRE_54_001_001_00_02_014_6941_Mesa_14.pdf,0.0,🟢 ESCANEO REAL
GUAVIARE,54,001,1,E14_PRE_54_001_001_00_05_001_6941_Mesa_1.pdf,0.0,🟢 ESCANEO REAL
GUAVIARE,54,001,2,E14_PRE_54_001_099_01_07_002_6943_Mesa_2.pdf,0.0,🟢 ESCANEO REAL
GUAVIARE,54,001,5,E14_PRE_54_001_099_01_05_005_6943_Mesa_5.pdf,0.0,🟢 ESCANEO REAL
GUAVIARE,54,007,1,E14_PRE_54_007_099_00_30_001_3091_Mesa_1.pdf,0.0,🟢 ESCANEO REAL
GUAVIARE,54,001,1,E14_PRE_54_001_099_00_36_001_6943_Mesa_1.pdf,0.0,🟢 ESCANEO REAL
GUAVIARE,54,001,12,E14_PRE_54_001_002_00_03_012_6942_Mesa_12.pdf,0.0,🟢 ESCANEO REAL
GUAVIARE,54,001,8,E14_PRE_54_001_002_00_03_008_6942_Mesa_8.pdf,0.0,🟢 ESCANEO REAL
GUAVIARE,54,001,1,E14_PRE_54_001_099_00_31_001_6943_Mesa_1.pdf,0.0,🟢 ESCANEO REAL
GUAVIARE,54,007,1,E14_PRE_54_007_099_00_25_001_3091_Mesa_1.pdf,0.0,🟢 ESCANEO REAL
GUAVIARE,54,001,3,E14_PRE_54_001_001_00_01_003_6941_Mesa_3.pdf,0.0,🟢 ESCANEO REAL
GUAVIARE,54,001,5,E14_PRE_54_001_002_00_01_005_6942_Mesa_5.pdf,0.0,🟢 ESCANEO REAL
GUAVIARE,54,001,5,E14_PRE_54_001_002_00_03_005_6942_Mesa_5.pdf,0.0,🟢 ESCANEO REAL
GUAVIARE,54,001,2,E14_PRE_54_001_002_00_02_002_6942_Mesa_2.pdf,0.0,🟢 ESCANEO REAL
GUAVIARE,54,001,4,E14_PRE_54_001_099_01_05_004_6943_Mesa_4.pdf,0.0,🟢 ESCANEO REAL
GUAVIARE,54,001,8,E14_PRE_54_001_099_01_05_008_6943_Mesa_8.pdf,0.0,🟢 ESCANEO REAL
GUAVIARE,54,003,2,E14_PRE_54_003_000_00_01_002_3084_Mesa_2.pdf,0.0,🟢 ESCANEO REAL
GUAVIARE,54,007,2,E14_PRE_54_007_099_00_17_002_3091_Mesa_2.pdf,0.0,🟢 ESCANEO REAL
GUAVIARE,54,001,9,E14_PRE_54_001_001_00_03_009_6941_Mesa_9.pdf,0.0,🟢 ESCANEO REAL
GUAVIARE,54,001,1,E14_PRE_54_001_002_00_05_001_6942_Mesa_1.pdf,0.0,🟢 ESCANEO REAL
GUAVIARE,54,012,5,E14_PRE_54_012_000_00_00_005_3086_Mesa_5.pdf,0.0,🟢 ESCANEO REAL
GUAVIARE,54,001,9,E14_PRE_54_001_001_00_02_009_6941_Mesa_9.pdf,0.0,🟢 ESCANEO REAL
GUAVIARE,54,001,5,E14_PRE_54_001_001_00_04_005_6941_Mesa_5.pdf,0.0,🟢 ESCANEO REAL
GUAVIARE,54,012,1,E14_PRE_54_012_099_00_21_001_3086_Mesa_1.pdf,0.0,🟢 ESCANEO REAL
GUAVIARE,54,007,6,E14_PRE_54_007_099_00_17_006_3091_Mesa_6.pdf,0.0,🟢 ESCANEO REAL
GUAVIARE,54,007,2,E14_PRE_54_007_099_00_07_002_3091_Mesa_2.pdf,0.0,🟢 ESCANEO REAL
GUAVIARE,54,001,11,E14_PRE_54_001_002_00_01_011_6942_Mesa_11.pdf,0.0,🟢 ESCANEO REAL
GUAVIARE,54,003,2,E14_PRE_54_003_099_00_10_002_3084_Mesa_2.pdf,0.0,🟢 ESCANEO REAL
GUAVIARE,54,001,6,E14_PRE_54_001_001_00_03_006_6941_Mesa_6.pdf,0.0,🟢 ESCANEO REAL
GUAVIARE,54,012,2,E14_PRE_54_012_000_00_00_002_3086_Mesa_2.pdf,0.0,🟢 ESCANEO REAL
GUAVIARE,54,007,8,E14_PRE_54_007_000_00_00_008_3091_Mesa_8.pdf,0.0,🟢 ESCANEO REAL
GUAVIARE,54,001,4,E14_PRE_54_001_001_00_01_004_6941_Mesa_4.pdf,0.0,🟢 ESCANEO REAL
GUAVIARE,54,001,6,E14_PRE_54_001_001_00_02_006_6941_Mesa_6.pdf,0.0,🟢 ESCANEO REAL
GUAVIARE,54,001,1,E14_PRE_54_001_099_00_20_001_6943_Mesa_1.pdf,0.0,🟢 ESCANEO REAL
GUAVIARE,54,001,6,E14_PRE_54_001_001_00_01_006_6941_Mesa_6.pdf,0.0,🟢 ESCANEO REAL
GUAVIARE,54,001,8,E14_PRE_54_001_002_00_02_008_6942_Mesa_8.pdf,0.0,🟢 ESCANEO REAL
GUAVIARE,54,001,2,E14_PRE_54_001_001_00_01_002_6941_Mesa_2.pdf,0.0,🟢 ESCANEO REAL
GUAVIARE,54,001,11,E14_PRE_54_001_001_00_03_011_6941_Mesa_11.pdf,0.0,🟢 ESCANEO REAL
GUAVIARE,54,001,2,E14_PRE_54_001_099_00_21_002_6943_Mesa_2.pdf,0.0,🟢 ESCANEO REAL
GUAVIARE,54,001,6,E14_PRE_54_001_099_02_10_006_6943_Mesa_6.pdf,0.0,🟢 ESCANEO REAL
GUAVIARE,54,003,1,E14_PRE_54_003_000_00_01_001_3084_Mesa_1.pdf,0.0,🟢 ESCANEO REAL
GUAVIARE,54,001,5,E14_PRE_54_001_002_00_04_005_6942_Mesa_5.pdf,0.0,🟢 ESCANEO REAL
GUAVIARE,54,001,8,E14_PRE_54_001_002_00_01_008_6942_Mesa_8.pdf,0.0,🟢 ESCANEO REAL
GUAVIARE,54,007,2,E14_PRE_54_007_000_00_00_002_3091_Mesa_2.pdf,0.0,🟢 ESCANEO REAL
GUAVIARE,54,001,3,E14_PRE_54_001_002_00_01_003_6942_Mesa_3.pdf,0.0,🟢 ESCANEO REAL
GUAVIARE,54,012,2,E14_PRE_54_012_099_00_08_002_3086_Mesa_2.pdf,0.0,🟢 ESCANEO REAL
GUAVIARE,54,007,3,E14_PRE_54_007_099_00_06_003_3091_Mesa_3.pdf,0.0,🟢 ESCANEO REAL
GUAVIARE,54,001,10,E14_PRE_54_001_002_00_03_010_6942_Mesa_10.pdf,0.0,🟢 ESCANEO REAL
GUAVIARE,54,001,6,E14_PRE_54_001_001_00_04_006_6941_Mesa_6.pdf,0.0,🟢 ESCANEO REAL
GUAVIARE,54,001,4,E14_PRE_54_001_001_00_03_004_6941_Mesa_4.pdf,0.0,🟢 ESCANEO REAL
GUAVIARE,54,001,6,E14_PRE_54_001_002_00_02_006_6942_Mesa_6.pdf,0.0,🟢 ESCANEO REAL
GUAVIARE,54,001,2,E14_PRE_54_001_099_00_20_002_6943_Mesa_2.pdf,0.0,🟢 ESCANEO REAL
GUAVIARE,54,012,7,E14_PRE_54_012_000_00_00_007_3086_Mesa_7.pdf,0.0,🟢 ESCANEO REAL
GUAVIARE,54,012,1,E14_PRE_54_012_099_00_04_001_3086_Mesa_1.pdf,0.0,🟢 ESCANEO REAL
GUAVIARE,54,007,2,E14_PRE_54_007_099_00_06_002_3091_Mesa_2.pdf,0.0,🟢 ESCANEO REAL
HUILA,19,067,20,E14_PRE_19_067_000_00_00_020_2617_Mesa_20.pdf,0.0,🟢 ESCANEO REAL
GUAVIARE,54,001,3,E14_PRE_54_001_099_00_21_003_6943_Mesa_3.pdf,0.0,🟢 ESCANEO REAL
HUILA,19,001,19,E14_PRE_19_001_004_05_02_019_6136_Mesa_19.pdf,0.0,🟢 ESCANEO REAL
HUILA,19,050,6,E14_PRE_19_050_000_00_00_006_2609_Mesa_6.pdf,0.0,🟢 ESCANEO REAL
HUILA,19,001,25,E14_PRE_19_001_006_09_02_025_6143_Mesa_25.pdf,0.0,🟢 ESCANEO REAL
HUILA,19,013,2,E14_PRE_19_013_099_00_03_002_2594_Mesa_2.pdf,0.0,🟢 ESCANEO REAL
HUILA,19,001,6,E14_PRE_19_001_002_03_01_006_6133_Mesa_6.pdf,0.0,🟢 ESCANEO REAL
HUILA,19,001,5,E14_PRE_19_001_003_04_07_005_6137_Mesa_5.pdf,0.0,🟢 ESCANEO REAL
HUILA,19,043,4,E14_PRE_19_043_000_00_00_004_2604_Mesa_4.pdf,0.0,🟢 ESCANEO REAL
HUILA,19,001,14,E14_PRE_19_001_006_10_03_014_6143_Mesa_14.pdf,0.0,🟢 ESCANEO REAL
HUILA,19,025,16,E14_PRE_19_025_000_00_00_016_2598_Mesa_16.pdf,9.69,🔴 DEEPFAKE SINTÉTICO
HUILA,19,050,8,E14_PRE_19_050_000_00_00_008_2609_Mesa_8.pdf,0.0,🟢 ESCANEO REAL
HUILA,19,061,16,E14_PRE_19_061_002_04_05_016_6167_Mesa_16.pdf,0.0,🟢 ESCANEO REAL
HUILA,19,061,1,E14_PRE_19_061_002_03_09_001_6165_Mesa_1.pdf,30.67,🔴 DEEPFAKE SINTÉTICO
HUILA,19,040,29,E14_PRE_19_040_000_00_00_029_2603_Mesa_29.pdf,0.0,🟢 ESCANEO REAL
HUILA,19,022,12,E14_PRE_19_022_001_00_01_012_6148_Mesa_12.pdf,6.95,🔴 DEEPFAKE SINTÉTICO
HUILA,19,061,12,E14_PRE_19_061_001_01_02_012_6164_Mesa_12.pdf,6.54,🔴 DEEPFAKE SINTÉTICO
HUILA,19,001,13,E14_PRE_19_001_005_08_04_013_6141_Mesa_13.pdf,0.0,🟢 ESCANEO REAL
HUILA,19,044,35,E14_PRE_19_044_000_00_01_035_6157_Mesa_35.pdf,0.19,🟢 ESCANEO REAL
HUILA,19,076,6,E14_PRE_19_076_000_00_00_006_2620_Mesa_6.pdf,0.04,🟢 ESCANEO REAL
HUILA,19,064,23,E14_PRE_19_064_000_00_00_023_6170_Mesa_23.pdf,0.0,🟢 ESCANEO REAL
HUILA,19,022,2,E14_PRE_19_022_002_00_01_002_6149_Mesa_2.pdf,7.39,🔴 DEEPFAKE SINTÉTICO
HUILA,19,044,1,E14_PRE_19_044_000_00_01_001_6156_Mesa_1.pdf,0.21,🟢 ESCANEO REAL
HUILA,19,061,19,E14_PRE_19_061_002_03_01_019_6166_Mesa_19.pdf,5.8,🔴 DEEPFAKE SINTÉTICO
HUILA,19,049,18,E14_PRE_19_049_002_00_01_018_6159_Mesa_18.pdf,33.15,🔴 DEEPFAKE SINTÉTICO
HUILA,19,055,1,E14_PRE_19_055_099_00_07_001_6162_Mesa_1.pdf,0.0,🟢 ESCANEO REAL
HUILA,19,013,5,E14_PRE_19_013_000_00_00_005_2594_Mesa_5.pdf,0.0,🟢 ESCANEO REAL
HUILA,19,082,2,E14_PRE_19_082_099_00_05_002_2622_Mesa_2.pdf,0.13,🟢 ESCANEO REAL
HUILA,19,094,10,E14_PRE_19_094_000_00_00_010_2626_Mesa_10.pdf,0.0,🟢 ESCANEO REAL
HUILA,19,058,27,E14_PRE_19_058_000_00_00_027_2614_Mesa_27.pdf,0.0,🟢 ESCANEO REAL
HUILA,19,076,16,E14_PRE_19_076_000_00_00_016_2620_Mesa_16.pdf,0.05,🟢 ESCANEO REAL
HUILA,19,067,2,E14_PRE_19_067_099_00_11_002_2617_Mesa_2.pdf,0.0,🟢 ESCANEO REAL
HUILA,19,013,15,E14_PRE_19_013_000_00_00_015_2594_Mesa_15.pdf,0.0,🟢 ESCANEO REAL
HUILA,19,091,5,E14_PRE_19_091_000_00_00_005_2625_Mesa_5.pdf,0.0,🟢 ESCANEO REAL
HUILA,19,034,9,E14_PRE_19_034_001_00_03_009_6151_Mesa_9.pdf,0.01,🟢 ESCANEO REAL
HUILA,19,049,9,E14_PRE_19_049_002_00_03_009_6159_Mesa_9.pdf,32.45,🔴 DEEPFAKE SINTÉTICO
HUILA,19,001,1,E14_PRE_19_001_003_04_01_001_6136_Mesa_1.pdf,0.0,🟢 ESCANEO REAL
HUILA,19,058,20,E14_PRE_19_058_000_00_00_020_2614_Mesa_20.pdf,0.0,🟢 ESCANEO REAL
HUILA,19,013,43,E14_PRE_19_013_000_00_00_043_2594_Mesa_43.pdf,0.0,🟢 ESCANEO REAL
HUILA,19,001,7,E14_PRE_19_001_005_08_04_007_6141_Mesa_7.pdf,0.0,🟢 ESCANEO REAL
HUILA,19,034,14,E14_PRE_19_034_002_00_02_014_6151_Mesa_14.pdf,0.0,🟢 ESCANEO REAL
HUILA,19,051,8,E14_PRE_19_051_000_00_00_008_2610_Mesa_8.pdf,0.0,🟢 ESCANEO REAL
HUILA,19,034,19,E14_PRE_19_034_002_00_02_019_6151_Mesa_19.pdf,0.0,🟢 ESCANEO REAL
HUILA,19,001,10,E14_PRE_19_001_003_04_01_010_6136_Mesa_10.pdf,0.0,🟢 ESCANEO REAL
HUILA,19,001,2,E14_PRE_19_001_006_10_06_002_6144_Mesa_2.pdf,0.0,🟢 ESCANEO REAL
HUILA,19,061,6,E14_PRE_19_061_002_03_03_006_6165_Mesa_6.pdf,32.95,🔴 DEEPFAKE SINTÉTICO
HUILA,19,001,1,E14_PRE_19_001_003_04_08_001_6137_Mesa_1.pdf,0.0,🟢 ESCANEO REAL
HUILA,19,001,19,E14_PRE_19_001_004_06_03_019_6138_Mesa_19.pdf,0.0,🟢 ESCANEO REAL
HUILA,19,001,28,E14_PRE_19_001_001_01_01_028_6130_Mesa_28.pdf,0.0,🟢 ESCANEO REAL
HUILA,19,001,5,E14_PRE_19_001_004_06_05_005_6140_Mesa_5.pdf,0.0,🟢 ESCANEO REAL
HUILA,19,088,3,E14_PRE_19_088_099_00_50_003_2624_Mesa_3.pdf,0.0,🟢 ESCANEO REAL
HUILA,19,001,1,E14_PRE_19_001_006_09_01_001_6142_Mesa_1.pdf,0.0,🟢 ESCANEO REAL
HUILA,19,034,3,E14_PRE_19_034_099_00_18_003_6152_Mesa_3.pdf,2.35,🔴 DEEPFAKE SINTÉTICO
HUILA,19,034,20,E14_PRE_19_034_002_00_02_020_6151_Mesa_20.pdf,0.0,🟢 ESCANEO REAL
HUILA,19,016,4,E14_PRE_19_016_000_00_00_004_2595_Mesa_4.pdf,0.0,🟢 ESCANEO REAL
HUILA,19,061,2,E14_PRE_19_061_099_11_03_002_6167_Mesa_2.pdf,0.0,🟢 ESCANEO REAL
HUILA,19,056,9,E14_PRE_19_056_000_00_00_009_2613_Mesa_9.pdf,0.0,🟢 ESCANEO REAL
HUILA,19,022,18,E14_PRE_19_022_001_00_01_018_6148_Mesa_18.pdf,6.47,🔴 DEEPFAKE SINTÉTICO
HUILA,19,064,17,E14_PRE_19_064_000_00_00_017_6170_Mesa_17.pdf,0.0,🟢 ESCANEO REAL
HUILA,19,001,20,E14_PRE_19_001_005_08_04_020_6141_Mesa_20.pdf,0.0,🟢 ESCANEO REAL
HUILA,19,013,27,E14_PRE_19_013_000_00_00_027_2594_Mesa_27.pdf,0.0,🟢 ESCANEO REAL
HUILA,19,070,32,E14_PRE_19_070_000_00_00_032_6172_Mesa_32.pdf,0.0,🟢 ESCANEO REAL
HUILA,19,022,5,E14_PRE_19_022_001_00_02_005_6148_Mesa_5.pdf,5.19,🔴 DEEPFAKE SINTÉTICO
HUILA,19,037,2,E14_PRE_19_037_000_00_00_002_6154_Mesa_2.pdf,8.38,🔴 DEEPFAKE SINTÉTICO
HUILA,19,047,18,E14_PRE_19_047_000_00_00_018_2607_Mesa_18.pdf,0.0,🟢 ESCANEO REAL
HUILA,19,001,6,E14_PRE_19_001_004_05_01_006_6137_Mesa_6.pdf,0.0,🟢 ESCANEO REAL
HUILA,19,001,2,E14_PRE_19_001_004_05_09_002_6138_Mesa_2.pdf,0.0,🟢 ESCANEO REAL
HUILA,19,001,14,E14_PRE_19_001_001_01_02_014_6131_Mesa_14.pdf,0.0,🟢 ESCANEO REAL
HUILA,19,022,2,E14_PRE_19_022_001_00_02_002_6148_Mesa_2.pdf,4.05,🔴 DEEPFAKE SINTÉTICO
HUILA,19,001,15,E14_PRE_19_001_001_01_01_015_6130_Mesa_15.pdf,0.0,🟢 ESCANEO REAL
HUILA,19,037,18,E14_PRE_19_037_000_00_00_018_6154_Mesa_18.pdf,9.95,🔴 DEEPFAKE SINTÉTICO
HUILA,19,022,2,E14_PRE_19_022_099_00_60_002_6149_Mesa_2.pdf,7.53,🔴 DEEPFAKE SINTÉTICO
HUILA,19,056,29,E14_PRE_19_056_000_00_00_029_2613_Mesa_29.pdf,0.01,🟢 ESCANEO REAL
HUILA,19,049,3,E14_PRE_19_049_099_00_09_003_6160_Mesa_3.pdf,3.01,🔴 DEEPFAKE SINTÉTICO
HUILA,19,049,8,E14_PRE_19_049_002_00_02_008_6159_Mesa_8.pdf,31.21,🔴 DEEPFAKE SINTÉTICO
HUILA,19,001,24,E14_PRE_19_001_004_06_04_024_6139_Mesa_24.pdf,0.0,🟢 ESCANEO REAL
HUILA,19,001,16,E14_PRE_19_001_006_10_04_016_6142_Mesa_16.pdf,0.0,🟢 ESCANEO REAL
HUILA,19,001,38,E14_PRE_19_001_001_01_01_038_6130_Mesa_38.pdf,0.0,🟢 ESCANEO REAL
HUILA,19,001,16,E14_PRE_19_001_002_03_02_016_6134_Mesa_16.pdf,0.0,🟢 ESCANEO REAL
HUILA,19,022,8,E14_PRE_19_022_001_00_01_008_6148_Mesa_8.pdf,6.89,🔴 DEEPFAKE SINTÉTICO
HUILA,19,055,5,E14_PRE_19_055_000_00_00_005_6161_Mesa_5.pdf,18.82,🔴 DEEPFAKE SINTÉTICO
HUILA,19,001,16,E14_PRE_19_001_001_02_07_016_6132_Mesa_16.pdf,0.0,🟢 ESCANEO REAL
HUILA,19,025,18,E14_PRE_19_025_000_00_00_018_2598_Mesa_18.pdf,8.84,🔴 DEEPFAKE SINTÉTICO
HUILA,19,001,4,E14_PRE_19_001_004_06_07_004_6137_Mesa_4.pdf,0.0,🟢 ESCANEO REAL
HUILA,19,049,2,E14_PRE_19_049_099_00_01_002_6160_Mesa_2.pdf,1.78,🔴 DEEPFAKE SINTÉTICO
HUILA,19,044,40,E14_PRE_19_044_000_00_01_040_6157_Mesa_40.pdf,0.0,🟢 ESCANEO REAL
HUILA,19,049,1,E14_PRE_19_049_001_00_03_001_6158_Mesa_1.pdf,0.0,🟢 ESCANEO REAL
HUILA,19,001,40,E14_PRE_19_001_004_06_04_040_6139_Mesa_40.pdf,0.0,🟢 ESCANEO REAL
HUILA,19,070,24,E14_PRE_19_070_000_00_00_024_6172_Mesa_24.pdf,0.0,🟢 ESCANEO REAL
HUILA,19,019,9,E14_PRE_19_019_000_00_00_009_2596_Mesa_9.pdf,0.0,🟢 ESCANEO REAL
HUILA,19,061,5,E14_PRE_19_061_002_03_03_005_6165_Mesa_5.pdf,34.17,🔴 DEEPFAKE SINTÉTICO
HUILA,19,004,12,E14_PRE_19_004_099_00_01_012_6147_Mesa_12.pdf,0.56,🟢 ESCANEO REAL
HUILA,19,044,14,E14_PRE_19_044_000_00_01_014_6156_Mesa_14.pdf,2.58,🔴 DEEPFAKE SINTÉTICO
HUILA,19,064,12,E14_PRE_19_064_000_00_00_012_6170_Mesa_12.pdf,0.0,🟢 ESCANEO REAL
HUILA,19,067,13,E14_PRE_19_067_000_00_00_013_2617_Mesa_13.pdf,0.04,🟢 ESCANEO REAL
HUILA,19,061,4,E14_PRE_19_061_099_08_02_004_6166_Mesa_4.pdf,4.96,🔴 DEEPFAKE SINTÉTICO
HUILA,19,028,2,E14_PRE_19_028_099_00_05_002_2599_Mesa_2.pdf,0.0,🟢 ESCANEO REAL
HUILA,19,046,1,E14_PRE_19_046_000_00_00_001_2606_Mesa_1.pdf,0.0,🟢 ESCANEO REAL
HUILA,19,070,20,E14_PRE_19_070_000_00_00_020_6172_Mesa_20.pdf,0.0,🟢 ESCANEO REAL
HUILA,19,044,1,E14_PRE_19_044_099_00_05_001_6157_Mesa_1.pdf,0.04,🟢 ESCANEO REAL
HUILA,19,094,9,E14_PRE_19_094_000_00_00_009_2626_Mesa_9.pdf,0.0,🟢 ESCANEO REAL
LA GUAJIRA,48,008,10,E14_PRE_48_008_000_00_00_010_3037_Mesa_10.pdf,0.0,🟢 ESCANEO REAL
LA GUAJIRA,48,018,5,E14_PRE_48_018_000_00_01_005_3044_Mesa_5.pdf,0.0,🟢 ESCANEO REAL
LA GUAJIRA,48,010,18,E14_PRE_48_010_002_03_01_018_6877_Mesa_18.pdf,1.91,🔴 DEEPFAKE SINTÉTICO
LA GUAJIRA,48,020,12,E14_PRE_48_020_001_00_01_012_6896_Mesa_12.pdf,17.51,🔴 DEEPFAKE SINTÉTICO
LA GUAJIRA,48,001,1,E14_PRE_48_001_099_19_30_001_6864_Mesa_1.pdf,0.0,🟢 ESCANEO REAL
LA GUAJIRA,48,016,35,E14_PRE_48_016_002_00_01_035_6890_Mesa_35.pdf,15.05,🔴 DEEPFAKE SINTÉTICO
LA GUAJIRA,48,013,1,E14_PRE_48_013_099_00_55_001_6887_Mesa_1.pdf,1.54,🔴 DEEPFAKE SINTÉTICO
LA GUAJIRA,48,016,4,E14_PRE_48_016_099_00_55_004_6894_Mesa_4.pdf,16.16,🔴 DEEPFAKE SINTÉTICO
LA GUAJIRA,48,016,10,E14_PRE_48_016_099_00_72_010_6895_Mesa_10.pdf,12.95,🔴 DEEPFAKE SINTÉTICO
LA GUAJIRA,48,016,47,E14_PRE_48_016_001_00_01_047_6888_Mesa_47.pdf,4.9,🔴 DEEPFAKE SINTÉTICO
LA GUAJIRA,48,001,27,E14_PRE_48_001_003_08_03_027_6861_Mesa_27.pdf,0.0,🟢 ESCANEO REAL
LA GUAJIRA,48,016,38,E14_PRE_48_016_001_00_01_038_6888_Mesa_38.pdf,4.13,🔴 DEEPFAKE SINTÉTICO
LA GUAJIRA,48,011,12,E14_PRE_48_011_099_00_30_012_6883_Mesa_12.pdf,2.06,🔴 DEEPFAKE SINTÉTICO
LA GUAJIRA,48,016,47,E14_PRE_48_016_002_00_02_047_6891_Mesa_47.pdf,14.9,🔴 DEEPFAKE SINTÉTICO
LA GUAJIRA,48,002,8,E14_PRE_48_002_099_00_10_008_6866_Mesa_8.pdf,0.0,🟢 ESCANEO REAL
LA GUAJIRA,48,010,17,E14_PRE_48_010_001_02_04_017_6878_Mesa_17.pdf,1.73,🔴 DEEPFAKE SINTÉTICO
LA GUAJIRA,48,020,1,E14_PRE_48_020_002_00_01_001_6897_Mesa_1.pdf,19.57,🔴 DEEPFAKE SINTÉTICO
LA GUAJIRA,48,010,6,E14_PRE_48_010_099_08_20_006_6880_Mesa_6.pdf,16.59,🔴 DEEPFAKE SINTÉTICO
LA GUAJIRA,48,011,11,E14_PRE_48_011_002_00_01_011_6883_Mesa_11.pdf,8.53,🔴 DEEPFAKE SINTÉTICO
LA GUAJIRA,48,007,17,E14_PRE_48_007_002_00_01_017_6871_Mesa_17.pdf,2.11,🔴 DEEPFAKE SINTÉTICO
LA GUAJIRA,48,020,4,E14_PRE_48_020_002_00_01_004_6897_Mesa_4.pdf,7.59,🔴 DEEPFAKE SINTÉTICO
LA GUAJIRA,48,005,8,E14_PRE_48_005_099_00_22_008_6869_Mesa_8.pdf,0.0,🟢 ESCANEO REAL
LA GUAJIRA,48,001,40,E14_PRE_48_001_002_05_03_040_6863_Mesa_40.pdf,0.0,🟢 ESCANEO REAL
LA GUAJIRA,48,001,38,E14_PRE_48_001_002_05_03_038_6863_Mesa_38.pdf,0.0,🟢 ESCANEO REAL
LA GUAJIRA,48,010,7,E14_PRE_48_010_099_06_10_007_6880_Mesa_7.pdf,14.07,🔴 DEEPFAKE SINTÉTICO
LA GUAJIRA,48,010,2,E14_PRE_48_010_001_02_04_002_6878_Mesa_2.pdf,9.17,🔴 DEEPFAKE SINTÉTICO
LA GUAJIRA,48,005,18,E14_PRE_48_005_000_00_00_018_6869_Mesa_18.pdf,0.0,🟢 ESCANEO REAL
LA GUAJIRA,48,013,2,E14_PRE_48_013_001_00_02_002_6885_Mesa_2.pdf,7.27,🔴 DEEPFAKE SINTÉTICO
LA GUAJIRA,48,016,31,E14_PRE_48_016_001_00_02_031_6889_Mesa_31.pdf,34.93,🔴 DEEPFAKE SINTÉTICO
LA GUAJIRA,48,002,5,E14_PRE_48_002_099_00_20_005_6866_Mesa_5.pdf,0.0,🟢 ESCANEO REAL
LA GUAJIRA,48,010,6,E14_PRE_48_010_002_03_02_006_6878_Mesa_6.pdf,9.88,🔴 DEEPFAKE SINTÉTICO
LA GUAJIRA,48,010,32,E14_PRE_48_010_002_03_01_032_6877_Mesa_32.pdf,3.69,🔴 DEEPFAKE SINTÉTICO
LA GUAJIRA,48,002,20,E14_PRE_48_002_000_00_00_020_6865_Mesa_20.pdf,0.0,🟢 ESCANEO REAL
LA GUAJIRA,48,013,8,E14_PRE_48_013_002_00_02_008_6886_Mesa_8.pdf,1.78,🔴 DEEPFAKE SINTÉTICO
LA GUAJIRA,48,001,17,E14_PRE_48_001_003_08_04_017_6861_Mesa_17.pdf,0.0,🟢 ESCANEO REAL
LA GUAJIRA,48,020,9,E14_PRE_48_020_001_00_01_009_6896_Mesa_9.pdf,4.88,🔴 DEEPFAKE SINTÉTICO
LA GUAJIRA,48,007,22,E14_PRE_48_007_002_00_01_022_6872_Mesa_22.pdf,8.23,🔴 DEEPFAKE SINTÉTICO
LA GUAJIRA,48,016,18,E14_PRE_48_016_002_00_01_018_6890_Mesa_18.pdf,3.29,🔴 DEEPFAKE SINTÉTICO
LA GUAJIRA,48,001,3,E14_PRE_48_001_099_14_12_003_6864_Mesa_3.pdf,0.0,🟢 ESCANEO REAL
LA GUAJIRA,48,011,10,E14_PRE_48_011_099_00_33_010_6884_Mesa_10.pdf,3.93,🔴 DEEPFAKE SINTÉTICO
LA GUAJIRA,48,013,1,E14_PRE_48_013_099_00_18_001_6887_Mesa_1.pdf,4.15,🔴 DEEPFAKE SINTÉTICO
LA GUAJIRA,48,010,12,E14_PRE_48_010_099_09_25_012_6875_Mesa_12.pdf,6.7,🔴 DEEPFAKE SINTÉTICO
LA GUAJIRA,48,001,15,E14_PRE_48_001_001_02_03_015_6857_Mesa_15.pdf,0.0,🟢 ESCANEO REAL
LA GUAJIRA,48,016,12,E14_PRE_48_016_002_00_02_012_6891_Mesa_12.pdf,26.58,🔴 DEEPFAKE SINTÉTICO
LA GUAJIRA,48,007,11,E14_PRE_48_007_002_00_02_011_6872_Mesa_11.pdf,9.49,🔴 DEEPFAKE SINTÉTICO
LA GUAJIRA,48,011,2,E14_PRE_48_011_002_00_02_002_6882_Mesa_2.pdf,0.19,🟢 ESCANEO REAL
LA GUAJIRA,48,001,2,E14_PRE_48_001_001_02_07_002_6858_Mesa_2.pdf,0.0,🟢 ESCANEO REAL
LA GUAJIRA,48,016,40,E14_PRE_48_016_002_00_02_040_6891_Mesa_40.pdf,14.09,🔴 DEEPFAKE SINTÉTICO
LA GUAJIRA,48,001,1,E14_PRE_48_001_003_09_05_001_6856_Mesa_1.pdf,0.0,🟢 ESCANEO REAL
LA GUAJIRA,48,010,19,E14_PRE_48_010_002_03_03_019_6879_Mesa_19.pdf,19.51,🔴 DEEPFAKE SINTÉTICO
LA GUAJIRA,48,001,7,E14_PRE_48_001_003_10_06_007_6862_Mesa_7.pdf,0.0,🟢 ESCANEO REAL
LA GUAJIRA,48,001,10,E14_PRE_48_001_003_10_06_010_6862_Mesa_10.pdf,0.0,🟢 ESCANEO REAL
LA GUAJIRA,48,018,14,E14_PRE_48_018_000_00_01_014_3044_Mesa_14.pdf,0.0,🟢 ESCANEO REAL
LA GUAJIRA,48,011,18,E14_PRE_48_011_002_00_01_018_6883_Mesa_18.pdf,7.33,🔴 DEEPFAKE SINTÉTICO
LA GUAJIRA,48,001,3,E14_PRE_48_001_002_06_05_003_6859_Mesa_3.pdf,0.0,🟢 ESCANEO REAL
LA GUAJIRA,48,001,13,E14_PRE_48_001_001_02_02_013_6856_Mesa_13.pdf,0.0,🟢 ESCANEO REAL
LA GUAJIRA,48,010,18,E14_PRE_48_010_002_03_03_018_6879_Mesa_18.pdf,17.61,🔴 DEEPFAKE SINTÉTICO
LA GUAJIRA,48,001,7,E14_PRE_48_001_003_08_04_007_6861_Mesa_7.pdf,0.03,🟢 ESCANEO REAL
LA GUAJIRA,48,001,3,E14_PRE_48_001_003_07_02_003_6860_Mesa_3.pdf,0.01,🟢 ESCANEO REAL
LA GUAJIRA,48,016,12,E14_PRE_48_016_001_00_01_012_6888_Mesa_12.pdf,15.11,🔴 DEEPFAKE SINTÉTICO
LA GUAJIRA,48,005,1,E14_PRE_48_005_099_00_08_001_6869_Mesa_1.pdf,0.0,🟢 ESCANEO REAL
LA GUAJIRA,48,001,2,E14_PRE_48_001_002_04_02_002_6859_Mesa_2.pdf,0.0,🟢 ESCANEO REAL
LA GUAJIRA,48,010,28,E14_PRE_48_010_002_03_03_028_6879_Mesa_28.pdf,19.91,🔴 DEEPFAKE SINTÉTICO
LA GUAJIRA,48,012,13,E14_PRE_48_012_000_00_00_013_3041_Mesa_13.pdf,0.05,🟢 ESCANEO REAL
LA GUAJIRA,48,011,2,E14_PRE_48_011_001_00_01_002_6881_Mesa_2.pdf,9.65,🔴 DEEPFAKE SINTÉTICO
LA GUAJIRA,48,011,14,E14_PRE_48_011_099_00_15_014_6882_Mesa_14.pdf,0.25,🟢 ESCANEO REAL
LA GUAJIRA,48,011,15,E14_PRE_48_011_002_00_01_015_6883_Mesa_15.pdf,6.39,🔴 DEEPFAKE SINTÉTICO
LA GUAJIRA,48,016,2,E14_PRE_48_016_099_00_34_002_6893_Mesa_2.pdf,7.26,🔴 DEEPFAKE SINTÉTICO
LA GUAJIRA,48,001,10,E14_PRE_48_001_099_11_02_010_6860_Mesa_10.pdf,0.0,🟢 ESCANEO REAL
LA GUAJIRA,48,001,10,E14_PRE_48_001_001_01_01_010_6856_Mesa_10.pdf,0.0,🟢 ESCANEO REAL
LA GUAJIRA,48,010,22,E14_PRE_48_010_003_04_04_022_6876_Mesa_22.pdf,0.0,🟢 ESCANEO REAL
LA GUAJIRA,48,016,44,E14_PRE_48_016_001_00_01_044_6888_Mesa_44.pdf,5.5,🔴 DEEPFAKE SINTÉTICO
LA GUAJIRA,48,001,2,E14_PRE_48_001_002_06_04_002_6859_Mesa_2.pdf,0.05,🟢 ESCANEO REAL
LA GUAJIRA,48,010,20,E14_PRE_48_010_002_03_02_020_6878_Mesa_20.pdf,8.9,🔴 DEEPFAKE SINTÉTICO
LA GUAJIRA,48,001,27,E14_PRE_48_001_003_10_06_027_6862_Mesa_27.pdf,0.0,🟢 ESCANEO REAL
LA GUAJIRA,48,001,13,E14_PRE_48_001_002_06_04_013_6859_Mesa_13.pdf,0.0,🟢 ESCANEO REAL
LA GUAJIRA,48,011,6,E14_PRE_48_011_099_00_30_006_6883_Mesa_6.pdf,2.83,🔴 DEEPFAKE SINTÉTICO
LA GUAJIRA,48,016,7,E14_PRE_48_016_099_00_33_007_6892_Mesa_7.pdf,19.87,🔴 DEEPFAKE SINTÉTICO
LA GUAJIRA,48,001,2,E14_PRE_48_001_099_11_04_002_6863_Mesa_2.pdf,0.0,🟢 ESCANEO REAL
LA GUAJIRA,48,016,15,E14_PRE_48_016_002_00_01_015_6890_Mesa_15.pdf,1.13,🔴 DEEPFAKE SINTÉTICO
LA GUAJIRA,48,016,42,E14_PRE_48_016_002_00_01_042_6890_Mesa_42.pdf,17.85,🔴 DEEPFAKE SINTÉTICO
LA GUAJIRA,48,001,17,E14_PRE_48_001_002_04_01_017_6858_Mesa_17.pdf,0.0,🟢 ESCANEO REAL
LA GUAJIRA,48,001,2,E14_PRE_48_001_099_14_13_002_6864_Mesa_2.pdf,0.0,🟢 ESCANEO REAL
LA GUAJIRA,48,004,43,E14_PRE_48_004_000_00_01_043_6867_Mesa_43.pdf,0.0,🟢 ESCANEO REAL
LA GUAJIRA,48,001,23,E14_PRE_48_001_001_02_03_023_6857_Mesa_23.pdf,0.0,🟢 ESCANEO REAL
LA GUAJIRA,48,010,26,E14_PRE_48_010_002_03_01_026_6877_Mesa_26.pdf,2.12,🔴 DEEPFAKE SINTÉTICO
LA GUAJIRA,48,001,7,E14_PRE_48_001_001_03_04_007_6858_Mesa_7.pdf,0.0,🟢 ESCANEO REAL
LA GUAJIRA,48,001,36,E14_PRE_48_001_002_05_03_036_6863_Mesa_36.pdf,0.0,🟢 ESCANEO REAL
LA GUAJIRA,48,016,1,E14_PRE_48_016_002_00_02_001_6891_Mesa_1.pdf,14.07,🔴 DEEPFAKE SINTÉTICO
LA GUAJIRA,48,011,3,E14_PRE_48_011_099_00_35_003_6883_Mesa_3.pdf,1.54,🔴 DEEPFAKE SINTÉTICO
LA GUAJIRA,48,010,20,E14_PRE_48_010_001_01_02_020_6874_Mesa_20.pdf,1.36,🔴 DEEPFAKE SINTÉTICO
LA GUAJIRA,48,010,9,E14_PRE_48_010_002_03_03_009_6879_Mesa_9.pdf,10.58,🔴 DEEPFAKE SINTÉTICO
LA GUAJIRA,48,004,2,E14_PRE_48_004_099_00_28_002_6868_Mesa_2.pdf,0.0,🟢 ESCANEO REAL
LA GUAJIRA,48,016,8,E14_PRE_48_016_099_00_34_008_6893_Mesa_8.pdf,0.5,🟢 ESCANEO REAL
LA GUAJIRA,48,001,8,E14_PRE_48_001_003_08_04_008_6861_Mesa_8.pdf,0.0,🟢 ESCANEO REAL
LA GUAJIRA,48,010,11,E14_PRE_48_010_001_01_01_011_6873_Mesa_11.pdf,19.48,🔴 DEEPFAKE SINTÉTICO
LA GUAJIRA,48,010,25,E14_PRE_48_010_002_03_03_025_6879_Mesa_25.pdf,23.81,🔴 DEEPFAKE SINTÉTICO
LA GUAJIRA,48,010,15,E14_PRE_48_010_099_09_25_015_6875_Mesa_15.pdf,5.13,🔴 DEEPFAKE SINTÉTICO
LA GUAJIRA,48,001,11,E14_PRE_48_001_001_02_03_011_6857_Mesa_11.pdf,0.0,🟢 ESCANEO REAL
MAGDALENA,21,001,17,E14_PRE_21_001_003_01_03_017_6182_Mesa_17.pdf,0.0,🟢 ESCANEO REAL
MAGDALENA,21,076,18,E14_PRE_21_076_000_00_00_018_2651_Mesa_18.pdf,7.92,🔴 DEEPFAKE SINTÉTICO
MAGDALENA,21,016,23,E14_PRE_21_016_002_03_04_023_6205_Mesa_23.pdf,0.53,🟢 ESCANEO REAL
LA GUAJIRA,48,016,4,E14_PRE_48_016_099_00_45_004_6894_Mesa_4.pdf,18.92,🔴 DEEPFAKE SINTÉTICO
MAGDALENA,21,001,12,E14_PRE_21_001_001_01_05_012_6178_Mesa_12.pdf,0.0,🟢 ESCANEO REAL
MAGDALENA,21,078,15,E14_PRE_21_078_000_00_00_015_2652_Mesa_15.pdf,18.2,🔴 DEEPFAKE SINTÉTICO
MAGDALENA,21,031,33,E14_PRE_21_031_002_00_02_033_6214_Mesa_33.pdf,10.45,🔴 DEEPFAKE SINTÉTICO
MAGDALENA,21,076,23,E14_PRE_21_076_000_00_00_023_2651_Mesa_23.pdf,21.27,🔴 DEEPFAKE SINTÉTICO
MAGDALENA,21,085,7,E14_PRE_21_085_000_00_00_007_2654_Mesa_7.pdf,0.0,🟢 ESCANEO REAL
MAGDALENA,21,010,2,E14_PRE_21_010_001_00_01_002_6198_Mesa_2.pdf,28.81,🔴 DEEPFAKE SINTÉTICO
MAGDALENA,21,025,18,E14_PRE_21_025_002_03_01_018_6209_Mesa_18.pdf,1.51,🔴 DEEPFAKE SINTÉTICO
MAGDALENA,21,076,27,E14_PRE_21_076_000_00_00_027_2651_Mesa_27.pdf,24.13,🔴 DEEPFAKE SINTÉTICO
MAGDALENA,21,001,3,E14_PRE_21_001_008_03_08_003_6195_Mesa_3.pdf,0.0,🟢 ESCANEO REAL
MAGDALENA,21,058,16,E14_PRE_21_058_000_00_00_016_2646_Mesa_16.pdf,0.0,🟢 ESCANEO REAL
MAGDALENA,21,073,1,E14_PRE_21_073_099_00_09_001_2650_Mesa_1.pdf,0.0,🟢 ESCANEO REAL
MAGDALENA,21,013,2,E14_PRE_21_013_099_00_05_002_2631_Mesa_2.pdf,0.0,🟢 ESCANEO REAL
MAGDALENA,21,055,2,E14_PRE_21_055_099_00_09_002_6223_Mesa_2.pdf,1.59,🔴 DEEPFAKE SINTÉTICO
MAGDALENA,21,031,7,E14_PRE_21_031_001_00_01_007_6211_Mesa_7.pdf,20.74,🔴 DEEPFAKE SINTÉTICO
MAGDALENA,21,058,1,E14_PRE_21_058_099_00_11_001_2646_Mesa_1.pdf,0.0,🟢 ESCANEO REAL
MAGDALENA,21,049,2,E14_PRE_21_049_099_00_45_002_6218_Mesa_2.pdf,3.17,🔴 DEEPFAKE SINTÉTICO
MAGDALENA,21,025,4,E14_PRE_21_025_099_14_37_004_6210_Mesa_4.pdf,13.84,🔴 DEEPFAKE SINTÉTICO
MAGDALENA,21,010,3,E14_PRE_21_010_002_00_01_003_6198_Mesa_3.pdf,40.42,🔴 DEEPFAKE SINTÉTICO
MAGDALENA,21,001,15,E14_PRE_21_001_099_01_03_015_6197_Mesa_15.pdf,0.0,🟢 ESCANEO REAL
MAGDALENA,21,001,16,E14_PRE_21_001_008_03_04_016_6192_Mesa_16.pdf,0.0,🟢 ESCANEO REAL
MAGDALENA,21,042,22,E14_PRE_21_042_000_00_00_022_2640_Mesa_22.pdf,0.0,🟢 ESCANEO REAL
MAGDALENA,21,001,4,E14_PRE_21_001_006_02_04_004_6188_Mesa_4.pdf,0.0,🟢 ESCANEO REAL
MAGDALENA,21,001,15,E14_PRE_21_001_004_02_02_015_6183_Mesa_15.pdf,0.0,🟢 ESCANEO REAL
MAGDALENA,21,025,1,E14_PRE_21_025_090_00_01_001_6208_Mesa_1.pdf,0.0,🟢 ESCANEO REAL
MAGDALENA,21,012,9,E14_PRE_21_012_001_00_02_009_6201_Mesa_9.pdf,1.81,🔴 DEEPFAKE SINTÉTICO
MAGDALENA,21,095,23,E14_PRE_21_095_099_00_28_023_6227_Mesa_23.pdf,0.05,🟢 ESCANEO REAL
MAGDALENA,21,001,25,E14_PRE_21_001_005_02_05_025_6185_Mesa_25.pdf,0.0,🟢 ESCANEO REAL
MAGDALENA,21,085,9,E14_PRE_21_085_000_00_00_009_2654_Mesa_9.pdf,0.01,🟢 ESCANEO REAL
MAGDALENA,21,001,15,E14_PRE_21_001_003_01_03_015_6182_Mesa_15.pdf,0.0,🟢 ESCANEO REAL
MAGDALENA,21,001,5,E14_PRE_21_001_007_02_03_005_6191_Mesa_5.pdf,0.0,🟢 ESCANEO REAL
MAGDALENA,21,001,8,E14_PRE_21_001_005_02_03_008_6186_Mesa_8.pdf,0.01,🟢 ESCANEO REAL
MAGDALENA,21,090,7,E14_PRE_21_090_000_00_00_007_2655_Mesa_7.pdf,0.0,🟢 ESCANEO REAL
MAGDALENA,21,078,1,E14_PRE_21_078_099_00_10_001_2652_Mesa_1.pdf,39.37,🔴 DEEPFAKE SINTÉTICO
MAGDALENA,21,079,2,E14_PRE_21_079_099_00_15_002_6225_Mesa_2.pdf,0.0,🟢 ESCANEO REAL
MAGDALENA,21,001,21,E14_PRE_21_001_002_01_07_021_6176_Mesa_21.pdf,0.0,🟢 ESCANEO REAL
MAGDALENA,21,046,7,E14_PRE_21_046_000_00_00_007_2641_Mesa_7.pdf,0.0,🟢 ESCANEO REAL
MAGDALENA,21,025,12,E14_PRE_21_025_001_01_01_012_6208_Mesa_12.pdf,0.0,🟢 ESCANEO REAL
MAGDALENA,21,001,16,E14_PRE_21_001_003_01_01_016_6180_Mesa_16.pdf,0.0,🟢 ESCANEO REAL
MAGDALENA,21,028,16,E14_PRE_21_028_000_00_00_016_2636_Mesa_16.pdf,0.0,🟢 ESCANEO REAL
MAGDALENA,21,052,1,E14_PRE_21_052_099_00_10_001_6221_Mesa_1.pdf,2.74,🔴 DEEPFAKE SINTÉTICO
MAGDALENA,21,031,18,E14_PRE_21_031_002_00_02_018_6214_Mesa_18.pdf,10.63,🔴 DEEPFAKE SINTÉTICO
MAGDALENA,21,030,40,E14_PRE_21_030_000_00_00_040_2637_Mesa_40.pdf,0.0,🟢 ESCANEO REAL
MAGDALENA,21,001,17,E14_PRE_21_001_002_01_05_017_6179_Mesa_17.pdf,0.0,🟢 ESCANEO REAL
MAGDALENA,21,055,20,E14_PRE_21_055_000_00_00_020_6222_Mesa_20.pdf,14.93,🔴 DEEPFAKE SINTÉTICO
MAGDALENA,21,012,6,E14_PRE_21_012_001_00_02_006_6201_Mesa_6.pdf,2.3,🔴 DEEPFAKE SINTÉTICO
MAGDALENA,21,001,23,E14_PRE_21_001_008_03_02_023_6189_Mesa_23.pdf,0.0,🟢 ESCANEO REAL
MAGDALENA,21,031,16,E14_PRE_21_031_001_00_01_016_6211_Mesa_16.pdf,20.92,🔴 DEEPFAKE SINTÉTICO
MAGDALENA,21,012,35,E14_PRE_21_012_001_00_01_035_6200_Mesa_35.pdf,0.0,🟢 ESCANEO REAL
MAGDALENA,21,001,19,E14_PRE_21_001_002_01_06_019_6177_Mesa_19.pdf,0.0,🟢 ESCANEO REAL
MAGDALENA,21,001,9,E14_PRE_21_001_007_02_03_009_6191_Mesa_9.pdf,0.0,🟢 ESCANEO REAL
MAGDALENA,21,055,16,E14_PRE_21_055_099_00_09_016_6223_Mesa_16.pdf,2.35,🔴 DEEPFAKE SINTÉTICO
MAGDALENA,21,001,4,E14_PRE_21_001_007_02_06_004_6192_Mesa_4.pdf,0.0,🟢 ESCANEO REAL
MAGDALENA,21,052,16,E14_PRE_21_052_001_00_01_016_6219_Mesa_16.pdf,41.23,🔴 DEEPFAKE SINTÉTICO
MAGDALENA,21,001,8,E14_PRE_21_001_001_01_03_008_6174_Mesa_8.pdf,0.0,🟢 ESCANEO REAL
MAGDALENA,21,052,5,E14_PRE_21_052_099_00_01_005_6219_Mesa_5.pdf,51.2,🔴 DEEPFAKE SINTÉTICO
MAGDALENA,21,001,10,E14_PRE_21_001_002_01_03_010_6178_Mesa_10.pdf,0.0,🟢 ESCANEO REAL
MAGDALENA,21,030,18,E14_PRE_21_030_000_00_00_018_2637_Mesa_18.pdf,0.0,🟢 ESCANEO REAL
MAGDALENA,21,016,22,E14_PRE_21_016_002_03_04_022_6205_Mesa_22.pdf,0.57,🟢 ESCANEO REAL
MAGDALENA,21,001,13,E14_PRE_21_001_006_02_07_013_6196_Mesa_13.pdf,0.0,🟢 ESCANEO REAL
MAGDALENA,21,025,4,E14_PRE_21_025_099_15_38_004_6210_Mesa_4.pdf,1.54,🔴 DEEPFAKE SINTÉTICO
MAGDALENA,21,076,1,E14_PRE_21_076_099_00_11_001_2651_Mesa_1.pdf,8.04,🔴 DEEPFAKE SINTÉTICO
MAGDALENA,21,001,8,E14_PRE_21_001_004_02_01_008_6181_Mesa_8.pdf,0.0,🟢 ESCANEO REAL
MAGDALENA,21,079,25,E14_PRE_21_079_000_00_00_025_6224_Mesa_25.pdf,0.01,🟢 ESCANEO REAL
MAGDALENA,21,001,11,E14_PRE_21_001_008_03_05_011_6194_Mesa_11.pdf,0.0,🟢 ESCANEO REAL
MAGDALENA,21,016,20,E14_PRE_21_016_002_03_04_020_6205_Mesa_20.pdf,0.58,🟢 ESCANEO REAL
MAGDALENA,21,001,18,E14_PRE_21_001_002_01_04_018_6182_Mesa_18.pdf,0.0,🟢 ESCANEO REAL
MAGDALENA,21,031,5,E14_PRE_21_031_001_00_02_005_6211_Mesa_5.pdf,23.0,🔴 DEEPFAKE SINTÉTICO
MAGDALENA,21,001,1,E14_PRE_21_001_001_01_08_001_6181_Mesa_1.pdf,0.0,🟢 ESCANEO REAL
MAGDALENA,21,079,29,E14_PRE_21_079_000_00_00_029_6224_Mesa_29.pdf,0.0,🟢 ESCANEO REAL
MAGDALENA,21,079,15,E14_PRE_21_079_099_00_09_015_6225_Mesa_15.pdf,0.0,🟢 ESCANEO REAL
MAGDALENA,21,001,24,E14_PRE_21_001_008_03_01_024_6193_Mesa_24.pdf,0.0,🟢 ESCANEO REAL
MAGDALENA,21,010,7,E14_PRE_21_010_099_00_75_007_6199_Mesa_7.pdf,43.16,🔴 DEEPFAKE SINTÉTICO
MAGDALENA,21,001,20,E14_PRE_21_001_001_01_03_020_6174_Mesa_20.pdf,0.0,🟢 ESCANEO REAL
MAGDALENA,21,001,1,E14_PRE_21_001_008_03_01_001_6193_Mesa_1.pdf,0.0,🟢 ESCANEO REAL
MAGDALENA,21,049,10,E14_PRE_21_049_099_00_01_010_6218_Mesa_10.pdf,1.48,🔴 DEEPFAKE SINTÉTICO
MAGDALENA,21,001,8,E14_PRE_21_001_001_01_05_008_6178_Mesa_8.pdf,0.0,🟢 ESCANEO REAL
MAGDALENA,21,001,18,E14_PRE_21_001_005_02_02_018_6183_Mesa_18.pdf,0.0,🟢 ESCANEO REAL
MAGDALENA,21,001,5,E14_PRE_21_001_002_01_05_005_6179_Mesa_5.pdf,0.0,🟢 ESCANEO REAL
MAGDALENA,21,040,3,E14_PRE_21_040_099_00_25_003_6216_Mesa_3.pdf,2.63,🔴 DEEPFAKE SINTÉTICO
MAGDALENA,21,052,1,E14_PRE_21_052_099_00_21_001_6221_Mesa_1.pdf,2.8,🔴 DEEPFAKE SINTÉTICO
MAGDALENA,21,095,9,E14_PRE_21_095_000_00_01_009_6226_Mesa_9.pdf,0.0,🟢 ESCANEO REAL
MAGDALENA,21,031,4,E14_PRE_21_031_002_00_02_004_6214_Mesa_4.pdf,8.74,🔴 DEEPFAKE SINTÉTICO
MAGDALENA,21,008,13,E14_PRE_21_008_000_00_00_013_2628_Mesa_13.pdf,9.13,🔴 DEEPFAKE SINTÉTICO
MAGDALENA,21,079,3,E14_PRE_21_079_000_00_00_003_6224_Mesa_3.pdf,0.0,🟢 ESCANEO REAL
MAGDALENA,21,016,4,E14_PRE_21_016_002_03_08_004_6204_Mesa_4.pdf,18.47,🔴 DEEPFAKE SINTÉTICO
MAGDALENA,21,001,12,E14_PRE_21_001_003_01_03_012_6182_Mesa_12.pdf,0.0,🟢 ESCANEO REAL
MAGDALENA,21,076,7,E14_PRE_21_076_000_00_00_007_2651_Mesa_7.pdf,8.86,🔴 DEEPFAKE SINTÉTICO
MAGDALENA,21,090,1,E14_PRE_21_090_099_00_15_001_2655_Mesa_1.pdf,0.0,🟢 ESCANEO REAL
MAGDALENA,21,010,6,E14_PRE_21_010_099_00_01_006_6199_Mesa_6.pdf,38.61,🔴 DEEPFAKE SINTÉTICO
MAGDALENA,21,073,1,E14_PRE_21_073_000_00_00_001_2650_Mesa_1.pdf,0.0,🟢 ESCANEO REAL
MAGDALENA,21,012,24,E14_PRE_21_012_001_00_01_024_6200_Mesa_24.pdf,0.0,🟢 ESCANEO REAL
MAGDALENA,21,040,1,E14_PRE_21_040_099_00_22_001_6216_Mesa_1.pdf,1.77,🔴 DEEPFAKE SINTÉTICO
MAGDALENA,21,049,1,E14_PRE_21_049_099_00_75_001_6218_Mesa_1.pdf,3.95,🔴 DEEPFAKE SINTÉTICO
MAGDALENA,21,040,5,E14_PRE_21_040_099_00_07_005_6216_Mesa_5.pdf,3.32,🔴 DEEPFAKE SINTÉTICO
MAGDALENA,21,016,34,E14_PRE_21_016_002_02_01_034_6204_Mesa_34.pdf,5.27,🔴 DEEPFAKE SINTÉTICO
MAGDALENA,21,001,10,E14_PRE_21_001_007_02_01_010_6194_Mesa_10.pdf,0.0,🟢 ESCANEO REAL
META,52,001,15,E14_PRE_52_001_008_05_04_015_6911_Mesa_15.pdf,0.01,🟢 ESCANEO REAL
META,52,005,3,E14_PRE_52_005_001_00_03_003_6924_Mesa_3.pdf,0.33,🟢 ESCANEO REAL
MAGDALENA,21,040,2,E14_PRE_21_040_099_00_09_002_6216_Mesa_2.pdf,47.81,🔴 DEEPFAKE SINTÉTICO
META,52,010,22,E14_PRE_52_010_000_00_00_022_3058_Mesa_22.pdf,0.0,🟢 ESCANEO REAL
META,52,001,5,E14_PRE_52_001_003_02_02_005_6903_Mesa_5.pdf,0.0,🟢 ESCANEO REAL
META,52,043,17,E14_PRE_52_043_002_00_01_017_6934_Mesa_17.pdf,0.0,🟢 ESCANEO REAL
META,52,035,8,E14_PRE_52_035_002_00_02_008_6932_Mesa_8.pdf,0.0,🟢 ESCANEO REAL
META,52,005,10,E14_PRE_52_005_002_00_05_010_6923_Mesa_10.pdf,0.0,🟢 ESCANEO REAL
META,52,020,2,E14_PRE_52_020_099_00_12_002_6928_Mesa_2.pdf,0.0,🟢 ESCANEO REAL
META,52,001,11,E14_PRE_52_001_013_07_01_011_6912_Mesa_11.pdf,0.0,🟢 ESCANEO REAL
META,52,001,5,E14_PRE_52_001_004_03_03_005_6901_Mesa_5.pdf,0.0,🟢 ESCANEO REAL
META,52,005,8,E14_PRE_52_005_001_00_05_008_6922_Mesa_8.pdf,0.0,🟢 ESCANEO REAL
META,52,001,25,E14_PRE_52_001_005_04_02_025_6907_Mesa_25.pdf,0.0,🟢 ESCANEO REAL
META,52,001,10,E14_PRE_52_001_018_10_04_010_6921_Mesa_10.pdf,0.0,🟢 ESCANEO REAL
META,52,060,1,E14_PRE_52_060_099_00_01_001_6940_Mesa_1.pdf,0.0,🟢 ESCANEO REAL
META,52,001,2,E14_PRE_52_001_010_06_02_002_6914_Mesa_2.pdf,0.0,🟢 ESCANEO REAL
META,52,035,6,E14_PRE_52_035_002_00_02_006_6932_Mesa_6.pdf,0.0,🟢 ESCANEO REAL
META,52,001,9,E14_PRE_52_001_007_05_01_009_6909_Mesa_9.pdf,0.0,🟢 ESCANEO REAL
META,52,050,30,E14_PRE_52_050_000_00_00_030_3076_Mesa_30.pdf,0.0,🟢 ESCANEO REAL
META,52,001,2,E14_PRE_52_001_004_03_04_002_6905_Mesa_2.pdf,0.0,🟢 ESCANEO REAL
META,52,001,12,E14_PRE_52_001_013_07_02_012_6911_Mesa_12.pdf,0.0,🟢 ESCANEO REAL
META,52,041,16,E14_PRE_52_041_000_00_00_016_3067_Mesa_16.pdf,0.0,🟢 ESCANEO REAL
META,52,001,12,E14_PRE_52_001_007_05_04_012_6910_Mesa_12.pdf,0.0,🟢 ESCANEO REAL
META,52,060,24,E14_PRE_52_060_000_00_02_024_6940_Mesa_24.pdf,0.0,🟢 ESCANEO REAL
META,52,001,23,E14_PRE_52_001_016_09_03_023_6919_Mesa_23.pdf,0.0,🟢 ESCANEO REAL
META,52,044,2,E14_PRE_52_044_099_00_05_002_3070_Mesa_2.pdf,0.01,🟢 ESCANEO REAL
META,52,043,1,E14_PRE_52_043_099_00_58_001_6934_Mesa_1.pdf,0.03,🟢 ESCANEO REAL
META,52,001,2,E14_PRE_52_001_011_07_04_002_6904_Mesa_2.pdf,0.0,🟢 ESCANEO REAL
META,52,035,8,E14_PRE_52_035_002_00_01_008_6931_Mesa_8.pdf,0.0,🟢 ESCANEO REAL
META,52,001,10,E14_PRE_52_001_001_01_03_010_6901_Mesa_10.pdf,0.0,🟢 ESCANEO REAL
META,52,001,13,E14_PRE_52_001_014_08_03_013_6918_Mesa_13.pdf,0.0,🟢 ESCANEO REAL
META,52,001,11,E14_PRE_52_001_010_06_01_011_6913_Mesa_11.pdf,0.0,🟢 ESCANEO REAL
META,52,043,3,E14_PRE_52_043_099_00_50_003_6935_Mesa_3.pdf,0.0,🟢 ESCANEO REAL
META,52,045,31,E14_PRE_52_045_000_00_00_031_6937_Mesa_31.pdf,0.0,🟢 ESCANEO REAL
META,52,005,5,E14_PRE_52_005_001_00_05_005_6922_Mesa_5.pdf,0.0,🟢 ESCANEO REAL
META,52,040,16,E14_PRE_52_040_000_00_00_016_3066_Mesa_16.pdf,0.0,🟢 ESCANEO REAL
META,52,020,3,E14_PRE_52_020_099_00_12_003_6928_Mesa_3.pdf,0.01,🟢 ESCANEO REAL
META,52,001,13,E14_PRE_52_001_006_04_02_013_6908_Mesa_13.pdf,0.0,🟢 ESCANEO REAL
META,52,043,4,E14_PRE_52_043_099_00_40_004_6934_Mesa_4.pdf,0.0,🟢 ESCANEO REAL
META,52,001,24,E14_PRE_52_001_011_07_02_024_6915_Mesa_24.pdf,0.0,🟢 ESCANEO REAL
META,52,035,7,E14_PRE_52_035_001_00_04_007_6930_Mesa_7.pdf,0.0,🟢 ESCANEO REAL
META,52,035,17,E14_PRE_52_035_002_00_02_017_6932_Mesa_17.pdf,0.0,🟢 ESCANEO REAL
META,52,001,9,E14_PRE_52_001_012_07_02_009_6916_Mesa_9.pdf,0.0,🟢 ESCANEO REAL
META,52,001,5,E14_PRE_52_001_008_05_04_005_6911_Mesa_5.pdf,0.0,🟢 ESCANEO REAL
META,52,001,17,E14_PRE_52_001_010_06_02_017_6914_Mesa_17.pdf,0.0,🟢 ESCANEO REAL
META,52,005,4,E14_PRE_52_005_001_00_01_004_6925_Mesa_4.pdf,0.0,🟢 ESCANEO REAL
META,52,001,3,E14_PRE_52_001_099_14_42_003_6903_Mesa_3.pdf,0.0,🟢 ESCANEO REAL
META,52,043,21,E14_PRE_52_043_001_00_02_021_6935_Mesa_21.pdf,0.0,🟢 ESCANEO REAL
META,52,001,11,E14_PRE_52_001_008_05_02_011_6909_Mesa_11.pdf,0.0,🟢 ESCANEO REAL
META,52,006,14,E14_PRE_52_006_000_00_00_014_3056_Mesa_14.pdf,0.0,🟢 ESCANEO REAL
META,52,080,1,E14_PRE_52_080_099_00_45_001_3082_Mesa_1.pdf,0.0,🟢 ESCANEO REAL
META,52,043,18,E14_PRE_52_043_001_00_02_018_6935_Mesa_18.pdf,0.0,🟢 ESCANEO REAL
META,52,042,15,E14_PRE_52_042_000_00_00_015_3068_Mesa_15.pdf,0.0,🟢 ESCANEO REAL
META,52,001,6,E14_PRE_52_001_006_04_03_006_6908_Mesa_6.pdf,0.0,🟢 ESCANEO REAL
META,52,001,2,E14_PRE_52_001_005_04_04_002_6907_Mesa_2.pdf,0.0,🟢 ESCANEO REAL
META,52,006,8,E14_PRE_52_006_000_00_00_008_3056_Mesa_8.pdf,0.0,🟢 ESCANEO REAL
META,52,035,14,E14_PRE_52_035_001_00_03_014_6930_Mesa_14.pdf,0.0,🟢 ESCANEO REAL
META,52,001,18,E14_PRE_52_001_018_10_01_018_6921_Mesa_18.pdf,0.0,🟢 ESCANEO REAL
META,52,001,1,E14_PRE_52_001_016_09_03_001_6919_Mesa_1.pdf,0.0,🟢 ESCANEO REAL
META,52,047,6,E14_PRE_52_047_000_00_00_006_3073_Mesa_6.pdf,0.0,🟢 ESCANEO REAL
META,52,001,11,E14_PRE_52_001_004_03_03_011_6901_Mesa_11.pdf,0.0,🟢 ESCANEO REAL
META,52,005,4,E14_PRE_52_005_001_00_02_004_6926_Mesa_4.pdf,0.0,🟢 ESCANEO REAL
META,52,035,18,E14_PRE_52_035_001_00_03_018_6930_Mesa_18.pdf,0.0,🟢 ESCANEO REAL
META,52,005,15,E14_PRE_52_005_001_00_03_015_6924_Mesa_15.pdf,0.0,🟢 ESCANEO REAL
META,52,001,11,E14_PRE_52_001_008_05_04_011_6911_Mesa_11.pdf,0.0,🟢 ESCANEO REAL
META,52,035,5,E14_PRE_52_035_001_00_04_005_6930_Mesa_5.pdf,0.01,🟢 ESCANEO REAL
META,52,001,15,E14_PRE_52_001_017_09_02_015_6920_Mesa_15.pdf,0.0,🟢 ESCANEO REAL
META,52,001,6,E14_PRE_52_001_013_07_01_006_6912_Mesa_6.pdf,0.0,🟢 ESCANEO REAL
META,52,043,8,E14_PRE_52_043_001_00_01_008_6933_Mesa_8.pdf,0.0,🟢 ESCANEO REAL
META,52,001,4,E14_PRE_52_001_004_03_03_004_6901_Mesa_4.pdf,0.0,🟢 ESCANEO REAL
META,52,048,4,E14_PRE_52_048_099_00_50_004_3074_Mesa_4.pdf,0.0,🟢 ESCANEO REAL
META,52,001,1,E14_PRE_52_001_099_15_51_001_6915_Mesa_1.pdf,0.0,🟢 ESCANEO REAL
META,52,050,32,E14_PRE_52_050_000_00_00_032_3076_Mesa_32.pdf,0.0,🟢 ESCANEO REAL
META,52,001,6,E14_PRE_52_001_001_01_03_006_6901_Mesa_6.pdf,0.0,🟢 ESCANEO REAL
META,52,001,12,E14_PRE_52_001_005_04_01_012_6906_Mesa_12.pdf,0.0,🟢 ESCANEO REAL
META,52,074,7,E14_PRE_52_074_000_00_00_007_3081_Mesa_7.pdf,0.01,🟢 ESCANEO REAL
META,52,001,3,E14_PRE_52_001_005_04_03_003_6906_Mesa_3.pdf,0.0,🟢 ESCANEO REAL
META,52,001,20,E14_PRE_52_001_014_08_03_020_6918_Mesa_20.pdf,0.0,🟢 ESCANEO REAL
META,52,020,30,E14_PRE_52_020_000_00_01_030_6927_Mesa_30.pdf,0.0,🟢 ESCANEO REAL
META,52,030,14,E14_PRE_52_030_000_00_00_014_3064_Mesa_14.pdf,0.01,🟢 ESCANEO REAL
META,52,001,3,E14_PRE_52_001_006_04_01_003_6907_Mesa_3.pdf,0.0,🟢 ESCANEO REAL
META,52,001,16,E14_PRE_52_001_008_05_01_016_6909_Mesa_16.pdf,0.0,🟢 ESCANEO REAL
META,52,035,8,E14_PRE_52_035_002_00_03_008_6929_Mesa_8.pdf,0.0,🟢 ESCANEO REAL
META,52,001,23,E14_PRE_52_001_004_03_04_023_6905_Mesa_23.pdf,0.0,🟢 ESCANEO REAL
META,52,035,13,E14_PRE_52_035_001_00_04_013_6930_Mesa_13.pdf,0.01,🟢 ESCANEO REAL
META,52,001,1,E14_PRE_52_001_011_07_02_001_6915_Mesa_1.pdf,0.0,🟢 ESCANEO REAL
META,52,001,13,E14_PRE_52_001_010_06_03_013_6914_Mesa_13.pdf,0.0,🟢 ESCANEO REAL
META,52,001,15,E14_PRE_52_001_011_07_01_015_6913_Mesa_15.pdf,0.0,🟢 ESCANEO REAL
META,52,001,27,E14_PRE_52_001_005_04_02_027_6907_Mesa_27.pdf,0.0,🟢 ESCANEO REAL
META,52,001,8,E14_PRE_52_001_002_02_01_008_6902_Mesa_8.pdf,0.0,🟢 ESCANEO REAL
META,52,005,7,E14_PRE_52_005_001_00_06_007_6922_Mesa_7.pdf,0.0,🟢 ESCANEO REAL
META,52,001,10,E14_PRE_52_001_005_04_02_010_6907_Mesa_10.pdf,0.0,🟢 ESCANEO REAL
META,52,042,5,E14_PRE_52_042_099_01_09_005_3068_Mesa_5.pdf,0.0,🟢 ESCANEO REAL
META,52,043,23,E14_PRE_52_043_002_00_01_023_6934_Mesa_23.pdf,0.0,🟢 ESCANEO REAL
META,52,020,18,E14_PRE_52_020_000_00_01_018_6927_Mesa_18.pdf,0.0,🟢 ESCANEO REAL
META,52,045,51,E14_PRE_52_045_000_00_00_051_6938_Mesa_51.pdf,0.0,🟢 ESCANEO REAL
META,52,001,3,E14_PRE_52_001_015_08_03_003_6917_Mesa_3.pdf,0.0,🟢 ESCANEO REAL
META,52,074,10,E14_PRE_52_074_099_00_40_010_3081_Mesa_10.pdf,0.0,🟢 ESCANEO REAL
META,52,074,3,E14_PRE_52_074_000_00_00_003_3081_Mesa_3.pdf,0.0,🟢 ESCANEO REAL
META,52,001,13,E14_PRE_52_001_001_01_02_013_6901_Mesa_13.pdf,0.0,🟢 ESCANEO REAL
NARIÑO,23,034,16,E14_PRE_23_034_000_00_00_016_2669_Mesa_16.pdf,0.0,🟢 ESCANEO REAL
META,52,001,8,E14_PRE_52_001_010_06_01_008_6913_Mesa_8.pdf,0.0,🟢 ESCANEO REAL
NARIÑO,23,046,22,E14_PRE_23_046_000_00_00_022_2677_Mesa_22.pdf,0.0,🟢 ESCANEO REAL
NARIÑO,23,001,11,E14_PRE_23_001_004_05_06_011_6236_Mesa_11.pdf,0.0,🟢 ESCANEO REAL
NARIÑO,23,139,1,E14_PRE_23_139_099_00_11_001_6270_Mesa_1.pdf,0.0,🟢 ESCANEO REAL
NARIÑO,23,097,4,E14_PRE_23_097_000_00_00_004_2699_Mesa_4.pdf,0.0,🟢 ESCANEO REAL
NARIÑO,23,016,2,E14_PRE_23_016_000_00_01_002_6246_Mesa_2.pdf,0.0,🟢 ESCANEO REAL
NARIÑO,23,139,1,E14_PRE_23_139_099_00_37_001_6271_Mesa_1.pdf,0.0,🟢 ESCANEO REAL
NARIÑO,23,097,3,E14_PRE_23_097_099_03_05_003_2699_Mesa_3.pdf,0.0,🟢 ESCANEO REAL
NARIÑO,23,001,6,E14_PRE_23_001_007_10_01_006_6241_Mesa_6.pdf,0.0,🟢 ESCANEO REAL
NARIÑO,23,017,7,E14_PRE_23_017_000_00_00_007_2663_Mesa_7.pdf,0.0,🟢 ESCANEO REAL
NARIÑO,23,001,7,E14_PRE_23_001_004_04_03_007_6234_Mesa_7.pdf,0.0,🟢 ESCANEO REAL
NARIÑO,23,067,3,E14_PRE_23_067_099_00_05_003_6259_Mesa_3.pdf,0.0,🟢 ESCANEO REAL
NARIÑO,23,001,18,E14_PRE_23_001_005_07_06_018_6238_Mesa_18.pdf,0.0,🟢 ESCANEO REAL
NARIÑO,23,001,17,E14_PRE_23_001_005_06_03_017_6237_Mesa_17.pdf,0.0,🟢 ESCANEO REAL
NARIÑO,23,142,14,E14_PRE_23_142_002_03_01_014_6277_Mesa_14.pdf,0.0,🟢 ESCANEO REAL
NARIÑO,23,139,1,E14_PRE_23_139_099_00_22_001_6270_Mesa_1.pdf,0.3,🟢 ESCANEO REAL
NARIÑO,23,016,2,E14_PRE_23_016_099_00_70_002_6247_Mesa_2.pdf,0.16,🟢 ESCANEO REAL
NARIÑO,23,044,2,E14_PRE_23_044_000_00_00_002_2676_Mesa_2.pdf,0.01,🟢 ESCANEO REAL
NARIÑO,23,001,26,E14_PRE_23_001_005_06_01_026_6235_Mesa_26.pdf,0.0,🟢 ESCANEO REAL
NARIÑO,23,139,3,E14_PRE_23_139_099_00_30_003_6271_Mesa_3.pdf,0.0,🟢 ESCANEO REAL
NARIÑO,23,145,11,E14_PRE_23_145_000_00_00_011_2720_Mesa_11.pdf,0.0,🟢 ESCANEO REAL
NARIÑO,23,001,9,E14_PRE_23_001_090_00_01_009_6242_Mesa_9.pdf,0.0,🟢 ESCANEO REAL
NARIÑO,23,106,37,E14_PRE_23_106_000_00_00_037_2704_Mesa_37.pdf,0.0,🟢 ESCANEO REAL
NARIÑO,23,118,2,E14_PRE_23_118_099_00_08_002_2708_Mesa_2.pdf,0.0,🟢 ESCANEO REAL
NARIÑO,23,073,1,E14_PRE_23_073_099_00_14_001_2686_Mesa_1.pdf,0.0,🟢 ESCANEO REAL
NARIÑO,23,067,25,E14_PRE_23_067_002_00_02_025_6258_Mesa_25.pdf,0.0,🟢 ESCANEO REAL
NARIÑO,23,139,1,E14_PRE_23_139_099_00_86_001_6272_Mesa_1.pdf,0.02,🟢 ESCANEO REAL
NARIÑO,23,001,5,E14_PRE_23_001_004_05_06_005_6236_Mesa_5.pdf,0.0,🟢 ESCANEO REAL
NARIÑO,23,067,11,E14_PRE_23_067_099_01_01_011_6259_Mesa_11.pdf,0.01,🟢 ESCANEO REAL
NARIÑO,23,118,34,E14_PRE_23_118_000_00_00_034_2708_Mesa_34.pdf,0.0,🟢 ESCANEO REAL
NARIÑO,23,001,1,E14_PRE_23_001_099_25_47_001_6245_Mesa_1.pdf,0.0,🟢 ESCANEO REAL
NARIÑO,23,001,8,E14_PRE_23_001_006_08_09_008_6239_Mesa_8.pdf,0.0,🟢 ESCANEO REAL
NARIÑO,23,076,4,E14_PRE_23_076_099_00_09_004_2687_Mesa_4.pdf,0.0,🟢 ESCANEO REAL
NARIÑO,23,055,7,E14_PRE_23_055_000_00_00_007_2681_Mesa_7.pdf,0.01,🟢 ESCANEO REAL
NARIÑO,23,067,10,E14_PRE_23_067_001_00_07_010_6255_Mesa_10.pdf,0.01,🟢 ESCANEO REAL
NARIÑO,23,037,2,E14_PRE_23_037_099_00_01_002_6251_Mesa_2.pdf,0.0,🟢 ESCANEO REAL
NARIÑO,23,001,13,E14_PRE_23_001_006_08_01_013_6238_Mesa_13.pdf,0.0,🟢 ESCANEO REAL
NARIÑO,23,067,3,E14_PRE_23_067_002_00_05_003_6258_Mesa_3.pdf,0.0,🟢 ESCANEO REAL
NARIÑO,23,067,5,E14_PRE_23_067_002_00_06_005_6254_Mesa_5.pdf,0.0,🟢 ESCANEO REAL
NARIÑO,23,001,6,E14_PRE_23_001_099_25_42_006_6245_Mesa_6.pdf,0.01,🟢 ESCANEO REAL
NARIÑO,23,076,2,E14_PRE_23_076_099_00_09_002_2687_Mesa_2.pdf,0.0,🟢 ESCANEO REAL
NARIÑO,23,098,11,E14_PRE_23_098_000_00_00_011_2700_Mesa_11.pdf,0.0,🟢 ESCANEO REAL
NARIÑO,23,001,2,E14_PRE_23_001_007_11_05_002_6241_Mesa_2.pdf,0.0,🟢 ESCANEO REAL
NARIÑO,23,085,14,E14_PRE_23_085_000_00_00_014_2693_Mesa_14.pdf,0.0,🟢 ESCANEO REAL
NARIÑO,23,115,1,E14_PRE_23_115_099_00_13_001_6265_Mesa_1.pdf,0.15,🟢 ESCANEO REAL
NARIÑO,23,001,15,E14_PRE_23_001_006_09_04_015_6239_Mesa_15.pdf,0.0,🟢 ESCANEO REAL
NARIÑO,23,001,7,E14_PRE_23_001_099_26_52_007_6245_Mesa_7.pdf,0.0,🟢 ESCANEO REAL
NARIÑO,23,019,2,E14_PRE_23_019_099_00_05_002_6249_Mesa_2.pdf,0.0,🟢 ESCANEO REAL
NARIÑO,23,001,6,E14_PRE_23_001_001_01_01_006_6229_Mesa_6.pdf,0.0,🟢 ESCANEO REAL
NARIÑO,23,052,2,E14_PRE_23_052_099_00_05_002_2680_Mesa_2.pdf,0.0,🟢 ESCANEO REAL
NARIÑO,23,001,8,E14_PRE_23_001_005_07_06_008_6238_Mesa_8.pdf,0.0,🟢 ESCANEO REAL
NARIÑO,23,133,21,E14_PRE_23_133_000_00_00_021_2716_Mesa_21.pdf,0.0,🟢 ESCANEO REAL
NARIÑO,23,067,12,E14_PRE_23_067_001_00_03_012_6254_Mesa_12.pdf,0.0,🟢 ESCANEO REAL
NARIÑO,23,031,23,E14_PRE_23_031_000_00_00_023_2668_Mesa_23.pdf,0.0,🟢 ESCANEO REAL
NARIÑO,23,001,9,E14_PRE_23_001_002_02_02_009_6232_Mesa_9.pdf,0.0,🟢 ESCANEO REAL
NARIÑO,23,004,7,E14_PRE_23_004_000_00_02_007_2658_Mesa_7.pdf,0.0,🟢 ESCANEO REAL
NARIÑO,23,001,5,E14_PRE_23_001_006_08_01_005_6238_Mesa_5.pdf,0.0,🟢 ESCANEO REAL
NARIÑO,23,088,11,E14_PRE_23_088_000_00_00_011_2694_Mesa_11.pdf,0.0,🟢 ESCANEO REAL
NARIÑO,23,118,12,E14_PRE_23_118_000_00_00_012_2708_Mesa_12.pdf,0.0,🟢 ESCANEO REAL
NARIÑO,23,001,10,E14_PRE_23_001_005_07_06_010_6238_Mesa_10.pdf,0.0,🟢 ESCANEO REAL
NARIÑO,23,067,1,E14_PRE_23_067_001_00_04_001_6255_Mesa_1.pdf,0.0,🟢 ESCANEO REAL
NARIÑO,23,001,7,E14_PRE_23_001_003_03_04_007_6234_Mesa_7.pdf,0.0,🟢 ESCANEO REAL
NARIÑO,23,001,11,E14_PRE_23_001_004_05_04_011_6234_Mesa_11.pdf,0.0,🟢 ESCANEO REAL
NARIÑO,23,039,1,E14_PRE_23_039_099_00_40_001_2672_Mesa_1.pdf,0.0,🟢 ESCANEO REAL
NARIÑO,23,115,2,E14_PRE_23_115_099_00_06_002_6265_Mesa_2.pdf,0.0,🟢 ESCANEO REAL
NARIÑO,23,058,9,E14_PRE_23_058_000_00_00_009_2682_Mesa_9.pdf,0.0,🟢 ESCANEO REAL
NARIÑO,23,025,1,E14_PRE_23_025_099_00_07_001_2666_Mesa_1.pdf,0.0,🟢 ESCANEO REAL
NARIÑO,23,001,4,E14_PRE_23_001_099_19_21_004_6244_Mesa_4.pdf,0.0,🟢 ESCANEO REAL
NARIÑO,23,001,1,E14_PRE_23_001_003_03_04_001_6234_Mesa_1.pdf,0.0,🟢 ESCANEO REAL
NARIÑO,23,098,9,E14_PRE_23_098_000_00_00_009_2700_Mesa_9.pdf,0.0,🟢 ESCANEO REAL
NARIÑO,23,139,1,E14_PRE_23_139_099_00_44_001_6271_Mesa_1.pdf,0.01,🟢 ESCANEO REAL
NARIÑO,23,001,22,E14_PRE_23_001_004_04_02_022_6235_Mesa_22.pdf,0.0,🟢 ESCANEO REAL
NARIÑO,23,139,1,E14_PRE_23_139_099_00_55_001_6269_Mesa_1.pdf,0.0,🟢 ESCANEO REAL
NARIÑO,23,094,3,E14_PRE_23_094_000_00_00_003_2696_Mesa_3.pdf,0.0,🟢 ESCANEO REAL
NARIÑO,23,016,1,E14_PRE_23_016_099_00_42_001_6247_Mesa_1.pdf,0.0,🟢 ESCANEO REAL
NARIÑO,23,043,2,E14_PRE_23_043_099_00_01_002_2675_Mesa_2.pdf,0.0,🟢 ESCANEO REAL
NARIÑO,23,109,27,E14_PRE_23_109_000_00_00_027_6262_Mesa_27.pdf,0.0,🟢 ESCANEO REAL
NARIÑO,23,001,8,E14_PRE_23_001_007_10_02_008_6240_Mesa_8.pdf,0.0,🟢 ESCANEO REAL
NARIÑO,23,139,1,E14_PRE_23_139_099_00_16_001_6270_Mesa_1.pdf,0.05,🟢 ESCANEO REAL
NARIÑO,23,085,19,E14_PRE_23_085_000_00_00_019_2693_Mesa_19.pdf,0.0,🟢 ESCANEO REAL
NARIÑO,23,001,9,E14_PRE_23_001_001_01_05_009_6229_Mesa_9.pdf,0.0,🟢 ESCANEO REAL
NARIÑO,23,139,1,E14_PRE_23_139_099_00_58_001_6272_Mesa_1.pdf,0.38,🟢 ESCANEO REAL
NARIÑO,23,058,8,E14_PRE_23_058_000_00_00_008_2682_Mesa_8.pdf,0.0,🟢 ESCANEO REAL
NARIÑO,23,118,23,E14_PRE_23_118_000_00_00_023_2708_Mesa_23.pdf,0.0,🟢 ESCANEO REAL
NARIÑO,23,001,3,E14_PRE_23_001_007_11_05_003_6241_Mesa_3.pdf,0.0,🟢 ESCANEO REAL
NARIÑO,23,118,31,E14_PRE_23_118_000_00_00_031_2708_Mesa_31.pdf,0.0,🟢 ESCANEO REAL
NARIÑO,23,052,3,E14_PRE_23_052_000_00_00_003_2680_Mesa_3.pdf,0.0,🟢 ESCANEO REAL
NARIÑO,23,106,15,E14_PRE_23_106_000_00_00_015_2704_Mesa_15.pdf,0.0,🟢 ESCANEO REAL
NARIÑO,23,067,1,E14_PRE_23_067_099_00_03_001_6259_Mesa_1.pdf,0.0,🟢 ESCANEO REAL
NARIÑO,23,043,1,E14_PRE_23_043_099_00_04_001_2675_Mesa_1.pdf,0.0,🟢 ESCANEO REAL
NARIÑO,23,091,2,E14_PRE_23_091_099_00_25_002_2695_Mesa_2.pdf,0.0,🟢 ESCANEO REAL
NARIÑO,23,067,6,E14_PRE_23_067_001_00_03_006_6254_Mesa_6.pdf,0.0,🟢 ESCANEO REAL
NARIÑO,23,001,12,E14_PRE_23_001_004_05_05_012_6237_Mesa_12.pdf,0.0,🟢 ESCANEO REAL
NARIÑO,23,139,4,E14_PRE_23_139_003_05_03_004_6268_Mesa_4.pdf,0.0,🟢 ESCANEO REAL
NARIÑO,23,001,17,E14_PRE_23_001_005_06_02_017_6236_Mesa_17.pdf,0.0,🟢 ESCANEO REAL
NARIÑO,23,103,12,E14_PRE_23_103_000_00_00_012_2703_Mesa_12.pdf,0.0,🟢 ESCANEO REAL
NARIÑO,23,001,3,E14_PRE_23_001_007_10_03_003_6240_Mesa_3.pdf,0.0,🟢 ESCANEO REAL
NORTE DE SAN,25,001,14,E14_PRE_25_001_001_01_02_014_6325_Mesa_14.pdf,4.07,🔴 DEEPFAKE SINTÉTICO
NARIÑO,23,142,2,E14_PRE_23_142_002_03_02_002_6277_Mesa_2.pdf,0.0,🟢 ESCANEO REAL
NARIÑO,23,123,2,E14_PRE_23_123_099_00_30_002_2711_Mesa_2.pdf,0.0,🟢 ESCANEO REAL
NORTE DE SAN,25,001,19,E14_PRE_25_001_005_05_03_019_6340_Mesa_19.pdf,16.06,🔴 DEEPFAKE SINTÉTICO
NORTE DE SAN,25,001,33,E14_PRE_25_001_002_02_02_033_6328_Mesa_33.pdf,8.0,🔴 DEEPFAKE SINTÉTICO
NARIÑO,23,001,22,E14_PRE_23_001_003_03_05_022_6233_Mesa_22.pdf,0.0,🟢 ESCANEO REAL
NORTE DE SAN,25,001,19,E14_PRE_25_001_008_08_06_019_6352_Mesa_19.pdf,17.28,🔴 DEEPFAKE SINTÉTICO
NORTE DE SAN,25,037,3,E14_PRE_25_037_099_00_17_003_2748_Mesa_3.pdf,5.53,🔴 DEEPFAKE SINTÉTICO
NORTE DE SAN,25,004,1,E14_PRE_25_004_099_00_03_001_6361_Mesa_1.pdf,38.7,🔴 DEEPFAKE SINTÉTICO
NORTE DE SAN,25,100,15,E14_PRE_25_100_001_00_02_015_6386_Mesa_15.pdf,6.97,🔴 DEEPFAKE SINTÉTICO
NORTE DE SAN,25,001,9,E14_PRE_25_001_003_03_05_009_6331_Mesa_9.pdf,4.24,🔴 DEEPFAKE SINTÉTICO
NORTE DE SAN,25,052,8,E14_PRE_25_052_000_00_00_008_2755_Mesa_8.pdf,0.0,🟢 ESCANEO REAL
NORTE DE SAN,25,001,2,E14_PRE_25_001_003_03_06_002_6332_Mesa_2.pdf,7.13,🔴 DEEPFAKE SINTÉTICO
NORTE DE SAN,25,001,2,E14_PRE_25_001_007_07_03_002_6348_Mesa_2.pdf,12.94,🔴 DEEPFAKE SINTÉTICO
NORTE DE SAN,25,001,8,E14_PRE_25_001_010_10_02_008_6358_Mesa_8.pdf,24.3,🔴 DEEPFAKE SINTÉTICO
NORTE DE SAN,25,061,7,E14_PRE_25_061_002_04_05_007_6372_Mesa_7.pdf,19.24,🔴 DEEPFAKE SINTÉTICO
NORTE DE SAN,25,061,3,E14_PRE_25_061_002_04_05_003_6372_Mesa_3.pdf,17.68,🔴 DEEPFAKE SINTÉTICO
NORTE DE SAN,25,001,13,E14_PRE_25_001_003_03_03_013_6333_Mesa_13.pdf,2.39,🔴 DEEPFAKE SINTÉTICO
NORTE DE SAN,25,022,2,E14_PRE_25_022_099_00_09_002_2742_Mesa_2.pdf,0.24,🟢 ESCANEO REAL
NORTE DE SAN,25,001,9,E14_PRE_25_001_001_01_02_009_6325_Mesa_9.pdf,2.69,🔴 DEEPFAKE SINTÉTICO
NORTE DE SAN,25,001,26,E14_PRE_25_001_005_05_05_026_6342_Mesa_26.pdf,1.09,🔴 DEEPFAKE SINTÉTICO
NORTE DE SAN,25,001,18,E14_PRE_25_001_007_07_03_018_6348_Mesa_18.pdf,14.13,🔴 DEEPFAKE SINTÉTICO
NORTE DE SAN,25,037,1,E14_PRE_25_037_099_00_46_001_2748_Mesa_1.pdf,10.71,🔴 DEEPFAKE SINTÉTICO
NORTE DE SAN,25,061,7,E14_PRE_25_061_001_01_01_007_6369_Mesa_7.pdf,5.67,🔴 DEEPFAKE SINTÉTICO
NORTE DE SAN,25,001,38,E14_PRE_25_001_007_07_03_038_6348_Mesa_38.pdf,12.03,🔴 DEEPFAKE SINTÉTICO
NORTE DE SAN,25,001,14,E14_PRE_25_001_003_03_02_014_6332_Mesa_14.pdf,7.65,🔴 DEEPFAKE SINTÉTICO
NORTE DE SAN,25,001,14,E14_PRE_25_001_002_02_01_014_6327_Mesa_14.pdf,1.79,🔴 DEEPFAKE SINTÉTICO
NORTE DE SAN,25,061,1,E14_PRE_25_061_001_03_05_001_6370_Mesa_1.pdf,2.32,🔴 DEEPFAKE SINTÉTICO
NORTE DE SAN,25,001,26,E14_PRE_25_001_002_02_04_026_6330_Mesa_26.pdf,14.88,🔴 DEEPFAKE SINTÉTICO
NORTE DE SAN,25,001,13,E14_PRE_25_001_005_05_01_013_6338_Mesa_13.pdf,5.04,🔴 DEEPFAKE SINTÉTICO
NORTE DE SAN,25,001,21,E14_PRE_25_001_002_02_04_021_6330_Mesa_21.pdf,17.98,🔴 DEEPFAKE SINTÉTICO
NORTE DE SAN,25,001,3,E14_PRE_25_001_002_02_04_003_6330_Mesa_3.pdf,15.72,🔴 DEEPFAKE SINTÉTICO
NORTE DE SAN,25,001,10,E14_PRE_25_001_010_10_04_010_6357_Mesa_10.pdf,42.23,🔴 DEEPFAKE SINTÉTICO
NORTE DE SAN,25,001,1,E14_PRE_25_001_005_05_03_001_6340_Mesa_1.pdf,15.42,🔴 DEEPFAKE SINTÉTICO
NORTE DE SAN,25,001,28,E14_PRE_25_001_006_06_05_028_6343_Mesa_28.pdf,1.87,🔴 DEEPFAKE SINTÉTICO
NORTE DE SAN,25,093,10,E14_PRE_25_093_099_00_40_010_6383_Mesa_10.pdf,6.19,🔴 DEEPFAKE SINTÉTICO
NORTE DE SAN,25,061,14,E14_PRE_25_061_002_05_03_014_6371_Mesa_14.pdf,26.18,🔴 DEEPFAKE SINTÉTICO
NORTE DE SAN,25,001,7,E14_PRE_25_001_003_03_01_007_6331_Mesa_7.pdf,4.37,🔴 DEEPFAKE SINTÉTICO
NORTE DE SAN,25,001,17,E14_PRE_25_001_002_02_03_017_6329_Mesa_17.pdf,16.09,🔴 DEEPFAKE SINTÉTICO
NORTE DE SAN,25,028,32,E14_PRE_25_028_000_00_01_032_2744_Mesa_32.pdf,0.02,🟢 ESCANEO REAL
NORTE DE SAN,25,088,1,E14_PRE_25_088_099_00_01_001_2769_Mesa_1.pdf,0.0,🟢 ESCANEO REAL
NORTE DE SAN,25,085,33,E14_PRE_25_085_000_00_00_033_6380_Mesa_33.pdf,39.37,🔴 DEEPFAKE SINTÉTICO
NORTE DE SAN,25,036,36,E14_PRE_25_036_000_00_00_036_2747_Mesa_36.pdf,5.57,🔴 DEEPFAKE SINTÉTICO
NORTE DE SAN,25,100,5,E14_PRE_25_100_001_00_08_005_6388_Mesa_5.pdf,4.48,🔴 DEEPFAKE SINTÉTICO
NORTE DE SAN,25,001,16,E14_PRE_25_001_008_08_05_016_6350_Mesa_16.pdf,2.09,🔴 DEEPFAKE SINTÉTICO
NORTE DE SAN,25,034,12,E14_PRE_25_034_000_00_00_012_2746_Mesa_12.pdf,11.42,🔴 DEEPFAKE SINTÉTICO
NORTE DE SAN,25,001,10,E14_PRE_25_001_005_05_03_010_6340_Mesa_10.pdf,15.54,🔴 DEEPFAKE SINTÉTICO
NORTE DE SAN,25,001,42,E14_PRE_25_001_002_02_04_042_6330_Mesa_42.pdf,14.99,🔴 DEEPFAKE SINTÉTICO
NORTE DE SAN,25,067,5,E14_PRE_25_067_000_00_00_005_2761_Mesa_5.pdf,0.0,🟢 ESCANEO REAL
NORTE DE SAN,25,034,14,E14_PRE_25_034_000_00_00_014_2746_Mesa_14.pdf,13.05,🔴 DEEPFAKE SINTÉTICO
NORTE DE SAN,25,100,10,E14_PRE_25_100_001_00_04_010_6387_Mesa_10.pdf,7.43,🔴 DEEPFAKE SINTÉTICO
NORTE DE SAN,25,001,2,E14_PRE_25_001_006_06_09_002_6343_Mesa_2.pdf,1.41,🔴 DEEPFAKE SINTÉTICO
NORTE DE SAN,25,085,2,E14_PRE_25_085_099_00_11_002_6381_Mesa_2.pdf,11.4,🔴 DEEPFAKE SINTÉTICO
NORTE DE SAN,25,001,4,E14_PRE_25_001_008_08_03_004_6352_Mesa_4.pdf,15.08,🔴 DEEPFAKE SINTÉTICO
NORTE DE SAN,25,061,22,E14_PRE_25_061_002_05_03_022_6371_Mesa_22.pdf,28.25,🔴 DEEPFAKE SINTÉTICO
NORTE DE SAN,25,001,9,E14_PRE_25_001_006_06_07_009_6344_Mesa_9.pdf,1.34,🔴 DEEPFAKE SINTÉTICO
NORTE DE SAN,25,073,2,E14_PRE_25_073_099_00_01_002_2764_Mesa_2.pdf,0.0,🟢 ESCANEO REAL
NORTE DE SAN,25,001,24,E14_PRE_25_001_003_03_01_024_6331_Mesa_24.pdf,4.5,🔴 DEEPFAKE SINTÉTICO
NORTE DE SAN,25,001,14,E14_PRE_25_001_007_07_06_014_6348_Mesa_14.pdf,14.23,🔴 DEEPFAKE SINTÉTICO
NORTE DE SAN,25,085,18,E14_PRE_25_085_000_00_00_018_6380_Mesa_18.pdf,38.13,🔴 DEEPFAKE SINTÉTICO
NORTE DE SAN,25,054,6,E14_PRE_25_054_001_00_04_006_6365_Mesa_6.pdf,12.72,🔴 DEEPFAKE SINTÉTICO
NORTE DE SAN,25,001,24,E14_PRE_25_001_003_03_04_024_6333_Mesa_24.pdf,9.4,🔴 DEEPFAKE SINTÉTICO
NORTE DE SAN,25,001,22,E14_PRE_25_001_008_08_01_022_6350_Mesa_22.pdf,8.07,🔴 DEEPFAKE SINTÉTICO
NORTE DE SAN,25,001,28,E14_PRE_25_001_005_05_02_028_6339_Mesa_28.pdf,6.73,🔴 DEEPFAKE SINTÉTICO
NORTE DE SAN,25,070,1,E14_PRE_25_070_099_00_82_001_2763_Mesa_1.pdf,0.0,🟢 ESCANEO REAL
NORTE DE SAN,25,001,20,E14_PRE_25_001_009_09_01_020_6354_Mesa_20.pdf,39.87,🔴 DEEPFAKE SINTÉTICO
NORTE DE SAN,25,069,2,E14_PRE_25_069_001_00_02_002_6378_Mesa_2.pdf,5.52,🔴 DEEPFAKE SINTÉTICO
NORTE DE SAN,25,064,13,E14_PRE_25_064_002_00_02_013_6377_Mesa_13.pdf,1.29,🔴 DEEPFAKE SINTÉTICO
NORTE DE SAN,25,091,1,E14_PRE_25_091_099_00_15_001_2770_Mesa_1.pdf,0.0,🟢 ESCANEO REAL
NORTE DE SAN,25,001,3,E14_PRE_25_001_010_10_04_003_6357_Mesa_3.pdf,35.47,🔴 DEEPFAKE SINTÉTICO
NORTE DE SAN,25,001,2,E14_PRE_25_001_010_10_01_002_6357_Mesa_2.pdf,38.11,🔴 DEEPFAKE SINTÉTICO
NORTE DE SAN,25,022,1,E14_PRE_25_022_099_00_19_001_2742_Mesa_1.pdf,0.53,🟢 ESCANEO REAL
NORTE DE SAN,25,019,6,E14_PRE_25_019_099_00_05_006_2741_Mesa_6.pdf,0.0,🟢 ESCANEO REAL
NORTE DE SAN,25,001,32,E14_PRE_25_001_003_03_02_032_6332_Mesa_32.pdf,5.71,🔴 DEEPFAKE SINTÉTICO
NORTE DE SAN,25,100,4,E14_PRE_25_100_002_00_05_004_6386_Mesa_4.pdf,1.63,🔴 DEEPFAKE SINTÉTICO
NORTE DE SAN,25,001,21,E14_PRE_25_001_004_04_03_021_6334_Mesa_21.pdf,7.46,🔴 DEEPFAKE SINTÉTICO
NORTE DE SAN,25,064,5,E14_PRE_25_064_001_00_03_005_6376_Mesa_5.pdf,0.37,🟢 ESCANEO REAL
NORTE DE SAN,25,004,1,E14_PRE_25_004_099_00_51_001_6361_Mesa_1.pdf,15.46,🔴 DEEPFAKE SINTÉTICO
NORTE DE SAN,25,001,22,E14_PRE_25_001_004_04_04_022_6336_Mesa_22.pdf,14.5,🔴 DEEPFAKE SINTÉTICO
NORTE DE SAN,25,025,6,E14_PRE_25_025_000_00_00_006_2743_Mesa_6.pdf,0.0,🟢 ESCANEO REAL
NORTE DE SAN,25,001,11,E14_PRE_25_001_010_10_03_011_6357_Mesa_11.pdf,34.49,🔴 DEEPFAKE SINTÉTICO
NORTE DE SAN,25,051,5,E14_PRE_25_051_099_00_10_005_2754_Mesa_5.pdf,0.0,🟢 ESCANEO REAL
NORTE DE SAN,25,040,5,E14_PRE_25_040_000_00_00_005_2750_Mesa_5.pdf,0.0,🟢 ESCANEO REAL
NORTE DE SAN,25,001,2,E14_PRE_25_001_005_05_06_002_6341_Mesa_2.pdf,5.22,🔴 DEEPFAKE SINTÉTICO
NORTE DE SAN,25,001,18,E14_PRE_25_001_090_00_01_018_6337_Mesa_18.pdf,6.18,🔴 DEEPFAKE SINTÉTICO
NORTE DE SAN,25,076,1,E14_PRE_25_076_099_00_07_001_2765_Mesa_1.pdf,0.0,🟢 ESCANEO REAL
NORTE DE SAN,25,001,14,E14_PRE_25_001_008_08_05_014_6350_Mesa_14.pdf,1.98,🔴 DEEPFAKE SINTÉTICO
NORTE DE SAN,25,085,29,E14_PRE_25_085_000_00_00_029_6380_Mesa_29.pdf,40.41,🔴 DEEPFAKE SINTÉTICO
NORTE DE SAN,25,093,3,E14_PRE_25_093_099_00_40_003_6383_Mesa_3.pdf,8.26,🔴 DEEPFAKE SINTÉTICO
NORTE DE SAN,25,076,1,E14_PRE_25_076_099_00_03_001_2765_Mesa_1.pdf,0.0,🟢 ESCANEO REAL
NORTE DE SAN,25,100,25,E14_PRE_25_100_002_00_02_025_6389_Mesa_25.pdf,16.94,🔴 DEEPFAKE SINTÉTICO
NORTE DE SAN,25,061,8,E14_PRE_25_061_001_01_02_008_6369_Mesa_8.pdf,6.32,🔴 DEEPFAKE SINTÉTICO
NORTE DE SAN,25,061,12,E14_PRE_25_061_002_06_08_012_6372_Mesa_12.pdf,18.04,🔴 DEEPFAKE SINTÉTICO
NORTE DE SAN,25,054,9,E14_PRE_25_054_001_00_09_009_6366_Mesa_9.pdf,13.11,🔴 DEEPFAKE SINTÉTICO
NORTE DE SAN,25,069,7,E14_PRE_25_069_002_00_02_007_6379_Mesa_7.pdf,1.53,🔴 DEEPFAKE SINTÉTICO
NORTE DE SAN,25,031,2,E14_PRE_25_031_099_00_10_002_2745_Mesa_2.pdf,24.2,🔴 DEEPFAKE SINTÉTICO
NORTE DE SAN,25,001,12,E14_PRE_25_001_003_03_03_012_6333_Mesa_12.pdf,2.18,🔴 DEEPFAKE SINTÉTICO
NORTE DE SAN,25,001,2,E14_PRE_25_001_008_08_02_002_6351_Mesa_2.pdf,14.61,🔴 DEEPFAKE SINTÉTICO
NORTE DE SAN,25,001,17,E14_PRE_25_001_006_06_06_017_6345_Mesa_17.pdf,14.31,🔴 DEEPFAKE SINTÉTICO
NORTE DE SAN,25,001,9,E14_PRE_25_001_008_08_06_009_6352_Mesa_9.pdf,27.44,🔴 DEEPFAKE SINTÉTICO
NORTE DE SAN,25,054,22,E14_PRE_25_054_002_00_01_022_6368_Mesa_22.pdf,8.21,🔴 DEEPFAKE SINTÉTICO
NORTE DE SAN,25,093,1,E14_PRE_25_093_099_00_50_001_6384_Mesa_1.pdf,0.0,🟢 ESCANEO REAL
NORTE DE SAN,25,004,2,E14_PRE_25_004_099_00_03_002_6361_Mesa_2.pdf,38.82,🔴 DEEPFAKE SINTÉTICO
PUTUMAYO,64,001,2,E14_PRE_64_001_002_00_04_002_6951_Mesa_2.pdf,47.68,🔴 DEEPFAKE SINTÉTICO
PUTUMAYO,64,019,16,E14_PRE_64_019_000_00_00_016_3107_Mesa_16.pdf,7.29,🔴 DEEPFAKE SINTÉTICO
PUTUMAYO,64,028,11,E14_PRE_64_028_001_00_02_011_6958_Mesa_11.pdf,19.9,🔴 DEEPFAKE SINTÉTICO
PUTUMAYO,64,001,2,E14_PRE_64_001_099_00_08_002_6952_Mesa_2.pdf,38.14,🔴 DEEPFAKE SINTÉTICO
PUTUMAYO,64,002,11,E14_PRE_64_002_002_01_03_011_6954_Mesa_11.pdf,22.35,🔴 DEEPFAKE SINTÉTICO
PUTUMAYO,64,002,1,E14_PRE_64_002_002_01_01_001_6954_Mesa_1.pdf,13.31,🔴 DEEPFAKE SINTÉTICO
PUTUMAYO,64,001,1,E14_PRE_64_001_001_00_02_001_6950_Mesa_1.pdf,47.45,🔴 DEEPFAKE SINTÉTICO
PUTUMAYO,64,023,1,E14_PRE_64_023_099_00_06_001_6956_Mesa_1.pdf,12.18,🔴 DEEPFAKE SINTÉTICO
PUTUMAYO,64,001,4,E14_PRE_64_001_099_00_05_004_6952_Mesa_4.pdf,40.56,🔴 DEEPFAKE SINTÉTICO
PUTUMAYO,64,002,2,E14_PRE_64_002_099_05_55_002_6955_Mesa_2.pdf,28.65,🔴 DEEPFAKE SINTÉTICO
PUTUMAYO,64,023,14,E14_PRE_64_023_001_00_01_014_6956_Mesa_14.pdf,13.12,🔴 DEEPFAKE SINTÉTICO
PUTUMAYO,64,023,3,E14_PRE_64_023_001_00_01_003_6956_Mesa_3.pdf,12.09,🔴 DEEPFAKE SINTÉTICO
PUTUMAYO,64,001,8,E14_PRE_64_001_002_00_03_008_6951_Mesa_8.pdf,48.13,🔴 DEEPFAKE SINTÉTICO
PUTUMAYO,64,028,1,E14_PRE_64_028_099_00_70_001_6958_Mesa_1.pdf,20.62,🔴 DEEPFAKE SINTÉTICO
PUTUMAYO,64,028,7,E14_PRE_64_028_001_00_02_007_6958_Mesa_7.pdf,17.93,🔴 DEEPFAKE SINTÉTICO
PUTUMAYO,64,002,3,E14_PRE_64_002_002_01_04_003_6955_Mesa_3.pdf,33.86,🔴 DEEPFAKE SINTÉTICO
PUTUMAYO,64,002,13,E14_PRE_64_002_002_01_01_013_6954_Mesa_13.pdf,16.29,🔴 DEEPFAKE SINTÉTICO
PUTUMAYO,64,002,8,E14_PRE_64_002_002_01_04_008_6955_Mesa_8.pdf,34.88,🔴 DEEPFAKE SINTÉTICO
PUTUMAYO,64,030,12,E14_PRE_64_030_000_00_01_012_6960_Mesa_12.pdf,48.06,🔴 DEEPFAKE SINTÉTICO
PUTUMAYO,64,028,17,E14_PRE_64_028_002_00_02_017_6959_Mesa_17.pdf,46.43,🔴 DEEPFAKE SINTÉTICO
PUTUMAYO,64,023,9,E14_PRE_64_023_002_00_02_009_6957_Mesa_9.pdf,47.82,🔴 DEEPFAKE SINTÉTICO
PUTUMAYO,64,023,5,E14_PRE_64_023_002_00_01_005_6957_Mesa_5.pdf,48.03,🔴 DEEPFAKE SINTÉTICO
PUTUMAYO,64,028,8,E14_PRE_64_028_001_00_02_008_6958_Mesa_8.pdf,22.14,🔴 DEEPFAKE SINTÉTICO
PUTUMAYO,64,023,1,E14_PRE_64_023_002_00_02_001_6957_Mesa_1.pdf,47.68,🔴 DEEPFAKE SINTÉTICO
PUTUMAYO,64,001,5,E14_PRE_64_001_001_00_03_005_6950_Mesa_5.pdf,47.99,🔴 DEEPFAKE SINTÉTICO
PUTUMAYO,64,004,12,E14_PRE_64_004_000_00_00_012_3102_Mesa_12.pdf,10.76,🔴 DEEPFAKE SINTÉTICO
PUTUMAYO,64,023,4,E14_PRE_64_023_001_00_02_004_6956_Mesa_4.pdf,14.07,🔴 DEEPFAKE SINTÉTICO
PUTUMAYO,64,028,1,E14_PRE_64_028_099_00_65_001_6959_Mesa_1.pdf,47.53,🔴 DEEPFAKE SINTÉTICO
PUTUMAYO,64,001,9,E14_PRE_64_001_001_00_04_009_6951_Mesa_9.pdf,46.8,🔴 DEEPFAKE SINTÉTICO
PUTUMAYO,64,013,7,E14_PRE_64_013_000_00_00_007_3104_Mesa_7.pdf,4.96,🔴 DEEPFAKE SINTÉTICO
PUTUMAYO,64,004,22,E14_PRE_64_004_000_00_00_022_3102_Mesa_22.pdf,10.92,🔴 DEEPFAKE SINTÉTICO
PUTUMAYO,64,002,3,E14_PRE_64_002_099_04_35_003_6955_Mesa_3.pdf,29.98,🔴 DEEPFAKE SINTÉTICO
PUTUMAYO,64,002,1,E14_PRE_64_002_002_01_04_001_6955_Mesa_1.pdf,37.12,🔴 DEEPFAKE SINTÉTICO
PUTUMAYO,64,028,1,E14_PRE_64_028_099_00_35_001_6959_Mesa_1.pdf,47.62,🔴 DEEPFAKE SINTÉTICO
PUTUMAYO,64,018,2,E14_PRE_64_018_099_00_46_002_3106_Mesa_2.pdf,7.86,🔴 DEEPFAKE SINTÉTICO
PUTUMAYO,64,018,2,E14_PRE_64_018_099_00_41_002_3106_Mesa_2.pdf,8.81,🔴 DEEPFAKE SINTÉTICO
PUTUMAYO,64,018,2,E14_PRE_64_018_000_00_02_002_3106_Mesa_2.pdf,20.12,🔴 DEEPFAKE SINTÉTICO
PUTUMAYO,64,018,7,E14_PRE_64_018_099_01_40_007_3106_Mesa_7.pdf,8.27,🔴 DEEPFAKE SINTÉTICO
PUTUMAYO,64,002,1,E14_PRE_64_002_099_00_03_001_6955_Mesa_1.pdf,30.03,🔴 DEEPFAKE SINTÉTICO
PUTUMAYO,64,018,3,E14_PRE_64_018_000_00_01_003_3106_Mesa_3.pdf,21.36,🔴 DEEPFAKE SINTÉTICO
PUTUMAYO,64,018,1,E14_PRE_64_018_099_00_41_001_3106_Mesa_1.pdf,7.88,🔴 DEEPFAKE SINTÉTICO
PUTUMAYO,64,001,15,E14_PRE_64_001_002_00_01_015_6951_Mesa_15.pdf,49.35,🔴 DEEPFAKE SINTÉTICO
PUTUMAYO,64,023,13,E14_PRE_64_023_001_00_01_013_6956_Mesa_13.pdf,15.35,🔴 DEEPFAKE SINTÉTICO
PUTUMAYO,64,016,10,E14_PRE_64_016_000_00_00_010_3105_Mesa_10.pdf,39.83,🔴 DEEPFAKE SINTÉTICO
PUTUMAYO,64,002,2,E14_PRE_64_002_001_03_03_002_6953_Mesa_2.pdf,2.54,🔴 DEEPFAKE SINTÉTICO
PUTUMAYO,64,026,10,E14_PRE_64_026_000_00_00_010_3110_Mesa_10.pdf,20.02,🔴 DEEPFAKE SINTÉTICO
PUTUMAYO,64,023,1,E14_PRE_64_023_099_00_13_001_6956_Mesa_1.pdf,12.22,🔴 DEEPFAKE SINTÉTICO
PUTUMAYO,64,002,1,E14_PRE_64_002_002_01_02_001_6955_Mesa_1.pdf,29.67,🔴 DEEPFAKE SINTÉTICO
PUTUMAYO,64,001,12,E14_PRE_64_001_002_00_01_012_6951_Mesa_12.pdf,46.62,🔴 DEEPFAKE SINTÉTICO
PUTUMAYO,64,001,2,E14_PRE_64_001_001_00_04_002_6951_Mesa_2.pdf,46.8,🔴 DEEPFAKE SINTÉTICO
PUTUMAYO,64,001,6,E14_PRE_64_001_001_00_01_006_6950_Mesa_6.pdf,47.02,🔴 DEEPFAKE SINTÉTICO
PUTUMAYO,64,001,13,E14_PRE_64_001_002_00_01_013_6951_Mesa_13.pdf,47.67,🔴 DEEPFAKE SINTÉTICO
PUTUMAYO,64,002,9,E14_PRE_64_002_001_01_04_009_6953_Mesa_9.pdf,1.76,🔴 DEEPFAKE SINTÉTICO
PUTUMAYO,64,030,5,E14_PRE_64_030_000_00_01_005_6960_Mesa_5.pdf,47.68,🔴 DEEPFAKE SINTÉTICO
PUTUMAYO,64,028,3,E14_PRE_64_028_001_00_01_003_6958_Mesa_3.pdf,20.56,🔴 DEEPFAKE SINTÉTICO
PUTUMAYO,64,002,6,E14_PRE_64_002_002_01_02_006_6955_Mesa_6.pdf,29.15,🔴 DEEPFAKE SINTÉTICO
PUTUMAYO,64,004,27,E14_PRE_64_004_000_00_00_027_3102_Mesa_27.pdf,24.3,🔴 DEEPFAKE SINTÉTICO
PUTUMAYO,64,002,12,E14_PRE_64_002_001_03_03_012_6953_Mesa_12.pdf,2.17,🔴 DEEPFAKE SINTÉTICO
PUTUMAYO,64,001,13,E14_PRE_64_001_001_00_01_013_6950_Mesa_13.pdf,46.52,🔴 DEEPFAKE SINTÉTICO
PUTUMAYO,64,004,21,E14_PRE_64_004_000_00_00_021_3102_Mesa_21.pdf,11.81,🔴 DEEPFAKE SINTÉTICO
PUTUMAYO,64,001,1,E14_PRE_64_001_099_00_38_001_6952_Mesa_1.pdf,40.19,🔴 DEEPFAKE SINTÉTICO
PUTUMAYO,64,002,2,E14_PRE_64_002_002_01_01_002_6954_Mesa_2.pdf,17.29,🔴 DEEPFAKE SINTÉTICO
PUTUMAYO,64,030,1,E14_PRE_64_030_099_00_10_001_6961_Mesa_1.pdf,46.88,🔴 DEEPFAKE SINTÉTICO
PUTUMAYO,64,002,6,E14_PRE_64_002_002_01_03_006_6954_Mesa_6.pdf,17.12,🔴 DEEPFAKE SINTÉTICO
PUTUMAYO,64,002,5,E14_PRE_64_002_001_02_02_005_6954_Mesa_5.pdf,17.03,🔴 DEEPFAKE SINTÉTICO
PUTUMAYO,64,026,15,E14_PRE_64_026_000_00_00_015_3110_Mesa_15.pdf,21.35,🔴 DEEPFAKE SINTÉTICO
PUTUMAYO,64,019,13,E14_PRE_64_019_000_00_00_013_3107_Mesa_13.pdf,13.57,🔴 DEEPFAKE SINTÉTICO
PUTUMAYO,64,001,14,E14_PRE_64_001_002_00_01_014_6951_Mesa_14.pdf,47.1,🔴 DEEPFAKE SINTÉTICO
PUTUMAYO,64,023,2,E14_PRE_64_023_099_00_20_002_6957_Mesa_2.pdf,39.76,🔴 DEEPFAKE SINTÉTICO
PUTUMAYO,64,028,3,E14_PRE_64_028_099_00_10_003_6958_Mesa_3.pdf,21.07,🔴 DEEPFAKE SINTÉTICO
PUTUMAYO,64,002,4,E14_PRE_64_002_099_05_55_004_6955_Mesa_4.pdf,32.04,🔴 DEEPFAKE SINTÉTICO
PUTUMAYO,64,028,11,E14_PRE_64_028_002_00_02_011_6959_Mesa_11.pdf,45.56,🔴 DEEPFAKE SINTÉTICO
PUTUMAYO,64,019,17,E14_PRE_64_019_000_00_00_017_3107_Mesa_17.pdf,17.51,🔴 DEEPFAKE SINTÉTICO
PUTUMAYO,64,002,4,E14_PRE_64_002_002_01_01_004_6954_Mesa_4.pdf,16.68,🔴 DEEPFAKE SINTÉTICO
PUTUMAYO,64,023,2,E14_PRE_64_023_099_00_13_002_6956_Mesa_2.pdf,13.05,🔴 DEEPFAKE SINTÉTICO
PUTUMAYO,64,026,1,E14_PRE_64_026_099_00_40_001_3110_Mesa_1.pdf,18.41,🔴 DEEPFAKE SINTÉTICO
PUTUMAYO,64,025,1,E14_PRE_64_025_099_00_65_001_3109_Mesa_1.pdf,48.66,🔴 DEEPFAKE SINTÉTICO
PUTUMAYO,64,028,14,E14_PRE_64_028_002_00_01_014_6959_Mesa_14.pdf,46.78,🔴 DEEPFAKE SINTÉTICO
PUTUMAYO,64,028,2,E14_PRE_64_028_001_00_02_002_6958_Mesa_2.pdf,19.19,🔴 DEEPFAKE SINTÉTICO
PUTUMAYO,64,025,2,E14_PRE_64_025_099_00_40_002_3109_Mesa_2.pdf,47.49,🔴 DEEPFAKE SINTÉTICO
PUTUMAYO,64,013,8,E14_PRE_64_013_000_00_00_008_3104_Mesa_8.pdf,4.56,🔴 DEEPFAKE SINTÉTICO
PUTUMAYO,64,018,9,E14_PRE_64_018_000_00_02_009_3106_Mesa_9.pdf,22.27,🔴 DEEPFAKE SINTÉTICO
PUTUMAYO,64,019,18,E14_PRE_64_019_000_00_00_018_3107_Mesa_18.pdf,15.35,🔴 DEEPFAKE SINTÉTICO
PUTUMAYO,64,025,3,E14_PRE_64_025_000_00_00_003_3109_Mesa_3.pdf,47.53,🔴 DEEPFAKE SINTÉTICO
PUTUMAYO,64,025,1,E14_PRE_64_025_099_00_71_001_3109_Mesa_1.pdf,47.61,🔴 DEEPFAKE SINTÉTICO
PUTUMAYO,64,026,19,E14_PRE_64_026_000_00_00_019_3110_Mesa_19.pdf,19.62,🔴 DEEPFAKE SINTÉTICO
PUTUMAYO,64,001,4,E14_PRE_64_001_002_00_01_004_6951_Mesa_4.pdf,48.17,🔴 DEEPFAKE SINTÉTICO
PUTUMAYO,64,001,7,E14_PRE_64_001_001_00_02_007_6950_Mesa_7.pdf,47.64,🔴 DEEPFAKE SINTÉTICO
PUTUMAYO,64,018,12,E14_PRE_64_018_000_00_01_012_3106_Mesa_12.pdf,18.45,🔴 DEEPFAKE SINTÉTICO
PUTUMAYO,64,002,11,E14_PRE_64_002_002_01_01_011_6954_Mesa_11.pdf,18.46,🔴 DEEPFAKE SINTÉTICO
PUTUMAYO,64,028,15,E14_PRE_64_028_002_00_02_015_6959_Mesa_15.pdf,47.63,🔴 DEEPFAKE SINTÉTICO
PUTUMAYO,64,030,14,E14_PRE_64_030_000_00_01_014_6960_Mesa_14.pdf,48.82,🔴 DEEPFAKE SINTÉTICO
PUTUMAYO,64,002,9,E14_PRE_64_002_002_01_01_009_6954_Mesa_9.pdf,17.07,🔴 DEEPFAKE SINTÉTICO
PUTUMAYO,64,002,8,E14_PRE_64_002_002_01_01_008_6954_Mesa_8.pdf,16.99,🔴 DEEPFAKE SINTÉTICO
PUTUMAYO,64,030,20,E14_PRE_64_030_000_00_02_020_6961_Mesa_20.pdf,41.87,🔴 DEEPFAKE SINTÉTICO
PUTUMAYO,64,001,12,E14_PRE_64_001_002_00_05_012_6952_Mesa_12.pdf,48.35,🔴 DEEPFAKE SINTÉTICO
PUTUMAYO,64,001,9,E14_PRE_64_001_002_00_05_009_6952_Mesa_9.pdf,49.09,🔴 DEEPFAKE SINTÉTICO
PUTUMAYO,64,002,5,E14_PRE_64_002_001_03_03_005_6953_Mesa_5.pdf,2.87,🔴 DEEPFAKE SINTÉTICO
PUTUMAYO,64,002,5,E14_PRE_64_002_001_01_04_005_6953_Mesa_5.pdf,1.34,🔴 DEEPFAKE SINTÉTICO
QUINDIO,26,080,4,E14_PRE_26_080_001_00_01_004_6416_Mesa_4.pdf,44.94,🔴 DEEPFAKE SINTÉTICO
QUINDIO,26,001,34,E14_PRE_26_001_008_07_02_034_6400_Mesa_34.pdf,6.16,🔴 DEEPFAKE SINTÉTICO
PUTUMAYO,64,001,14,E14_PRE_64_001_001_00_01_014_6950_Mesa_14.pdf,47.26,🔴 DEEPFAKE SINTÉTICO
QUINDIO,26,010,3,E14_PRE_26_010_001_00_03_003_6407_Mesa_3.pdf,0.0,🟢 ESCANEO REAL
QUINDIO,26,050,2,E14_PRE_26_050_002_00_01_002_6413_Mesa_2.pdf,45.72,🔴 DEEPFAKE SINTÉTICO
QUINDIO,26,010,2,E14_PRE_26_010_002_00_03_002_6408_Mesa_2.pdf,0.0,🟢 ESCANEO REAL
QUINDIO,26,010,11,E14_PRE_26_010_099_01_10_011_6408_Mesa_11.pdf,0.0,🟢 ESCANEO REAL
QUINDIO,26,050,16,E14_PRE_26_050_001_00_02_016_6412_Mesa_16.pdf,1.08,🔴 DEEPFAKE SINTÉTICO
QUINDIO,26,010,25,E14_PRE_26_010_001_00_04_025_6407_Mesa_25.pdf,0.0,🟢 ESCANEO REAL
QUINDIO,26,040,11,E14_PRE_26_040_000_00_00_011_2781_Mesa_11.pdf,40.99,🔴 DEEPFAKE SINTÉTICO
QUINDIO,26,001,7,E14_PRE_26_001_009_09_03_007_6401_Mesa_7.pdf,41.59,🔴 DEEPFAKE SINTÉTICO
QUINDIO,26,020,8,E14_PRE_26_020_002_00_02_008_6411_Mesa_8.pdf,38.58,🔴 DEEPFAKE SINTÉTICO
QUINDIO,26,001,17,E14_PRE_26_001_008_07_03_017_6400_Mesa_17.pdf,1.11,🔴 DEEPFAKE SINTÉTICO
QUINDIO,26,010,6,E14_PRE_26_010_002_00_03_006_6408_Mesa_6.pdf,0.0,🟢 ESCANEO REAL
QUINDIO,26,001,30,E14_PRE_26_001_003_02_03_030_6394_Mesa_30.pdf,41.91,🔴 DEEPFAKE SINTÉTICO
QUINDIO,26,001,20,E14_PRE_26_001_004_03_02_020_6395_Mesa_20.pdf,1.9,🔴 DEEPFAKE SINTÉTICO
QUINDIO,26,001,8,E14_PRE_26_001_009_09_04_008_6402_Mesa_8.pdf,42.56,🔴 DEEPFAKE SINTÉTICO
QUINDIO,26,001,17,E14_PRE_26_001_007_06_01_017_6398_Mesa_17.pdf,46.43,🔴 DEEPFAKE SINTÉTICO
QUINDIO,26,001,5,E14_PRE_26_001_006_06_04_005_6398_Mesa_5.pdf,45.53,🔴 DEEPFAKE SINTÉTICO
QUINDIO,26,001,6,E14_PRE_26_001_009_08_02_006_6401_Mesa_6.pdf,43.07,🔴 DEEPFAKE SINTÉTICO
QUINDIO,26,010,1,E14_PRE_26_010_001_00_04_001_6407_Mesa_1.pdf,0.0,🟢 ESCANEO REAL
QUINDIO,26,001,13,E14_PRE_26_001_007_06_03_013_6399_Mesa_13.pdf,45.78,🔴 DEEPFAKE SINTÉTICO
QUINDIO,26,001,19,E14_PRE_26_001_004_03_01_019_6395_Mesa_19.pdf,2.14,🔴 DEEPFAKE SINTÉTICO
QUINDIO,26,010,6,E14_PRE_26_010_001_00_01_006_6409_Mesa_6.pdf,0.63,🟢 ESCANEO REAL
QUINDIO,26,001,30,E14_PRE_26_001_010_10_02_030_6403_Mesa_30.pdf,0.15,🟢 ESCANEO REAL
QUINDIO,26,001,6,E14_PRE_26_001_009_09_03_006_6401_Mesa_6.pdf,44.93,🔴 DEEPFAKE SINTÉTICO
QUINDIO,26,001,6,E14_PRE_26_001_009_08_06_006_6402_Mesa_6.pdf,44.73,🔴 DEEPFAKE SINTÉTICO
QUINDIO,26,005,7,E14_PRE_26_005_000_00_00_007_2776_Mesa_7.pdf,0.0,🟢 ESCANEO REAL
QUINDIO,26,010,14,E14_PRE_26_010_001_00_03_014_6407_Mesa_14.pdf,0.0,🟢 ESCANEO REAL
QUINDIO,26,070,1,E14_PRE_26_070_000_00_00_001_2784_Mesa_1.pdf,44.06,🔴 DEEPFAKE SINTÉTICO
QUINDIO,26,060,2,E14_PRE_26_060_002_00_03_002_6415_Mesa_2.pdf,0.0,🟢 ESCANEO REAL
QUINDIO,26,010,13,E14_PRE_26_010_001_00_01_013_6409_Mesa_13.pdf,0.17,🟢 ESCANEO REAL
QUINDIO,26,060,12,E14_PRE_26_060_002_00_02_012_6414_Mesa_12.pdf,44.19,🔴 DEEPFAKE SINTÉTICO
QUINDIO,26,001,10,E14_PRE_26_001_003_02_01_010_6393_Mesa_10.pdf,1.57,🔴 DEEPFAKE SINTÉTICO
QUINDIO,26,020,7,E14_PRE_26_020_001_00_02_007_6410_Mesa_7.pdf,0.78,🟢 ESCANEO REAL
QUINDIO,26,025,1,E14_PRE_26_025_000_00_00_001_2779_Mesa_1.pdf,45.14,🔴 DEEPFAKE SINTÉTICO
QUINDIO,26,010,15,E14_PRE_26_010_001_00_03_015_6407_Mesa_15.pdf,0.0,🟢 ESCANEO REAL
QUINDIO,26,001,9,E14_PRE_26_001_009_09_04_009_6402_Mesa_9.pdf,42.52,🔴 DEEPFAKE SINTÉTICO
QUINDIO,26,001,5,E14_PRE_26_001_001_01_05_005_6392_Mesa_5.pdf,39.14,🔴 DEEPFAKE SINTÉTICO
QUINDIO,26,001,10,E14_PRE_26_001_004_03_01_010_6395_Mesa_10.pdf,2.65,🔴 DEEPFAKE SINTÉTICO
QUINDIO,26,001,5,E14_PRE_26_001_008_07_03_005_6400_Mesa_5.pdf,7.39,🔴 DEEPFAKE SINTÉTICO
QUINDIO,26,001,3,E14_PRE_26_001_002_02_04_003_6393_Mesa_3.pdf,0.88,🟢 ESCANEO REAL
QUINDIO,26,001,20,E14_PRE_26_001_009_09_05_020_6402_Mesa_20.pdf,45.31,🔴 DEEPFAKE SINTÉTICO
QUINDIO,26,001,9,E14_PRE_26_001_004_03_02_009_6395_Mesa_9.pdf,2.08,🔴 DEEPFAKE SINTÉTICO
QUINDIO,26,090,8,E14_PRE_26_090_000_00_00_008_2786_Mesa_8.pdf,0.32,🟢 ESCANEO REAL
QUINDIO,26,030,13,E14_PRE_26_030_000_00_00_013_2780_Mesa_13.pdf,29.62,🔴 DEEPFAKE SINTÉTICO
QUINDIO,26,001,6,E14_PRE_26_001_008_07_01_006_6399_Mesa_6.pdf,43.29,🔴 DEEPFAKE SINTÉTICO
QUINDIO,26,001,8,E14_PRE_26_001_004_03_02_008_6395_Mesa_8.pdf,1.5,🔴 DEEPFAKE SINTÉTICO
QUINDIO,26,001,5,E14_PRE_26_001_009_08_01_005_6401_Mesa_5.pdf,47.41,🔴 DEEPFAKE SINTÉTICO
QUINDIO,26,010,1,E14_PRE_26_010_099_00_75_001_6407_Mesa_1.pdf,0.0,🟢 ESCANEO REAL
QUINDIO,26,001,10,E14_PRE_26_001_006_06_04_010_6398_Mesa_10.pdf,47.27,🔴 DEEPFAKE SINTÉTICO
QUINDIO,26,050,11,E14_PRE_26_050_001_00_01_011_6412_Mesa_11.pdf,0.48,🟢 ESCANEO REAL
QUINDIO,26,001,4,E14_PRE_26_001_010_10_07_004_6405_Mesa_4.pdf,0.0,🟢 ESCANEO REAL
QUINDIO,26,001,7,E14_PRE_26_001_006_06_02_007_6397_Mesa_7.pdf,44.46,🔴 DEEPFAKE SINTÉTICO
QUINDIO,26,001,9,E14_PRE_26_001_005_04_01_009_6396_Mesa_9.pdf,6.39,🔴 DEEPFAKE SINTÉTICO
QUINDIO,26,010,12,E14_PRE_26_010_002_00_02_012_6409_Mesa_12.pdf,1.19,🔴 DEEPFAKE SINTÉTICO
QUINDIO,26,010,13,E14_PRE_26_010_001_00_04_013_6407_Mesa_13.pdf,0.0,🟢 ESCANEO REAL
QUINDIO,26,080,14,E14_PRE_26_080_001_00_02_014_6416_Mesa_14.pdf,45.5,🔴 DEEPFAKE SINTÉTICO
QUINDIO,26,030,17,E14_PRE_26_030_000_00_00_017_2780_Mesa_17.pdf,2.43,🔴 DEEPFAKE SINTÉTICO
QUINDIO,26,010,13,E14_PRE_26_010_099_01_10_013_6408_Mesa_13.pdf,0.0,🟢 ESCANEO REAL
QUINDIO,26,001,18,E14_PRE_26_001_004_03_02_018_6395_Mesa_18.pdf,1.94,🔴 DEEPFAKE SINTÉTICO
QUINDIO,26,020,13,E14_PRE_26_020_002_00_01_013_6411_Mesa_13.pdf,41.61,🔴 DEEPFAKE SINTÉTICO
QUINDIO,26,070,14,E14_PRE_26_070_000_00_00_014_2784_Mesa_14.pdf,45.79,🔴 DEEPFAKE SINTÉTICO
QUINDIO,26,001,25,E14_PRE_26_001_010_10_02_025_6403_Mesa_25.pdf,0.23,🟢 ESCANEO REAL
QUINDIO,26,001,8,E14_PRE_26_001_005_03_02_008_6396_Mesa_8.pdf,5.23,🔴 DEEPFAKE SINTÉTICO
QUINDIO,26,070,15,E14_PRE_26_070_000_00_00_015_2784_Mesa_15.pdf,45.1,🔴 DEEPFAKE SINTÉTICO
QUINDIO,26,020,9,E14_PRE_26_020_001_00_02_009_6410_Mesa_9.pdf,0.85,🟢 ESCANEO REAL
QUINDIO,26,001,16,E14_PRE_26_001_005_03_02_016_6396_Mesa_16.pdf,7.15,🔴 DEEPFAKE SINTÉTICO
QUINDIO,26,001,6,E14_PRE_26_001_005_04_04_006_6396_Mesa_6.pdf,6.23,🔴 DEEPFAKE SINTÉTICO
QUINDIO,26,001,12,E14_PRE_26_001_009_09_04_012_6402_Mesa_12.pdf,42.17,🔴 DEEPFAKE SINTÉTICO
QUINDIO,26,001,21,E14_PRE_26_001_008_07_02_021_6400_Mesa_21.pdf,5.8,🔴 DEEPFAKE SINTÉTICO
QUINDIO,26,001,10,E14_PRE_26_001_001_01_05_010_6392_Mesa_10.pdf,38.94,🔴 DEEPFAKE SINTÉTICO
QUINDIO,26,020,9,E14_PRE_26_020_001_00_01_009_6410_Mesa_9.pdf,1.64,🔴 DEEPFAKE SINTÉTICO
QUINDIO,26,001,16,E14_PRE_26_001_006_05_03_016_6397_Mesa_16.pdf,41.88,🔴 DEEPFAKE SINTÉTICO
QUINDIO,26,020,1,E14_PRE_26_020_099_00_30_001_6410_Mesa_1.pdf,1.33,🔴 DEEPFAKE SINTÉTICO
QUINDIO,26,025,9,E14_PRE_26_025_000_00_00_009_2779_Mesa_9.pdf,45.68,🔴 DEEPFAKE SINTÉTICO
QUINDIO,26,001,11,E14_PRE_26_001_010_10_02_011_6403_Mesa_11.pdf,0.08,🟢 ESCANEO REAL
QUINDIO,26,030,19,E14_PRE_26_030_000_00_00_019_2780_Mesa_19.pdf,24.31,🔴 DEEPFAKE SINTÉTICO
QUINDIO,26,001,18,E14_PRE_26_001_009_09_05_018_6402_Mesa_18.pdf,43.27,🔴 DEEPFAKE SINTÉTICO
QUINDIO,26,030,16,E14_PRE_26_030_000_00_00_016_2780_Mesa_16.pdf,26.43,🔴 DEEPFAKE SINTÉTICO
QUINDIO,26,010,14,E14_PRE_26_010_099_01_10_014_6408_Mesa_14.pdf,0.0,🟢 ESCANEO REAL
QUINDIO,26,001,1,E14_PRE_26_001_009_08_01_001_6401_Mesa_1.pdf,45.64,🔴 DEEPFAKE SINTÉTICO
QUINDIO,26,020,6,E14_PRE_26_020_002_00_01_006_6411_Mesa_6.pdf,40.58,🔴 DEEPFAKE SINTÉTICO
QUINDIO,26,001,11,E14_PRE_26_001_007_06_04_011_6399_Mesa_11.pdf,41.7,🔴 DEEPFAKE SINTÉTICO
QUINDIO,26,001,8,E14_PRE_26_001_008_07_02_008_6400_Mesa_8.pdf,7.9,🔴 DEEPFAKE SINTÉTICO
QUINDIO,26,001,6,E14_PRE_26_001_006_05_01_006_6397_Mesa_6.pdf,40.74,🔴 DEEPFAKE SINTÉTICO
QUINDIO,26,040,1,E14_PRE_26_040_099_00_32_001_2781_Mesa_1.pdf,40.63,🔴 DEEPFAKE SINTÉTICO
QUINDIO,26,001,6,E14_PRE_26_001_010_10_01_006_6404_Mesa_6.pdf,47.41,🔴 DEEPFAKE SINTÉTICO
QUINDIO,26,001,3,E14_PRE_26_001_005_03_02_003_6396_Mesa_3.pdf,4.55,🔴 DEEPFAKE SINTÉTICO
QUINDIO,26,001,11,E14_PRE_26_001_002_02_02_011_6392_Mesa_11.pdf,29.52,🔴 DEEPFAKE SINTÉTICO
QUINDIO,26,050,3,E14_PRE_26_050_001_00_01_003_6412_Mesa_3.pdf,0.06,🟢 ESCANEO REAL
QUINDIO,26,010,11,E14_PRE_26_010_001_00_01_011_6409_Mesa_11.pdf,0.16,🟢 ESCANEO REAL
QUINDIO,26,060,7,E14_PRE_26_060_099_00_34_007_6415_Mesa_7.pdf,0.0,🟢 ESCANEO REAL
QUINDIO,26,020,18,E14_PRE_26_020_002_00_02_018_6411_Mesa_18.pdf,42.81,🔴 DEEPFAKE SINTÉTICO
QUINDIO,26,001,5,E14_PRE_26_001_099_11_27_005_6405_Mesa_5.pdf,0.0,🟢 ESCANEO REAL
QUINDIO,26,001,35,E14_PRE_26_001_008_07_02_035_6400_Mesa_35.pdf,6.55,🔴 DEEPFAKE SINTÉTICO
QUINDIO,26,010,13,E14_PRE_26_010_002_00_02_013_6409_Mesa_13.pdf,1.81,🔴 DEEPFAKE SINTÉTICO
QUINDIO,26,010,19,E14_PRE_26_010_001_00_04_019_6407_Mesa_19.pdf,0.0,🟢 ESCANEO REAL
QUINDIO,26,050,14,E14_PRE_26_050_001_00_01_014_6412_Mesa_14.pdf,0.34,🟢 ESCANEO REAL
QUINDIO,26,001,1,E14_PRE_26_001_007_06_03_001_6399_Mesa_1.pdf,43.3,🔴 DEEPFAKE SINTÉTICO
QUINDIO,26,001,15,E14_PRE_26_001_009_09_03_015_6401_Mesa_15.pdf,45.29,🔴 DEEPFAKE SINTÉTICO
RISARALDA,24,001,28,E14_PRE_24_001_003_04_02_028_6282_Mesa_28.pdf,0.01,🟢 ESCANEO REAL
RISARALDA,24,001,2,E14_PRE_24_001_001_01_01_002_6279_Mesa_2.pdf,0.05,🟢 ESCANEO REAL
RISARALDA,24,086,5,E14_PRE_24_086_099_06_15_005_6323_Mesa_5.pdf,0.11,🟢 ESCANEO REAL
RISARALDA,24,001,2,E14_PRE_24_001_006_06_03_002_6288_Mesa_2.pdf,0.02,🟢 ESCANEO REAL
RISARALDA,24,025,22,E14_PRE_24_025_011_11_01_022_6313_Mesa_22.pdf,0.06,🟢 ESCANEO REAL
RISARALDA,24,086,9,E14_PRE_24_086_002_04_01_009_6321_Mesa_9.pdf,0.0,🟢 ESCANEO REAL
RISARALDA,24,025,10,E14_PRE_24_025_005_05_02_010_6308_Mesa_10.pdf,0.13,🟢 ESCANEO REAL
RISARALDA,24,001,4,E14_PRE_24_001_002_03_04_004_6281_Mesa_4.pdf,0.09,🟢 ESCANEO REAL
RISARALDA,24,001,10,E14_PRE_24_001_007_09_03_010_6290_Mesa_10.pdf,0.02,🟢 ESCANEO REAL
RISARALDA,24,001,19,E14_PRE_24_001_004_05_02_019_6284_Mesa_19.pdf,0.01,🟢 ESCANEO REAL
RISARALDA,24,062,5,E14_PRE_24_062_000_00_02_005_2730_Mesa_5.pdf,0.22,🟢 ESCANEO REAL
RISARALDA,24,001,36,E14_PRE_24_001_009_13_02_036_6293_Mesa_36.pdf,0.17,🟢 ESCANEO REAL
RISARALDA,24,001,7,E14_PRE_24_001_005_06_01_007_6285_Mesa_7.pdf,0.05,🟢 ESCANEO REAL
RISARALDA,24,001,19,E14_PRE_24_001_009_13_01_019_6292_Mesa_19.pdf,0.14,🟢 ESCANEO REAL
RISARALDA,24,001,11,E14_PRE_24_001_011_18_02_011_6298_Mesa_11.pdf,0.13,🟢 ESCANEO REAL
RISARALDA,24,025,12,E14_PRE_24_025_011_11_01_012_6313_Mesa_12.pdf,0.02,🟢 ESCANEO REAL
RISARALDA,24,062,10,E14_PRE_24_062_000_00_02_010_2730_Mesa_10.pdf,0.28,🟢 ESCANEO REAL
RISARALDA,24,021,2,E14_PRE_24_021_000_00_01_002_6304_Mesa_2.pdf,0.0,🟢 ESCANEO REAL
RISARALDA,24,001,23,E14_PRE_24_001_090_00_01_023_6300_Mesa_23.pdf,0.02,🟢 ESCANEO REAL
RISARALDA,24,046,9,E14_PRE_24_046_002_00_02_009_6317_Mesa_9.pdf,0.05,🟢 ESCANEO REAL
RISARALDA,24,086,1,E14_PRE_24_086_002_05_05_001_6322_Mesa_1.pdf,0.04,🟢 ESCANEO REAL
RISARALDA,24,029,7,E14_PRE_24_029_000_00_00_007_2726_Mesa_7.pdf,0.0,🟢 ESCANEO REAL
RISARALDA,24,001,11,E14_PRE_24_001_001_01_01_011_6279_Mesa_11.pdf,0.07,🟢 ESCANEO REAL
RISARALDA,24,001,1,E14_PRE_24_001_001_01_01_001_6279_Mesa_1.pdf,0.07,🟢 ESCANEO REAL
RISARALDA,24,001,39,E14_PRE_24_001_010_15_01_039_6294_Mesa_39.pdf,0.19,🟢 ESCANEO REAL
RISARALDA,24,001,8,E14_PRE_24_001_002_03_05_008_6281_Mesa_8.pdf,0.05,🟢 ESCANEO REAL
RISARALDA,24,046,2,E14_PRE_24_046_002_00_02_002_6317_Mesa_2.pdf,0.04,🟢 ESCANEO REAL
RISARALDA,24,021,3,E14_PRE_24_021_000_00_02_003_6305_Mesa_3.pdf,0.02,🟢 ESCANEO REAL
RISARALDA,24,094,7,E14_PRE_24_094_000_00_00_007_2734_Mesa_7.pdf,0.11,🟢 ESCANEO REAL
RISARALDA,24,001,26,E14_PRE_24_001_005_06_02_026_6286_Mesa_26.pdf,0.16,🟢 ESCANEO REAL
RISARALDA,24,001,3,E14_PRE_24_001_008_12_02_003_6291_Mesa_3.pdf,0.01,🟢 ESCANEO REAL
RISARALDA,24,001,26,E14_PRE_24_001_002_02_01_026_6280_Mesa_26.pdf,0.11,🟢 ESCANEO REAL
RISARALDA,24,086,11,E14_PRE_24_086_002_04_02_011_6322_Mesa_11.pdf,0.0,🟢 ESCANEO REAL
RISARALDA,24,025,24,E14_PRE_24_025_007_07_01_024_6310_Mesa_24.pdf,0.1,🟢 ESCANEO REAL
RISARALDA,24,025,6,E14_PRE_24_025_002_02_01_006_6307_Mesa_6.pdf,0.01,🟢 ESCANEO REAL
RISARALDA,24,025,13,E14_PRE_24_025_002_02_04_013_6308_Mesa_13.pdf,0.13,🟢 ESCANEO REAL
RISARALDA,24,001,1,E14_PRE_24_001_099_26_49_001_6302_Mesa_1.pdf,0.1,🟢 ESCANEO REAL
RISARALDA,24,001,17,E14_PRE_24_001_010_17_06_017_6297_Mesa_17.pdf,0.16,🟢 ESCANEO REAL
RISARALDA,24,078,14,E14_PRE_24_078_000_00_01_014_6318_Mesa_14.pdf,0.19,🟢 ESCANEO REAL
RISARALDA,24,025,3,E14_PRE_24_025_005_05_03_003_6310_Mesa_3.pdf,0.15,🟢 ESCANEO REAL
RISARALDA,24,025,7,E14_PRE_24_025_004_04_01_007_6309_Mesa_7.pdf,0.15,🟢 ESCANEO REAL
RISARALDA,24,001,13,E14_PRE_24_001_005_06_01_013_6285_Mesa_13.pdf,0.17,🟢 ESCANEO REAL
RISARALDA,24,001,5,E14_PRE_24_001_002_02_02_005_6280_Mesa_5.pdf,0.16,🟢 ESCANEO REAL
RISARALDA,24,001,11,E14_PRE_24_001_011_19_05_011_6299_Mesa_11.pdf,0.0,🟢 ESCANEO REAL
RISARALDA,24,001,2,E14_PRE_24_001_099_28_70_002_6302_Mesa_2.pdf,0.1,🟢 ESCANEO REAL
RISARALDA,24,001,14,E14_PRE_24_001_010_17_04_014_6296_Mesa_14.pdf,0.11,🟢 ESCANEO REAL
RISARALDA,24,025,1,E14_PRE_24_025_002_02_03_001_6307_Mesa_1.pdf,0.0,🟢 ESCANEO REAL
RISARALDA,24,001,18,E14_PRE_24_001_003_04_01_018_6282_Mesa_18.pdf,0.0,🟢 ESCANEO REAL
RISARALDA,24,025,1,E14_PRE_24_025_012_12_01_001_6315_Mesa_1.pdf,0.0,🟢 ESCANEO REAL
RISARALDA,24,001,8,E14_PRE_24_001_003_04_04_008_6283_Mesa_8.pdf,0.25,🟢 ESCANEO REAL
RISARALDA,24,070,15,E14_PRE_24_070_000_00_00_015_2731_Mesa_15.pdf,0.22,🟢 ESCANEO REAL
RISARALDA,24,001,3,E14_PRE_24_001_009_14_05_003_6295_Mesa_3.pdf,0.01,🟢 ESCANEO REAL
RISARALDA,24,025,1,E14_PRE_24_025_009_09_03_001_6312_Mesa_1.pdf,0.01,🟢 ESCANEO REAL
RISARALDA,24,046,5,E14_PRE_24_046_001_00_01_005_6316_Mesa_5.pdf,0.0,🟢 ESCANEO REAL
RISARALDA,24,001,20,E14_PRE_24_001_007_08_02_020_6289_Mesa_20.pdf,0.02,🟢 ESCANEO REAL
RISARALDA,24,021,11,E14_PRE_24_021_000_00_02_011_6305_Mesa_11.pdf,0.03,🟢 ESCANEO REAL
RISARALDA,24,001,9,E14_PRE_24_001_009_13_02_009_6293_Mesa_9.pdf,0.11,🟢 ESCANEO REAL
RISARALDA,24,001,24,E14_PRE_24_001_006_06_02_024_6287_Mesa_24.pdf,0.0,🟢 ESCANEO REAL
RISARALDA,24,001,37,E14_PRE_24_001_010_15_01_037_6294_Mesa_37.pdf,0.76,🟢 ESCANEO REAL
RISARALDA,24,001,22,E14_PRE_24_001_008_11_01_022_6291_Mesa_22.pdf,0.13,🟢 ESCANEO REAL
RISARALDA,24,001,3,E14_PRE_24_001_011_19_04_003_6299_Mesa_3.pdf,0.0,🟢 ESCANEO REAL
RISARALDA,24,001,5,E14_PRE_24_001_001_01_02_005_6279_Mesa_5.pdf,0.04,🟢 ESCANEO REAL
RISARALDA,24,025,25,E14_PRE_24_025_002_02_04_025_6308_Mesa_25.pdf,0.15,🟢 ESCANEO REAL
RISARALDA,24,001,3,E14_PRE_24_001_009_14_04_003_6296_Mesa_3.pdf,0.02,🟢 ESCANEO REAL
RISARALDA,24,001,10,E14_PRE_24_001_005_06_01_010_6285_Mesa_10.pdf,0.12,🟢 ESCANEO REAL
RISARALDA,24,001,36,E14_PRE_24_001_005_06_02_036_6286_Mesa_36.pdf,0.15,🟢 ESCANEO REAL
RISARALDA,24,025,28,E14_PRE_24_025_012_12_02_028_6314_Mesa_28.pdf,0.13,🟢 ESCANEO REAL
RISARALDA,24,001,2,E14_PRE_24_001_010_17_06_002_6297_Mesa_2.pdf,0.1,🟢 ESCANEO REAL
RISARALDA,24,001,25,E14_PRE_24_001_006_06_01_025_6287_Mesa_25.pdf,0.0,🟢 ESCANEO REAL
RISARALDA,24,001,1,E14_PRE_24_001_008_12_05_001_6292_Mesa_1.pdf,0.11,🟢 ESCANEO REAL
RISARALDA,24,001,12,E14_PRE_24_001_099_23_30_012_6301_Mesa_12.pdf,0.26,🟢 ESCANEO REAL
RISARALDA,24,001,6,E14_PRE_24_001_099_30_90_006_6303_Mesa_6.pdf,0.17,🟢 ESCANEO REAL
RISARALDA,24,094,9,E14_PRE_24_094_000_00_00_009_2734_Mesa_9.pdf,0.0,🟢 ESCANEO REAL
RISARALDA,24,001,7,E14_PRE_24_001_099_29_81_007_6303_Mesa_7.pdf,0.17,🟢 ESCANEO REAL
RISARALDA,24,001,4,E14_PRE_24_001_002_02_02_004_6280_Mesa_4.pdf,0.16,🟢 ESCANEO REAL
RISARALDA,24,001,7,E14_PRE_24_001_010_15_05_007_6296_Mesa_7.pdf,0.12,🟢 ESCANEO REAL
RISARALDA,24,001,29,E14_PRE_24_001_011_19_04_029_6299_Mesa_29.pdf,0.0,🟢 ESCANEO REAL
RISARALDA,24,025,20,E14_PRE_24_025_004_04_01_020_6309_Mesa_20.pdf,0.01,🟢 ESCANEO REAL
RISARALDA,24,001,34,E14_PRE_24_001_005_06_02_034_6286_Mesa_34.pdf,0.19,🟢 ESCANEO REAL
RISARALDA,24,086,7,E14_PRE_24_086_001_03_05_007_6321_Mesa_7.pdf,0.15,🟢 ESCANEO REAL
RISARALDA,24,025,11,E14_PRE_24_025_010_10_02_011_6312_Mesa_11.pdf,0.16,🟢 ESCANEO REAL
RISARALDA,24,025,6,E14_PRE_24_025_003_03_01_006_6308_Mesa_6.pdf,0.18,🟢 ESCANEO REAL
RISARALDA,24,001,11,E14_PRE_24_001_007_09_03_011_6290_Mesa_11.pdf,0.0,🟢 ESCANEO REAL
RISARALDA,24,001,15,E14_PRE_24_001_010_17_06_015_6297_Mesa_15.pdf,0.11,🟢 ESCANEO REAL
RISARALDA,24,001,1,E14_PRE_24_001_005_06_01_001_6285_Mesa_1.pdf,0.1,🟢 ESCANEO REAL
RISARALDA,24,025,8,E14_PRE_24_025_002_02_03_008_6307_Mesa_8.pdf,0.01,🟢 ESCANEO REAL
RISARALDA,24,001,20,E14_PRE_24_001_004_05_03_020_6285_Mesa_20.pdf,0.1,🟢 ESCANEO REAL
RISARALDA,24,025,11,E14_PRE_24_025_003_03_03_011_6307_Mesa_11.pdf,0.01,🟢 ESCANEO REAL
RISARALDA,24,021,18,E14_PRE_24_021_000_00_01_018_6304_Mesa_18.pdf,0.3,🟢 ESCANEO REAL
RISARALDA,24,001,4,E14_PRE_24_001_099_25_41_004_6302_Mesa_4.pdf,0.11,🟢 ESCANEO REAL
RISARALDA,24,078,2,E14_PRE_24_078_099_00_14_002_6319_Mesa_2.pdf,0.02,🟢 ESCANEO REAL
RISARALDA,24,001,7,E14_PRE_24_001_099_29_80_007_6303_Mesa_7.pdf,0.03,🟢 ESCANEO REAL
RISARALDA,24,001,2,E14_PRE_24_001_099_23_23_002_6301_Mesa_2.pdf,0.16,🟢 ESCANEO REAL
RISARALDA,24,001,17,E14_PRE_24_001_007_09_03_017_6290_Mesa_17.pdf,0.0,🟢 ESCANEO REAL
RISARALDA,24,086,7,E14_PRE_24_086_002_04_01_007_6321_Mesa_7.pdf,0.0,🟢 ESCANEO REAL
RISARALDA,24,021,29,E14_PRE_24_021_000_00_01_029_6304_Mesa_29.pdf,0.22,🟢 ESCANEO REAL
SAN ANDRES,56,001,27,E14_PRE_56_001_001_00_01_027_6944_Mesa_27.pdf,0.0,🟢 ESCANEO REAL
RISARALDA,24,021,12,E14_PRE_24_021_000_00_02_012_6305_Mesa_12.pdf,0.0,🟢 ESCANEO REAL
RISARALDA,24,070,7,E14_PRE_24_070_099_00_50_007_2731_Mesa_7.pdf,0.21,🟢 ESCANEO REAL
RISARALDA,24,086,4,E14_PRE_24_086_001_02_03_004_6320_Mesa_4.pdf,0.79,🟢 ESCANEO REAL
RISARALDA,24,025,24,E14_PRE_24_025_004_04_01_024_6309_Mesa_24.pdf,0.21,🟢 ESCANEO REAL
SAN ANDRES,56,001,33,E14_PRE_56_001_001_00_01_033_6944_Mesa_33.pdf,0.0,🟢 ESCANEO REAL
SAN ANDRES,56,001,5,E14_PRE_56_001_001_00_01_005_6944_Mesa_5.pdf,0.0,🟢 ESCANEO REAL
SAN ANDRES,56,001,3,E14_PRE_56_001_001_00_01_003_6944_Mesa_3.pdf,0.0,🟢 ESCANEO REAL
SAN ANDRES,56,001,23,E14_PRE_56_001_001_00_02_023_6946_Mesa_23.pdf,0.0,🟢 ESCANEO REAL
SAN ANDRES,56,001,17,E14_PRE_56_001_002_00_01_017_6945_Mesa_17.pdf,0.0,🟢 ESCANEO REAL
SAN ANDRES,56,001,19,E14_PRE_56_001_001_00_02_019_6946_Mesa_19.pdf,0.0,🟢 ESCANEO REAL
SAN ANDRES,56,001,8,E14_PRE_56_001_002_00_01_008_6945_Mesa_8.pdf,0.0,🟢 ESCANEO REAL
SAN ANDRES,56,001,23,E14_PRE_56_001_002_00_03_023_6945_Mesa_23.pdf,0.0,🟢 ESCANEO REAL
SAN ANDRES,56,001,25,E14_PRE_56_001_001_00_01_025_6944_Mesa_25.pdf,0.0,🟢 ESCANEO REAL
SAN ANDRES,56,001,30,E14_PRE_56_001_001_00_01_030_6944_Mesa_30.pdf,0.0,🟢 ESCANEO REAL
SAN ANDRES,56,004,1,E14_PRE_56_004_000_00_00_001_3088_Mesa_1.pdf,0.0,🟢 ESCANEO REAL
SAN ANDRES,56,001,8,E14_PRE_56_001_001_00_01_008_6944_Mesa_8.pdf,0.0,🟢 ESCANEO REAL
SAN ANDRES,56,001,32,E14_PRE_56_001_001_00_01_032_6944_Mesa_32.pdf,0.0,🟢 ESCANEO REAL
SAN ANDRES,56,001,21,E14_PRE_56_001_001_00_01_021_6944_Mesa_21.pdf,0.0,🟢 ESCANEO REAL
SAN ANDRES,56,004,5,E14_PRE_56_004_000_00_00_005_3088_Mesa_5.pdf,0.0,🟢 ESCANEO REAL
SAN ANDRES,56,001,13,E14_PRE_56_001_002_00_03_013_6945_Mesa_13.pdf,0.0,🟢 ESCANEO REAL
SAN ANDRES,56,001,10,E14_PRE_56_001_001_00_01_010_6944_Mesa_10.pdf,0.0,🟢 ESCANEO REAL
SAN ANDRES,56,001,11,E14_PRE_56_001_001_00_01_011_6944_Mesa_11.pdf,0.0,🟢 ESCANEO REAL
SAN ANDRES,56,001,7,E14_PRE_56_001_002_00_01_007_6945_Mesa_7.pdf,0.0,🟢 ESCANEO REAL
SAN ANDRES,56,001,8,E14_PRE_56_001_002_00_02_008_6946_Mesa_8.pdf,0.0,🟢 ESCANEO REAL
SAN ANDRES,56,004,11,E14_PRE_56_004_000_00_00_011_3088_Mesa_11.pdf,0.0,🟢 ESCANEO REAL
SAN ANDRES,56,001,44,E14_PRE_56_001_001_00_01_044_6944_Mesa_44.pdf,0.0,🟢 ESCANEO REAL
SAN ANDRES,56,001,2,E14_PRE_56_001_001_00_03_002_6946_Mesa_2.pdf,0.0,🟢 ESCANEO REAL
SAN ANDRES,56,001,3,E14_PRE_56_001_002_00_01_003_6945_Mesa_3.pdf,0.0,🟢 ESCANEO REAL
SAN ANDRES,56,004,14,E14_PRE_56_004_000_00_00_014_3088_Mesa_14.pdf,0.0,🟢 ESCANEO REAL
SAN ANDRES,56,001,9,E14_PRE_56_001_002_00_03_009_6945_Mesa_9.pdf,0.0,🟢 ESCANEO REAL
SAN ANDRES,56,001,4,E14_PRE_56_001_002_00_03_004_6945_Mesa_4.pdf,0.0,🟢 ESCANEO REAL
SAN ANDRES,56,001,10,E14_PRE_56_001_002_00_01_010_6945_Mesa_10.pdf,0.0,🟢 ESCANEO REAL
SAN ANDRES,56,001,24,E14_PRE_56_001_001_00_02_024_6946_Mesa_24.pdf,0.0,🟢 ESCANEO REAL
SAN ANDRES,56,001,9,E14_PRE_56_001_001_00_02_009_6946_Mesa_9.pdf,0.0,🟢 ESCANEO REAL
SAN ANDRES,56,001,4,E14_PRE_56_001_001_00_02_004_6946_Mesa_4.pdf,0.0,🟢 ESCANEO REAL
SAN ANDRES,56,001,17,E14_PRE_56_001_001_00_01_017_6944_Mesa_17.pdf,0.0,🟢 ESCANEO REAL
SAN ANDRES,56,001,12,E14_PRE_56_001_002_00_03_012_6945_Mesa_12.pdf,0.0,🟢 ESCANEO REAL
SAN ANDRES,56,001,3,E14_PRE_56_001_001_00_03_003_6946_Mesa_3.pdf,0.0,🟢 ESCANEO REAL
SAN ANDRES,56,001,9,E14_PRE_56_001_002_00_02_009_6946_Mesa_9.pdf,0.0,🟢 ESCANEO REAL
SAN ANDRES,56,001,22,E14_PRE_56_001_001_00_01_022_6944_Mesa_22.pdf,0.0,🟢 ESCANEO REAL
SAN ANDRES,56,001,2,E14_PRE_56_001_002_00_02_002_6946_Mesa_2.pdf,0.0,🟢 ESCANEO REAL
SAN ANDRES,56,001,11,E14_PRE_56_001_001_00_02_011_6946_Mesa_11.pdf,0.0,🟢 ESCANEO REAL
SAN ANDRES,56,001,11,E14_PRE_56_001_001_00_03_011_6946_Mesa_11.pdf,0.0,🟢 ESCANEO REAL
SAN ANDRES,56,001,6,E14_PRE_56_001_001_00_01_006_6944_Mesa_6.pdf,0.0,🟢 ESCANEO REAL
SAN ANDRES,56,001,38,E14_PRE_56_001_001_00_01_038_6944_Mesa_38.pdf,0.0,🟢 ESCANEO REAL
SAN ANDRES,56,001,21,E14_PRE_56_001_002_00_03_021_6945_Mesa_21.pdf,0.0,🟢 ESCANEO REAL
SAN ANDRES,56,001,27,E14_PRE_56_001_002_00_03_027_6945_Mesa_27.pdf,0.0,🟢 ESCANEO REAL
SAN ANDRES,56,004,8,E14_PRE_56_004_000_00_00_008_3088_Mesa_8.pdf,0.0,🟢 ESCANEO REAL
SAN ANDRES,56,001,15,E14_PRE_56_001_002_00_03_015_6945_Mesa_15.pdf,0.0,🟢 ESCANEO REAL
SAN ANDRES,56,001,39,E14_PRE_56_001_001_00_01_039_6944_Mesa_39.pdf,0.0,🟢 ESCANEO REAL
SAN ANDRES,56,001,1,E14_PRE_56_001_001_00_03_001_6946_Mesa_1.pdf,0.0,🟢 ESCANEO REAL
SAN ANDRES,56,001,6,E14_PRE_56_001_001_00_02_006_6946_Mesa_6.pdf,0.0,🟢 ESCANEO REAL
SAN ANDRES,56,004,6,E14_PRE_56_004_000_00_00_006_3088_Mesa_6.pdf,0.0,🟢 ESCANEO REAL
SAN ANDRES,56,001,21,E14_PRE_56_001_001_00_02_021_6946_Mesa_21.pdf,0.0,🟢 ESCANEO REAL
SAN ANDRES,56,001,2,E14_PRE_56_001_002_00_01_002_6945_Mesa_2.pdf,0.0,🟢 ESCANEO REAL
SAN ANDRES,56,001,34,E14_PRE_56_001_001_00_01_034_6944_Mesa_34.pdf,0.0,🟢 ESCANEO REAL
SAN ANDRES,56,001,18,E14_PRE_56_001_001_00_01_018_6944_Mesa_18.pdf,0.0,🟢 ESCANEO REAL
SAN ANDRES,56,001,18,E14_PRE_56_001_001_00_02_018_6946_Mesa_18.pdf,0.0,🟢 ESCANEO REAL
SAN ANDRES,56,001,1,E14_PRE_56_001_098_00_01_001_6944_Mesa_1.pdf,0.04,🟢 ESCANEO REAL
SAN ANDRES,56,001,15,E14_PRE_56_001_001_00_01_015_6944_Mesa_15.pdf,0.0,🟢 ESCANEO REAL
SAN ANDRES,56,001,16,E14_PRE_56_001_001_00_01_016_6944_Mesa_16.pdf,0.0,🟢 ESCANEO REAL
SAN ANDRES,56,001,10,E14_PRE_56_001_002_00_02_010_6946_Mesa_10.pdf,0.0,🟢 ESCANEO REAL
SAN ANDRES,56,001,6,E14_PRE_56_001_002_00_03_006_6945_Mesa_6.pdf,0.0,🟢 ESCANEO REAL
SAN ANDRES,56,001,5,E14_PRE_56_001_001_00_02_005_6946_Mesa_5.pdf,0.0,🟢 ESCANEO REAL
SAN ANDRES,56,001,12,E14_PRE_56_001_001_00_01_012_6944_Mesa_12.pdf,0.0,🟢 ESCANEO REAL
SAN ANDRES,56,001,6,E14_PRE_56_001_002_00_02_006_6946_Mesa_6.pdf,0.0,🟢 ESCANEO REAL
SAN ANDRES,56,001,7,E14_PRE_56_001_001_00_03_007_6946_Mesa_7.pdf,0.0,🟢 ESCANEO REAL
SAN ANDRES,56,001,22,E14_PRE_56_001_002_00_03_022_6945_Mesa_22.pdf,0.0,🟢 ESCANEO REAL
SAN ANDRES,56,001,10,E14_PRE_56_001_002_00_03_010_6945_Mesa_10.pdf,0.0,🟢 ESCANEO REAL
SAN ANDRES,56,001,25,E14_PRE_56_001_002_00_03_025_6945_Mesa_25.pdf,0.0,🟢 ESCANEO REAL
SAN ANDRES,56,001,7,E14_PRE_56_001_001_00_01_007_6944_Mesa_7.pdf,0.0,🟢 ESCANEO REAL
SAN ANDRES,56,001,29,E14_PRE_56_001_001_00_01_029_6944_Mesa_29.pdf,0.0,🟢 ESCANEO REAL
SAN ANDRES,56,001,4,E14_PRE_56_001_002_00_02_004_6946_Mesa_4.pdf,0.0,🟢 ESCANEO REAL
SAN ANDRES,56,001,2,E14_PRE_56_001_001_00_02_002_6946_Mesa_2.pdf,0.0,🟢 ESCANEO REAL
SAN ANDRES,56,001,3,E14_PRE_56_001_002_00_03_003_6945_Mesa_3.pdf,0.0,🟢 ESCANEO REAL
SAN ANDRES,56,001,12,E14_PRE_56_001_001_00_03_012_6946_Mesa_12.pdf,0.0,🟢 ESCANEO REAL
SAN ANDRES,56,001,41,E14_PRE_56_001_001_00_01_041_6944_Mesa_41.pdf,0.0,🟢 ESCANEO REAL
SAN ANDRES,56,001,19,E14_PRE_56_001_001_00_01_019_6944_Mesa_19.pdf,0.0,🟢 ESCANEO REAL
SAN ANDRES,56,001,12,E14_PRE_56_001_001_00_02_012_6946_Mesa_12.pdf,0.0,🟢 ESCANEO REAL
SAN ANDRES,56,001,3,E14_PRE_56_001_002_00_02_003_6946_Mesa_3.pdf,0.0,🟢 ESCANEO REAL
SAN ANDRES,56,001,8,E14_PRE_56_001_002_00_03_008_6945_Mesa_8.pdf,0.0,🟢 ESCANEO REAL
SAN ANDRES,56,001,7,E14_PRE_56_001_002_00_03_007_6945_Mesa_7.pdf,0.0,🟢 ESCANEO REAL
SAN ANDRES,56,001,28,E14_PRE_56_001_002_00_03_028_6945_Mesa_28.pdf,0.0,🟢 ESCANEO REAL
SAN ANDRES,56,001,15,E14_PRE_56_001_002_00_01_015_6945_Mesa_15.pdf,0.0,🟢 ESCANEO REAL
SAN ANDRES,56,001,24,E14_PRE_56_001_001_00_01_024_6944_Mesa_24.pdf,0.0,🟢 ESCANEO REAL
SAN ANDRES,56,001,14,E14_PRE_56_001_002_00_01_014_6945_Mesa_14.pdf,0.0,🟢 ESCANEO REAL
SAN ANDRES,56,001,13,E14_PRE_56_001_001_00_01_013_6944_Mesa_13.pdf,0.0,🟢 ESCANEO REAL
SAN ANDRES,56,001,1,E14_PRE_56_001_002_00_01_001_6945_Mesa_1.pdf,0.0,🟢 ESCANEO REAL
SAN ANDRES,56,004,4,E14_PRE_56_004_000_00_00_004_3088_Mesa_4.pdf,0.0,🟢 ESCANEO REAL
SAN ANDRES,56,001,43,E14_PRE_56_001_001_00_01_043_6944_Mesa_43.pdf,0.0,🟢 ESCANEO REAL
SAN ANDRES,56,001,42,E14_PRE_56_001_001_00_01_042_6944_Mesa_42.pdf,0.0,🟢 ESCANEO REAL
SAN ANDRES,56,001,4,E14_PRE_56_001_001_00_01_004_6944_Mesa_4.pdf,0.0,🟢 ESCANEO REAL
SAN ANDRES,56,001,40,E14_PRE_56_001_001_00_01_040_6944_Mesa_40.pdf,0.0,🟢 ESCANEO REAL
SAN ANDRES,56,001,4,E14_PRE_56_001_002_00_01_004_6945_Mesa_4.pdf,0.0,🟢 ESCANEO REAL
SAN ANDRES,56,001,1,E14_PRE_56_001_002_00_02_001_6946_Mesa_1.pdf,0.0,🟢 ESCANEO REAL
SAN ANDRES,56,001,16,E14_PRE_56_001_002_00_03_016_6945_Mesa_16.pdf,0.0,🟢 ESCANEO REAL
SAN ANDRES,56,001,16,E14_PRE_56_001_001_00_02_016_6946_Mesa_16.pdf,0.0,🟢 ESCANEO REAL
SAN ANDRES,56,001,2,E14_PRE_56_001_001_00_01_002_6944_Mesa_2.pdf,0.0,🟢 ESCANEO REAL
SAN ANDRES,56,001,11,E14_PRE_56_001_002_00_01_011_6945_Mesa_11.pdf,0.0,🟢 ESCANEO REAL
SAN ANDRES,56,001,7,E14_PRE_56_001_001_00_02_007_6946_Mesa_7.pdf,0.0,🟢 ESCANEO REAL
SAN ANDRES,56,001,16,E14_PRE_56_001_002_00_01_016_6945_Mesa_16.pdf,0.0,🟢 ESCANEO REAL
SAN ANDRES,56,001,26,E14_PRE_56_001_002_00_03_026_6945_Mesa_26.pdf,0.0,🟢 ESCANEO REAL
SANTANDER,27,001,25,E14_PRE_27_001_011_10_02_025_6436_Mesa_25.pdf,7.18,🔴 DEEPFAKE SINTÉTICO
SAN ANDRES,56,001,8,E14_PRE_56_001_001_00_02_008_6946_Mesa_8.pdf,0.0,🟢 ESCANEO REAL
SANTANDER,27,160,3,E14_PRE_27_160_099_00_16_003_6493_Mesa_3.pdf,4.9,🔴 DEEPFAKE SINTÉTICO
SANTANDER,27,001,17,E14_PRE_27_001_005_04_01_017_6427_Mesa_17.pdf,0.0,🟢 ESCANEO REAL
SANTANDER,27,091,6,E14_PRE_27_091_002_00_01_006_6477_Mesa_6.pdf,13.54,🔴 DEEPFAKE SINTÉTICO
SANTANDER,27,160,1,E14_PRE_27_160_002_00_01_001_6487_Mesa_1.pdf,5.57,🔴 DEEPFAKE SINTÉTICO
SANTANDER,27,001,18,E14_PRE_27_001_002_02_02_018_6421_Mesa_18.pdf,0.0,🟢 ESCANEO REAL
SANTANDER,27,019,10,E14_PRE_27_019_002_02_02_010_6450_Mesa_10.pdf,15.55,🔴 DEEPFAKE SINTÉTICO
SANTANDER,27,001,5,E14_PRE_27_001_007_06_01_005_6429_Mesa_5.pdf,0.0,🟢 ESCANEO REAL
SANTANDER,27,082,7,E14_PRE_27_082_004_04_05_007_6469_Mesa_7.pdf,2.08,🔴 DEEPFAKE SINTÉTICO
SANTANDER,27,193,1,E14_PRE_27_193_099_00_10_001_6504_Mesa_1.pdf,0.0,🟢 ESCANEO REAL
SANTANDER,27,082,3,E14_PRE_27_082_004_04_03_003_6468_Mesa_3.pdf,3.65,🔴 DEEPFAKE SINTÉTICO
SANTANDER,27,160,8,E14_PRE_27_160_004_00_02_008_6490_Mesa_8.pdf,4.15,🔴 DEEPFAKE SINTÉTICO
SANTANDER,27,091,1,E14_PRE_27_091_001_00_04_001_6475_Mesa_1.pdf,0.83,🟢 ESCANEO REAL
SANTANDER,27,174,12,E14_PRE_27_174_002_00_01_012_6499_Mesa_12.pdf,4.34,🔴 DEEPFAKE SINTÉTICO
SANTANDER,27,001,8,E14_PRE_27_001_003_03_01_008_6422_Mesa_8.pdf,0.0,🟢 ESCANEO REAL
SANTANDER,27,001,10,E14_PRE_27_001_013_12_01_010_6438_Mesa_10.pdf,0.0,🟢 ESCANEO REAL
SANTANDER,27,001,8,E14_PRE_27_001_002_02_02_008_6421_Mesa_8.pdf,0.0,🟢 ESCANEO REAL
SANTANDER,27,220,9,E14_PRE_27_220_000_00_01_009_2871_Mesa_9.pdf,2.44,🔴 DEEPFAKE SINTÉTICO
SANTANDER,27,172,16,E14_PRE_27_172_000_00_02_016_6496_Mesa_16.pdf,0.0,🟢 ESCANEO REAL
SANTANDER,27,172,6,E14_PRE_27_172_000_00_02_006_6496_Mesa_6.pdf,0.0,🟢 ESCANEO REAL
SANTANDER,27,082,18,E14_PRE_27_082_008_08_02_018_6474_Mesa_18.pdf,28.37,🔴 DEEPFAKE SINTÉTICO
SANTANDER,27,001,4,E14_PRE_27_001_005_04_05_004_6429_Mesa_4.pdf,0.0,🟢 ESCANEO REAL
SANTANDER,27,160,6,E14_PRE_27_160_005_00_04_006_6492_Mesa_6.pdf,4.14,🔴 DEEPFAKE SINTÉTICO
SANTANDER,27,001,5,E14_PRE_27_001_019_17_03_005_6429_Mesa_5.pdf,0.0,🟢 ESCANEO REAL
SANTANDER,27,013,14,E14_PRE_27_013_002_00_01_014_6448_Mesa_14.pdf,12.0,🔴 DEEPFAKE SINTÉTICO
SANTANDER,27,061,23,E14_PRE_27_061_000_00_00_023_2808_Mesa_23.pdf,0.0,🟢 ESCANEO REAL
SANTANDER,27,001,10,E14_PRE_27_001_001_01_06_010_6419_Mesa_10.pdf,0.0,🟢 ESCANEO REAL
SANTANDER,27,001,31,E14_PRE_27_001_005_04_01_031_6427_Mesa_31.pdf,0.0,🟢 ESCANEO REAL
SANTANDER,27,071,2,E14_PRE_27_071_000_00_00_002_2812_Mesa_2.pdf,55.41,🔴 DEEPFAKE SINTÉTICO
SANTANDER,27,174,7,E14_PRE_27_174_002_00_02_007_6499_Mesa_7.pdf,2.82,🔴 DEEPFAKE SINTÉTICO
SANTANDER,27,019,13,E14_PRE_27_019_006_06_02_013_6456_Mesa_13.pdf,15.74,🔴 DEEPFAKE SINTÉTICO
SANTANDER,27,160,18,E14_PRE_27_160_002_00_03_018_6488_Mesa_18.pdf,3.37,🔴 DEEPFAKE SINTÉTICO
SANTANDER,27,082,6,E14_PRE_27_082_002_02_01_006_6465_Mesa_6.pdf,5.56,🔴 DEEPFAKE SINTÉTICO
SANTANDER,27,082,11,E14_PRE_27_082_008_08_01_011_6472_Mesa_11.pdf,2.51,🔴 DEEPFAKE SINTÉTICO
SANTANDER,27,160,3,E14_PRE_27_160_002_00_01_003_6487_Mesa_3.pdf,6.52,🔴 DEEPFAKE SINTÉTICO
SANTANDER,27,174,18,E14_PRE_27_174_002_00_01_018_6499_Mesa_18.pdf,2.61,🔴 DEEPFAKE SINTÉTICO
SANTANDER,27,199,3,E14_PRE_27_199_001_00_01_003_6505_Mesa_3.pdf,5.08,🔴 DEEPFAKE SINTÉTICO
SANTANDER,27,082,12,E14_PRE_27_082_004_04_01_012_6468_Mesa_12.pdf,4.86,🔴 DEEPFAKE SINTÉTICO
SANTANDER,27,001,24,E14_PRE_27_001_015_13_02_024_6440_Mesa_24.pdf,2.48,🔴 DEEPFAKE SINTÉTICO
SANTANDER,27,001,1,E14_PRE_27_001_004_03_02_001_6425_Mesa_1.pdf,0.0,🟢 ESCANEO REAL
SANTANDER,27,091,11,E14_PRE_27_091_001_00_01_011_6475_Mesa_11.pdf,0.13,🟢 ESCANEO REAL
SANTANDER,27,080,3,E14_PRE_27_080_000_00_00_003_2818_Mesa_3.pdf,0.0,🟢 ESCANEO REAL
SANTANDER,27,142,10,E14_PRE_27_142_000_00_00_010_2841_Mesa_10.pdf,0.0,🟢 ESCANEO REAL
SANTANDER,27,019,3,E14_PRE_27_019_003_03_05_003_6453_Mesa_3.pdf,39.09,🔴 DEEPFAKE SINTÉTICO
SANTANDER,27,019,6,E14_PRE_27_019_001_01_02_006_6449_Mesa_6.pdf,37.83,🔴 DEEPFAKE SINTÉTICO
SANTANDER,27,160,7,E14_PRE_27_160_001_00_02_007_6486_Mesa_7.pdf,3.62,🔴 DEEPFAKE SINTÉTICO
SANTANDER,27,199,3,E14_PRE_27_199_002_00_02_003_6506_Mesa_3.pdf,0.12,🟢 ESCANEO REAL
SANTANDER,27,082,21,E14_PRE_27_082_002_02_05_021_6466_Mesa_21.pdf,2.67,🔴 DEEPFAKE SINTÉTICO
SANTANDER,27,181,10,E14_PRE_27_181_002_00_02_010_6500_Mesa_10.pdf,5.04,🔴 DEEPFAKE SINTÉTICO
SANTANDER,27,082,21,E14_PRE_27_082_007_07_03_021_6474_Mesa_21.pdf,30.93,🔴 DEEPFAKE SINTÉTICO
SANTANDER,27,160,1,E14_PRE_27_160_001_00_01_001_6486_Mesa_1.pdf,3.79,🔴 DEEPFAKE SINTÉTICO
SANTANDER,27,160,36,E14_PRE_27_160_003_00_01_036_6489_Mesa_36.pdf,27.62,🔴 DEEPFAKE SINTÉTICO
SANTANDER,27,082,13,E14_PRE_27_082_007_07_03_013_6474_Mesa_13.pdf,28.18,🔴 DEEPFAKE SINTÉTICO
SANTANDER,27,193,6,E14_PRE_27_193_000_00_02_006_6504_Mesa_6.pdf,0.06,🟢 ESCANEO REAL
SANTANDER,27,091,11,E14_PRE_27_091_003_00_02_011_6476_Mesa_11.pdf,13.28,🔴 DEEPFAKE SINTÉTICO
SANTANDER,27,160,3,E14_PRE_27_160_005_00_02_003_6491_Mesa_3.pdf,0.58,🟢 ESCANEO REAL
SANTANDER,27,013,13,E14_PRE_27_013_002_00_02_013_6448_Mesa_13.pdf,12.52,🔴 DEEPFAKE SINTÉTICO
SANTANDER,27,217,3,E14_PRE_27_217_000_00_00_003_2869_Mesa_3.pdf,0.0,🟢 ESCANEO REAL
SANTANDER,27,195,1,E14_PRE_27_195_099_00_45_001_2862_Mesa_1.pdf,0.0,🟢 ESCANEO REAL
SANTANDER,27,220,1,E14_PRE_27_220_099_01_03_001_2871_Mesa_1.pdf,0.89,🟢 ESCANEO REAL
SANTANDER,27,001,10,E14_PRE_27_001_011_10_01_010_6434_Mesa_10.pdf,0.0,🟢 ESCANEO REAL
SANTANDER,27,001,25,E14_PRE_27_001_019_17_01_025_6446_Mesa_25.pdf,12.51,🔴 DEEPFAKE SINTÉTICO
SANTANDER,27,181,1,E14_PRE_27_181_001_00_04_001_6502_Mesa_1.pdf,1.61,🔴 DEEPFAKE SINTÉTICO
SANTANDER,27,013,9,E14_PRE_27_013_001_00_02_009_6447_Mesa_9.pdf,7.86,🔴 DEEPFAKE SINTÉTICO
SANTANDER,27,019,2,E14_PRE_27_019_099_08_A1_002_6458_Mesa_2.pdf,9.16,🔴 DEEPFAKE SINTÉTICO
SANTANDER,27,187,4,E14_PRE_27_187_000_00_00_004_2858_Mesa_4.pdf,0.0,🟢 ESCANEO REAL
SANTANDER,27,160,19,E14_PRE_27_160_005_00_03_019_6491_Mesa_19.pdf,1.03,🔴 DEEPFAKE SINTÉTICO
SANTANDER,27,001,32,E14_PRE_27_001_003_03_02_032_6423_Mesa_32.pdf,0.0,🟢 ESCANEO REAL
SANTANDER,27,082,3,E14_PRE_27_082_006_06_04_003_6473_Mesa_3.pdf,0.0,🟢 ESCANEO REAL
SANTANDER,27,082,13,E14_PRE_27_082_002_02_03_013_6464_Mesa_13.pdf,0.95,🟢 ESCANEO REAL
SANTANDER,27,169,15,E14_PRE_27_169_000_00_02_015_6495_Mesa_15.pdf,3.77,🔴 DEEPFAKE SINTÉTICO
SANTANDER,27,094,7,E14_PRE_27_094_000_00_00_007_2823_Mesa_7.pdf,0.0,🟢 ESCANEO REAL
SANTANDER,27,082,9,E14_PRE_27_082_003_03_02_009_6466_Mesa_9.pdf,4.25,🔴 DEEPFAKE SINTÉTICO
SANTANDER,27,001,10,E14_PRE_27_001_011_10_04_010_6435_Mesa_10.pdf,0.0,🟢 ESCANEO REAL
SANTANDER,27,082,3,E14_PRE_27_082_002_02_02_003_6467_Mesa_3.pdf,12.28,🔴 DEEPFAKE SINTÉTICO
SANTANDER,27,019,3,E14_PRE_27_019_099_10_06_003_6459_Mesa_3.pdf,20.96,🔴 DEEPFAKE SINTÉTICO
SANTANDER,27,007,2,E14_PRE_27_007_000_00_00_002_2789_Mesa_2.pdf,0.0,🟢 ESCANEO REAL
SANTANDER,27,160,16,E14_PRE_27_160_004_00_01_016_6490_Mesa_16.pdf,4.25,🔴 DEEPFAKE SINTÉTICO
SANTANDER,27,082,2,E14_PRE_27_082_008_08_03_002_6471_Mesa_2.pdf,7.12,🔴 DEEPFAKE SINTÉTICO
SANTANDER,27,082,37,E14_PRE_27_082_001_01_01_037_6462_Mesa_37.pdf,0.0,🟢 ESCANEO REAL
SANTANDER,27,013,6,E14_PRE_27_013_002_00_03_006_6448_Mesa_6.pdf,18.28,🔴 DEEPFAKE SINTÉTICO
SANTANDER,27,034,10,E14_PRE_27_034_000_00_00_010_2798_Mesa_10.pdf,0.0,🟢 ESCANEO REAL
SANTANDER,27,160,11,E14_PRE_27_160_002_00_03_011_6488_Mesa_11.pdf,4.12,🔴 DEEPFAKE SINTÉTICO
SANTANDER,27,181,13,E14_PRE_27_181_002_00_02_013_6500_Mesa_13.pdf,2.38,🔴 DEEPFAKE SINTÉTICO
SANTANDER,27,001,1,E14_PRE_27_001_006_05_02_001_6426_Mesa_1.pdf,0.0,🟢 ESCANEO REAL
SANTANDER,27,127,4,E14_PRE_27_127_000_00_00_004_2836_Mesa_4.pdf,0.0,🟢 ESCANEO REAL
SANTANDER,27,028,4,E14_PRE_27_028_000_00_00_004_2796_Mesa_4.pdf,0.0,🟢 ESCANEO REAL
SANTANDER,27,076,4,E14_PRE_27_076_000_00_00_004_2816_Mesa_4.pdf,0.0,🟢 ESCANEO REAL
SANTANDER,27,091,15,E14_PRE_27_091_001_00_05_015_6482_Mesa_15.pdf,5.26,🔴 DEEPFAKE SINTÉTICO
SANTANDER,27,199,5,E14_PRE_27_199_002_00_01_005_6506_Mesa_5.pdf,0.46,🟢 ESCANEO REAL
SANTANDER,27,169,1,E14_PRE_27_169_099_00_07_001_6494_Mesa_1.pdf,15.44,🔴 DEEPFAKE SINTÉTICO
SANTANDER,27,082,3,E14_PRE_27_082_001_01_01_003_6462_Mesa_3.pdf,0.0,🟢 ESCANEO REAL
SANTANDER,27,082,23,E14_PRE_27_082_001_01_01_023_6462_Mesa_23.pdf,0.0,🟢 ESCANEO REAL
SANTANDER,27,001,22,E14_PRE_27_001_003_03_03_022_6424_Mesa_22.pdf,0.0,🟢 ESCANEO REAL
SANTANDER,27,121,1,E14_PRE_27_121_099_00_39_001_6485_Mesa_1.pdf,25.32,🔴 DEEPFAKE SINTÉTICO
SANTANDER,27,001,15,E14_PRE_27_001_004_03_03_015_6426_Mesa_15.pdf,0.0,🟢 ESCANEO REAL
SANTANDER,27,174,15,E14_PRE_27_174_001_00_02_015_6498_Mesa_15.pdf,13.91,🔴 DEEPFAKE SINTÉTICO
SANTANDER,27,220,14,E14_PRE_27_220_000_00_01_014_2871_Mesa_14.pdf,3.24,🔴 DEEPFAKE SINTÉTICO
SUCRE,28,220,1,E14_PRE_28_220_099_00_94_001_6538_Mesa_1.pdf,0.0,🟢 ESCANEO REAL
SANTANDER,27,019,3,E14_PRE_27_019_002_02_06_003_6451_Mesa_3.pdf,5.43,🔴 DEEPFAKE SINTÉTICO
SUCRE,28,060,1,E14_PRE_28_060_099_00_37_001_6525_Mesa_1.pdf,0.0,🟢 ESCANEO REAL
SUCRE,28,001,26,E14_PRE_28_001_001_02_03_026_6508_Mesa_26.pdf,0.0,🟢 ESCANEO REAL
SANTANDER,27,001,4,E14_PRE_27_001_005_04_01_004_6427_Mesa_4.pdf,0.0,🟢 ESCANEO REAL
SUCRE,28,001,4,E14_PRE_28_001_090_00_01_004_6517_Mesa_4.pdf,0.0,🟢 ESCANEO REAL
SUCRE,28,030,6,E14_PRE_28_030_000_00_00_006_2877_Mesa_6.pdf,0.0,🟢 ESCANEO REAL
SUCRE,28,001,21,E14_PRE_28_001_005_07_03_021_6514_Mesa_21.pdf,0.0,🟢 ESCANEO REAL
SUCRE,28,300,4,E14_PRE_28_300_099_00_89_004_6543_Mesa_4.pdf,0.0,🟢 ESCANEO REAL
SUCRE,28,160,1,E14_PRE_28_160_099_00_49_001_6530_Mesa_1.pdf,0.0,🟢 ESCANEO REAL
SUCRE,28,240,15,E14_PRE_28_240_000_00_00_015_2895_Mesa_15.pdf,0.0,🟢 ESCANEO REAL
SUCRE,28,200,1,E14_PRE_28_200_001_00_02_001_6533_Mesa_1.pdf,0.0,🟢 ESCANEO REAL
SUCRE,28,200,5,E14_PRE_28_200_001_00_02_005_6533_Mesa_5.pdf,0.0,🟢 ESCANEO REAL
SUCRE,28,040,11,E14_PRE_28_040_001_00_04_011_6521_Mesa_11.pdf,0.0,🟢 ESCANEO REAL
SUCRE,28,001,18,E14_PRE_28_001_003_04_01_018_6510_Mesa_18.pdf,0.0,🟢 ESCANEO REAL
SUCRE,28,200,1,E14_PRE_28_200_099_00_63_001_6535_Mesa_1.pdf,0.0,🟢 ESCANEO REAL
SUCRE,28,001,3,E14_PRE_28_001_005_07_03_003_6514_Mesa_3.pdf,0.0,🟢 ESCANEO REAL
SUCRE,28,080,22,E14_PRE_28_080_000_00_00_022_2887_Mesa_22.pdf,0.0,🟢 ESCANEO REAL
SUCRE,28,220,8,E14_PRE_28_220_002_00_01_008_6536_Mesa_8.pdf,0.0,🟢 ESCANEO REAL
SUCRE,28,220,2,E14_PRE_28_220_099_00_40_002_6537_Mesa_2.pdf,0.0,🟢 ESCANEO REAL
SUCRE,28,040,9,E14_PRE_28_040_001_00_01_009_6519_Mesa_9.pdf,0.0,🟢 ESCANEO REAL
SUCRE,28,050,2,E14_PRE_28_050_099_00_50_002_2884_Mesa_2.pdf,0.0,🟢 ESCANEO REAL
SUCRE,28,280,1,E14_PRE_28_280_099_00_70_001_6542_Mesa_1.pdf,0.0,🟢 ESCANEO REAL
SUCRE,28,190,22,E14_PRE_28_190_000_00_00_022_2892_Mesa_22.pdf,0.0,🟢 ESCANEO REAL
SUCRE,28,040,1,E14_PRE_28_040_099_00_70_001_6521_Mesa_1.pdf,0.0,🟢 ESCANEO REAL
SUCRE,28,001,27,E14_PRE_28_001_002_03_03_027_6510_Mesa_27.pdf,0.0,🟢 ESCANEO REAL
SUCRE,28,040,2,E14_PRE_28_040_099_00_55_002_6521_Mesa_2.pdf,0.01,🟢 ESCANEO REAL
SUCRE,28,001,14,E14_PRE_28_001_001_02_04_014_6508_Mesa_14.pdf,0.0,🟢 ESCANEO REAL
SUCRE,28,001,3,E14_PRE_28_001_001_02_02_003_6507_Mesa_3.pdf,0.0,🟢 ESCANEO REAL
SUCRE,28,280,6,E14_PRE_28_280_000_00_00_006_6541_Mesa_6.pdf,0.0,🟢 ESCANEO REAL
SUCRE,28,160,1,E14_PRE_28_160_099_00_10_001_6528_Mesa_1.pdf,0.0,🟢 ESCANEO REAL
SUCRE,28,200,10,E14_PRE_28_200_001_00_02_010_6533_Mesa_10.pdf,0.0,🟢 ESCANEO REAL
SUCRE,28,100,31,E14_PRE_28_100_000_00_00_031_6526_Mesa_31.pdf,0.0,🟢 ESCANEO REAL
SUCRE,28,001,1,E14_PRE_28_001_003_04_03_001_6511_Mesa_1.pdf,0.0,🟢 ESCANEO REAL
SUCRE,28,001,26,E14_PRE_28_001_003_04_01_026_6510_Mesa_26.pdf,0.0,🟢 ESCANEO REAL
SUCRE,28,049,24,E14_PRE_28_049_000_00_00_024_2883_Mesa_24.pdf,0.0,🟢 ESCANEO REAL
SUCRE,28,001,19,E14_PRE_28_001_001_02_02_019_6507_Mesa_19.pdf,0.0,🟢 ESCANEO REAL
SUCRE,28,049,12,E14_PRE_28_049_000_00_00_012_2883_Mesa_12.pdf,0.0,🟢 ESCANEO REAL
SUCRE,28,080,8,E14_PRE_28_080_000_00_00_008_2887_Mesa_8.pdf,0.0,🟢 ESCANEO REAL
SUCRE,28,100,37,E14_PRE_28_100_000_00_00_037_6526_Mesa_37.pdf,0.0,🟢 ESCANEO REAL
SUCRE,28,220,11,E14_PRE_28_220_001_00_03_011_6536_Mesa_11.pdf,0.0,🟢 ESCANEO REAL
SUCRE,28,001,5,E14_PRE_28_001_002_03_03_005_6509_Mesa_5.pdf,0.0,🟢 ESCANEO REAL
SUCRE,28,049,1,E14_PRE_28_049_099_00_90_001_2883_Mesa_1.pdf,0.0,🟢 ESCANEO REAL
SUCRE,28,001,21,E14_PRE_28_001_001_02_02_021_6507_Mesa_21.pdf,0.0,🟢 ESCANEO REAL
SUCRE,28,042,8,E14_PRE_28_042_000_00_00_008_2880_Mesa_8.pdf,0.0,🟢 ESCANEO REAL
SUCRE,28,001,8,E14_PRE_28_001_006_09_03_008_6516_Mesa_8.pdf,0.0,🟢 ESCANEO REAL
SUCRE,28,060,2,E14_PRE_28_060_099_00_66_002_6525_Mesa_2.pdf,0.0,🟢 ESCANEO REAL
SUCRE,28,300,11,E14_PRE_28_300_002_00_01_011_6544_Mesa_11.pdf,0.0,🟢 ESCANEO REAL
SUCRE,28,001,6,E14_PRE_28_001_001_02_04_006_6508_Mesa_6.pdf,0.0,🟢 ESCANEO REAL
SUCRE,28,001,2,E14_PRE_28_001_099_13_98_002_6518_Mesa_2.pdf,0.0,🟢 ESCANEO REAL
SUCRE,28,190,6,E14_PRE_28_190_000_00_00_006_2892_Mesa_6.pdf,0.0,🟢 ESCANEO REAL
SUCRE,28,001,9,E14_PRE_28_001_001_02_02_009_6507_Mesa_9.pdf,0.0,🟢 ESCANEO REAL
SUCRE,28,100,1,E14_PRE_28_100_099_00_22_001_6527_Mesa_1.pdf,0.0,🟢 ESCANEO REAL
SUCRE,28,220,2,E14_PRE_28_220_099_00_29_002_6537_Mesa_2.pdf,0.0,🟢 ESCANEO REAL
SUCRE,28,100,1,E14_PRE_28_100_099_00_46_001_6527_Mesa_1.pdf,0.0,🟢 ESCANEO REAL
SUCRE,28,001,17,E14_PRE_28_001_006_08_02_017_6516_Mesa_17.pdf,0.0,🟢 ESCANEO REAL
SUCRE,28,160,5,E14_PRE_28_160_002_00_02_005_6529_Mesa_5.pdf,0.0,🟢 ESCANEO REAL
SUCRE,28,200,2,E14_PRE_28_200_099_00_95_002_6535_Mesa_2.pdf,0.0,🟢 ESCANEO REAL
SUCRE,28,001,9,E14_PRE_28_001_004_06_04_009_6512_Mesa_9.pdf,0.0,🟢 ESCANEO REAL
SUCRE,28,001,16,E14_PRE_28_001_002_03_02_016_6509_Mesa_16.pdf,0.0,🟢 ESCANEO REAL
SUCRE,28,190,2,E14_PRE_28_190_099_00_05_002_2892_Mesa_2.pdf,0.0,🟢 ESCANEO REAL
SUCRE,28,010,23,E14_PRE_28_010_000_00_00_023_2875_Mesa_23.pdf,0.0,🟢 ESCANEO REAL
SUCRE,28,190,11,E14_PRE_28_190_000_00_00_011_2892_Mesa_11.pdf,0.0,🟢 ESCANEO REAL
SUCRE,28,001,1,E14_PRE_28_001_099_13_90_001_6518_Mesa_1.pdf,0.0,🟢 ESCANEO REAL
SUCRE,28,160,10,E14_PRE_28_160_001_00_01_010_6528_Mesa_10.pdf,0.0,🟢 ESCANEO REAL
SUCRE,28,049,2,E14_PRE_28_049_099_00_50_002_2883_Mesa_2.pdf,0.0,🟢 ESCANEO REAL
SUCRE,28,190,20,E14_PRE_28_190_000_00_00_020_2892_Mesa_20.pdf,0.0,🟢 ESCANEO REAL
SUCRE,28,200,6,E14_PRE_28_200_099_00_88_006_6535_Mesa_6.pdf,0.0,🟢 ESCANEO REAL
SUCRE,28,040,15,E14_PRE_28_040_001_00_01_015_6519_Mesa_15.pdf,0.0,🟢 ESCANEO REAL
SUCRE,28,001,11,E14_PRE_28_001_005_07_01_011_6513_Mesa_11.pdf,0.0,🟢 ESCANEO REAL
SUCRE,28,160,2,E14_PRE_28_160_099_00_41_002_6530_Mesa_2.pdf,0.0,🟢 ESCANEO REAL
SUCRE,28,160,3,E14_PRE_28_160_099_00_50_003_6530_Mesa_3.pdf,0.0,🟢 ESCANEO REAL
SUCRE,28,280,15,E14_PRE_28_280_000_00_00_015_6541_Mesa_15.pdf,0.0,🟢 ESCANEO REAL
SUCRE,28,300,7,E14_PRE_28_300_002_00_02_007_6544_Mesa_7.pdf,0.0,🟢 ESCANEO REAL
SUCRE,28,060,1,E14_PRE_28_060_099_00_07_001_6524_Mesa_1.pdf,0.0,🟢 ESCANEO REAL
SUCRE,28,041,2,E14_PRE_28_041_099_00_30_002_2879_Mesa_2.pdf,63.71,🔴 DEEPFAKE SINTÉTICO
SUCRE,28,220,6,E14_PRE_28_220_002_00_02_006_6537_Mesa_6.pdf,0.0,🟢 ESCANEO REAL
SUCRE,28,320,19,E14_PRE_28_320_000_00_00_019_6545_Mesa_19.pdf,0.0,🟢 ESCANEO REAL
SUCRE,28,300,6,E14_PRE_28_300_001_00_01_006_6543_Mesa_6.pdf,0.0,🟢 ESCANEO REAL
SUCRE,28,001,13,E14_PRE_28_001_004_05_01_013_6511_Mesa_13.pdf,0.0,🟢 ESCANEO REAL
SUCRE,28,045,9,E14_PRE_28_045_000_00_00_009_2881_Mesa_9.pdf,0.35,🟢 ESCANEO REAL
SUCRE,28,100,28,E14_PRE_28_100_000_00_00_028_6526_Mesa_28.pdf,0.0,🟢 ESCANEO REAL
SUCRE,28,060,3,E14_PRE_28_060_099_00_11_003_6524_Mesa_3.pdf,0.0,🟢 ESCANEO REAL
SUCRE,28,220,3,E14_PRE_28_220_099_00_55_003_6538_Mesa_3.pdf,0.0,🟢 ESCANEO REAL
SUCRE,28,320,18,E14_PRE_28_320_000_00_00_018_6545_Mesa_18.pdf,0.0,🟢 ESCANEO REAL
SUCRE,28,001,24,E14_PRE_28_001_001_02_02_024_6507_Mesa_24.pdf,0.0,🟢 ESCANEO REAL
SUCRE,28,080,7,E14_PRE_28_080_000_00_00_007_2887_Mesa_7.pdf,0.0,🟢 ESCANEO REAL
SUCRE,28,001,2,E14_PRE_28_001_005_07_02_002_6514_Mesa_2.pdf,0.0,🟢 ESCANEO REAL
SUCRE,28,001,4,E14_PRE_28_001_004_06_04_004_6512_Mesa_4.pdf,0.0,🟢 ESCANEO REAL
SUCRE,28,040,10,E14_PRE_28_040_002_00_03_010_6520_Mesa_10.pdf,0.04,🟢 ESCANEO REAL
SUCRE,28,100,3,E14_PRE_28_100_000_00_00_003_6526_Mesa_3.pdf,0.0,🟢 ESCANEO REAL
SUCRE,28,049,1,E14_PRE_28_049_099_00_94_001_2883_Mesa_1.pdf,0.0,🟢 ESCANEO REAL
SUCRE,28,001,9,E14_PRE_28_001_004_05_01_009_6511_Mesa_9.pdf,0.0,🟢 ESCANEO REAL
SUCRE,28,048,30,E14_PRE_28_048_000_00_00_030_2882_Mesa_30.pdf,0.0,🟢 ESCANEO REAL
SUCRE,28,001,18,E14_PRE_28_001_006_09_03_018_6516_Mesa_18.pdf,0.0,🟢 ESCANEO REAL
SUCRE,28,160,6,E14_PRE_28_160_002_00_02_006_6529_Mesa_6.pdf,0.0,🟢 ESCANEO REAL
SUCRE,28,180,14,E14_PRE_28_180_000_00_00_014_6531_Mesa_14.pdf,0.0,🟢 ESCANEO REAL
SUCRE,28,080,23,E14_PRE_28_080_000_00_00_023_2887_Mesa_23.pdf,0.0,🟢 ESCANEO REAL
SUCRE,28,001,10,E14_PRE_28_001_001_02_02_010_6507_Mesa_10.pdf,0.0,🟢 ESCANEO REAL
SUCRE,28,080,21,E14_PRE_28_080_000_00_00_021_2887_Mesa_21.pdf,0.0,🟢 ESCANEO REAL
SUCRE,28,001,7,E14_PRE_28_001_004_06_04_007_6512_Mesa_7.pdf,0.0,🟢 ESCANEO REAL
TOLIMA,29,001,7,E14_PRE_29_001_009_10_03_007_6565_Mesa_7.pdf,0.0,🟢 ESCANEO REAL
SUCRE,28,049,3,E14_PRE_28_049_000_00_00_003_2883_Mesa_3.pdf,0.0,🟢 ESCANEO REAL
TOLIMA,29,088,1,E14_PRE_29_088_099_00_15_001_2931_Mesa_1.pdf,0.0,🟢 ESCANEO REAL
TOLIMA,29,103,1,E14_PRE_29_103_099_00_82_001_6603_Mesa_1.pdf,0.0,🟢 ESCANEO REAL
TOLIMA,29,025,10,E14_PRE_29_025_000_00_00_010_2908_Mesa_10.pdf,0.0,🟢 ESCANEO REAL
TOLIMA,29,013,4,E14_PRE_29_013_000_00_00_004_2904_Mesa_4.pdf,0.0,🟢 ESCANEO REAL
TOLIMA,29,105,13,E14_PRE_29_105_000_00_00_013_2938_Mesa_13.pdf,0.0,🟢 ESCANEO REAL
TOLIMA,29,079,11,E14_PRE_29_079_001_00_01_011_6592_Mesa_11.pdf,0.0,🟢 ESCANEO REAL
TOLIMA,29,055,1,E14_PRE_29_055_099_07_15_001_6583_Mesa_1.pdf,0.0,🟢 ESCANEO REAL
TOLIMA,29,043,1,E14_PRE_29_043_099_00_07_001_2914_Mesa_1.pdf,0.0,🟢 ESCANEO REAL
TOLIMA,29,055,9,E14_PRE_29_055_001_01_02_009_6582_Mesa_9.pdf,0.0,🟢 ESCANEO REAL
TOLIMA,29,001,40,E14_PRE_29_001_002_02_01_040_6549_Mesa_40.pdf,0.0,🟢 ESCANEO REAL
TOLIMA,29,064,1,E14_PRE_29_064_090_00_01_001_6586_Mesa_1.pdf,0.0,🟢 ESCANEO REAL
TOLIMA,29,043,7,E14_PRE_29_043_000_00_00_007_2914_Mesa_7.pdf,0.68,🟢 ESCANEO REAL
TOLIMA,29,121,15,E14_PRE_29_121_000_00_00_015_2944_Mesa_15.pdf,0.0,🟢 ESCANEO REAL
TOLIMA,29,085,3,E14_PRE_29_085_099_00_04_003_6594_Mesa_3.pdf,0.0,🟢 ESCANEO REAL
TOLIMA,29,085,25,E14_PRE_29_085_000_00_00_025_6594_Mesa_25.pdf,0.0,🟢 ESCANEO REAL
TOLIMA,29,115,11,E14_PRE_29_115_000_00_00_011_2942_Mesa_11.pdf,0.0,🟢 ESCANEO REAL
TOLIMA,29,091,18,E14_PRE_29_091_000_00_00_018_2933_Mesa_18.pdf,0.0,🟢 ESCANEO REAL
TOLIMA,29,001,10,E14_PRE_29_001_006_07_03_010_6558_Mesa_10.pdf,0.0,🟢 ESCANEO REAL
TOLIMA,29,001,1,E14_PRE_29_001_011_13_04_001_6571_Mesa_1.pdf,0.0,🟢 ESCANEO REAL
TOLIMA,29,001,4,E14_PRE_29_001_011_11_01_004_6569_Mesa_4.pdf,0.0,🟢 ESCANEO REAL
TOLIMA,29,046,5,E14_PRE_29_046_001_02_07_005_6578_Mesa_5.pdf,0.0,🟢 ESCANEO REAL
TOLIMA,29,061,7,E14_PRE_29_061_000_00_00_007_2920_Mesa_7.pdf,0.0,🟢 ESCANEO REAL
TOLIMA,29,082,8,E14_PRE_29_082_000_00_01_008_2928_Mesa_8.pdf,0.0,🟢 ESCANEO REAL
TOLIMA,29,079,13,E14_PRE_29_079_001_00_01_013_6592_Mesa_13.pdf,0.0,🟢 ESCANEO REAL
TOLIMA,29,013,9,E14_PRE_29_013_000_00_00_009_2904_Mesa_9.pdf,0.0,🟢 ESCANEO REAL
TOLIMA,29,046,6,E14_PRE_29_046_099_05_A1_006_6581_Mesa_6.pdf,0.0,🟢 ESCANEO REAL
TOLIMA,29,106,11,E14_PRE_29_106_000_00_00_011_2939_Mesa_11.pdf,0.0,🟢 ESCANEO REAL
TOLIMA,29,061,1,E14_PRE_29_061_099_00_03_001_2920_Mesa_1.pdf,0.0,🟢 ESCANEO REAL
TOLIMA,29,001,11,E14_PRE_29_001_005_06_02_011_6554_Mesa_11.pdf,0.0,🟢 ESCANEO REAL
TOLIMA,29,064,4,E14_PRE_29_064_090_00_01_004_6586_Mesa_4.pdf,0.0,🟢 ESCANEO REAL
TOLIMA,29,001,18,E14_PRE_29_001_001_01_08_018_6548_Mesa_18.pdf,0.0,🟢 ESCANEO REAL
TOLIMA,29,040,7,E14_PRE_29_040_099_05_10_007_6577_Mesa_7.pdf,0.0,🟢 ESCANEO REAL
TOLIMA,29,112,8,E14_PRE_29_112_000_00_00_008_2941_Mesa_8.pdf,0.0,🟢 ESCANEO REAL
TOLIMA,29,022,15,E14_PRE_29_022_000_00_02_015_2907_Mesa_15.pdf,0.0,🟢 ESCANEO REAL
TOLIMA,29,001,23,E14_PRE_29_001_007_08_03_023_6561_Mesa_23.pdf,0.14,🟢 ESCANEO REAL
TOLIMA,29,040,4,E14_PRE_29_040_001_01_01_004_6575_Mesa_4.pdf,0.0,🟢 ESCANEO REAL
TOLIMA,29,037,3,E14_PRE_29_037_099_00_13_003_2912_Mesa_3.pdf,0.0,🟢 ESCANEO REAL
TOLIMA,29,105,20,E14_PRE_29_105_000_00_00_020_2938_Mesa_20.pdf,0.0,🟢 ESCANEO REAL
TOLIMA,29,001,8,E14_PRE_29_001_004_04_02_008_6552_Mesa_8.pdf,0.0,🟢 ESCANEO REAL
TOLIMA,29,118,1,E14_PRE_29_118_099_00_08_001_2943_Mesa_1.pdf,0.0,🟢 ESCANEO REAL
TOLIMA,29,001,10,E14_PRE_29_001_004_04_03_010_6553_Mesa_10.pdf,0.0,🟢 ESCANEO REAL
TOLIMA,29,001,26,E14_PRE_29_001_004_05_07_026_6555_Mesa_26.pdf,0.0,🟢 ESCANEO REAL
TOLIMA,29,001,11,E14_PRE_29_001_004_04_01_011_6552_Mesa_11.pdf,0.0,🟢 ESCANEO REAL
TOLIMA,29,001,2,E14_PRE_29_001_009_10_07_002_6566_Mesa_2.pdf,0.0,🟢 ESCANEO REAL
TOLIMA,29,055,2,E14_PRE_29_055_001_01_01_002_6582_Mesa_2.pdf,0.0,🟢 ESCANEO REAL
TOLIMA,29,001,30,E14_PRE_29_001_009_10_02_030_6567_Mesa_30.pdf,0.0,🟢 ESCANEO REAL
TOLIMA,29,034,1,E14_PRE_29_034_099_00_01_001_6574_Mesa_1.pdf,0.0,🟢 ESCANEO REAL
TOLIMA,29,073,8,E14_PRE_29_073_090_00_01_008_6588_Mesa_8.pdf,0.0,🟢 ESCANEO REAL
TOLIMA,29,001,3,E14_PRE_29_001_006_07_01_003_6558_Mesa_3.pdf,0.0,🟢 ESCANEO REAL
TOLIMA,29,112,1,E14_PRE_29_112_099_00_05_001_2941_Mesa_1.pdf,0.0,🟢 ESCANEO REAL
TOLIMA,29,055,8,E14_PRE_29_055_002_02_03_008_6582_Mesa_8.pdf,0.0,🟢 ESCANEO REAL
TOLIMA,29,058,2,E14_PRE_29_058_002_00_02_002_6585_Mesa_2.pdf,0.0,🟢 ESCANEO REAL
TOLIMA,29,085,7,E14_PRE_29_085_000_00_00_007_6594_Mesa_7.pdf,0.0,🟢 ESCANEO REAL
TOLIMA,29,001,14,E14_PRE_29_001_011_11_03_014_6568_Mesa_14.pdf,0.0,🟢 ESCANEO REAL
TOLIMA,29,001,7,E14_PRE_29_001_009_10_01_007_6566_Mesa_7.pdf,0.0,🟢 ESCANEO REAL
TOLIMA,29,001,20,E14_PRE_29_001_008_09_08_020_6564_Mesa_20.pdf,0.0,🟢 ESCANEO REAL
TOLIMA,29,001,10,E14_PRE_29_001_001_01_01_010_6547_Mesa_10.pdf,0.69,🟢 ESCANEO REAL
TOLIMA,29,022,12,E14_PRE_29_022_000_00_01_012_2907_Mesa_12.pdf,0.0,🟢 ESCANEO REAL
TOLIMA,29,076,14,E14_PRE_29_076_001_00_01_014_6590_Mesa_14.pdf,0.0,🟢 ESCANEO REAL
TOLIMA,29,001,3,E14_PRE_29_001_099_27_25_003_6572_Mesa_3.pdf,0.0,🟢 ESCANEO REAL
TOLIMA,29,046,17,E14_PRE_29_046_001_01_03_017_6578_Mesa_17.pdf,0.0,🟢 ESCANEO REAL
TOLIMA,29,058,8,E14_PRE_29_058_002_00_02_008_6585_Mesa_8.pdf,0.0,🟢 ESCANEO REAL
TOLIMA,29,001,8,E14_PRE_29_001_008_09_11_008_6565_Mesa_8.pdf,0.0,🟢 ESCANEO REAL
TOLIMA,29,091,2,E14_PRE_29_091_000_00_00_002_2933_Mesa_2.pdf,0.0,🟢 ESCANEO REAL
TOLIMA,29,079,5,E14_PRE_29_079_099_00_08_005_6592_Mesa_5.pdf,0.0,🟢 ESCANEO REAL
TOLIMA,29,001,21,E14_PRE_29_001_004_04_01_021_6552_Mesa_21.pdf,0.0,🟢 ESCANEO REAL
TOLIMA,29,001,19,E14_PRE_29_001_008_09_09_019_6565_Mesa_19.pdf,0.0,🟢 ESCANEO REAL
TOLIMA,29,010,1,E14_PRE_29_010_099_00_17_001_2903_Mesa_1.pdf,0.0,🟢 ESCANEO REAL
TOLIMA,29,105,11,E14_PRE_29_105_000_00_00_011_2938_Mesa_11.pdf,0.0,🟢 ESCANEO REAL
TOLIMA,29,001,6,E14_PRE_29_001_002_02_04_006_6550_Mesa_6.pdf,0.01,🟢 ESCANEO REAL
TOLIMA,29,046,2,E14_PRE_29_046_001_01_01_002_6578_Mesa_2.pdf,0.0,🟢 ESCANEO REAL
TOLIMA,29,076,3,E14_PRE_29_076_099_00_05_003_6590_Mesa_3.pdf,0.0,🟢 ESCANEO REAL
TOLIMA,29,001,18,E14_PRE_29_001_003_03_03_018_6551_Mesa_18.pdf,0.02,🟢 ESCANEO REAL
TOLIMA,29,097,2,E14_PRE_29_097_099_00_06_002_6601_Mesa_2.pdf,0.0,🟢 ESCANEO REAL
TOLIMA,29,058,12,E14_PRE_29_058_001_00_02_012_6584_Mesa_12.pdf,0.0,🟢 ESCANEO REAL
TOLIMA,29,001,16,E14_PRE_29_001_006_07_03_016_6558_Mesa_16.pdf,0.0,🟢 ESCANEO REAL
TOLIMA,29,073,4,E14_PRE_29_073_002_04_04_004_6589_Mesa_4.pdf,0.0,🟢 ESCANEO REAL
TOLIMA,29,094,1,E14_PRE_29_094_099_00_03_001_6599_Mesa_1.pdf,0.0,🟢 ESCANEO REAL
TOLIMA,29,001,9,E14_PRE_29_001_010_12_02_009_6567_Mesa_9.pdf,0.0,🟢 ESCANEO REAL
TOLIMA,29,055,11,E14_PRE_29_055_001_01_01_011_6582_Mesa_11.pdf,0.0,🟢 ESCANEO REAL
TOLIMA,29,127,12,E14_PRE_29_127_000_00_00_012_2946_Mesa_12.pdf,0.0,🟢 ESCANEO REAL
TOLIMA,29,097,6,E14_PRE_29_097_000_00_02_006_6600_Mesa_6.pdf,0.0,🟢 ESCANEO REAL
TOLIMA,29,112,5,E14_PRE_29_112_000_00_00_005_2941_Mesa_5.pdf,0.0,🟢 ESCANEO REAL
TOLIMA,29,112,1,E14_PRE_29_112_099_00_12_001_2941_Mesa_1.pdf,0.0,🟢 ESCANEO REAL
TOLIMA,29,052,1,E14_PRE_29_052_000_00_01_001_2917_Mesa_1.pdf,0.0,🟢 ESCANEO REAL
TOLIMA,29,001,1,E14_PRE_29_001_007_08_09_001_6563_Mesa_1.pdf,0.0,🟢 ESCANEO REAL
TOLIMA,29,073,5,E14_PRE_29_073_001_01_01_005_6588_Mesa_5.pdf,0.0,🟢 ESCANEO REAL
TOLIMA,29,046,1,E14_PRE_29_046_099_10_45_001_6581_Mesa_1.pdf,0.0,🟢 ESCANEO REAL
TOLIMA,29,001,14,E14_PRE_29_001_005_06_03_014_6556_Mesa_14.pdf,0.0,🟢 ESCANEO REAL
TOLIMA,29,040,1,E14_PRE_29_040_099_06_85_001_6576_Mesa_1.pdf,0.0,🟢 ESCANEO REAL
TOLIMA,29,106,23,E14_PRE_29_106_000_00_00_023_2939_Mesa_23.pdf,0.0,🟢 ESCANEO REAL
TOLIMA,29,001,2,E14_PRE_29_001_001_01_07_002_6548_Mesa_2.pdf,0.0,🟢 ESCANEO REAL
TOLIMA,29,058,1,E14_PRE_29_058_099_00_49_001_6585_Mesa_1.pdf,0.0,🟢 ESCANEO REAL
TOLIMA,29,100,2,E14_PRE_29_100_099_00_02_002_2936_Mesa_2.pdf,0.0,🟢 ESCANEO REAL
TOLIMA,29,046,3,E14_PRE_29_046_099_09_40_003_6581_Mesa_3.pdf,0.0,🟢 ESCANEO REAL
TOLIMA,29,064,3,E14_PRE_29_064_090_00_01_003_6586_Mesa_3.pdf,0.0,🟢 ESCANEO REAL
TOLIMA,29,001,10,E14_PRE_29_001_010_12_02_010_6567_Mesa_10.pdf,0.0,🟢 ESCANEO REAL
TOLIMA,29,001,5,E14_PRE_29_001_010_12_03_005_6568_Mesa_5.pdf,0.0,🟢 ESCANEO REAL
TOLIMA,29,001,18,E14_PRE_29_001_011_11_03_018_6568_Mesa_18.pdf,0.0,🟢 ESCANEO REAL
VALLE,31,022,8,E14_PRE_31_022_005_05_02_008_6724_Mesa_8.pdf,0.0,🟢 ESCANEO REAL
VALLE,31,079,3,E14_PRE_31_079_010_07_03_003_6779_Mesa_3.pdf,0.0,🟢 ESCANEO REAL
VALLE,31,001,1,E14_PRE_31_001_021_14_02_001_6660_Mesa_1.pdf,0.0,🟢 ESCANEO REAL
VALLE,31,001,22,E14_PRE_31_001_012_08_03_022_6636_Mesa_22.pdf,0.0,🟢 ESCANEO REAL
VALLE,31,019,7,E14_PRE_31_019_006_02_03_007_6714_Mesa_7.pdf,0.04,🟢 ESCANEO REAL
VALLE,31,001,3,E14_PRE_31_001_013_09_02_003_6638_Mesa_3.pdf,0.0,🟢 ESCANEO REAL
VALLE,31,094,1,E14_PRE_31_094_099_00_25_001_2978_Mesa_1.pdf,0.0,🟢 ESCANEO REAL
VALLE,31,064,5,E14_PRE_31_064_002_00_03_005_6759_Mesa_5.pdf,0.06,🟢 ESCANEO REAL
VALLE,31,019,16,E14_PRE_31_019_002_01_02_016_6707_Mesa_16.pdf,0.0,🟢 ESCANEO REAL
VALLE,31,058,3,E14_PRE_31_058_099_00_01_003_6755_Mesa_3.pdf,0.0,🟢 ESCANEO REAL
VALLE,31,103,2,E14_PRE_31_103_099_00_11_002_2981_Mesa_2.pdf,0.0,🟢 ESCANEO REAL
VALLE,31,001,2,E14_PRE_31_001_004_03_06_002_6616_Mesa_2.pdf,0.0,🟢 ESCANEO REAL
VALLE,31,022,6,E14_PRE_31_022_006_06_02_006_6725_Mesa_6.pdf,0.0,🟢 ESCANEO REAL
VALLE,31,034,4,E14_PRE_31_034_005_07_03_004_6738_Mesa_4.pdf,0.0,🟢 ESCANEO REAL
VALLE,31,004,4,E14_PRE_31_004_000_00_00_004_2948_Mesa_4.pdf,0.0,🟢 ESCANEO REAL
VALLE,31,001,10,E14_PRE_31_001_032_21_01_010_6693_Mesa_10.pdf,0.0,🟢 ESCANEO REAL
VALLE,31,001,23,E14_PRE_31_001_012_08_03_023_6636_Mesa_23.pdf,0.0,🟢 ESCANEO REAL
VALLE,31,079,3,E14_PRE_31_079_002_02_06_003_6770_Mesa_3.pdf,0.0,🟢 ESCANEO REAL
VALLE,31,001,4,E14_PRE_31_001_018_12_04_004_6647_Mesa_4.pdf,0.0,🟢 ESCANEO REAL
VALLE,31,022,7,E14_PRE_31_022_002_02_03_007_6725_Mesa_7.pdf,0.0,🟢 ESCANEO REAL
VALLE,31,034,4,E14_PRE_31_034_099_13_33_004_6742_Mesa_4.pdf,0.0,🟢 ESCANEO REAL
VALLE,31,001,35,E14_PRE_31_001_006_05_04_035_6622_Mesa_35.pdf,0.0,🟢 ESCANEO REAL
VALLE,31,064,5,E14_PRE_31_064_004_00_01_005_6761_Mesa_5.pdf,0.0,🟢 ESCANEO REAL
VALLE,31,001,23,E14_PRE_31_001_002_02_02_023_6606_Mesa_23.pdf,0.37,🟢 ESCANEO REAL
VALLE,31,028,6,E14_PRE_31_028_002_00_03_006_6730_Mesa_6.pdf,0.0,🟢 ESCANEO REAL
VALLE,31,001,19,E14_PRE_31_001_032_21_01_019_6693_Mesa_19.pdf,0.0,🟢 ESCANEO REAL
VALLE,31,001,5,E14_PRE_31_001_016_11_03_005_6646_Mesa_5.pdf,0.0,🟢 ESCANEO REAL
VALLE,31,001,8,E14_PRE_31_001_027_18_04_008_6683_Mesa_8.pdf,0.0,🟢 ESCANEO REAL
VALLE,31,106,10,E14_PRE_31_106_001_00_02_010_6791_Mesa_10.pdf,0.0,🟢 ESCANEO REAL
VALLE,31,007,32,E14_PRE_31_007_000_00_00_032_2949_Mesa_32.pdf,0.01,🟢 ESCANEO REAL
VALLE,31,001,9,E14_PRE_31_001_018_12_01_009_6650_Mesa_9.pdf,0.0,🟢 ESCANEO REAL
VALLE,31,019,9,E14_PRE_31_019_090_00_01_009_6717_Mesa_9.pdf,0.0,🟢 ESCANEO REAL
VALLE,31,001,5,E14_PRE_31_001_032_21_01_005_6693_Mesa_5.pdf,0.0,🟢 ESCANEO REAL
VALLE,31,049,15,E14_PRE_31_049_001_00_02_015_6747_Mesa_15.pdf,0.0,🟢 ESCANEO REAL
VALLE,31,001,30,E14_PRE_31_001_021_14_04_030_6661_Mesa_30.pdf,0.0,🟢 ESCANEO REAL
VALLE,31,079,2,E14_PRE_31_079_007_06_01_002_6776_Mesa_2.pdf,0.0,🟢 ESCANEO REAL
VALLE,31,001,19,E14_PRE_31_001_005_04_02_019_6616_Mesa_19.pdf,0.0,🟢 ESCANEO REAL
VALLE,31,046,2,E14_PRE_31_046_099_00_01_002_2962_Mesa_2.pdf,0.0,🟢 ESCANEO REAL
VALLE,31,001,4,E14_PRE_31_001_031_20_05_004_6693_Mesa_4.pdf,0.0,🟢 ESCANEO REAL
VALLE,31,037,1,E14_PRE_31_037_099_00_24_001_6745_Mesa_1.pdf,0.0,🟢 ESCANEO REAL
VALLE,31,001,11,E14_PRE_31_001_028_18_03_011_6685_Mesa_11.pdf,0.0,🟢 ESCANEO REAL
VALLE,31,001,24,E14_PRE_31_001_021_14_03_024_6660_Mesa_24.pdf,0.0,🟢 ESCANEO REAL
VALLE,31,082,1,E14_PRE_31_082_099_00_39_001_6785_Mesa_1.pdf,0.0,🟢 ESCANEO REAL
VALLE,31,001,15,E14_PRE_31_001_016_11_03_015_6646_Mesa_15.pdf,0.0,🟢 ESCANEO REAL
VALLE,31,001,20,E14_PRE_31_001_023_15_07_020_6669_Mesa_20.pdf,0.0,🟢 ESCANEO REAL
VALLE,31,001,9,E14_PRE_31_001_013_09_06_009_6639_Mesa_9.pdf,0.0,🟢 ESCANEO REAL
VALLE,31,001,2,E14_PRE_31_001_006_05_01_002_6619_Mesa_2.pdf,0.0,🟢 ESCANEO REAL
VALLE,31,001,19,E14_PRE_31_001_017_11_01_019_6648_Mesa_19.pdf,0.0,🟢 ESCANEO REAL
VALLE,31,064,6,E14_PRE_31_064_002_00_02_006_6759_Mesa_6.pdf,0.0,🟢 ESCANEO REAL
VALLE,31,001,37,E14_PRE_31_001_025_17_04_037_6677_Mesa_37.pdf,0.0,🟢 ESCANEO REAL
VALLE,31,079,9,E14_PRE_31_079_099_10_77_009_6782_Mesa_9.pdf,0.0,🟢 ESCANEO REAL
VALLE,31,034,9,E14_PRE_31_034_004_06_04_009_6741_Mesa_9.pdf,0.0,🟢 ESCANEO REAL
VALLE,31,019,15,E14_PRE_31_019_002_01_08_015_6709_Mesa_15.pdf,0.0,🟢 ESCANEO REAL
VALLE,31,001,25,E14_PRE_31_001_030_19_01_025_6689_Mesa_25.pdf,0.0,🟢 ESCANEO REAL
VALLE,31,007,24,E14_PRE_31_007_000_00_00_024_2949_Mesa_24.pdf,0.03,🟢 ESCANEO REAL
VALLE,31,001,14,E14_PRE_31_001_027_18_04_014_6683_Mesa_14.pdf,0.0,🟢 ESCANEO REAL
VALLE,31,088,9,E14_PRE_31_088_099_00_17_009_2976_Mesa_9.pdf,0.0,🟢 ESCANEO REAL
VALLE,31,085,9,E14_PRE_31_085_000_00_00_009_2975_Mesa_9.pdf,0.0,🟢 ESCANEO REAL
VALLE,31,055,16,E14_PRE_31_055_002_05_03_016_6752_Mesa_16.pdf,0.0,🟢 ESCANEO REAL
VALLE,31,001,1,E14_PRE_31_001_002_02_03_001_6609_Mesa_1.pdf,0.0,🟢 ESCANEO REAL
VALLE,31,079,15,E14_PRE_31_079_008_06_01_015_6777_Mesa_15.pdf,0.0,🟢 ESCANEO REAL
VALLE,31,073,15,E14_PRE_31_073_000_00_00_015_2971_Mesa_15.pdf,0.0,🟢 ESCANEO REAL
VALLE,31,082,9,E14_PRE_31_082_002_00_03_009_6784_Mesa_9.pdf,0.0,🟢 ESCANEO REAL
VALLE,31,118,1,E14_PRE_31_118_099_00_21_001_2986_Mesa_1.pdf,0.0,🟢 ESCANEO REAL
VALLE,31,001,6,E14_PRE_31_001_032_21_01_006_6693_Mesa_6.pdf,0.0,🟢 ESCANEO REAL
VALLE,31,001,11,E14_PRE_31_001_031_20_04_011_6692_Mesa_11.pdf,0.0,🟢 ESCANEO REAL
VALLE,31,001,11,E14_PRE_31_001_012_08_01_011_6637_Mesa_11.pdf,0.01,🟢 ESCANEO REAL
VALLE,31,001,25,E14_PRE_31_001_026_17_02_025_6680_Mesa_25.pdf,0.0,🟢 ESCANEO REAL
VALLE,31,121,3,E14_PRE_31_121_001_01_04_003_6802_Mesa_3.pdf,0.0,🟢 ESCANEO REAL
VALLE,31,106,18,E14_PRE_31_106_007_00_02_018_6798_Mesa_18.pdf,0.0,🟢 ESCANEO REAL
VALLE,31,064,14,E14_PRE_31_064_001_00_01_014_6758_Mesa_14.pdf,0.0,🟢 ESCANEO REAL
VALLE,31,001,9,E14_PRE_31_001_030_19_05_009_6691_Mesa_9.pdf,0.0,🟢 ESCANEO REAL
VALLE,31,001,9,E14_PRE_31_001_021_14_02_009_6660_Mesa_9.pdf,0.0,🟢 ESCANEO REAL
VALLE,31,001,7,E14_PRE_31_001_026_17_03_007_6681_Mesa_7.pdf,0.0,🟢 ESCANEO REAL
VALLE,31,001,40,E14_PRE_31_001_025_17_02_040_6675_Mesa_40.pdf,0.0,🟢 ESCANEO REAL
VALLE,31,001,6,E14_PRE_31_001_006_05_04_006_6622_Mesa_6.pdf,0.01,🟢 ESCANEO REAL
VALLE,31,001,18,E14_PRE_31_001_024_16_02_018_6670_Mesa_18.pdf,0.0,🟢 ESCANEO REAL
VALLE,31,001,34,E14_PRE_31_001_007_06_01_034_6623_Mesa_34.pdf,0.0,🟢 ESCANEO REAL
VALLE,31,079,3,E14_PRE_31_079_001_01_08_003_6768_Mesa_3.pdf,0.0,🟢 ESCANEO REAL
VALLE,31,079,3,E14_PRE_31_079_007_06_01_003_6776_Mesa_3.pdf,0.0,🟢 ESCANEO REAL
VALLE,31,079,1,E14_PRE_31_079_099_10_78_001_6782_Mesa_1.pdf,0.0,🟢 ESCANEO REAL
VALLE,31,058,23,E14_PRE_31_058_000_00_00_023_6754_Mesa_23.pdf,0.0,🟢 ESCANEO REAL
VALLE,31,001,3,E14_PRE_31_001_099_25_19_003_6695_Mesa_3.pdf,0.0,🟢 ESCANEO REAL
VALLE,31,019,8,E14_PRE_31_019_006_02_03_008_6714_Mesa_8.pdf,0.0,🟢 ESCANEO REAL
VALLE,31,001,14,E14_PRE_31_001_002_02_03_014_6609_Mesa_14.pdf,0.0,🟢 ESCANEO REAL
VALLE,31,001,28,E14_PRE_31_001_033_22_03_028_6700_Mesa_28.pdf,0.0,🟢 ESCANEO REAL
VALLE,31,019,33,E14_PRE_31_019_006_02_01_033_6715_Mesa_33.pdf,0.0,🟢 ESCANEO REAL
VALLE,31,001,23,E14_PRE_31_001_018_12_06_023_6653_Mesa_23.pdf,0.0,🟢 ESCANEO REAL
VALLE,31,001,5,E14_PRE_31_001_020_13_02_005_6657_Mesa_5.pdf,0.0,🟢 ESCANEO REAL
VALLE,31,001,13,E14_PRE_31_001_018_12_01_013_6650_Mesa_13.pdf,0.0,🟢 ESCANEO REAL
VALLE,31,034,6,E14_PRE_31_034_003_05_02_006_6740_Mesa_6.pdf,0.0,🟢 ESCANEO REAL
VALLE,31,091,5,E14_PRE_31_091_001_00_04_005_6786_Mesa_5.pdf,0.0,🟢 ESCANEO REAL
VALLE,31,058,9,E14_PRE_31_058_099_00_01_009_6755_Mesa_9.pdf,0.0,🟢 ESCANEO REAL
VALLE,31,001,20,E14_PRE_31_001_007_06_01_020_6623_Mesa_20.pdf,0.0,🟢 ESCANEO REAL
VALLE,31,001,4,E14_PRE_31_001_014_10_03_004_6641_Mesa_4.pdf,0.0,🟢 ESCANEO REAL
VALLE,31,001,2,E14_PRE_31_001_025_17_04_002_6677_Mesa_2.pdf,0.0,🟢 ESCANEO REAL
VAUPES,68,001,1,E14_PRE_68_001_099_00_90_001_3113_Mesa_1.pdf,0.0,🟢 ESCANEO REAL
VALLE,31,001,21,E14_PRE_31_001_025_17_03_021_6676_Mesa_21.pdf,0.0,🟢 ESCANEO REAL
VALLE,31,001,11,E14_PRE_31_001_004_03_03_011_6615_Mesa_11.pdf,0.0,🟢 ESCANEO REAL
VALLE,31,061,1,E14_PRE_31_061_099_00_25_001_6757_Mesa_1.pdf,0.0,🟢 ESCANEO REAL
VALLE,31,001,14,E14_PRE_31_001_006_05_02_014_6620_Mesa_14.pdf,0.01,🟢 ESCANEO REAL
VAUPES,68,022,1,E14_PRE_68_022_099_00_05_001_3101_Mesa_1.pdf,0.0,🟢 ESCANEO REAL
VAUPES,68,001,9,E14_PRE_68_001_000_00_02_009_3113_Mesa_9.pdf,0.0,🟢 ESCANEO REAL
VAUPES,68,001,9,E14_PRE_68_001_000_00_01_009_3113_Mesa_9.pdf,0.0,🟢 ESCANEO REAL
VAUPES,68,001,26,E14_PRE_68_001_000_00_01_026_3113_Mesa_26.pdf,0.0,🟢 ESCANEO REAL
VAUPES,68,013,1,E14_PRE_68_013_099_00_60_001_3101_Mesa_1.pdf,0.0,🟢 ESCANEO REAL
VAUPES,68,001,1,E14_PRE_68_001_099_00_15_001_3113_Mesa_1.pdf,0.0,🟢 ESCANEO REAL
VAUPES,68,001,1,E14_PRE_68_001_099_00_13_001_3113_Mesa_1.pdf,0.0,🟢 ESCANEO REAL
VAUPES,68,001,11,E14_PRE_68_001_000_00_01_011_3113_Mesa_11.pdf,0.0,🟢 ESCANEO REAL
VAUPES,68,001,1,E14_PRE_68_001_099_00_02_001_3113_Mesa_1.pdf,0.0,🟢 ESCANEO REAL
VAUPES,68,001,24,E14_PRE_68_001_000_00_01_024_3113_Mesa_24.pdf,0.0,🟢 ESCANEO REAL
VAUPES,68,001,6,E14_PRE_68_001_000_00_01_006_3113_Mesa_6.pdf,0.0,🟢 ESCANEO REAL
VAUPES,68,017,4,E14_PRE_68_017_000_00_00_004_3117_Mesa_4.pdf,0.0,🟢 ESCANEO REAL
VAUPES,68,022,1,E14_PRE_68_022_099_00_50_001_3101_Mesa_1.pdf,0.0,🟢 ESCANEO REAL
VAUPES,68,004,2,E14_PRE_68_004_000_00_00_002_3114_Mesa_2.pdf,0.0,🟢 ESCANEO REAL
VAUPES,68,001,34,E14_PRE_68_001_000_00_01_034_3113_Mesa_34.pdf,0.0,🟢 ESCANEO REAL
VAUPES,68,010,1,E14_PRE_68_010_000_00_00_001_3101_Mesa_1.pdf,0.0,🟢 ESCANEO REAL
VAUPES,68,001,22,E14_PRE_68_001_000_00_01_022_3113_Mesa_22.pdf,0.0,🟢 ESCANEO REAL
VAUPES,68,004,1,E14_PRE_68_004_099_00_01_001_3114_Mesa_1.pdf,0.0,🟢 ESCANEO REAL
VAUPES,68,001,31,E14_PRE_68_001_000_00_01_031_3113_Mesa_31.pdf,0.0,🟢 ESCANEO REAL
VAUPES,68,001,7,E14_PRE_68_001_000_00_02_007_3113_Mesa_7.pdf,0.0,🟢 ESCANEO REAL
VAUPES,68,001,2,E14_PRE_68_001_099_00_13_002_3113_Mesa_2.pdf,0.0,🟢 ESCANEO REAL
VAUPES,68,001,8,E14_PRE_68_001_000_00_02_008_3113_Mesa_8.pdf,0.0,🟢 ESCANEO REAL
VAUPES,68,001,1,E14_PRE_68_001_000_00_02_001_3113_Mesa_1.pdf,0.0,🟢 ESCANEO REAL
VAUPES,68,001,10,E14_PRE_68_001_000_00_01_010_3113_Mesa_10.pdf,0.0,🟢 ESCANEO REAL
VAUPES,68,013,1,E14_PRE_68_013_099_00_50_001_3101_Mesa_1.pdf,0.0,🟢 ESCANEO REAL
VAUPES,68,001,32,E14_PRE_68_001_000_00_01_032_3113_Mesa_32.pdf,0.0,🟢 ESCANEO REAL
VAUPES,68,013,1,E14_PRE_68_013_099_00_01_001_3101_Mesa_1.pdf,0.0,🟢 ESCANEO REAL
VAUPES,68,001,2,E14_PRE_68_001_099_00_90_002_3113_Mesa_2.pdf,0.0,🟢 ESCANEO REAL
VAUPES,68,001,6,E14_PRE_68_001_000_00_02_006_3113_Mesa_6.pdf,0.0,🟢 ESCANEO REAL
VAUPES,68,013,2,E14_PRE_68_013_000_00_00_002_3101_Mesa_2.pdf,0.0,🟢 ESCANEO REAL
VAUPES,68,001,18,E14_PRE_68_001_000_00_01_018_3113_Mesa_18.pdf,0.0,🟢 ESCANEO REAL
VAUPES,68,001,15,E14_PRE_68_001_000_00_01_015_3113_Mesa_15.pdf,0.0,🟢 ESCANEO REAL
VAUPES,68,001,1,E14_PRE_68_001_099_00_97_001_3113_Mesa_1.pdf,0.0,🟢 ESCANEO REAL
VAUPES,68,017,1,E14_PRE_68_017_000_00_00_001_3117_Mesa_1.pdf,0.0,🟢 ESCANEO REAL
VAUPES,68,013,2,E14_PRE_68_013_099_00_50_002_3101_Mesa_2.pdf,0.0,🟢 ESCANEO REAL
VAUPES,68,001,1,E14_PRE_68_001_099_00_96_001_3113_Mesa_1.pdf,0.0,🟢 ESCANEO REAL
VAUPES,68,001,20,E14_PRE_68_001_000_00_01_020_3113_Mesa_20.pdf,0.0,🟢 ESCANEO REAL
VAUPES,68,001,1,E14_PRE_68_001_099_00_05_001_3113_Mesa_1.pdf,0.0,🟢 ESCANEO REAL
VAUPES,68,017,1,E14_PRE_68_017_099_00_50_001_3117_Mesa_1.pdf,0.0,🟢 ESCANEO REAL
VAUPES,68,001,1,E14_PRE_68_001_099_00_80_001_3113_Mesa_1.pdf,0.0,🟢 ESCANEO REAL
VAUPES,68,001,1,E14_PRE_68_001_099_00_95_001_3113_Mesa_1.pdf,0.0,🟢 ESCANEO REAL
VAUPES,68,001,2,E14_PRE_68_001_099_00_19_002_3113_Mesa_2.pdf,0.0,🟢 ESCANEO REAL
VAUPES,68,001,28,E14_PRE_68_001_000_00_01_028_3113_Mesa_28.pdf,0.0,🟢 ESCANEO REAL
VAUPES,68,001,33,E14_PRE_68_001_000_00_01_033_3113_Mesa_33.pdf,0.0,🟢 ESCANEO REAL
VAUPES,68,004,1,E14_PRE_68_004_000_00_00_001_3114_Mesa_1.pdf,0.0,🟢 ESCANEO REAL
VAUPES,68,001,1,E14_PRE_68_001_000_00_01_001_3113_Mesa_1.pdf,0.0,🟢 ESCANEO REAL
VAUPES,68,001,5,E14_PRE_68_001_000_00_01_005_3113_Mesa_5.pdf,0.0,🟢 ESCANEO REAL
VAUPES,68,001,10,E14_PRE_68_001_000_00_02_010_3113_Mesa_10.pdf,0.0,🟢 ESCANEO REAL
VAUPES,68,001,29,E14_PRE_68_001_000_00_01_029_3113_Mesa_29.pdf,0.0,🟢 ESCANEO REAL
VAUPES,68,001,3,E14_PRE_68_001_000_00_02_003_3113_Mesa_3.pdf,0.0,🟢 ESCANEO REAL
VAUPES,68,001,13,E14_PRE_68_001_000_00_01_013_3113_Mesa_13.pdf,0.0,🟢 ESCANEO REAL
VAUPES,68,001,16,E14_PRE_68_001_000_00_01_016_3113_Mesa_16.pdf,0.0,🟢 ESCANEO REAL
VAUPES,68,001,17,E14_PRE_68_001_000_00_01_017_3113_Mesa_17.pdf,0.0,🟢 ESCANEO REAL
VAUPES,68,001,4,E14_PRE_68_001_000_00_02_004_3113_Mesa_4.pdf,0.0,🟢 ESCANEO REAL
VAUPES,68,004,4,E14_PRE_68_004_000_00_00_004_3114_Mesa_4.pdf,0.0,🟢 ESCANEO REAL
VAUPES,68,001,19,E14_PRE_68_001_000_00_01_019_3113_Mesa_19.pdf,0.0,🟢 ESCANEO REAL
VAUPES,68,017,1,E14_PRE_68_017_099_00_01_001_3117_Mesa_1.pdf,0.0,🟢 ESCANEO REAL
VAUPES,68,001,23,E14_PRE_68_001_000_00_01_023_3113_Mesa_23.pdf,0.0,🟢 ESCANEO REAL
VAUPES,68,001,12,E14_PRE_68_001_000_00_01_012_3113_Mesa_12.pdf,0.0,🟢 ESCANEO REAL
VAUPES,68,001,27,E14_PRE_68_001_000_00_01_027_3113_Mesa_27.pdf,0.0,🟢 ESCANEO REAL
VAUPES,68,013,1,E14_PRE_68_013_000_00_00_001_3101_Mesa_1.pdf,0.0,🟢 ESCANEO REAL
VAUPES,68,022,1,E14_PRE_68_022_099_00_70_001_3101_Mesa_1.pdf,0.0,🟢 ESCANEO REAL
VAUPES,68,022,1,E14_PRE_68_022_000_00_00_001_3101_Mesa_1.pdf,0.0,🟢 ESCANEO REAL
VAUPES,68,004,3,E14_PRE_68_004_000_00_00_003_3114_Mesa_3.pdf,0.0,🟢 ESCANEO REAL
VAUPES,68,001,8,E14_PRE_68_001_000_00_01_008_3113_Mesa_8.pdf,0.0,🟢 ESCANEO REAL
VAUPES,68,001,35,E14_PRE_68_001_000_00_01_035_3113_Mesa_35.pdf,0.0,🟢 ESCANEO REAL
VAUPES,68,001,2,E14_PRE_68_001_000_00_01_002_3113_Mesa_2.pdf,0.0,🟢 ESCANEO REAL
VAUPES,68,001,2,E14_PRE_68_001_000_00_02_002_3113_Mesa_2.pdf,0.0,🟢 ESCANEO REAL
VAUPES,68,017,2,E14_PRE_68_017_000_00_00_002_3117_Mesa_2.pdf,0.0,🟢 ESCANEO REAL
VAUPES,68,001,3,E14_PRE_68_001_000_00_01_003_3113_Mesa_3.pdf,0.0,🟢 ESCANEO REAL
VAUPES,68,001,4,E14_PRE_68_001_000_00_01_004_3113_Mesa_4.pdf,0.0,🟢 ESCANEO REAL
VAUPES,68,017,3,E14_PRE_68_017_000_00_00_003_3117_Mesa_3.pdf,0.0,🟢 ESCANEO REAL
VAUPES,68,001,2,E14_PRE_68_001_099_00_02_002_3113_Mesa_2.pdf,0.0,🟢 ESCANEO REAL
VAUPES,68,001,25,E14_PRE_68_001_000_00_01_025_3113_Mesa_25.pdf,0.0,🟢 ESCANEO REAL
VAUPES,68,010,1,E14_PRE_68_010_099_00_01_001_3101_Mesa_1.pdf,0.0,🟢 ESCANEO REAL
VAUPES,68,001,5,E14_PRE_68_001_000_00_02_005_3113_Mesa_5.pdf,0.0,🟢 ESCANEO REAL
VAUPES,68,001,1,E14_PRE_68_001_099_00_19_001_3113_Mesa_1.pdf,0.0,🟢 ESCANEO REAL
VAUPES,68,001,21,E14_PRE_68_001_000_00_01_021_3113_Mesa_21.pdf,0.0,🟢 ESCANEO REAL
VAUPES,68,004,5,E14_PRE_68_004_000_00_00_005_3114_Mesa_5.pdf,0.0,🟢 ESCANEO REAL
VAUPES,68,001,30,E14_PRE_68_001_000_00_01_030_3113_Mesa_30.pdf,0.0,🟢 ESCANEO REAL
VAUPES,68,001,14,E14_PRE_68_001_000_00_01_014_3113_Mesa_14.pdf,0.0,🟢 ESCANEO REAL
VICHADA,72,001,13,E14_PRE_72_001_000_00_01_013_6962_Mesa_13.pdf,0.0,🟢 ESCANEO REAL
VICHADA,72,001,1,E14_PRE_72_001_099_00_40_001_6963_Mesa_1.pdf,0.0,🟢 ESCANEO REAL
VAUPES,68,001,7,E14_PRE_68_001_000_00_01_007_3113_Mesa_7.pdf,0.0,🟢 ESCANEO REAL
VAUPES,68,001,1,E14_PRE_68_001_099_00_01_001_3113_Mesa_1.pdf,0.0,🟢 ESCANEO REAL
VAUPES,68,001,2,E14_PRE_68_001_099_00_95_002_3113_Mesa_2.pdf,0.0,🟢 ESCANEO REAL
VAUPES,68,001,1,E14_PRE_68_001_099_00_04_001_3113_Mesa_1.pdf,0.0,🟢 ESCANEO REAL
VAUPES,68,001,1,E14_PRE_68_001_099_00_03_001_3113_Mesa_1.pdf,0.0,🟢 ESCANEO REAL
VICHADA,72,001,14,E14_PRE_72_001_000_00_01_014_6962_Mesa_14.pdf,0.0,🟢 ESCANEO REAL
VICHADA,72,006,3,E14_PRE_72_006_099_00_42_003_6964_Mesa_3.pdf,0.0,🟢 ESCANEO REAL
VAUPES,68,001,1,E14_PRE_68_001_098_00_01_001_3113_Mesa_1.pdf,0.0,🟢 ESCANEO REAL
VICHADA,72,001,5,E14_PRE_72_001_099_00_10_005_6963_Mesa_5.pdf,0.0,🟢 ESCANEO REAL
VICHADA,72,006,1,E14_PRE_72_006_099_00_89_001_6965_Mesa_1.pdf,0.0,🟢 ESCANEO REAL
VICHADA,72,006,1,E14_PRE_72_006_099_00_11_001_6964_Mesa_1.pdf,0.0,🟢 ESCANEO REAL
VICHADA,72,001,31,E14_PRE_72_001_000_00_01_031_6962_Mesa_31.pdf,0.01,🟢 ESCANEO REAL
VICHADA,72,006,7,E14_PRE_72_006_000_00_00_007_6964_Mesa_7.pdf,0.0,🟢 ESCANEO REAL
VICHADA,72,006,1,E14_PRE_72_006_099_00_47_001_6965_Mesa_1.pdf,0.02,🟢 ESCANEO REAL
VICHADA,72,008,1,E14_PRE_72_008_099_00_90_001_3122_Mesa_1.pdf,0.0,🟢 ESCANEO REAL
VICHADA,72,006,1,E14_PRE_72_006_099_00_15_001_6964_Mesa_1.pdf,0.0,🟢 ESCANEO REAL
VICHADA,72,006,2,E14_PRE_72_006_099_00_89_002_6965_Mesa_2.pdf,0.0,🟢 ESCANEO REAL
VICHADA,72,001,4,E14_PRE_72_001_099_00_10_004_6963_Mesa_4.pdf,0.0,🟢 ESCANEO REAL
VICHADA,72,001,12,E14_PRE_72_001_000_00_01_012_6962_Mesa_12.pdf,0.0,🟢 ESCANEO REAL
VICHADA,72,002,3,E14_PRE_72_002_000_00_00_003_3120_Mesa_3.pdf,0.0,🟢 ESCANEO REAL
VICHADA,72,006,2,E14_PRE_72_006_099_00_91_002_6965_Mesa_2.pdf,0.01,🟢 ESCANEO REAL
VICHADA,72,008,1,E14_PRE_72_008_099_00_82_001_3122_Mesa_1.pdf,0.0,🟢 ESCANEO REAL
VICHADA,72,002,6,E14_PRE_72_002_000_00_00_006_3120_Mesa_6.pdf,0.0,🟢 ESCANEO REAL
VICHADA,72,002,9,E14_PRE_72_002_000_00_00_009_3120_Mesa_9.pdf,0.0,🟢 ESCANEO REAL
VICHADA,72,001,6,E14_PRE_72_001_000_00_01_006_6962_Mesa_6.pdf,0.0,🟢 ESCANEO REAL
VICHADA,72,001,42,E14_PRE_72_001_000_00_01_042_6963_Mesa_42.pdf,0.65,🟢 ESCANEO REAL
VICHADA,72,008,14,E14_PRE_72_008_000_00_00_014_3122_Mesa_14.pdf,0.0,🟢 ESCANEO REAL
VICHADA,72,006,1,E14_PRE_72_006_099_00_87_001_6965_Mesa_1.pdf,0.04,🟢 ESCANEO REAL
VICHADA,72,006,2,E14_PRE_72_006_099_00_45_002_6964_Mesa_2.pdf,0.0,🟢 ESCANEO REAL
VICHADA,72,001,39,E14_PRE_72_001_000_00_01_039_6963_Mesa_39.pdf,0.06,🟢 ESCANEO REAL
VICHADA,72,006,1,E14_PRE_72_006_099_00_50_001_6965_Mesa_1.pdf,0.0,🟢 ESCANEO REAL
VICHADA,72,006,3,E14_PRE_72_006_099_00_93_003_6965_Mesa_3.pdf,0.0,🟢 ESCANEO REAL
VICHADA,72,006,4,E14_PRE_72_006_099_00_12_004_6964_Mesa_4.pdf,0.0,🟢 ESCANEO REAL
VICHADA,72,001,20,E14_PRE_72_001_000_00_01_020_6962_Mesa_20.pdf,0.0,🟢 ESCANEO REAL
VICHADA,72,001,3,E14_PRE_72_001_099_00_10_003_6963_Mesa_3.pdf,0.0,🟢 ESCANEO REAL
VICHADA,72,006,2,E14_PRE_72_006_099_00_93_002_6965_Mesa_2.pdf,0.0,🟢 ESCANEO REAL
VICHADA,72,006,2,E14_PRE_72_006_099_00_12_002_6964_Mesa_2.pdf,0.0,🟢 ESCANEO REAL
VICHADA,72,006,2,E14_PRE_72_006_099_00_16_002_6964_Mesa_2.pdf,0.0,🟢 ESCANEO REAL
VICHADA,72,006,1,E14_PRE_72_006_099_00_93_001_6965_Mesa_1.pdf,0.0,🟢 ESCANEO REAL
VICHADA,72,006,2,E14_PRE_72_006_099_00_94_002_6965_Mesa_2.pdf,0.0,🟢 ESCANEO REAL
VICHADA,72,006,1,E14_PRE_72_006_099_00_60_001_6965_Mesa_1.pdf,0.0,🟢 ESCANEO REAL
VICHADA,72,006,3,E14_PRE_72_006_099_00_60_003_6965_Mesa_3.pdf,0.0,🟢 ESCANEO REAL
VICHADA,72,006,6,E14_PRE_72_006_000_00_00_006_6964_Mesa_6.pdf,0.0,🟢 ESCANEO REAL
VICHADA,72,001,5,E14_PRE_72_001_000_00_01_005_6962_Mesa_5.pdf,0.0,🟢 ESCANEO REAL
VICHADA,72,001,5,E14_PRE_72_001_000_00_02_005_6963_Mesa_5.pdf,0.0,🟢 ESCANEO REAL
VICHADA,72,006,1,E14_PRE_72_006_099_00_91_001_6965_Mesa_1.pdf,0.0,🟢 ESCANEO REAL
VICHADA,72,008,2,E14_PRE_72_008_099_00_93_002_3122_Mesa_2.pdf,0.0,🟢 ESCANEO REAL
VICHADA,72,008,10,E14_PRE_72_008_000_00_00_010_3122_Mesa_10.pdf,0.0,🟢 ESCANEO REAL
VICHADA,72,001,8,E14_PRE_72_001_000_00_01_008_6962_Mesa_8.pdf,0.0,🟢 ESCANEO REAL
VICHADA,72,001,27,E14_PRE_72_001_000_00_01_027_6962_Mesa_27.pdf,0.0,🟢 ESCANEO REAL
VICHADA,72,008,2,E14_PRE_72_008_099_00_80_002_3122_Mesa_2.pdf,0.0,🟢 ESCANEO REAL
VICHADA,72,001,23,E14_PRE_72_001_000_00_01_023_6962_Mesa_23.pdf,0.0,🟢 ESCANEO REAL
VICHADA,72,006,1,E14_PRE_72_006_099_00_88_001_6965_Mesa_1.pdf,0.0,🟢 ESCANEO REAL
VICHADA,72,002,7,E14_PRE_72_002_000_00_00_007_3120_Mesa_7.pdf,0.0,🟢 ESCANEO REAL
VICHADA,72,001,18,E14_PRE_72_001_000_00_01_018_6962_Mesa_18.pdf,0.0,🟢 ESCANEO REAL
VICHADA,72,001,2,E14_PRE_72_001_099_00_10_002_6963_Mesa_2.pdf,0.0,🟢 ESCANEO REAL
VICHADA,72,006,2,E14_PRE_72_006_099_00_55_002_6965_Mesa_2.pdf,0.0,🟢 ESCANEO REAL
VICHADA,72,001,1,E14_PRE_72_001_000_00_02_001_6963_Mesa_1.pdf,0.0,🟢 ESCANEO REAL
VICHADA,72,008,7,E14_PRE_72_008_000_00_00_007_3122_Mesa_7.pdf,0.0,🟢 ESCANEO REAL
VICHADA,72,006,14,E14_PRE_72_006_000_00_00_014_6964_Mesa_14.pdf,0.0,🟢 ESCANEO REAL
VICHADA,72,006,2,E14_PRE_72_006_000_00_00_002_6964_Mesa_2.pdf,0.0,🟢 ESCANEO REAL
VICHADA,72,001,30,E14_PRE_72_001_000_00_01_030_6962_Mesa_30.pdf,0.35,🟢 ESCANEO REAL
VICHADA,72,001,36,E14_PRE_72_001_000_00_01_036_6963_Mesa_36.pdf,0.0,🟢 ESCANEO REAL
VICHADA,72,002,1,E14_PRE_72_002_099_00_10_001_3120_Mesa_1.pdf,0.0,🟢 ESCANEO REAL
VICHADA,72,006,3,E14_PRE_72_006_000_00_00_003_6964_Mesa_3.pdf,0.0,🟢 ESCANEO REAL
VICHADA,72,006,1,E14_PRE_72_006_099_00_55_001_6965_Mesa_1.pdf,0.0,🟢 ESCANEO REAL
VICHADA,72,001,6,E14_PRE_72_001_000_00_02_006_6963_Mesa_6.pdf,0.0,🟢 ESCANEO REAL
VICHADA,72,001,9,E14_PRE_72_001_000_00_02_009_6963_Mesa_9.pdf,0.0,🟢 ESCANEO REAL
VICHADA,72,006,4,E14_PRE_72_006_099_00_60_004_6965_Mesa_4.pdf,0.0,🟢 ESCANEO REAL
VICHADA,72,001,11,E14_PRE_72_001_000_00_01_011_6962_Mesa_11.pdf,0.0,🟢 ESCANEO REAL
VICHADA,72,006,1,E14_PRE_72_006_099_00_17_001_6964_Mesa_1.pdf,0.0,🟢 ESCANEO REAL
VICHADA,72,006,2,E14_PRE_72_006_099_00_44_002_6964_Mesa_2.pdf,0.0,🟢 ESCANEO REAL
VICHADA,72,002,5,E14_PRE_72_002_000_00_00_005_3120_Mesa_5.pdf,0.0,🟢 ESCANEO REAL
VICHADA,72,008,15,E14_PRE_72_008_000_00_00_015_3122_Mesa_15.pdf,0.0,🟢 ESCANEO REAL
VICHADA,72,006,1,E14_PRE_72_006_099_00_70_001_6965_Mesa_1.pdf,0.0,🟢 ESCANEO REAL
VICHADA,72,006,9,E14_PRE_72_006_000_00_00_009_6964_Mesa_9.pdf,0.0,🟢 ESCANEO REAL
VICHADA,72,006,1,E14_PRE_72_006_099_00_85_001_6965_Mesa_1.pdf,0.0,🟢 ESCANEO REAL
VICHADA,72,001,32,E14_PRE_72_001_000_00_01_032_6962_Mesa_32.pdf,0.0,🟢 ESCANEO REAL
VICHADA,72,006,1,E14_PRE_72_006_099_00_44_001_6964_Mesa_1.pdf,0.0,🟢 ESCANEO REAL
VICHADA,72,006,2,E14_PRE_72_006_099_00_60_002_6965_Mesa_2.pdf,0.0,🟢 ESCANEO REAL
VICHADA,72,001,38,E14_PRE_72_001_000_00_01_038_6963_Mesa_38.pdf,0.0,🟢 ESCANEO REAL
VICHADA,72,006,10,E14_PRE_72_006_000_00_00_010_6964_Mesa_10.pdf,0.0,🟢 ESCANEO REAL
VICHADA,72,001,22,E14_PRE_72_001_000_00_01_022_6962_Mesa_22.pdf,0.0,🟢 ESCANEO REAL
VICHADA,72,008,2,E14_PRE_72_008_000_00_00_002_3122_Mesa_2.pdf,0.0,🟢 ESCANEO REAL
VICHADA,72,001,2,E14_PRE_72_001_000_00_02_002_6963_Mesa_2.pdf,0.0,🟢 ESCANEO REAL
VICHADA,72,008,1,E14_PRE_72_008_099_00_80_001_3122_Mesa_1.pdf,0.0,🟢 ESCANEO REAL
VICHADA,72,008,6,E14_PRE_72_008_000_00_00_006_3122_Mesa_6.pdf,0.01,🟢 ESCANEO REAL
VICHADA,72,001,1,E14_PRE_72_001_099_00_05_001_6963_Mesa_1.pdf,0.0,🟢 ESCANEO REAL
VICHADA,72,006,1,E14_PRE_72_006_099_00_57_001_6965_Mesa_1.pdf,0.0,🟢 ESCANEO REAL
VICHADA,72,006,1,E14_PRE_72_006_000_00_00_001_6964_Mesa_1.pdf,0.0,🟢 ESCANEO REAL
VICHADA,72,006,19,E14_PRE_72_006_000_00_00_019_6964_Mesa_19.pdf,0.0,🟢 ESCANEO REAL
VICHADA,72,002,4,E14_PRE_72_002_000_00_00_004_3120_Mesa_4.pdf,0.0,🟢 ESCANEO REAL
VICHADA,72,008,2,E14_PRE_72_008_099_00_90_002_3122_Mesa_2.pdf,0.0,🟢 ESCANEO REAL
VICHADA,72,006,1,E14_PRE_72_006_099_00_97_001_6965_Mesa_1.pdf,0.0,🟢 ESCANEO REAL
VICHADA,72,001,44,E14_PRE_72_001_000_00_01_044_6963_Mesa_44.pdf,0.0,🟢 ESCANEO REAL
VICHADA,72,006,1,E14_PRE_72_006_099_00_40_001_6964_Mesa_1.pdf,0.0,🟢 ESCANEO REAL
VICHADA,72,002,2,E14_PRE_72_002_000_00_00_002_3120_Mesa_2.pdf,0.0,🟢 ESCANEO REAL
VICHADA,72,008,1,E14_PRE_72_008_099_00_50_001_3122_Mesa_1.pdf,0.0,🟢 ESCANEO REAL
VICHADA,72,006,15,E14_PRE_72_006_000_00_00_015_6964_Mesa_15.pdf,0.0,🟢 ESCANEO REAL
VICHADA,72,006,1,E14_PRE_72_006_099_00_45_001_6964_Mesa_1.pdf,0.0,🟢 ESCANEO REAL
VICHADA,72,008,4,E14_PRE_72_008_000_00_00_004_3122_Mesa_4.pdf,0.0,🟢 ESCANEO REAL
VICHADA,72,006,1,E14_PRE_72_006_099_00_42_001_6964_Mesa_1.pdf,0.0,🟢 ESCANEO REAL
VICHADA,72,001,33,E14_PRE_72_001_000_00_01_033_6962_Mesa_33.pdf,0.0,🟢 ESCANEO REAL
VICHADA,72,001,1,E14_PRE_72_001_099_00_51_001_6963_Mesa_1.pdf,0.0,🟢 ESCANEO REAL
